CASE_ID,ACCIDENT_YEAR,PROC_DATE,JURIS,COLLISION_DATE,COLLISION_TIME,OFFICER_ID,REPORTING_DISTRICT,DAY_OF_WEEK,CHP_SHIFT,POPULATION,CNTY_CITY_LOC,SPECIAL_COND,BEAT_TYPE,CHP_BEAT_TYPE,CITY_DIVISION_LAPD,CHP_BEAT_CLASS,BEAT_NUMBER,PRIMARY_RD,SECONDARY_RD,DISTANCE,DIRECTION,INTERSECTION,WEATHER_1,WEATHER_2,STATE_HWY_IND,CALTRANS_COUNTY,CALTRANS_DISTRICT,STATE_ROUTE,ROUTE_SUFFIX,POSTMILE_PREFIX,POSTMILE,LOCATION_TYPE,RAMP_INTERSECTION,SIDE_OF_HWY,TOW_AWAY,COLLISION_SEVERITY,NUMBER_KILLED,NUMBER_INJURED,PARTY_COUNT,PRIMARY_COLL_FACTOR,PCF_CODE_OF_VIOL,PCF_VIOL_CATEGORY,PCF_VIOLATION,PCF_VIOL_SUBSECTION,HIT_AND_RUN,TYPE_OF_COLLISION,MVIW,PED_ACTION,ROAD_SURFACE,ROAD_COND_1,ROAD_COND_2,LIGHTING,CONTROL_DEVICE,CHP_ROAD_TYPE,PEDESTRIAN_ACCIDENT,BICYCLE_ACCIDENT,MOTORCYCLE_ACCIDENT,TRUCK_ACCIDENT,NOT_PRIVATE_PROPERTY,ALCOHOL_INVOLVED,STWD_VEHTYPE_AT_FAULT,CHP_VEHTYPE_AT_FAULT,COUNT_SEVERE_INJ,COUNT_VISIBLE_INJ,COUNT_COMPLAINT_PAIN,COUNT_PED_KILLED,COUNT_PED_INJURED,COUNT_BICYCLIST_KILLED,COUNT_BICYCLIST_INJURED,COUNT_MC_KILLED,COUNT_MC_INJURED,PRIMARY_RAMP,SECONDARY_RAMP,LATITUDE,LONGITUDE,COUNTY,CITY,POINT_X,POINT_Y
90888698,2018,2018-12-24,9680,2018-12-13,1925,022106,NA,4,2,9,3700,0,1,3,NA,1,040,SR-94,LA POSTA RD,6336,E,N,A,-,Y,NA,NA,94,NA,NA,NA,NA,NA,NA,Y,2,0,1,1,A,-,01,23152,A,N,E,I,A,A,H,-,D,D,0,NA,NA,NA,NA,Y,Y,E,22,1,0,0,0,0,0,0,0,0,-,-,32.64249038696289,-116.41120910644533,SAN DIEGO,UNINCORPORATED,-116.41120910644533,32.642547607421875
90890176,2018,2018-12-26,9645,2018-12-13,1615,017953,NA,4,2,7,3711,0,1,1,NA,2,017,I-15 N/B,MIRAMAR WAY O/C,507,S,N,A,-,Y,NA,NA,15,NA,NA,NA,NA,NA,N,N,4,0,1,3,A,-,03,22350,NA,N,C,C,A,A,H,-,A,D,0,NA,NA,NA,NA,Y,NA,A,01,0,0,1,0,0,0,0,0,0,-,-,32.87923812866211,-117.10791015625,SAN DIEGO,SAN DIEGO,-117.10774993896484,32.87933349609375
90890348,2018,2018-12-26,9645,2018-12-13,1425,015790,NA,4,2,7,3711,0,1,3,NA,2,023,SR-163 (SB),ROBINSON AVE O/C,400,S,N,A,-,Y,NA,NA,NA,NA,NA,NA,NA,NA,NA,N,3,0,1,2,A,-,03,22350,NA,N,C,C,A,A,H,-,A,D,0,NA,NA,NA,NA,Y,NA,A,07,0,1,0,0,0,0,0,0,0,-,-,33.02185821533203,-117.27313995361328,SAN DIEGO,SAN DIEGO,-117.15653228759766,32.745670318603516
90890559,2018,2018-12-26,9645,2018-12-14,1820,021441,NA,5,2,7,3711,0,1,1,NA,2,010,I-8 W/B,PRESIDIO PARK,890,E,N,A,-,Y,NA,NA,8,NA,NA,NA,NA,NA,W,Y,4,0,1,3,A,-,03,22350,NA,N,C,C,A,A,H,-,C,D,0,NA,NA,NA,NA,Y,NA,A,01,0,0,1,0,0,0,0,0,0,-,-,32.75960159301758,-117.18340301513672,SAN DIEGO,SAN DIEGO,-117.18340301513672,32.75955581665039
90893396,2018,2018-12-28,9645,2018-12-18,1200,015331,NA,2,1,7,3711,0,1,3,NA,2,023,SR-163 SOUTHBOUND,FRIARS ROAD,1584,N,N,A,-,Y,NA,NA,163,NA,NA,NA,NA,NA,S,Y,4,0,3,3,A,-,03,22350,NA,N,C,C,A,A,D,-,A,D,0,NA,NA,NA,NA,Y,NA,A,01,0,0,3,0,0,0,0,0,0,-,-,32.77608108520508,-117.16211700439452,SAN DIEGO,SAN DIEGO,-117.16207122802734,32.77610397338867
90894547,2018,2018-12-31,9645,2018-12-18,1715,016137,NA,2,2,7,3711,0,1,1,NA,2,007,I-5 NORTHBOUND FROM GENESEE AVE,GENESEE AVE O/C,300,N,N,A,-,Y,NA,NA,5,NA,NA,NA,R,NA,N,Y,2,0,1,2,A,-,07,21658,A,F,B,C,A,A,H,-,D,D,0,NA,NA,Y,NA,Y,NA,A,01,1,0,0,0,0,0,0,0,1,-,-,32.890899658203125,-117.2270965576172,SAN DIEGO,SAN DIEGO,-117.2270965576172,32.890899658203125
90895223,2018,2019-01-01,9645,2018-12-19,1731,019496,NA,3,2,6,3702,0,1,1,NA,2,009,I-805 S/B,ORANGE AVE.,50,N,N,A,-,Y,NA,NA,805,NA,NA,NA,NA,NA,S,Y,4,0,1,2,A,-,03,22350,NA,N,C,C,A,A,H,-,D,D,0,NA,NA,NA,NA,Y,NA,A,01,0,0,1,0,0,0,0,0,0,-,-,32.605960845947266,-117.03726196289063,SAN DIEGO,CHULA VISTA,-117.03645324707033,32.60597229003906
90895229,2018,2019-01-01,9645,2018-12-19,1750,018950,NA,3,2,7,3711,0,1,1,NA,2,030,I-15 N/B HOV,MIRA MESA BLVD,680,S,N,A,-,Y,NA,NA,15,NA,NA,NA,NA,NA,N,Y,4,0,2,2,A,-,08,22107,NA,N,B,C,A,A,H,-,C,D,0,NA,NA,NA,NA,Y,NA,A,08,0,0,2,0,0,0,0,0,0,-,-,32.916290283203125,-117.11598205566406,SAN DIEGO,SAN DIEGO,-117.11595916748048,32.916290283203125
90895479,2018,2019-01-02,9645,2018-12-20,1448,018428,NA,4,2,7,3711,0,1,1,NA,2,017,I-15 N/B,SR-52 O/C,2000,N,N,A,-,Y,NA,NA,NA,NA,NA,NA,NA,NA,NA,N,4,0,1,2,A,-,03,22350,NA,M,C,C,A,A,H,-,A,D,0,NA,NA,NA,NA,Y,NA,A,01,0,0,1,0,0,0,0,0,0,-,-,32.50371170043945,-117.78141021728516,SAN DIEGO,SAN DIEGO,-117.12033081054688,32.842098236083984
90896028,2018,2019-01-02,9645,2018-12-19,1722,015790,NA,3,2,7,3711,0,1,3,NA,2,025,SR-163 (SB),AERO DRIVE (O/C),500,N,N,A,-,Y,NA,NA,NA,NA,NA,NA,NA,NA,NA,Y,3,0,2,4,A,-,03,22350,NA,N,C,C,A,A,H,-,D,D,0,NA,NA,NA,NA,Y,NA,A,01,0,2,0,0,0,0,0,0,0,-,-,33.02185821533203,-117.27313995361328,SAN DIEGO,SAN DIEGO,-117.15182495117188,32.81196975708008
90896731,2018,2019-01-03,9680,2018-12-21,0025,020349,Baron,5,3,9,3700,0,2,4,NA,1,094,WILDCAT CANYON RD,SAN VICENTE RD,9504,S,N,A,-,N,NA,NA,NA,NA,NA,NA,NA,NA,NA,Y,3,0,1,1,A,-,03,22350,NA,N,E,I,A,A,H,-,D,D,0,NA,NA,NA,NA,Y,NA,A,07,0,1,0,0,0,0,0,0,0,-,-,32.9853401184082,-116.83009338378906,SAN DIEGO,UNINCORPORATED,-116.83189392089844,32.983333587646484
90896781,2018,2019-01-03,9645,2018-12-22,2215,021097,NA,6,3,7,3711,0,1,1,NA,2,021,SR-15 S/B,SR-94,1320,N,N,B,-,Y,NA,NA,15,NA,NA,NA,NA,NA,S,Y,4,0,2,2,A,-,08,22107,NA,N,E,I,A,A,H,-,C,D,0,NA,NA,NA,NA,Y,NA,A,01,0,0,2,0,0,0,0,0,0,-,-,32.721378326416016,-117.11678314208984,SAN DIEGO,SAN DIEGO,-117.11679840087892,32.72139358520508
90898128,2018,2019-01-04,9680,2018-12-26,1110,015733,NA,3,1,9,3700,0,1,3,NA,1,091,SR-78,RAMONA HIGHLANDS RD,5280,W,N,A,-,Y,NA,NA,78,NA,NA,NA,NA,NA,NA,Y,3,0,1,1,A,-,03,22350,NA,N,F,A,A,B,H,-,A,D,0,NA,NA,Y,NA,Y,NA,C,02,0,1,0,0,0,0,0,0,1,-,-,33.086578369140625,-116.90648651123048,SAN DIEGO,UNINCORPORATED,-116.906494140625,33.086483001708984
90899059,2018,2019-01-07,9645,2018-12-13,1800,019496,NA,4,2,9,3700,0,3,5,NA,2,018,SWEETWATER RD.,CENTRAL AVE.,1000,E,N,A,-,N,NA,NA,NA,NA,NA,NA,NA,NA,NA,Y,4,0,1,2,A,-,01,23152,A,F,B,C,A,A,H,-,D,D,0,NA,NA,NA,NA,Y,Y,A,01,0,0,1,0,0,0,0,0,0,-,-,32.67121124267578,-117.02516174316406,SAN DIEGO,UNINCORPORATED,-117.02516174316406,32.67109680175781
90900014,2018,2019-01-08,9645,2018-12-28,1540,020992,NA,5,2,7,3711,0,1,1,NA,2,005,I-5 SOUTHBOUND,I-8,50,S,N,A,-,Y,NA,NA,NA,NA,NA,NA,NA,NA,NA,Y,4,0,1,3,A,-,03,22350,NA,F,C,C,A,A,H,-,A,D,0,NA,NA,NA,NA,Y,NA,A,01,0,0,1,0,0,0,0,0,0,-,-,NA,NA,SAN DIEGO,SAN DIEGO,-117.2041015625,32.75951385498047
90902446,2018,2019-01-11,9645,2018-12-12,1427,016864,NA,3,2,7,3711,0,1,1,NA,2,015,I-805 S/B,CLAIREMONT MESA BLVD,375,S,N,A,-,Y,NA,NA,805,NA,NA,NA,NA,NA,S,Y,2,0,1,3,A,-,08,22107,NA,N,D,C,A,A,H,-,A,D,0,NA,NA,Y,NA,Y,NA,A,01,1,0,0,0,0,0,0,0,1,-,-,32.83243179321289,-117.16903686523438,SAN DIEGO,SAN DIEGO,-117.16907501220705,32.8324089050293
90903562,2019,2019-01-14,9650,2019-01-08,1105,013636,NA,2,1,5,3782,0,1,1,NA,2,007,I-5 S/B,ENCINITAS BLVD,1056,N,N,A,-,Y,NA,NA,5,NA,NA,NA,NA,NA,S,Y,4,0,1,4,A,-,03,22350,NA,N,C,C,A,A,H,-,A,D,0,NA,NA,NA,NA,Y,NA,A,01,0,0,1,0,0,0,0,0,0,-,-,33.05318069458008,-117.2885971069336,SAN DIEGO,ENCINITAS,-117.28878784179688,33.053123474121094
90905139,2019,2019-01-15,9645,2019-01-07,1605,016864,NA,1,2,7,3711,0,1,1,NA,2,015,I-805 S/B,GOVERNOR DRIVE,2112,N,N,A,-,Y,NA,NA,805,NA,NA,NA,NA,NA,S,Y,3,0,1,3,A,-,03,22350,NA,N,C,C,A,A,H,-,A,D,0,NA,NA,NA,NA,Y,NA,A,01,0,1,0,0,0,0,0,0,0,-,-,32.863868713378906,-117.18963623046876,SAN DIEGO,SAN DIEGO,-117.18955230712892,32.86395263671875
90906672,2018,2019-01-17,9650,2018-11-28,2350,021267,NA,3,3,6,3710,0,1,3,NA,2,015,SR-78 W/B,JEFFERSON ST,876,W,N,C,-,Y,NA,NA,78,NA,NA,NA,NA,NA,W,Y,1,1,0,1,A,-,01,23152,A,N,E,I,A,B,H,-,E,D,0,NA,NA,NA,NA,Y,Y,A,01,0,0,0,0,0,0,0,0,0,-,-,33.18128967285156,-117.3428192138672,SAN DIEGO,OCEANSIDE,-117.34280395507813,33.18113708496094
90907074,2018,2019-01-18,9645,2018-12-31,0235,021768,NA,1,3,7,3711,0,1,3,NA,2,023,SR-163 S/B TO I-5 N/B,I-5 N/B,80,N,N,A,-,Y,NA,NA,163,NA,NA,NA,R,NA,S,Y,3,0,2,1,A,-,01,23152,A,N,E,I,A,A,H,-,C,D,0,NA,NA,NA,NA,Y,Y,A,01,0,2,0,0,0,0,0,0,0,-,-,32.72444152832031,-117.15705108642578,SAN DIEGO,SAN DIEGO,-117.15705108642578,32.72444152832031
90909199,2019,2019-01-22,9680,2019-01-10,2138,020500,NA,4,2,9,3700,0,3,5,NA,2,009,MUSSEY GRADE RD,WYEPORT RD,120,N,N,E,-,N,NA,NA,NA,NA,NA,NA,NA,NA,NA,Y,3,0,1,1,A,-,08,22107,NA,N,E,I,A,A,H,-,D,D,0,NA,NA,NA,NA,Y,NA,A,01,0,1,0,0,0,0,0,0,0,-,-,33.000850677490234,-116.9249267578125,SAN DIEGO,UNINCORPORATED,-116.92514801025392,33.00058364868164
90911215,2019,2019-01-24,9645,2019-01-16,0245,018646,NA,3,3,7,3711,0,1,1,NA,2,007,I-5 N/B,VIA DE LA VALLE,5280,S,N,C,-,Y,NA,NA,5,NA,NA,NA,NA,NA,N,Y,4,0,1,1,A,-,03,22350,NA,N,E,I,A,B,H,-,D,D,0,NA,NA,NA,NA,Y,NA,A,01,0,0,1,0,0,0,0,0,0,-,-,32.96141052246094,-117.2458724975586,SAN DIEGO,SAN DIEGO,-117.2459716796875,32.96137237548828
90913042,2019,2019-01-25,9680,2019-01-14,1450,021588,NA,1,2,9,3700,0,2,4,NA,1,021,WILLOW GLEN DR,BITTERBUSH LN,970,N,N,B,C,N,NA,NA,NA,NA,NA,NA,NA,NA,NA,Y,4,0,1,1,A,-,03,22350,NA,N,E,I,A,B,H,-,A,D,0,NA,NA,NA,Y,Y,NA,F,26,0,0,1,0,0,0,0,0,0,-,-,32.7819709777832,-116.88899993896484,SAN DIEGO,UNINCORPORATED,-116.88904571533205,32.78193664550781
90913102,2019,2019-01-28,9650,2019-01-23,0740,017328,NA,3,1,9,3700,0,3,5,NA,2,170,BUENA CREEK RD.,MONTE VISTA RD.,20,E,N,A,-,N,NA,NA,NA,NA,NA,NA,NA,NA,NA,N,4,0,1,2,A,-,03,22350,NA,N,C,C,A,A,H,-,A,A,0,NA,NA,NA,NA,Y,NA,E,22,0,0,1,0,0,0,0,0,0,-,-,33.18592834472656,-117.1977081298828,SAN DIEGO,UNINCORPORATED,-117.19770050048828,33.18592834472656
90914135,2019,2019-01-28,9680,2019-01-15,1710,021772,NA,2,2,9,3700,0,2,4,NA,1,029,SWEETWATER SPRINGS BLVD,CAMPO ROAD,0,NA,Y,B,-,N,NA,NA,NA,NA,NA,NA,NA,NA,NA,Y,4,0,1,2,A,-,09,21802,A,N,D,C,A,B,H,-,C,D,0,NA,NA,NA,NA,Y,NA,A,01,0,0,1,0,0,0,0,0,0,-,-,32.74346160888672,-116.9729232788086,SAN DIEGO,UNINCORPORATED,-116.97537231445313,32.745140075683594
90914825,2018,2019-01-29,9645,2018-12-02,1618,021651,NA,7,2,7,3711,0,1,3,NA,2,006,SR-94 E/B,25TH ST O/C,1000,E,N,A,-,Y,NA,NA,94,NA,NA,NA,NA,NA,E,Y,4,0,2,2,A,-,01,23152,A,N,C,C,A,A,H,-,A,D,0,NA,NA,NA,NA,Y,Y,A,07,0,0,2,0,0,0,0,0,0,-,-,32.71311950683594,-117.1360092163086,SAN DIEGO,SAN DIEGO,-117.1360092163086,32.713069915771484
90915914,2019,2019-01-30,9650,2019-01-27,2140,021805,NA,7,2,9,3700,0,3,5,NA,2,070,CALZADA DEL BOSQUE,VIA DE LA VALLE,2112,W,N,A,-,Y,NA,NA,NA,NA,NA,NA,NA,NA,NA,Y,3,0,1,1,A,-,01,23152,A,N,E,I,A,A,H,-,D,D,0,NA,NA,NA,NA,Y,Y,A,01,0,1,0,0,0,0,0,0,0,-,-,33.00640106201172,-117.21460723876952,SAN DIEGO,UNINCORPORATED,-117.21502685546876,33.006324768066406
90916931,2019,2019-01-31,9680,2019-01-20,0035,021828,NA,7,3,9,3700,0,1,3,NA,1,040,SR-94,PEACEFUL VALLEY RANCH RD,450,E,N,A,-,Y,NA,NA,94,NA,NA,NA,NA,NA,NA,Y,3,0,1,2,A,-,08,22107,NA,N,D,C,A,A,H,-,D,D,0,NA,NA,NA,NA,Y,NA,A,07,0,1,0,0,0,0,0,0,0,-,-,32.7033805847168,-116.86717224121094,SAN DIEGO,UNINCORPORATED,-116.8671875,32.703365325927734
90917232,2019,2019-02-01,9680,2019-01-22,1505,020780,NA,2,2,9,3700,0,1,3,NA,1,022,SR-54 (JAMACHA RD),CUYAMACA COLLEGE DR  W,20,W,N,A,-,Y,NA,NA,54,NA,NA,NA,NA,NA,NA,N,4,0,1,2,A,-,03,22350,NA,N,C,C,A,A,H,-,A,A,0,NA,NA,NA,NA,Y,NA,A,07,0,0,1,0,0,0,0,0,0,-,-,32.740699768066406,-116.9389419555664,SAN DIEGO,UNINCORPORATED,-116.93899536132813,32.740806579589844
90919200,2019,2019-02-05,9680,2019-01-24,1953,020780,NA,4,2,9,3700,0,1,1,NA,2,083,I-8 W/B,DUNBAR LN,4752,W,N,A,-,Y,NA,NA,NA,NA,NA,NA,NA,NA,NA,Y,3,0,2,2,A,-,07,21658,A,N,B,C,A,A,H,-,D,D,0,NA,NA,NA,Y,Y,NA,A,01,0,2,0,0,0,0,0,0,0,-,-,32.51190948486328,-116.50740051269533,SAN DIEGO,UNINCORPORATED,-116.83474731445313,32.85554885864258
9092026,2020,2020-07-23,3711,2020-04-07,2115,SD5540,NA,2,5,7,3711,0,0,0,NA,0,514,25TH ST,L ST,0,NA,Y,C,-,N,NA,NA,NA,NA,NA,NA,NA,NA,NA,N,4,0,1,2,A,-,12,22450,A,N,G,B,B,B,H,-,C,A,0,Y,NA,NA,NA,Y,NA,A,07,0,0,1,0,1,0,0,0,0,-,-,NA,NA,SAN DIEGO,SAN DIEGO,-117.14022064208984,32.70737838745117
90920303,2019,2019-02-06,9680,2019-01-26,1130,018356,NA,6,1,9,3700,0,2,4,NA,1,026,JAMACHA BLVD,SWEETWATER RD,550,E,N,A,-,N,NA,NA,NA,NA,NA,NA,NA,NA,NA,Y,3,0,3,2,A,-,09,21801,A,N,D,C,A,A,H,-,A,D,0,NA,NA,NA,NA,Y,NA,A,01,0,2,1,0,0,0,0,0,0,-,-,32.706478118896484,-117.00901794433594,SAN DIEGO,UNINCORPORATED,-117.0090789794922,32.706298828125
90920790,2019,2019-02-06,9680,2019-01-30,1830,016981,NA,3,2,5,3705,0,1,3,NA,2,016,SR-67 SB TO I-8 WB,MAGNOLIA AVE,1013,W,N,A,-,Y,NA,NA,NA,NA,NA,NA,NA,NA,NA,Y,4,0,3,4,A,-,03,22350,NA,N,C,C,A,A,H,-,C,D,0,NA,NA,NA,NA,Y,NA,A,08,0,0,3,0,0,0,0,0,0,-,-,32.80324935913086,-116.96730041503906,SAN DIEGO,EL CAJON,-116.9673080444336,32.80333709716797
90921753,2019,2019-02-07,9680,2019-01-28,0150,021813,NA,1,3,4,3720,0,1,3,NA,2,027,SR-94 E/B,GROVE ST,40,W,N,A,-,Y,NA,NA,94,NA,NA,NA,NA,NA,E,Y,3,0,1,1,A,-,01,23152,A,N,E,I,A,A,H,-,C,D,0,NA,NA,NA,NA,Y,Y,A,01,0,1,0,0,0,0,0,0,0,-,-,32.7470817565918,-117.0273666381836,SAN DIEGO,LEMON GROVE,-117.02734375,32.74696350097656
90922669,2019,2019-02-11,9650,2019-02-06,0755,019191,NA,3,1,9,3700,0,3,5,NA,1,212,LILAC ROAD,LILAC HILL,100,E,N,A,-,N,NA,NA,NA,NA,NA,NA,NA,NA,NA,Y,3,0,1,1,A,-,08,22107,NA,N,E,I,A,A,H,-,A,D,0,NA,NA,NA,NA,Y,NA,A,07,0,1,0,0,0,0,0,0,0,-,-,33.27006149291992,-117.08090972900392,SAN DIEGO,UNINCORPORATED,-117.08068084716795,33.26991653442383
90922709,2019,2019-02-11,9645,2019-01-30,1452,018428,NA,3,2,7,3711,0,1,1,NA,2,017,I-15 S/B,HILLERY DR. O/C,190,N,N,A,-,Y,NA,NA,15,NA,NA,NA,NA,NA,S,Y,4,0,1,1,C,-,18,NA,NA,N,F,A,A,A,A,-,A,D,0,NA,NA,Y,NA,Y,NA,-,-,0,0,1,0,0,0,0,0,1,-,-,32.91429901123047,-117.11673736572266,SAN DIEGO,SAN DIEGO,-117.11651611328124,32.914283752441406
90922722,2019,2019-02-11,9650,2019-02-02,0130,021500,NA,6,3,9,3700,0,3,5,NA,2,230,STARRY NIGHT DR.,LONG TROT DR.,245,E,N,C,-,N,NA,NA,NA,NA,NA,NA,NA,NA,NA,Y,3,0,1,3,A,-,01,23152,A,N,B,E,A,B,H,-,C,D,0,NA,NA,NA,NA,Y,Y,A,01,0,1,0,0,0,0,0,0,0,-,-,33.105018615722656,-117.1327896118164,SAN DIEGO,UNINCORPORATED,-117.1327896118164,33.105018615722656
90923243,2019,2019-02-11,9650,2019-02-04,0520,018496,NA,1,3,6,3710,0,1,1,NA,2,005,I-5 N/B,CASSIDY ST,600,S,N,B,C,Y,NA,NA,5,NA,NA,NA,NA,NA,N,Y,4,0,1,2,A,-,08,22107,NA,N,D,C,A,B,H,-,C,D,0,NA,NA,NA,NA,Y,NA,A,01,0,0,1,0,0,0,0,0,0,-,-,33.18143844604492,-117.35504150390624,SAN DIEGO,OCEANSIDE,-117.35488891601563,33.18156814575195
90925588,2019,2019-02-13,9680,2019-02-02,2310,020401,NA,6,3,9,3700,0,1,3,NA,2,016,SR-67 S/B,RIVERFORD RD,1300,S,N,B,-,Y,NA,NA,67,NA,NA,NA,NA,NA,S,Y,3,0,1,1,A,-,03,22350,NA,N,E,I,A,B,H,-,D,D,0,NA,NA,NA,NA,Y,NA,A,01,0,1,0,0,0,0,0,0,0,-,-,32.851959228515625,-116.95092010498048,SAN DIEGO,UNINCORPORATED,-116.95085906982422,32.85189437866211
90926659,2019,2019-02-14,9645,2019-02-04,0605,014669,NA,1,1,7,3711,0,1,1,NA,2,017,I-15 N/B,AMMO ROAD,2640,S,N,C,-,Y,NA,NA,15,NA,NA,NA,NA,NA,N,Y,4,0,1,1,A,-,03,22350,NA,N,E,I,A,B,H,-,C,D,0,NA,NA,NA,NA,Y,NA,A,07,0,0,1,0,0,0,0,0,0,-,-,32.86764144897461,-117.10812377929688,SAN DIEGO,SAN DIEGO,-117.1081085205078,32.867637634277344
90929329,2019,2019-02-19,9645,2019-02-04,2210,021359,NA,1,3,7,3711,0,1,1,NA,2,010,I-8 W/B FROM COLLEGE AVE,COLLEGE AVE,341,E,N,B,-,Y,NA,NA,8,NA,NA,NA,R,NA,W,Y,3,0,1,1,A,-,08,22107,NA,N,E,I,A,B,H,-,D,D,0,NA,NA,NA,NA,Y,NA,A,01,0,1,0,0,0,0,0,0,0,-,-,32.7796516418457,-117.06503295898438,SAN DIEGO,SAN DIEGO,-117.06503295898438,32.7796516418457
90929945,2019,2019-02-20,9650,2019-02-07,0615,016103,NA,4,1,9,3700,0,1,1,NA,2,021,I-15 S/B,DEER SPRINGS RD.,5280,N,N,A,-,Y,NA,NA,15,NA,NA,NA,NA,NA,S,Y,4,0,2,2,A,-,03,22350,NA,N,C,C,A,A,H,-,B,D,0,NA,NA,NA,NA,Y,NA,D,22,0,0,2,0,0,0,0,0,0,-,-,33.218021392822266,-117.14051818847656,SAN DIEGO,UNINCORPORATED,-117.14031982421876,33.218162536621094
90931796,2019,2019-02-22,9680,2019-02-11,1508,013848,NA,1,2,4,3720,0,1,3,NA,2,028,SR-125 N/B,SPRING ST,2640,S,N,A,-,Y,NA,NA,125,NA,NA,NA,NA,NA,N,Y,3,0,1,1,A,-,01,23152,A,N,E,I,A,A,H,-,A,D,0,NA,NA,NA,NA,Y,Y,A,01,0,1,0,0,0,0,0,0,0,-,-,32.74679946899414,-117.0177993774414,SAN DIEGO,LEMON GROVE,-117.01821136474608,32.74691390991211
90932538,2019,2019-02-25,9650,2019-02-16,2015,021200,NA,6,2,9,3700,0,3,5,NA,1,212,LAKE PARK AVE,LAKE CIRCLE AVE,600,N,N,B,-,N,NA,NA,NA,NA,NA,NA,NA,NA,NA,Y,4,0,2,4,A,-,01,23152,A,N,D,E,A,A,H,-,C,D,0,NA,NA,NA,NA,Y,Y,A,01,0,0,2,0,0,0,0,0,0,-,-,33.32646179199219,-117.15035247802734,SAN DIEGO,UNINCORPORATED,-117.15009307861328,33.32633972167969
90932999,2019,2019-02-25,9680,2019-02-12,0040,017460,NA,2,3,9,3700,0,1,1,NA,2,086,INTERSTATE 8 (W/B),CANEBRAKE ROAD,97,W,N,A,-,Y,NA,NA,8,NA,NA,NA,NA,NA,NA,Y,4,0,2,1,A,-,03,22350,NA,N,E,I,A,C,H,-,D,D,0,NA,NA,NA,NA,Y,NA,D,22,0,0,2,0,0,0,0,0,0,-,-,32.70085144042969,-116.32520294189452,SAN DIEGO,UNINCORPORATED,-116.32520294189452,32.7008056640625
90933235,2018,2019-07-15,9650,2018-10-26,2317,021404,NA,5,3,9,3700,0,1,1,NA,2,022,I-15 S/B,RAINBOW VALLEY BLVD,526,N,N,A,-,Y,NA,NA,15,NA,NA,NA,NA,NA,S,Y,1,2,5,5,A,-,01,23152,G,N,A,C,A,A,H,-,D,D,0,NA,NA,NA,NA,Y,Y,A,01,2,0,3,0,0,0,0,0,0,-,-,33.430641174316406,-117.14569091796876,SAN DIEGO,UNINCORPORATED,-117.1457290649414,33.43068313598633
90933658,2019,2019-02-25,9645,2019-02-06,1205,017498,NA,3,1,7,3711,0,1,3,NA,2,023,SR-163 SOUTHBOUND,QUINCE STREET OVER CROSS,528,N,N,A,-,Y,NA,NA,163,NA,NA,NA,NA,NA,S,Y,3,0,2,2,A,-,03,22350,NA,N,C,C,A,A,H,-,A,D,0,NA,NA,NA,NA,Y,NA,A,07,0,2,0,0,0,0,0,0,0,-,-,32.73509979248047,-117.15601348876952,SAN DIEGO,SAN DIEGO,-117.15603637695313,32.73509979248047
90934155,2019,2019-02-26,9645,2019-02-14,1245,016766,NA,4,1,7,3711,0,1,1,NA,2,021,SR-15 NB,OCEAN VIEW BLVD,500,N,N,B,C,Y,NA,NA,15,NA,NA,NA,NA,NA,N,Y,4,0,1,3,A,-,08,22107,NA,N,B,C,A,B,H,-,A,D,0,NA,NA,NA,NA,Y,NA,A,01,0,0,1,0,0,0,0,0,0,-,-,32.70486068725586,-117.12046051025392,SAN DIEGO,SAN DIEGO,-117.12051391601563,32.70486068725586
90934475,2019,2019-02-26,9645,2019-02-17,1515,020844,NA,7,2,7,3711,0,1,1,NA,2,010,I-8 W/B,WARING ROAD,100,E,N,B,C,Y,NA,NA,8,NA,NA,NA,NA,NA,W,Y,4,0,1,1,A,-,03,22350,NA,N,E,I,A,B,H,-,A,D,0,NA,NA,NA,NA,Y,NA,D,22,0,0,1,0,0,0,0,0,0,-,-,32.78110885620117,-117.087158203125,SAN DIEGO,SAN DIEGO,-117.087158203125,32.781131744384766
90934561,2019,2019-02-26,9645,2019-02-15,0743,014461,NA,5,1,7,3711,0,1,1,NA,2,019,I-15 NORTHBOUND,CARMEL MOUNTAIN RD.,1320,S,N,A,-,Y,NA,NA,15,NA,NA,NA,NA,NA,N,Y,4,0,2,3,A,-,03,22350,NA,N,C,C,A,A,H,-,A,D,0,NA,NA,NA,NA,Y,NA,A,01,0,0,2,0,0,0,0,0,0,-,-,32.974609375,-117.0889892578125,SAN DIEGO,SAN DIEGO,-117.08892822265624,32.974571228027344