CASE_ID,ACCIDENT_YEAR,PROC_DATE,JURIS,COLLISION_DATE,COLLISION_TIME,OFFICER_ID,REPORTING_DISTRICT,DAY_OF_WEEK,CHP_SHIFT,POPULATION,CNTY_CITY_LOC,SPECIAL_COND,BEAT_TYPE,CHP_BEAT_TYPE,CITY_DIVISION_LAPD,CHP_BEAT_CLASS,BEAT_NUMBER,PRIMARY_RD,SECONDARY_RD,DISTANCE,DIRECTION,INTERSECTION,WEATHER_1,WEATHER_2,STATE_HWY_IND,CALTRANS_COUNTY,CALTRANS_DISTRICT,STATE_ROUTE,ROUTE_SUFFIX,POSTMILE_PREFIX,POSTMILE,LOCATION_TYPE,RAMP_INTERSECTION,SIDE_OF_HWY,TOW_AWAY,COLLISION_SEVERITY,NUMBER_KILLED,NUMBER_INJURED,PARTY_COUNT,PRIMARY_COLL_FACTOR,PCF_CODE_OF_VIOL,PCF_VIOL_CATEGORY,PCF_VIOLATION,PCF_VIOL_SUBSECTION,HIT_AND_RUN,TYPE_OF_COLLISION,MVIW,PED_ACTION,ROAD_SURFACE,ROAD_COND_1,ROAD_COND_2,LIGHTING,CONTROL_DEVICE,CHP_ROAD_TYPE,PEDESTRIAN_ACCIDENT,BICYCLE_ACCIDENT,MOTORCYCLE_ACCIDENT,TRUCK_ACCIDENT,NOT_PRIVATE_PROPERTY,ALCOHOL_INVOLVED,STWD_VEHTYPE_AT_FAULT,CHP_VEHTYPE_AT_FAULT,COUNT_SEVERE_INJ,COUNT_VISIBLE_INJ,COUNT_COMPLAINT_PAIN,COUNT_PED_KILLED,COUNT_PED_INJURED,COUNT_BICYCLIST_KILLED,COUNT_BICYCLIST_INJURED,COUNT_MC_KILLED,COUNT_MC_INJURED,PRIMARY_RAMP,SECONDARY_RAMP,LATITUDE,LONGITUDE,COUNTY,CITY,POINT_X,POINT_Y
91617227,2021,2021-11-05,9650,2021-10-29,0100,021528,NA,5,3,6,3706,0,1,1,NA,2,023,I-15 N/B,GAMBLE LN,305,S,N,A,-,Y,NA,NA,15,NA,NA,NA,NA,NA,N,Y,4,0,2,2,A,-,03,22350,NA,F,C,C,A,A,H,-,D,D,0,NA,NA,NA,Y,Y,NA,A,01,0,0,2,0,0,0,0,0,0,-,-,33.091548919677734,-117.08139038085938,SAN DIEGO,ESCONDIDO,-117.08140563964844,33.091529846191406
91617453,2021,2021-11-05,9645,2021-10-27,0615,015494,NA,3,1,7,3711,0,1,3,NA,2,025,SR-163 N/B,CLAIREMONT MESA BLVD,800,S,N,A,-,Y,NA,NA,163,NA,NA,NA,NA,NA,N,Y,4,0,2,2,A,-,03,22350,NA,F,C,C,A,A,H,-,A,D,0,NA,NA,NA,NA,Y,NA,A,01,0,0,2,0,0,0,0,0,0,-,-,32.82981872558594,-117.1423568725586,SAN DIEGO,SAN DIEGO,-117.14225769042967,32.82976150512695
91617524,2021,2021-11-05,9645,2021-10-25,1840,020180,NA,1,2,7,3711,0,1,1,NA,2,010,I-8 W/B,COLLEGE AVENUE,1320,W,N,B,C,Y,NA,NA,8,NA,NA,NA,NA,NA,W,N,4,0,1,1,A,-,03,22350,NA,N,E,I,A,B,H,-,D,D,0,NA,NA,NA,NA,Y,NA,A,01,0,0,1,0,0,0,0,0,0,-,-,32.779109954833984,-117.07095336914063,SAN DIEGO,SAN DIEGO,-117.07095336914063,32.779354095458984
9161776,2020,2020-11-19,3711,2020-09-21,0305,SD7713,NA,1,5,7,3711,0,0,0,NA,0,931,VALLEY RD,LOPEZ RIDGE WY,20,W,N,A,-,N,NA,NA,NA,NA,NA,NA,NA,NA,NA,Y,4,0,1,1,A,-,08,22107,NA,N,A,I,A,A,H,-,C,D,0,NA,NA,NA,NA,Y,NA,A,07,0,0,1,0,0,0,0,0,0,-,-,NA,NA,SAN DIEGO,SAN DIEGO,NA,NA
9161781,2020,2020-11-20,3711,2020-09-24,1812,SD5690,NA,4,5,7,3711,0,0,0,NA,0,242,MIRA MESA BL,TARGET DRIVEWAY,0,NA,Y,A,-,N,NA,NA,NA,NA,NA,NA,NA,NA,NA,Y,4,0,1,2,A,-,12,21453,A,N,D,D,A,A,H,-,A,A,0,NA,NA,NA,NA,Y,Y,A,01,0,0,1,0,0,0,0,0,0,-,-,NA,NA,SAN DIEGO,SAN DIEGO,NA,NA
91618513,2021,2021-11-08,9680,2021-05-27,1530,022161,NA,4,2,9,3700,0,1,3,NA,2,027,SR-94 WESTBOUND,LEMON GROVE AVE,350,E,N,A,-,Y,NA,NA,NA,NA,NA,NA,NA,NA,NA,N,3,0,2,3,A,-,03,22350,NA,N,C,C,A,A,H,-,A,D,0,NA,NA,NA,NA,Y,NA,A,01,0,2,0,0,0,0,0,0,0,-,-,32.74679183959961,-117.0299835205078,SAN DIEGO,UNINCORPORATED,-117.02909088134766,32.746978759765625
91619263,2021,2021-11-08,9645,2021-10-20,1735,019678,NA,3,2,7,3711,0,1,1,NA,2,001,I-5 S/B,CAMINO DE LA PLAZA,585,N,N,A,-,Y,NA,NA,5,NA,NA,NA,NA,NA,S,Y,4,0,1,2,A,-,07,21658,A,N,B,C,A,A,H,-,A,D,0,NA,NA,Y,NA,Y,NA,D,22,0,0,1,0,0,0,0,0,1,-,-,32.544979095458984,-117.03376770019533,SAN DIEGO,SAN DIEGO,-117.0337371826172,32.54502868652344
91620308,2021,2021-11-09,9680,2021-10-28,0405,020720,NA,4,3,5,3708,0,1,1,NA,2,081,I-8 E/B TO SR-125 N/B,MURRAY DR,30,S,N,A,-,Y,NA,NA,8,NA,NA,NA,R,NA,E,Y,4,0,1,1,A,-,08,22107,NA,N,E,I,A,A,H,-,C,D,0,NA,NA,NA,NA,Y,NA,A,01,0,0,1,0,0,0,0,0,0,-,-,32.77988052368164,-117.00370025634766,SAN DIEGO,LA MESA,-117.00370025634766,32.77988052368164
91621483,2021,2021-11-10,9680,2021-09-07,1610,021353,NA,2,2,9,3700,0,3,5,NA,2,002,BANCROFT DR,KENWOOD DR,180,N,N,A,-,N,NA,NA,NA,NA,NA,NA,NA,NA,NA,N,4,0,1,2,A,-,08,22107,NA,F,D,G,A,A,H,-,A,D,0,NA,Y,NA,NA,Y,NA,D,22,0,0,1,0,0,0,1,0,0,-,-,32.74502944946289,-117.00348663330078,SAN DIEGO,UNINCORPORATED,-117.0034408569336,32.74504089355469
91621607,2021,2021-11-10,9650,2021-11-05,0112,021805,NA,5,3,9,3700,0,1,3,NA,2,065,SR-76,VIA MONSERATE,0,NA,Y,E,-,Y,NA,NA,76,NA,NA,NA,NA,NA,NA,Y,3,0,2,2,A,-,01,23152,A,N,A,C,A,A,H,-,C,A,0,NA,NA,NA,NA,Y,Y,A,01,0,2,0,0,0,0,0,0,0,-,-,33.31010818481445,-117.20384216308594,SAN DIEGO,UNINCORPORATED,-117.20387268066406,33.31019592285156
91622558,2021,2021-12-09,9650,2021-11-07,1950,022031,NA,7,2,3,3783,0,1,1,NA,2,007,I-5 S/B,MANCHESTER AVE,50,S,N,A,-,Y,NA,NA,NA,NA,NA,NA,NA,NA,NA,Y,4,0,2,2,A,-,08,22107,NA,N,C,A,A,D,H,-,D,D,0,NA,NA,NA,NA,Y,NA,A,07,0,0,2,0,0,0,0,0,0,-,-,33.01015853881836,-117.26496887207033,SAN DIEGO,SOLANA BEACH,-117.2646942138672,33.01023864746094
91622997,2021,2021-11-12,9650,2021-11-12,0220,019308,NA,5,3,9,3700,0,1,1,NA,2,001,I-5 N/B,BASILONE ROAD,5280,S,N,A,-,Y,NA,NA,5,NA,NA,NA,NA,NA,N,Y,3,0,1,1,A,-,08,22107,NA,N,E,I,A,A,H,-,D,D,0,NA,NA,NA,NA,Y,NA,A,07,0,1,0,0,0,0,0,0,0,-,-,33.378639221191406,-117.5657196044922,SAN DIEGO,UNINCORPORATED,-117.56565856933594,33.378753662109375
9162386,2020,2020-12-01,3706,2020-09-04,0523,486,ESCON,5,5,6,3706,0,0,0,NA,0,054,VALLEY PKWY,MIDWAY DR,0,NA,Y,A,-,N,NA,NA,NA,NA,NA,NA,NA,NA,NA,NA,3,0,1,2,A,-,10,21950,A,F,G,B,B,A,H,-,B,A,0,Y,NA,NA,NA,Y,NA,A,01,0,1,0,0,1,0,0,0,0,-,-,33.1375617980957,-117.05184173583984,SAN DIEGO,ESCONDIDO,-117.05181121826172,33.137508392333984
91624282,2021,2021-11-15,9680,2021-11-01,1634,021646,NA,1,2,9,3700,0,1,3,NA,1,024,SR-94 (CAMPO ROAD),STEELE CANYON ROAD,105,W,N,A,-,Y,NA,NA,94,NA,NA,NA,NA,NA,NA,Y,4,0,3,3,A,-,03,22350,NA,N,C,C,A,A,H,-,A,A,0,NA,NA,NA,NA,Y,NA,A,01,0,0,3,0,0,0,0,0,0,-,-,32.727439880371094,-116.90966796875,SAN DIEGO,UNINCORPORATED,-116.90967559814452,32.727447509765625
91624419,2021,2021-11-15,9650,2021-11-09,1620,021404,NA,2,2,9,3700,0,3,5,NA,2,150,EAST VISTA WAY,OSBORNE ST,528,N,N,A,-,N,NA,NA,NA,NA,NA,NA,NA,NA,NA,N,4,0,1,2,A,-,03,22350,NA,N,C,C,A,A,H,-,A,D,0,NA,NA,NA,NA,Y,NA,D,22,0,0,1,0,0,0,0,0,0,-,-,33.23828887939453,-117.22628784179688,SAN DIEGO,UNINCORPORATED,-117.22625732421876,33.23908615112305
91625075,2021,2021-11-15,9645,2021-11-09,0610,016779,NA,2,1,7,3711,0,1,1,NA,2,001,I-5 (N/B),PALOMAR ST.,610,N,N,A,-,Y,NA,NA,NA,NA,NA,NA,NA,NA,NA,Y,3,0,1,3,A,-,07,21658,A,N,B,C,A,A,H,-,A,D,0,NA,NA,Y,NA,Y,NA,A,01,0,1,0,0,0,0,0,0,1,-,-,32.60929870605469,-117.09042358398438,SAN DIEGO,SAN DIEGO,-117.09009552001952,32.6044807434082
9162625,2020,2020-12-03,3711,2020-09-25,1634,SD6445,NA,5,5,7,3711,0,0,0,NA,0,444,MARKET ST,MARKET ST 4100,0,NA,N,-,-,N,NA,NA,NA,NA,NA,NA,NA,NA,NA,Y,4,0,1,2,A,-,-,NA,NA,N,-,-,A,-,-,-,-,-,0,NA,NA,NA,NA,Y,NA,-,NA,0,0,1,0,0,0,0,0,0,-,-,NA,NA,SAN DIEGO,SAN DIEGO,NA,NA
91626395,2021,2021-11-16,9645,2021-11-15,1210,016779,NA,1,1,7,3711,0,1,1,NA,2,005,I-5 (N/B),CLAIREMONT DR.,600,S,N,A,-,Y,NA,NA,5,NA,NA,NA,NA,NA,NA,Y,3,0,1,1,A,-,08,22107,NA,N,E,J,A,A,H,-,A,D,0,NA,NA,NA,NA,Y,NA,A,07,0,1,0,0,0,0,0,0,0,-,-,32.778568267822266,-117.20838165283205,SAN DIEGO,SAN DIEGO,-117.20843505859376,32.77857208251953
91627348,2021,2021-11-17,9645,2021-11-16,1515,021117,NA,2,2,6,3702,0,1,3,NA,2,008,SR-54 E/B FROM REO DR,REO DR,430,E,N,A,-,Y,NA,NA,NA,NA,NA,NA,NA,NA,NA,Y,3,0,1,2,A,-,03,22350,NA,N,C,C,A,A,H,-,A,A,0,NA,NA,NA,NA,Y,NA,A,01,0,1,0,0,0,0,0,0,0,-,-,32.66423034667969,-117.05581665039063,SAN DIEGO,CHULA VISTA,-117.0615234375,32.663734436035156
91627486,2021,2021-11-17,9680,2021-07-13,1815,022021,NA,2,2,9,3700,0,2,4,NA,1,026,JAMACHA ROAD,SWEETWATER LANE,0,NA,Y,A,-,N,NA,NA,NA,NA,NA,NA,NA,NA,NA,N,4,0,1,2,A,-,01,23152,A,F,C,C,A,A,H,-,A,A,0,NA,NA,NA,NA,Y,Y,A,07,0,0,1,0,0,0,0,0,0,-,-,32.71474838256836,-117.00566864013672,SAN DIEGO,UNINCORPORATED,-117.00567626953124,32.714820861816406
9163134,2020,2020-11-23,3709,2020-09-20,1901,NC0510,NA,7,5,5,3709,0,0,0,NA,0,020,HIGHLAND AV,HIGHLAND AV 1630,0,NA,-,A,-,N,NA,NA,NA,NA,NA,NA,NA,NA,NA,Y,2,0,3,2,A,-,01,23153,A,F,C,C,A,A,H,-,C,D,0,NA,NA,NA,NA,Y,Y,A,01,2,1,0,0,0,0,0,0,0,-,-,NA,NA,SAN DIEGO,NATIONAL CITY,NA,NA
91633142,2021,2021-11-23,9645,2021-11-10,1100,018393,NA,3,1,7,3711,0,1,1,NA,2,003,I-5 S/B,SR 163 U/C,50,S,N,A,-,Y,NA,NA,5,NA,NA,NA,NA,NA,S,N,3,0,1,2,C,-,18,NA,NA,N,E,C,A,A,H,-,A,D,0,NA,NA,NA,NA,Y,NA,-,-,0,1,0,0,0,0,0,0,0,-,-,32.72414016723633,-117.15585327148438,SAN DIEGO,SAN DIEGO,-117.15583038330078,32.72397232055664
91636687,2021,2021-11-29,9645,2021-09-01,0715,016766,NA,3,1,7,3711,0,1,1,NA,2,021,SR-15 S/B,I-805 N/B,1070,N,N,B,-,Y,NA,NA,15,NA,NA,NA,NA,NA,S,Y,1,1,0,1,A,-,08,22107,NA,N,E,I,A,A,H,-,A,A,0,NA,NA,NA,NA,Y,NA,A,01,0,0,0,0,0,0,0,0,0,-,-,32.73801040649414,-117.11383819580078,SAN DIEGO,SAN DIEGO,-117.11380767822266,32.73801040649414
91637391,2021,2021-11-29,9680,2021-11-15,1640,021353,NA,1,2,9,3700,0,1,3,NA,1,023,SR-94 E/B,VIA MERCADO,100,W,N,A,-,Y,NA,NA,94,NA,NA,NA,NA,NA,E,N,4,0,2,3,A,-,21,22106,NA,N,C,C,A,A,H,-,B,A,0,NA,NA,NA,NA,Y,NA,A,01,0,0,2,0,0,0,0,0,0,-,-,32.74555969238281,-116.95839691162108,SAN DIEGO,UNINCORPORATED,-116.95838928222656,32.74560546875
91638268,2021,2021-11-30,9645,2021-11-16,2045,020997,NA,2,2,6,3702,0,1,3,NA,2,031,SR-125 S/B,OTAY LAKES ROAD,1000,N,N,A,-,Y,NA,NA,125,NA,NA,NA,NA,NA,S,N,3,0,1,2,A,-,03,22350,NA,N,C,C,A,A,H,-,D,D,0,NA,NA,NA,NA,Y,NA,A,01,0,1,0,0,0,0,0,0,0,-,-,32.64923858642578,-116.97139739990234,SAN DIEGO,CHULA VISTA,-116.9711456298828,32.64925003051758
91640710,2021,2021-12-02,9680,2021-11-18,1710,022106,NA,4,2,4,3720,0,1,3,NA,2,027,SR-94 W/B,COLLEGE GROVE WAY,528,E,N,A,-,Y,NA,NA,94,NA,NA,NA,NA,NA,W,Y,4,0,1,2,A,-,07,21658,A,F,B,C,A,A,H,-,C,D,0,NA,NA,NA,NA,Y,NA,A,01,0,0,1,0,0,0,0,0,0,-,-,32.73830032348633,-117.05484771728516,SAN DIEGO,LEMON GROVE,-117.05477905273438,32.73823547363281
91641040,2021,2021-12-02,9645,2021-11-19,1809,017953,NA,5,2,7,3711,0,1,1,NA,2,010,I-8 E/B,PRESIDIO PARK,330,E,N,A,-,Y,NA,NA,8,NA,NA,NA,NA,NA,E,Y,4,0,1,1,A,-,03,22350,NA,N,F,A,A,A,H,-,C,D,0,NA,NA,Y,NA,Y,NA,C,02,0,0,1,0,0,0,0,0,1,-,-,32.7595100402832,-117.18717956542967,SAN DIEGO,SAN DIEGO,-117.18717956542967,32.75954055786133
9164171,2020,2021-01-26,3705,2020-09-09,1751,EC0413,NA,3,5,5,3705,0,0,0,NA,0,003,BROADWAY,E MAIN,0,NA,Y,A,-,N,NA,NA,NA,NA,NA,NA,NA,NA,NA,NA,3,0,1,2,A,-,12,21453,A,F,G,B,B,A,H,-,A,A,0,Y,NA,NA,NA,Y,Y,A,01,0,1,0,0,1,0,0,0,0,-,-,NA,NA,SAN DIEGO,EL CAJON,-116.92208099365234,32.80772018432617
91641943,2021,2021-12-03,9680,2021-11-19,0030,016694,NA,5,3,9,3700,0,1,3,NA,1,017,SR-67 N/B TO VINE ST,MAPLEVIEW STREET,1076,N,N,E,-,Y,NA,NA,67,NA,NA,NA,R,NA,N,Y,3,0,1,1,A,-,03,22350,NA,N,E,I,A,A,H,-,D,D,0,NA,NA,NA,NA,Y,NA,A,01,0,1,0,0,0,0,0,0,0,-,-,32.866031646728516,-116.92220306396484,SAN DIEGO,UNINCORPORATED,-116.92220306396484,32.866031646728516
91642213,2021,2021-12-03,9680,2021-11-19,2120,021901,NA,5,2,9,3700,0,1,3,NA,1,051,SR-79,FINK RD.,2112,N,N,A,-,Y,NA,NA,79,NA,NA,NA,NA,NA,NA,Y,4,0,1,1,A,-,01,23152,A,N,E,I,A,A,H,-,D,D,0,NA,NA,NA,NA,Y,Y,A,01,0,0,1,0,0,0,0,0,0,-,-,33.3179817199707,-116.69577026367188,SAN DIEGO,UNINCORPORATED,-116.6957778930664,33.317970275878906
91643955,2021,2021-12-06,9645,2021-11-22,1005,020116,NA,1,1,7,3711,0,1,3,NA,2,006,SR-94 WESTBOUND,25TH ST,50,E,N,A,-,Y,NA,NA,94,NA,NA,NA,NA,NA,W,Y,3,0,1,3,A,-,03,22350,NA,N,C,C,A,A,H,-,A,D,0,NA,NA,NA,NA,Y,NA,A,01,0,1,0,0,0,0,0,0,0,-,-,32.71332931518555,-117.13912963867188,SAN DIEGO,SAN DIEGO,-117.13912963867188,32.713279724121094
91644985,2021,2021-12-07,9645,2021-11-24,0645,017139,NA,3,1,9,3700,0,3,5,NA,2,018,OTAY LAKES RD,WUESTE RD,4752,E,N,A,-,N,NA,NA,NA,NA,NA,NA,NA,NA,NA,N,3,0,1,1,A,-,08,22107,NA,N,F,A,A,A,H,-,A,D,0,NA,NA,Y,NA,Y,NA,C,02,0,1,0,0,0,0,0,0,1,-,-,32.64448928833008,-116.6933135986328,SAN DIEGO,UNINCORPORATED,-116.92607879638672,32.64404296875
91645466,2021,2022-04-01,9645,2021-11-24,1723,018951,NA,3,2,7,3711,0,1,1,NA,2,005,INTERSTATE 5 SOUTHBOUND FROM LA JOLLA PARKWAY,LA JOLLA PARKWAY,1056,S,N,A,-,Y,NA,NA,5,NA,NA,NA,R,NA,S,N,4,0,3,6,A,-,03,22350,NA,N,C,C,A,A,H,-,D,D,0,NA,NA,NA,NA,Y,NA,D,22,0,0,3,0,0,0,0,0,0,-,-,32.836971282958984,-117.23535919189452,SAN DIEGO,SAN DIEGO,-117.23535919189452,32.836971282958984
91646259,2021,2021-12-08,9645,2021-11-25,0228,020623,NA,4,3,7,3711,0,1,1,NA,2,001,I-5 S/B TO SR-54 E/B,NATIONAL CITY BOULEVARD,1531,W,N,A,-,Y,NA,NA,NA,NA,NA,NA,NA,NA,NA,N,4,0,1,2,A,-,01,23152,A,N,C,C,A,A,H,-,D,D,0,NA,NA,NA,NA,Y,Y,A,01,0,0,1,0,0,0,0,0,0,-,-,32.65047836303711,-117.10259246826172,SAN DIEGO,SAN DIEGO,-117.1387176513672,32.69833755493164
91646379,2021,2021-12-08,9645,2021-11-28,1015,017139,NA,7,1,7,3711,0,1,1,NA,2,009,I-805 NB TO PALM AVE,PALM AVE,15,S,N,A,-,Y,NA,NA,805,NA,NA,NA,R,NA,N,N,4,0,1,2,A,-,03,22350,NA,N,C,C,A,A,H,-,A,D,0,NA,NA,NA,NA,Y,NA,A,07,0,0,1,0,0,0,0,0,0,-,-,32.5836296081543,-117.03582000732422,SAN DIEGO,SAN DIEGO,-117.03582000732422,32.5836296081543
91648970,2021,2021-12-10,9680,2021-11-30,1905,019870,NA,2,2,5,3708,0,1,1,NA,2,081,I-8 W/B,LAKE MURRAY BLVD.,1500,E,N,A,-,Y,NA,NA,8,NA,NA,NA,NA,NA,W,Y,3,0,1,1,A,-,08,22107,NA,N,E,I,A,A,H,-,C,D,0,NA,NA,NA,NA,Y,NA,A,01,0,1,0,0,0,0,0,0,0,-,-,32.77273178100586,-117.04131317138672,SAN DIEGO,LA MESA,-117.04131317138672,32.772701263427734
91649525,2021,2021-12-13,9645,2021-12-08,0615,016838,NA,3,1,9,3700,0,1,1,NA,2,009,I-805 N/B,'H' STREET,1400,N,N,B,-,Y,NA,NA,805,NA,NA,NA,NA,NA,N,Y,4,0,1,2,A,-,03,22350,NA,N,C,C,A,A,H,-,A,D,0,NA,NA,NA,NA,Y,NA,A,07,0,0,1,0,0,0,0,0,0,-,-,32.64400100708008,-117.05751037597656,SAN DIEGO,UNINCORPORATED,-117.05752563476563,32.64399337768555
91650141,2021,2021-12-13,9645,2021-12-01,1658,017953,NA,3,2,7,3711,0,1,1,NA,2,017,I-15 S/B,CLAIREMONT MESA BOULEVARD,65,N,N,A,-,Y,NA,NA,15,NA,NA,NA,NA,NA,S,N,4,0,1,2,A,-,03,22350,NA,N,B,C,A,A,H,-,D,D,0,NA,NA,Y,NA,Y,NA,C,02,0,0,1,0,0,0,0,0,1,-,-,32.84233856201172,-117.12017822265624,SAN DIEGO,SAN DIEGO,-117.12065887451172,32.84253692626953
91653770,2021,2021-12-16,9650,2021-12-06,1505,016490,NA,1,2,9,3700,0,3,5,NA,2,210,OLD HIGHWAY 395,I-15 SOUTHBOUND OLD HIGHWAY 395 OFF RAMP,0,NA,Y,A,-,Y,NA,NA,NA,NA,NA,NA,NA,NA,NA,Y,3,0,1,2,A,-,09,21802,A,N,D,C,A,A,H,-,A,A,0,NA,NA,NA,Y,Y,NA,F,27,0,1,0,0,0,0,0,0,0,-,-,33.287899017333984,-117.15074920654295,SAN DIEGO,UNINCORPORATED,-117.16124725341795,33.410770416259766
91655239,2021,2021-12-17,9645,2021-12-01,1845,018951,NA,3,2,7,3711,0,1,3,NA,2,023,STATE ROUTE 163 SOUTHBOUND,INTERSTATE 8,1584,N,N,A,-,Y,NA,NA,163,NA,NA,NA,NA,NA,S,N,4,0,1,3,A,-,03,22350,NA,N,C,C,A,A,H,-,D,D,0,NA,NA,NA,NA,Y,NA,A,07,0,0,1,0,0,0,0,0,0,-,-,32.7669792175293,-117.16268920898438,SAN DIEGO,SAN DIEGO,-117.1627197265625,32.76698684692383
9165683,2020,2020-12-02,3702,2020-09-15,1420,CV0968,NA,2,5,6,3702,0,0,0,NA,0,021,MAIN ST,RT 5,0,NA,Y,A,-,Y,SD,11,5,-,-,5.455,R,4,S,Y,4,0,3,2,A,-,08,22107,NA,N,A,C,A,A,H,-,A,D,0,NA,NA,NA,NA,Y,NA,A,01,0,0,3,0,0,0,0,0,0,-,SO,NA,NA,SAN DIEGO,CHULA VISTA,-117.08901977539063,32.595680236816406
91659113,2021,2021-12-22,9645,2021-12-20,2128,016864,NA,1,2,7,3711,0,1,3,NA,2,014,SR-52 E/B,SR-163 O/C,20,W,N,B,-,Y,NA,NA,NA,NA,NA,NA,NA,NA,NA,Y,3,0,1,1,A,-,08,22107,NA,N,F,A,A,A,H,-,D,D,0,NA,NA,NA,NA,Y,NA,A,01,0,1,0,0,0,0,0,0,0,-,-,32.941001892089844,-117.10330200195313,SAN DIEGO,SAN DIEGO,-117.13420867919922,32.84096908569336
91659259,2021,2021-12-22,9645,2021-12-16,1427,020479,NA,4,2,7,3711,0,1,1,NA,2,021,SR-15 S/B,POLK AVE,20,N,N,B,-,Y,NA,NA,15,NA,NA,NA,NA,NA,S,N,4,0,1,2,A,-,03,22350,NA,N,C,C,A,A,H,-,A,D,0,NA,NA,NA,NA,Y,NA,A,01,0,0,1,0,0,0,0,0,0,-,-,32.751461029052734,-117.1091766357422,SAN DIEGO,SAN DIEGO,-117.10899353027344,32.751461029052734
9165930,2020,2020-10-31,3700,2020-09-29,1415,SH2439,NA,2,5,5,3713,0,0,0,NA,0,311,CIVIC CENTER DR,MORNINGSIDE DR,0,NA,Y,A,-,N,NA,NA,NA,NA,NA,NA,NA,NA,NA,Y,4,0,1,2,A,-,08,22100,B,N,D,C,A,A,H,-,A,D,0,NA,NA,NA,NA,Y,NA,A,07,0,0,1,0,0,0,0,0,0,-,-,NA,NA,SAN DIEGO,VISTA,-117.23429107666016,33.19921875
9166100,2020,2020-12-02,3708,2020-09-15,0700,LM1225,NA,2,5,5,3708,0,0,0,NA,0,003,LAKE PARK WY,COWLES MOUNTAIN BL,162,W,N,A,-,N,NA,NA,NA,NA,NA,NA,NA,NA,NA,N,4,0,1,2,A,-,10,21954,B,N,G,B,D,A,H,-,A,D,0,Y,NA,NA,NA,Y,NA,A,01,0,0,1,0,1,0,0,0,0,-,-,NA,NA,SAN DIEGO,LA MESA,-117.03038024902344,32.78306198120117
91667454,2021,2021-12-31,9650,2021-12-29,0735,014532,NA,3,1,9,3700,0,1,1,NA,2,003,I-5 SOUTHBOUND,COCKLEBURR OVERCROSSING,3000,N,N,B,-,Y,NA,NA,NA,NA,NA,NA,NA,NA,NA,Y,4,0,1,2,A,-,08,22107,NA,N,B,C,A,B,H,-,B,D,0,NA,NA,NA,NA,Y,NA,A,08,0,0,1,0,0,0,0,0,0,-,-,33.262569427490234,-117.43171691894533,SAN DIEGO,UNINCORPORATED,NA,NA
9167236,2020,2020-11-18,3702,2020-09-04,1132,CV1012,NA,5,5,6,3702,0,0,0,NA,0,022,5TH AV,OXFORD ST,0,NA,Y,A,-,N,NA,NA,NA,NA,NA,NA,NA,NA,NA,Y,4,0,1,2,A,-,12,22450,A,N,D,C,A,A,H,-,A,A,0,NA,NA,NA,NA,Y,NA,A,08,0,0,1,0,0,0,0,0,0,-,-,NA,NA,SAN DIEGO,CHULA VISTA,-117.07591247558594,32.607940673828125
9167309,2020,2021-01-13,3711,2020-10-02,1818,CV1278,NA,5,5,7,3711,0,0,0,NA,0,031,OTAY LAKE RD,BONITA RD,32,S,N,A,-,N,NA,NA,NA,NA,NA,NA,NA,NA,NA,Y,4,0,1,2,A,-,03,22350,NA,N,C,C,A,A,H,-,A,D,0,NA,NA,NA,NA,Y,NA,A,01,0,0,1,0,0,0,0,0,0,-,-,NA,NA,SAN DIEGO,SAN DIEGO,-117.03128051757813,32.6612663269043
91673588,2022,2022-01-07,9645,2022-01-02,0947,016838,NA,7,1,7,3711,0,1,1,NA,2,011,I-805 N/B,EL CAJON BLVD,900,N,N,A,-,Y,SD,NA,805,NA,NA,16.756,H,NA,R,Y,4,0,1,2,A,-,03,22350,NA,N,C,C,A,A,H,-,A,D,0,NA,NA,NA,NA,Y,NA,A,01,0,0,1,0,0,0,0,0,0,-,-,32.75996017456055,-117.12631988525392,SAN DIEGO,SAN DIEGO,-117.1264190673828,32.75994110107422
91675982,2022,2022-01-11,9645,2022-01-05,1435,018951,NA,3,2,7,3711,0,1,3,NA,2,012,STATE ROUTE 52 EASTBOUND,REGENTS ROAD,2112,W,N,A,-,Y,SD,NA,52,NA,NA,0.988,H,NA,R,Y,4,0,1,2,A,-,03,22350,NA,N,C,C,A,A,H,-,A,D,0,NA,NA,NA,NA,Y,NA,A,01,0,0,1,0,0,0,0,0,0,-,-,32.83982849121094,-117.22350311279295,SAN DIEGO,SAN DIEGO,-117.22349548339844,32.83981704711914