CASE_ID,ACCIDENT_YEAR,PROC_DATE,JURIS,COLLISION_DATE,COLLISION_TIME,OFFICER_ID,REPORTING_DISTRICT,DAY_OF_WEEK,CHP_SHIFT,POPULATION,CNTY_CITY_LOC,SPECIAL_COND,BEAT_TYPE,CHP_BEAT_TYPE,CITY_DIVISION_LAPD,CHP_BEAT_CLASS,BEAT_NUMBER,PRIMARY_RD,SECONDARY_RD,DISTANCE,DIRECTION,INTERSECTION,WEATHER_1,WEATHER_2,STATE_HWY_IND,CALTRANS_COUNTY,CALTRANS_DISTRICT,STATE_ROUTE,ROUTE_SUFFIX,POSTMILE_PREFIX,POSTMILE,LOCATION_TYPE,RAMP_INTERSECTION,SIDE_OF_HWY,TOW_AWAY,COLLISION_SEVERITY,NUMBER_KILLED,NUMBER_INJURED,PARTY_COUNT,PRIMARY_COLL_FACTOR,PCF_CODE_OF_VIOL,PCF_VIOL_CATEGORY,PCF_VIOLATION,PCF_VIOL_SUBSECTION,HIT_AND_RUN,TYPE_OF_COLLISION,MVIW,PED_ACTION,ROAD_SURFACE,ROAD_COND_1,ROAD_COND_2,LIGHTING,CONTROL_DEVICE,CHP_ROAD_TYPE,PEDESTRIAN_ACCIDENT,BICYCLE_ACCIDENT,MOTORCYCLE_ACCIDENT,TRUCK_ACCIDENT,NOT_PRIVATE_PROPERTY,ALCOHOL_INVOLVED,STWD_VEHTYPE_AT_FAULT,CHP_VEHTYPE_AT_FAULT,COUNT_SEVERE_INJ,COUNT_VISIBLE_INJ,COUNT_COMPLAINT_PAIN,COUNT_PED_KILLED,COUNT_PED_INJURED,COUNT_BICYCLIST_KILLED,COUNT_BICYCLIST_INJURED,COUNT_MC_KILLED,COUNT_MC_INJURED,PRIMARY_RAMP,SECONDARY_RAMP,LATITUDE,LONGITUDE,COUNTY,CITY,POINT_X,POINT_Y
91676654,2022,2022-01-12,9650,2022-01-10,0550,014532,NA,1,3,9,3700,0,3,5,NA,2,170,S. SANTA FE AVE,PALMYRA DRIVE,0,NA,Y,A,-,N,NA,NA,NA,NA,NA,NA,NA,NA,NA,Y,3,0,1,2,A,-,12,21453,A,N,D,C,A,A,H,-,C,A,0,NA,NA,NA,NA,Y,NA,A,01,0,1,0,0,0,0,0,0,0,-,-,33.170860290527344,-117.20269775390624,SAN DIEGO,UNINCORPORATED,-117.20701599121094,33.170841217041016
91677682,2021,2022-01-13,9650,2021-12-30,1920,016997,NA,4,2,9,3700,0,1,1,NA,2,003,I-5 N/B,COCKLEBURR RD.,2290,S,N,A,-,Y,NA,NA,5,NA,NA,NA,NA,NA,N,N,4,0,3,2,A,-,03,22350,NA,N,C,C,A,A,H,-,D,A,0,NA,NA,NA,NA,Y,NA,A,01,0,0,3,0,0,0,0,0,0,-,-,33.248538970947266,-117.41870880126952,SAN DIEGO,UNINCORPORATED,-117.41876983642578,33.24849319458008
91680157,2022,2022-01-18,9650,2022-01-08,1745,021992,NA,6,2,9,3700,0,3,5,NA,2,006,IVY ST.,MAIN AVE,0,NA,Y,A,-,N,NA,NA,NA,NA,NA,NA,NA,NA,NA,Y,4,0,1,2,A,-,09,21802,A,F,D,C,A,A,H,-,C,A,0,NA,NA,NA,NA,Y,NA,D,22,0,0,1,0,0,0,0,0,0,-,-,33.383731842041016,-117.25135040283205,SAN DIEGO,UNINCORPORATED,-117.25135040283205,33.38370895385742
91680314,2022,2022-01-19,9680,2022-01-07,0810,021944,NA,5,1,9,3700,0,1,3,NA,1,024,SR-94,SINGER LN,520,E,N,A,-,Y,SD,NA,94,NA,NA,15.331,H,NA,R,Y,4,0,1,3,A,-,03,22350,NA,N,C,C,A,A,H,-,A,D,0,NA,NA,NA,NA,Y,NA,A,01,0,0,1,0,0,0,0,0,0,-,-,32.73310852050781,-116.94033813476563,SAN DIEGO,UNINCORPORATED,-116.94036102294922,32.73310089111328
91680662,2021,2022-01-19,9680,2021-10-24,0905,020116,NA,7,1,9,3700,0,2,4,NA,1,025,SWEETWATER RD,TYLER ST,408,N,N,A,-,N,NA,NA,NA,NA,NA,NA,NA,NA,NA,Y,3,0,1,3,A,-,08,22107,NA,N,C,E,A,A,H,-,A,D,0,NA,NA,NA,NA,Y,NA,A,01,0,1,0,0,0,0,0,0,0,-,-,32.73155975341797,-117.0146026611328,SAN DIEGO,UNINCORPORATED,-117.01449584960938,32.73148727416992
91681140,2021,2022-01-19,9645,2021-10-30,1227,018095,NA,6,1,7,3711,0,1,3,NA,2,016,SR-52 EASTBOUND,MAST BLVD. U/C,3590,W,N,A,-,Y,NA,NA,52,NA,NA,NA,NA,NA,E,Y,4,0,1,2,A,-,02,22400,A,F,C,C,A,A,H,-,A,D,0,NA,NA,NA,NA,Y,NA,A,01,0,0,1,0,0,0,0,0,0,-,-,32.85084915161133,-117.03587341308594,SAN DIEGO,SAN DIEGO,-117.03587341308594,32.85084533691406
91681200,2022,2022-01-20,9680,2022-01-07,2316,017621,NA,5,3,9,3700,0,1,3,NA,1,091,SR-78 (MAIN ST.),3RD ST.,117,W,N,A,-,Y,SD,NA,78,NA,NA,36.273,H,NA,R,Y,2,0,3,2,A,-,01,23152,A,N,E,I,A,A,H,-,C,A,0,NA,NA,NA,NA,Y,Y,D,22,1,0,2,0,0,0,0,0,0,-,-,33.048118591308594,-116.85810089111328,SAN DIEGO,UNINCORPORATED,-116.85802459716795,33.048057556152344
91688643,2022,2022-01-28,9680,2022-01-17,2125,020500,NA,1,2,9,3700,0,2,4,NA,1,096,HIGHLAND VALLEY RD,HANDLEBAR RD,210,W,N,B,C,N,NA,NA,NA,NA,NA,NA,NA,NA,NA,N,3,0,1,1,A,-,01,23152,A,N,E,I,A,B,H,-,D,D,0,NA,NA,NA,NA,Y,Y,A,01,0,1,0,0,0,0,0,0,0,-,-,33.02294158935547,-116.9269790649414,SAN DIEGO,UNINCORPORATED,-116.92697143554688,33.022884368896484
91689745,2022,2022-01-31,9645,2022-01-28,1758,017104,NA,5,2,7,3711,0,1,1,NA,2,019,I-15 N/B (ESCONDIDO FREEWAY),VIA RANCHO PARKWAY,2500,S,N,A,-,Y,NA,NA,NA,NA,NA,NA,NA,NA,NA,Y,2,0,1,2,A,-,07,21658,A,N,B,2,A,A,H,-,D,D,0,NA,NA,NA,NA,Y,NA,A,01,1,0,0,0,0,0,0,0,0,-,-,33.034400939941406,-117.04070281982422,SAN DIEGO,SAN DIEGO,-117.06881713867188,33.062435150146484
91691479,2022,2022-02-02,9650,2022-01-22,1851,021154,NA,6,2,6,3706,0,1,3,NA,2,019,SR-78 E/B,I-15,2655,W,N,A,-,Y,SD,NA,78,NA,R,16.075,H,NA,R,Y,4,0,2,3,A,-,13,22515,A,N,B,C,A,A,H,-,C,D,0,NA,NA,Y,NA,Y,NA,A,01,0,0,2,0,0,0,0,0,0,-,-,33.12810134887695,-117.11247253417967,SAN DIEGO,ESCONDIDO,-117.11248779296876,33.128074645996094
91694348,2021,2022-02-07,9645,2021-12-29,0620,017723,NA,3,1,7,3711,0,1,3,NA,2,006,SR-94 W/B,I-805 U/C,528,W,N,C,-,Y,NA,NA,94,NA,NA,NA,NA,NA,W,Y,4,0,1,1,A,-,08,22107,NA,N,E,I,A,B,H,-,C,D,0,NA,NA,NA,NA,Y,NA,A,01,0,0,1,0,0,0,0,0,0,-,-,32.719051361083984,-117.10311126708984,SAN DIEGO,SAN DIEGO,-117.10310363769533,32.71897888183594
91694578,2022,2022-02-07,9650,2022-01-20,0926,017328,NA,4,1,9,3700,0,1,1,NA,2,001,I-5 N/B,SAN ONOFRE INSPECTION FACILITY,10560,N,N,A,-,Y,SD,NA,5,NA,R,69.332,H,NA,R,Y,3,0,1,2,A,-,08,22107,NA,N,B,C,A,A,H,-,A,D,0,NA,NA,NA,NA,Y,NA,D,22,0,1,0,0,0,0,0,0,0,-,-,33.37063980102539,-117.55278778076172,SAN DIEGO,UNINCORPORATED,-117.55278778076172,33.37063980102539
91694934,2022,2022-02-07,9650,2022-02-05,2222,020343,NA,6,3,5,3712,0,1,3,NA,2,019,SR-78 E/B,WOODLAND PKY,460,E,N,A,-,Y,SD,NA,78,NA,NA,14.343,H,NA,R,Y,4,0,1,2,A,-,01,23152,A,N,E,I,A,A,H,-,C,D,0,NA,NA,NA,NA,Y,Y,A,01,0,0,1,0,0,0,0,0,0,-,-,33.138031005859375,-117.13968658447266,SAN DIEGO,SAN MARCOS,-117.13972473144533,33.137977600097656
9169634,2020,2021-01-12,3711,2020-10-11,0150,SD7156,NA,7,5,7,3711,0,0,0,NA,0,531,PARK BL,MILEPOST 1800 PARK BL,100,E,N,A,-,N,NA,NA,NA,NA,NA,NA,NA,NA,NA,Y,3,0,1,1,A,-,03,22350,NA,N,F,A,A,A,H,-,C,D,0,NA,NA,NA,Y,Y,NA,F,26,0,1,0,0,0,0,0,0,0,-,-,NA,NA,SAN DIEGO,SAN DIEGO,NA,NA
91696800,2022,2022-02-09,9645,2022-02-08,2250,021359,NA,2,3,7,3711,0,1,1,NA,2,001,I-5 S/B,PALOMAR ST,1621,S,N,A,-,Y,SD,NA,5,NA,NA,5.76,H,NA,L,Y,3,0,1,1,A,-,08,22107,NA,N,E,I,A,A,H,-,D,D,0,NA,NA,NA,NA,Y,NA,A,01,0,1,0,0,0,0,0,0,0,-,-,32.60009002685547,-117.08946228027344,SAN DIEGO,SAN DIEGO,-117.089599609375,32.60007858276367
91697034,2022,2022-02-09,9680,2022-01-29,0524,021901,NA,6,3,9,3700,0,3,5,NA,2,007,PEG LEG RD.,DUMP RD.,4752,N,N,A,-,N,NA,NA,NA,NA,NA,NA,NA,NA,NA,Y,3,0,2,1,A,-,08,22107,NA,N,F,A,A,A,H,-,D,D,0,NA,NA,NA,NA,Y,NA,A,07,0,2,0,0,0,0,0,0,0,-,-,33.268951416015625,-116.29895782470705,SAN DIEGO,UNINCORPORATED,NA,NA
91698067,2022,2022-02-10,9645,2022-02-07,1800,019712,NA,1,2,7,3711,0,1,1,NA,2,001,I-5 S/B,I-805 SB O/C,1625,N,N,A,-,Y,SD,NA,5,NA,R,0.898,H,NA,L,N,4,0,1,2,A,-,03,22350,NA,N,B,C,A,A,H,-,C,D,0,NA,NA,Y,NA,Y,NA,C,02,0,0,1,0,0,0,0,0,1,-,-,32.549461364746094,-117.0407485961914,SAN DIEGO,SAN DIEGO,-117.04073333740234,32.54948806762695
91699072,2021,2022-02-11,9680,2021-08-25,2050,021764,NA,3,2,9,3700,0,2,4,NA,1,021,DEHESA RD,WILLOW GLEN DR,170,E,N,A,-,N,NA,NA,NA,NA,NA,NA,NA,NA,NA,Y,3,0,3,3,A,-,05,21460,A,N,B,C,A,A,H,-,D,D,0,NA,NA,NA,NA,Y,Y,A,07,0,2,1,0,0,0,0,0,0,-,-,32.7884407043457,-116.88762664794922,SAN DIEGO,UNINCORPORATED,-116.88773345947266,32.788490295410156
91700363,2022,2022-02-14,9680,2022-02-02,1635,020951,NA,3,2,9,3700,0,1,3,NA,1,024,SR-94 E/B (CAMPO RD),MILLAR RANCH RD,750,E,N,B,-,Y,SD,NA,94,NA,NA,15.759,H,NA,R,Y,4,0,1,2,A,-,03,22350,NA,N,C,C,A,A,H,-,A,D,0,NA,NA,NA,NA,Y,NA,A,07,0,0,1,0,0,0,0,0,0,-,-,32.72991180419922,-116.93424224853516,SAN DIEGO,UNINCORPORATED,-116.93424224853516,32.72990036010742
9170120,2020,2020-11-17,3711,2020-09-04,1623,SD4243,NA,5,5,7,3711,0,0,0,NA,0,841,MARLOWE DR,CASITA WY,22,W,N,A,-,N,NA,NA,NA,NA,NA,NA,NA,NA,NA,Y,3,0,1,2,A,-,08,22107,NA,M,B,E,A,A,H,-,A,D,0,NA,NA,NA,NA,Y,Y,D,22,0,1,0,0,0,0,0,0,0,-,-,NA,NA,SAN DIEGO,SAN DIEGO,-117.05141448974608,32.747711181640625
91701429,2022,2022-02-15,9650,2022-02-10,1820,020673,NA,4,2,9,3700,0,2,4,NA,2,061,S. MISSION RD.,ROCKY CREST RD,0,NA,Y,A,-,N,NA,NA,NA,NA,NA,NA,NA,NA,NA,Y,4,0,2,2,A,-,09,21801,A,N,D,C,A,A,H,-,C,D,0,NA,NA,NA,NA,Y,NA,A,08,0,0,2,0,0,0,0,0,0,-,-,33.362030029296875,-117.24938201904295,SAN DIEGO,UNINCORPORATED,-117.24932098388672,33.36195755004883
9170184,2020,2021-01-08,3703,2020-10-20,0527,1393,1,2,5,3,3703,0,0,0,NA,0,001,PALM AV,2ND ST,0,NA,Y,A,-,N,NA,NA,NA,NA,NA,NA,NA,NA,NA,N,3,0,1,2,A,-,09,21803,A,N,D,C,A,A,H,-,B,D,0,NA,NA,NA,NA,Y,NA,A,01,0,1,0,0,0,0,0,0,0,-,-,32.694889068603516,-117.18433380126952,SAN DIEGO,CORONADO,-117.18076324462892,32.70051193237305
9170204,2020,2021-01-09,3711,2020-10-15,1935,SD5395,NA,4,5,7,3711,0,0,0,NA,0,615,ROSECRANS ST,NORTH HARBOR DR,30,S,N,A,-,N,NA,NA,NA,NA,NA,NA,NA,NA,NA,N,4,0,1,2,A,-,03,22350,NA,M,C,C,A,A,H,-,C,A,0,NA,NA,NA,NA,Y,NA,-,NA,0,0,1,0,0,0,0,0,0,-,-,NA,NA,SAN DIEGO,SAN DIEGO,-117.22795867919922,32.726112365722656
91703445,2021,2022-02-17,9680,2021-12-29,1232,021501,NA,3,1,9,3700,0,1,3,NA,1,071,STATE ROUTE 78,SPLIT MOUNTAIN ROAD,1584,W,N,A,-,Y,NA,NA,78,NA,NA,NA,NA,NA,NA,Y,1,1,0,2,A,-,09,21804,A,N,D,C,A,A,H,-,A,D,0,NA,NA,Y,Y,Y,NA,C,02,0,0,0,0,0,0,0,1,0,-,-,33.14595031738281,-116.13873291015624,SAN DIEGO,UNINCORPORATED,-116.13871002197266,33.14601135253906
91705018,2022,2022-02-21,9650,2022-02-15,0544,015600,NA,2,3,9,3700,0,1,1,NA,2,021,I-15 S/B,W. LILAC RD.,880,S,N,B,-,Y,NA,NA,NA,NA,NA,NA,NA,NA,NA,Y,4,0,1,3,A,-,03,22350,NA,N,C,C,A,A,H,-,A,D,0,NA,NA,NA,NA,Y,NA,D,22,0,0,1,0,0,0,0,0,0,-,-,33.29549026489258,-117.49948120117188,SAN DIEGO,UNINCORPORATED,-117.15006256103516,33.29792404174805
91705196,2022,2022-02-21,9650,2022-02-20,1400,021154,NA,7,2,6,3710,0,1,1,NA,2,005,I-5 S/B,TAMARACK AVE,1001,S,N,A,-,Y,SD,NA,5,NA,R,49.081,H,NA,L,Y,4,0,1,3,A,-,03,22350,NA,N,C,C,A,A,D,-,A,D,0,NA,NA,NA,NA,Y,NA,A,01,0,0,1,0,0,0,0,0,0,-,-,33.14952087402344,-117.33509826660156,SAN DIEGO,OCEANSIDE,-117.33507537841795,33.14952850341797
91706962,2022,2022-03-30,9645,2022-02-04,0856,018936,NA,5,1,7,3711,0,1,1,NA,2,003,I-5 NB,PALM STREET PEDESTRIAN O/C,200,S,N,A,-,Y,SD,NA,5,NA,R,17.501,H,NA,R,N,2,0,2,3,A,-,08,22107,NA,N,B,C,A,A,H,-,A,D,0,NA,NA,NA,NA,Y,NA,A,07,1,1,0,0,0,0,0,0,0,-,-,32.73392868041992,-117.17327117919922,SAN DIEGO,SAN DIEGO,-117.17339324951172,32.73385238647461
91707043,2022,2022-02-23,9645,2022-02-18,1414,020561,NA,5,2,7,3711,0,1,1,NA,2,011,I-805 N/B,HOME AVE. U/C,111,N,N,A,-,Y,SD,NA,805,NA,NA,13.993,H,NA,R,Y,4,0,3,2,A,-,03,22350,NA,N,C,C,A,A,H,-,A,D,0,NA,NA,NA,NA,Y,NA,A,08,0,0,3,0,0,0,0,0,0,-,-,32.72623825073242,-117.10334777832033,SAN DIEGO,SAN DIEGO,-117.10340118408205,32.72622299194336
91708170,2022,2022-02-24,9650,2022-02-17,1837,016516,NA,4,2,9,3700,0,3,5,NA,2,213,OLD HWY 395,N MISSION RD,624,N,N,A,-,Y,NA,NA,NA,NA,NA,NA,NA,NA,NA,Y,2,0,2,1,A,-,08,22107,NA,N,F,A,A,A,H,-,D,D,0,NA,NA,NA,NA,Y,NA,A,07,1,1,0,0,0,0,0,0,0,-,-,33.393680572509766,-117.1723175048828,SAN DIEGO,UNINCORPORATED,-117.17227172851563,33.39336395263672
91709747,2021,2022-02-25,9645,2021-10-03,0201,021588,NA,7,3,5,3709,0,1,1,NA,2,009,INTERSTATE 805 (I-805) SOUTHBOUND,PLAZA BOULEVARD,750,N,N,A,-,Y,NA,NA,805,NA,NA,NA,NA,NA,S,Y,1,1,0,3,A,-,03,22350,NA,N,C,C,A,A,H,-,C,D,0,NA,NA,Y,NA,Y,NA,C,02,0,0,0,0,0,0,0,1,0,-,-,32.67919921875,-117.08586883544922,SAN DIEGO,NATIONAL CITY,-117.08585357666016,32.67920684814453
91709802,2022,2022-02-25,9680,2022-02-13,1030,020884,NA,7,1,9,3700,0,3,5,NA,2,003,ALPINE BLVD,HONEY HILL RANCH RD,0,NA,Y,A,-,N,NA,NA,NA,NA,NA,NA,NA,NA,NA,N,4,0,1,2,A,-,09,21801,A,N,A,C,A,A,H,-,A,D,0,NA,NA,NA,NA,Y,NA,D,22,0,0,1,0,0,0,0,0,0,-,-,32.834228515625,-116.74864196777344,SAN DIEGO,UNINCORPORATED,-116.74858856201172,32.834251403808594
91711646,2022,2022-02-28,9680,2022-02-15,1920,019870,NA,2,2,5,3705,0,1,3,NA,2,016,SR-67 S/B,PROSPECT AVE,52,N,N,B,-,Y,SD,NA,67,NA,R,1.955,H,NA,L,Y,4,0,1,2,A,-,01,23152,A,N,C,C,A,B,H,-,C,D,0,NA,NA,NA,NA,Y,Y,A,01,0,0,1,0,0,0,0,0,0,-,-,32.831199645996094,-116.96201324462892,SAN DIEGO,EL CAJON,-116.96202850341795,32.831199645996094
91712293,2022,2022-03-01,9680,2022-02-16,0155,022465,NA,3,3,5,3708,0,1,3,NA,2,028,SR-125 N/B,MARIPOSA ST,130,N,N,A,-,Y,SD,NA,125,NA,NA,14.146,H,NA,R,Y,3,0,1,2,A,-,01,23152,A,M,C,C,A,B,H,-,C,D,0,NA,NA,NA,Y,Y,Y,A,01,0,1,0,0,0,0,0,0,0,-,-,32.75981903076172,-117.00385284423828,SAN DIEGO,LA MESA,-117.0038604736328,32.759830474853516
91712316,2022,2022-03-10,9680,2022-02-16,1130,022465,NA,3,1,9,3700,0,1,3,NA,1,040,SR-94 E/B,OTAY LAKES ROAD,0.8,E,N,A,-,N,NA,NA,NA,NA,NA,NA,NA,NA,NA,N,3,0,5,1,A,-,03,22350,NA,N,E,I,A,A,H,-,A,D,0,NA,NA,NA,NA,Y,NA,A,01,0,5,0,0,0,0,0,0,0,-,-,32.66202926635742,-116.8125,SAN DIEGO,UNINCORPORATED,-116.81244659423828,32.66206359863281
91712459,2022,2022-03-01,9645,2022-02-23,1055,022851,NA,3,1,7,3711,0,1,1,NA,2,003,I-5 SOUTBOUND,I-8 OVERCROSS,1000,N,N,B,-,Y,SD,NA,5,NA,R,19.974,H,NA,L,Y,3,0,2,2,A,-,01,23152,A,N,C,C,A,A,H,-,A,D,0,NA,NA,NA,NA,Y,Y,A,01,0,1,1,0,0,0,0,0,0,-,-,32.757728576660156,-117.20350646972656,SAN DIEGO,SAN DIEGO,-117.20365142822266,32.7577018737793
91713147,2022,2022-03-02,9680,2022-02-17,1443,021510,NA,4,2,9,3700,0,1,3,NA,2,016,SR-67 NORTHBOUND,CHANNEL ROAD,60,N,N,A,-,Y,SD,NA,67,NA,R,5.227,H,NA,R,Y,3,0,3,5,A,-,03,22350,NA,N,D,C,A,A,H,-,A,D,0,NA,NA,NA,NA,Y,NA,A,01,0,1,2,0,0,0,0,0,0,-,-,32.86014175415039,-116.92572784423828,SAN DIEGO,UNINCORPORATED,-116.92574310302734,32.86016082763672
91713553,2021,2022-03-02,9680,2021-12-05,1445,022625,NA,7,2,9,3700,0,2,4,NA,1,025,SWEETWATER RD,HARNESS ST,675,N,N,A,-,N,NA,NA,NA,NA,NA,NA,NA,NA,NA,N,4,0,1,2,A,-,09,21804,A,N,D,C,A,A,H,-,A,D,0,NA,NA,NA,NA,Y,NA,A,07,0,0,1,0,0,0,0,0,0,-,-,32.72296142578125,-117.01400756835938,SAN DIEGO,UNINCORPORATED,-117.01409149169922,32.7228889465332
91714360,2022,2022-03-03,9680,2022-02-18,1145,021646,NA,5,1,9,3700,0,3,5,NA,2,002,TROY STREET,CENTRAL AVENUE,5,W,N,A,-,N,NA,NA,NA,NA,NA,NA,NA,NA,NA,N,2,0,1,2,A,-,12,22450,A,N,H,G,A,A,H,-,A,A,0,NA,Y,NA,NA,Y,NA,L,04,1,0,0,0,0,0,1,0,0,-,-,32.73670959472656,-117.01039123535156,SAN DIEGO,UNINCORPORATED,-117.01023864746094,32.73667907714844
91715608,2022,2022-03-04,9680,2022-02-20,1325,020500,NA,7,1,9,3700,0,2,4,NA,1,096,HIGHLAND VALLEY RD,BANDY CANYON RD,4224,W,N,A,-,N,NA,NA,NA,NA,NA,NA,NA,NA,NA,N,3,0,1,1,A,-,08,22107,NA,N,F,A,A,A,H,-,A,A,0,NA,NA,Y,NA,Y,NA,C,02,0,1,0,0,0,0,0,0,1,-,-,33.063438415527344,-117.02239990234376,SAN DIEGO,UNINCORPORATED,-117.0217742919922,33.06330871582031
91715669,2022,2022-03-04,9680,2022-02-20,1800,021584,NA,7,2,9,3700,0,1,3,NA,1,052,STATE ROUTE 78 (MAIN STREET),C STREET,116,W,N,A,-,Y,SD,NA,78,NA,NA,58,H,NA,R,Y,3,0,1,2,A,-,01,23152,A,N,A,C,A,A,H,-,C,D,0,NA,NA,NA,NA,Y,Y,A,01,0,1,0,0,0,0,0,0,0,-,-,33.0773811340332,-116.60088348388672,SAN DIEGO,UNINCORPORATED,-116.600830078125,33.077430725097656
91718186,2022,2022-03-08,9680,2022-02-24,0511,015578,NA,4,3,4,3720,0,1,3,NA,2,027,STATE ROUTE 94 WESTBOUND,LEMON GROVE AVENUE,146,W,N,A,-,Y,SD,NA,94,NA,NA,8.949,H,NA,L,Y,4,0,1,1,A,-,08,22107,NA,N,E,I,A,A,H,-,A,D,0,NA,NA,NA,NA,Y,NA,A,07,0,0,1,0,0,0,0,0,0,-,-,32.74623107910156,-117.03175354003906,SAN DIEGO,LEMON GROVE,-117.03177642822266,32.74629211425781
91720709,2022,2022-03-11,9645,2022-03-04,1450,020561,NA,5,2,7,3711,0,1,1,NA,2,010,I-8 E/B,PRESIDO PARKWAY O/C,856,E,N,B,-,Y,SD,NA,8,NA,NA,1.114,H,NA,R,N,4,0,2,2,A,-,03,22350,NA,N,C,D,A,A,H,-,A,D,0,NA,NA,NA,NA,Y,NA,A,08,0,0,2,0,0,0,0,0,0,-,-,32.759498596191406,-117.1855010986328,SAN DIEGO,SAN DIEGO,-117.1855010986328,32.75942611694336
91727038,2022,2022-03-18,9645,2022-02-25,0105,021617,NA,5,3,7,3711,0,1,3,NA,2,008,SR-54 E/B,SWEETWATER RD,1214,E,N,A,-,Y,SD,NA,125,NA,NA,9.058,H,NA,R,N,3,0,2,2,A,-,03,22350,NA,F,C,C,A,A,H,-,E,D,0,NA,NA,NA,NA,Y,NA,A,01,0,2,0,0,0,0,0,0,0,-,-,32.694000244140625,-117.01399993896484,SAN DIEGO,SAN DIEGO,-117.01424407958984,32.6941032409668
9172720,2020,2020-12-19,3700,2020-10-02,1845,SH0320,NA,5,5,5,3713,0,0,0,NA,0,310,VISTA VILLAGE DR,NORTH SANTA FE AV,0,NA,Y,A,-,N,NA,NA,NA,NA,NA,NA,NA,NA,NA,Y,4,0,2,3,A,-,12,21453,A,N,D,C,A,A,H,-,C,A,0,NA,NA,NA,NA,Y,NA,D,22,0,0,2,0,0,0,0,0,0,-,-,NA,NA,SAN DIEGO,VISTA,-117.243896484375,33.20240020751953
91727411,2022,2022-03-21,9645,2022-03-15,1110,016047,NA,2,1,7,3711,0,1,3,NA,2,023,SR-163 SOUTHBOUND,ROBINSON AVENUE,750,S,N,A,-,Y,SD,NA,163,NA,NA,2.355,H,NA,L,N,4,0,1,2,A,-,03,22350,NA,N,C,C,A,A,H,-,A,D,0,NA,NA,NA,NA,Y,NA,A,01,0,0,1,0,0,0,0,0,0,-,-,32.74480056762695,-117.15663909912108,SAN DIEGO,SAN DIEGO,-117.1564483642578,32.74481964111328
91727986,2022,2022-03-21,9650,2022-03-17,1431,018840,NA,4,2,5,3782,0,1,1,NA,2,007,I-5 N/B,ENCINITAS BLVD,2376,N,N,A,-,Y,SD,NA,5,NA,R,41.988,H,NA,R,Y,3,0,1,2,A,-,08,22107,NA,N,E,8,A,A,D,-,A,D,0,NA,NA,NA,NA,Y,NA,A,01,0,1,0,0,0,0,0,0,0,-,-,33.05498123168945,-117.28890228271484,SAN DIEGO,ENCINITAS,-117.2890625,33.05494689941406
91728783,2022,2022-03-22,9650,2022-03-21,0100,019766,NA,1,3,5,3701,0,1,1,NA,2,005,I-5 N/B,POINSETTIA LN,820,S,N,B,-,Y,SD,NA,5,NA,R,45.417,H,NA,R,N,4,0,1,2,A,-,03,22350,NA,N,C,C,A,A,D,-,D,D,0,NA,NA,NA,NA,Y,NA,A,01,0,0,1,0,0,0,0,0,0,-,-,33.101478576660156,-117.30915069580078,SAN DIEGO,CARLSBAD,-117.30915832519533,33.10147476196289
91730146,2022,2022-03-23,9645,2022-03-16,1705,021117,NA,3,2,5,3709,0,1,3,NA,2,008,SR-54 E/B,REO DRIVE,515,W,N,A,-,Y,SD,NA,54,NA,NA,2.852,H,NA,R,N,3,0,3,3,A,-,07,21658,A,F,F,C,A,A,H,-,A,D,0,NA,NA,NA,NA,Y,Y,A,01,0,2,1,0,0,0,0,0,0,-,-,32.66374969482422,-117.05931854248048,SAN DIEGO,NATIONAL CITY,-117.059326171875,32.66377639770508
9173309,2020,2020-12-22,3711,2020-10-22,1840,SD7247,NA,4,5,7,3711,0,0,0,NA,0,932,NORTH TORREY PINES RD,N TORREY PINES RD 13000,0,NA,N,A,-,N,NA,NA,NA,NA,NA,NA,NA,NA,NA,N,3,0,1,1,C,-,18,NA,NA,N,E,J,A,A,C,-,D,D,0,NA,Y,NA,NA,Y,NA,-,-,0,1,0,0,0,0,1,0,0,-,-,NA,NA,SAN DIEGO,SAN DIEGO,NA,NA
91733814,2022,2022-03-25,9645,2022-03-17,1840,021117,NA,4,2,6,3702,0,1,1,NA,2,001,I-5 S/B,MILE OF CARS WAY,1500,S,N,A,-,Y,SD,NA,5,NA,NA,9.75,H,NA,L,N,3,0,1,3,A,-,03,22350,NA,N,B,C,A,A,H,-,B,D,0,NA,NA,Y,NA,Y,NA,C,02,0,1,0,0,0,0,0,0,1,-,-,32.655860900878906,-117.1063995361328,SAN DIEGO,CHULA VISTA,-117.10643768310548,32.65584945678711