CASE_ID,ACCIDENT_YEAR,PROC_DATE,JURIS,COLLISION_DATE,COLLISION_TIME,OFFICER_ID,REPORTING_DISTRICT,DAY_OF_WEEK,CHP_SHIFT,POPULATION,CNTY_CITY_LOC,SPECIAL_COND,BEAT_TYPE,CHP_BEAT_TYPE,CITY_DIVISION_LAPD,CHP_BEAT_CLASS,BEAT_NUMBER,PRIMARY_RD,SECONDARY_RD,DISTANCE,DIRECTION,INTERSECTION,WEATHER_1,WEATHER_2,STATE_HWY_IND,CALTRANS_COUNTY,CALTRANS_DISTRICT,STATE_ROUTE,ROUTE_SUFFIX,POSTMILE_PREFIX,POSTMILE,LOCATION_TYPE,RAMP_INTERSECTION,SIDE_OF_HWY,TOW_AWAY,COLLISION_SEVERITY,NUMBER_KILLED,NUMBER_INJURED,PARTY_COUNT,PRIMARY_COLL_FACTOR,PCF_CODE_OF_VIOL,PCF_VIOL_CATEGORY,PCF_VIOLATION,PCF_VIOL_SUBSECTION,HIT_AND_RUN,TYPE_OF_COLLISION,MVIW,PED_ACTION,ROAD_SURFACE,ROAD_COND_1,ROAD_COND_2,LIGHTING,CONTROL_DEVICE,CHP_ROAD_TYPE,PEDESTRIAN_ACCIDENT,BICYCLE_ACCIDENT,MOTORCYCLE_ACCIDENT,TRUCK_ACCIDENT,NOT_PRIVATE_PROPERTY,ALCOHOL_INVOLVED,STWD_VEHTYPE_AT_FAULT,CHP_VEHTYPE_AT_FAULT,COUNT_SEVERE_INJ,COUNT_VISIBLE_INJ,COUNT_COMPLAINT_PAIN,COUNT_PED_KILLED,COUNT_PED_INJURED,COUNT_BICYCLIST_KILLED,COUNT_BICYCLIST_INJURED,COUNT_MC_KILLED,COUNT_MC_INJURED,PRIMARY_RAMP,SECONDARY_RAMP,LATITUDE,LONGITUDE,COUNTY,CITY,POINT_X,POINT_Y
92382790,2024,2024-08-14,9645,2024-04-22,1430,022512,NA,1,2,9,3700,0,3,5,NA,2,018,OTAY MOUNTAIN TRUCK TRAIL,ALTA ROAD,1060,E,N,A,-,N,NA,NA,NA,NA,NA,NA,NA,NA,NA,N,4,0,1,2,A,-,09,21804,A,N,A,C,A,A,H,-,A,D,0,NA,NA,Y,NA,Y,NA,C,03,0,0,1,0,0,0,0,0,1,-,-,32.582279205322266,-116.9155731201172,SAN DIEGO,UNINCORPORATED,-116.91578674316406,32.5822868347168
92382927,2024,2024-05-06,9680,2024-04-21,1605,020682,NA,7,2,5,3781,0,1,3,NA,2,016,SR-67 N/B,WOODSIDE AVE,2358,N,N,A,-,Y,SD,NA,67,NA,R,3.133,H,NA,R,Y,3,0,1,2,A,-,03,22350,NA,F,C,C,A,A,H,-,A,D,0,NA,NA,NA,NA,Y,NA,A,01,0,1,0,0,0,0,0,0,0,-,-,32.84674835205078,-116.95648193359376,SAN DIEGO,SANTEE,-116.95647430419922,32.846744537353516
92383897,2024,2024-05-07,9680,2024-04-26,1830,023113,NA,5,2,9,3700,0,1,3,NA,1,024,SR-94 (CAMPO RD),COUGAR CANYON DR,485,W,N,B,-,Y,SD,NA,94,NA,NA,16.173,H,NA,R,Y,4,0,1,2,A,-,01,23152,A,N,C,C,A,A,H,-,A,D,0,NA,NA,NA,NA,Y,Y,A,07,0,0,1,0,0,0,0,0,0,-,-,32.728309631347656,-116.92745971679688,SAN DIEGO,UNINCORPORATED,-116.92745208740234,32.72833251953125
92384715,2024,2024-05-08,9650,2024-05-07,1750,020497,NA,2,2,5,3712,0,1,3,NA,2,019,SR-78 W/B,NORDAHL RD,1111,W,N,A,-,Y,SD,NA,78,NA,NA,15.273,H,NA,L,N,4,0,1,3,A,-,03,22350,NA,F,C,C,A,A,H,-,A,D,0,NA,NA,NA,NA,Y,NA,-,99,0,0,1,0,0,0,0,0,0,-,-,33.13365173339844,-117.12476348876952,SAN DIEGO,SAN MARCOS,-117.1247329711914,33.133689880371094
92384782,2024,2024-08-14,9645,2024-04-29,1520,017499,NA,1,2,6,3702,0,1,1,NA,2,009,I-805 SOUTHBOUND,E STREET,528,S,N,A,-,Y,SD,NA,805,NA,NA,7.461,H,NA,L,Y,4,0,1,3,A,-,03,22350,NA,N,C,C,A,A,H,-,C,D,0,NA,NA,NA,NA,Y,NA,A,07,0,0,1,0,0,0,0,0,0,-,-,32.64421844482422,-117.05819702148438,SAN DIEGO,CHULA VISTA,-117.0581283569336,32.644248962402344
92384806,2024,2024-05-08,9645,2024-04-29,535,018393,NA,1,3,7,3711,0,1,1,NA,2,027,I-15 S/B TO I-8 W/B,I-8 W/B,100,N,N,B,-,Y,NA,NA,NA,NA,NA,NA,NA,NA,NA,Y,4,0,1,1,A,-,03,22350,NA,N,E,I,A,A,H,-,D,D,0,NA,NA,NA,NA,Y,NA,A,01,0,0,1,0,0,0,0,0,0,-,-,32.77967071533203,-117.11409759521484,SAN DIEGO,SAN DIEGO,-117.11271667480467,32.77894592285156
92384845,2024,2024-05-08,9650,2024-02-23,1812,022132,NA,5,2,5,3782,0,1,1,NA,2,007,INTERSTATE 15 SOUTH BOUND,LEUCADIA BOULEVARD,4260,N,N,A,-,Y,SD,NA,5,NA,R,43.44,H,NA,L,Y,1,1,0,1,A,-,08,22107,NA,N,E,I,A,A,H,-,D,D,0,NA,NA,NA,NA,Y,NA,A,07,0,0,0,0,0,0,0,0,0,-,-,33.075321197509766,-117.29562377929688,SAN DIEGO,ENCINITAS,-117.29549407958984,33.075347900390625
92384854,2024,2024-05-08,9645,2024-04-27,1410,021651,NA,6,2,7,3711,0,1,3,NA,2,023,SR-163 SB,QUINCE DRIVE,185,N,N,A,-,Y,SD,NA,163,NA,NA,1.837,H,NA,L,N,3,0,7,3,A,-,03,22350,NA,N,C,C,A,A,H,-,A,D,0,NA,NA,NA,NA,Y,NA,A,01,0,2,5,0,0,0,0,0,0,-,-,32.737300872802734,-117.15606689453124,SAN DIEGO,SAN DIEGO,-117.15606689453124,32.737300872802734
92385778,2024,2024-05-09,9645,2024-04-27,1420,022765,NA,6,2,7,3711,0,1,1,NA,2,009,I-805 N/B,DIVISION STREET U/C,513,N,N,A,-,Y,SD,NA,805,NA,NA,11.263,H,NA,R,N,3,0,1,2,A,-,07,21658,A,N,B,C,A,A,H,-,A,D,0,NA,NA,NA,NA,Y,NA,A,01,0,1,0,0,0,0,0,0,0,-,-,32.68867111206055,-117.09369659423828,SAN DIEGO,SAN DIEGO,-117.09364318847656,32.688697814941406
9238677,2021,2021-04-20,3711,2021-03-11,1502,SSD7974,NA,4,5,7,3711,0,0,0,NA,0,934,VISTA SORRENTO PKWY,VISTA SORRENTO PKWY 10800,0,NA,-,A,-,N,NA,NA,NA,NA,NA,NA,NA,NA,NA,Y,3,0,2,1,A,-,08,22107,NA,N,E,I,A,A,H,-,A,D,0,NA,NA,NA,NA,Y,Y,A,01,0,2,0,0,0,0,0,0,0,-,-,NA,NA,SAN DIEGO,SAN DIEGO,NA,NA
92387930,2024,2024-05-13,9650,2024-04-26,2014,022892,NA,5,2,9,3700,0,3,5,NA,2,210,MESA ROCK ROAD,DEER SPRINGS RD,172,E,N,B,-,N,NA,NA,NA,NA,NA,NA,NA,NA,NA,Y,3,0,1,1,A,-,01,23152,A,N,E,8,A,A,H,-,C,A,0,NA,NA,NA,NA,Y,Y,A,01,0,1,0,0,0,0,0,0,0,-,-,33.196048736572266,-117.1268310546875,SAN DIEGO,UNINCORPORATED,-117.12708282470705,33.19601058959961
92387969,2024,2024-07-23,9650,2024-04-12,1804,022851,NA,5,2,9,3700,0,1,1,NA,2,003,I-5 S/B,WIRE MOUNTAIN RD O/C,578,N,N,B,-,Y,SD,NA,5,NA,R,54.936,H,NA,L,N,4,0,3,4,A,-,03,22350,NA,F,C,C,A,A,H,-,A,D,0,NA,NA,NA,NA,Y,NA,-,99,0,0,3,0,0,0,0,0,0,-,-,33.21786880493164,-117.39089965820313,SAN DIEGO,UNINCORPORATED,-117.39095306396484,33.217857360839844
92388338,2024,2024-05-13,9645,2024-05-03,1330,022183,NA,5,1,7,3711,0,1,1,NA,2,011,I-805 NB TO I-8 WB,I-8 EB,55,N,N,A,-,Y,SD,NA,8,NA,NA,4.34,H,NA,R,N,3,0,1,2,A,-,03,22350,NA,N,C,C,A,A,H,-,A,D,0,NA,NA,Y,NA,Y,NA,C,02,0,1,0,0,0,0,0,0,1,-,-,32.771690368652344,-117.13239288330078,SAN DIEGO,SAN DIEGO,-117.13236236572266,32.771610260009766
92389328,2024,2024-05-14,9650,2024-01-07,2500,022851,NA,7,4,9,3700,0,3,5,NA,2,231,PALA TEMECULA ROAD,MPM 4.0,417,N,N,C,-,N,NA,NA,NA,NA,NA,NA,NA,NA,NA,Y,1,1,0,1,A,-,08,22107,NA,N,H,I,A,B,H,-,D,D,0,NA,NA,NA,NA,Y,NA,A,01,0,0,0,0,0,0,0,0,0,-,-,33.41136169433594,-117.08368682861328,SAN DIEGO,UNINCORPORATED,NA,NA
92389850,2024,2024-05-14,9645,2024-05-05,754,020515,NA,7,1,7,3711,0,1,1,NA,2,010,I-8 E/B,FAIRMOUNT AVE,792,E,N,C,-,Y,SD,NA,8,NA,NA,6.456,H,NA,R,N,3,0,1,1,A,-,08,22107,NA,M,E,8,A,B,H,-,A,D,0,NA,NA,NA,NA,Y,NA,D,22,0,1,0,0,0,0,0,0,0,-,-,32.77927017211914,-117.09831237792967,SAN DIEGO,SAN DIEGO,-117.0983657836914,32.779483795166016
92390659,2024,2024-05-15,9645,2024-05-07,1547,020265,NA,2,2,7,3711,0,1,1,NA,2,021,SR-15 N/B,NATIONAL AVE. U/C,100,N,N,A,-,Y,SD,NA,15,NA,R,0.247,H,NA,R,N,3,0,1,2,A,-,03,22350,NA,N,C,C,A,A,H,-,A,D,0,NA,NA,NA,NA,Y,NA,A,07,0,1,0,0,0,0,0,0,0,-,-,32.69633865356445,-117.12053680419922,SAN DIEGO,SAN DIEGO,-117.12051391601563,32.69634246826172
92392959,2024,2024-05-17,9680,2024-05-11,1305,020780,NA,6,1,9,3700,0,2,4,NA,1,012,SR-67,MAPLEVIEW STREET,0,NA,Y,A,-,Y,SD,NA,67,NA,R,5.469,H,NA,R,N,4,0,1,2,A,-,17,21461,A,N,B,C,A,A,H,-,A,A,0,NA,NA,NA,NA,Y,NA,E,22,0,0,1,0,0,0,0,0,0,-,-,32.86286926269531,-116.92310333251952,SAN DIEGO,UNINCORPORATED,-116.9228744506836,32.86279296875
92395152,2024,2024-05-21,9680,2024-05-11,2110,023332,NA,6,2,9,3700,0,3,5,NA,2,002,DEHESA RD,DEHESA RANCH RD,1584,E,N,A,-,N,NA,NA,NA,NA,NA,NA,NA,NA,NA,Y,2,0,1,2,A,-,05,21460,A,F,B,2,A,A,H,-,D,A,0,NA,NA,Y,NA,Y,NA,A,01,1,0,0,0,0,0,0,0,1,-,-,32.80630874633789,-116.80754089355467,SAN DIEGO,UNINCORPORATED,-116.80864715576172,32.80658721923828
92396149,2024,2024-05-22,9645,2024-05-14,745,020515,NA,2,1,6,3702,0,1,1,NA,2,001,I-5 N/B,E ST,115,N,N,A,-,Y,SD,NA,5,NA,NA,8.593,H,NA,R,Y,3,0,1,2,A,-,03,22350,NA,N,C,2,A,A,H,-,A,D,0,NA,NA,Y,NA,Y,NA,C,02,0,1,0,0,0,0,0,0,1,-,-,32.63996124267578,-117.10009765625,SAN DIEGO,CHULA VISTA,-117.10005950927734,32.63996887207031
9239741,2021,2021-04-16,3702,2021-03-01,1248,CV1018,NA,1,5,6,3702,0,0,0,NA,0,031,EAST H ST,SOUTHWESTERN DR,0,NA,Y,A,-,N,NA,NA,NA,NA,NA,NA,NA,NA,NA,Y,2,0,2,2,A,-,12,21453,A,N,D,C,A,A,H,-,A,A,0,NA,NA,NA,NA,Y,NA,A,07,1,0,1,0,0,0,0,0,0,-,-,NA,NA,SAN DIEGO,CHULA VISTA,-117.001535,32.643845
92399031,2024,2024-05-27,9680,2024-05-16,805,018801,NA,4,1,9,3700,0,1,3,NA,2,028,SR-125 N/B,JAMACHA ROAD U/C,950,N,N,A,-,Y,SD,NA,125,NA,NA,10.825,H,NA,R,N,4,0,1,2,A,-,03,22350,NA,N,C,C,A,A,H,-,A,D,0,NA,NA,NA,NA,Y,NA,A,01,0,0,1,0,0,0,0,0,0,-,-,32.71744918823242,-117.01447296142578,SAN DIEGO,UNINCORPORATED,-117.01443481445313,32.71744918823242
92399154,2024,2024-05-27,9645,2024-02-23,315,019410,NA,5,3,7,3711,0,1,1,NA,2,007,INTERSTATE 5 NB,DEL MAR HEIGHTS ROAD,800,N,N,A,-,Y,SD,NA,5,NA,R,34.229,H,NA,L,Y,4,0,1,2,A,-,03,22350,NA,M,C,C,A,A,H,-,C,D,0,NA,NA,NA,NA,Y,NA,A,01,0,0,1,0,0,0,0,0,0,-,-,32.951351165771484,-117.24423217773438,SAN DIEGO,SAN DIEGO,-117.2441177368164,32.95136642456055
92400014,2024,2024-05-28,9680,2024-05-16,1515,018801,NA,4,2,9,3700,0,1,3,NA,2,028,SR-125 N/B,SR-94,825,E,N,A,-,Y,SD,NA,94,NA,R,9.598,H,NA,R,N,4,0,3,3,A,-,03,22350,NA,N,C,C,A,A,H,-,A,D,0,NA,NA,NA,NA,Y,NA,A,01,0,0,3,0,0,0,0,0,0,-,-,32.74687957763672,-117.02082824707033,SAN DIEGO,UNINCORPORATED,-117.02081298828124,32.74677276611328
92402033,2024,2024-05-30,9645,2024-05-28,1424,021651,NA,2,2,7,3711,0,1,1,NA,2,007,I-5 N/B,VIA DE LA VALLE U/C,1500,S,N,A,-,Y,SD,NA,5,NA,R,35.92,H,NA,R,N,4,0,1,1,A,-,08,22107,NA,N,E,I,A,A,H,-,A,D,0,NA,NA,NA,NA,Y,NA,A,07,0,0,1,0,0,0,0,0,0,-,-,32.97502899169922,-117.25122833251952,SAN DIEGO,SAN DIEGO,-117.25112152099608,32.975059509277344
92402634,2024,2024-05-30,9680,2024-05-22,1642,015877,NA,3,2,5,3705,0,1,1,NA,2,082,I-8 W/B,MOLLISON AVE.,55,E,N,A,-,Y,SD,NA,8,NA,NA,16.491,H,NA,L,Y,3,0,2,2,A,-,03,22350,NA,N,C,C,A,A,H,-,A,D,0,NA,NA,NA,NA,Y,NA,A,08,0,2,0,0,0,0,0,0,0,-,-,32.80323028564453,-116.9507064819336,SAN DIEGO,EL CAJON,-116.9507064819336,32.80316925048828
92404579,2024,2024-06-03,9645,2024-05-19,1550,023641,NA,7,2,6,3702,0,1,1,NA,2,009,I-805 S/B,TELEGRAPH CANYON ROAD,600,N,N,A,-,Y,SD,NA,805,NA,NA,6.289,H,NA,L,Y,4,0,1,2,A,-,08,22107,NA,N,E,8,A,A,H,-,A,D,0,NA,NA,NA,NA,Y,NA,A,01,0,0,1,0,0,0,0,0,0,-,-,32.63167190551758,-117.04535675048828,SAN DIEGO,CHULA VISTA,-117.04525756835938,32.6317138671875
9240473,2021,2021-04-20,3703,2021-02-20,1645,1365,1,6,5,3,3703,0,0,0,NA,0,001,4TH ST,ORANGE AV,0,NA,Y,A,-,Y,SD,11,75,-,-,19.586,I,5,S,N,4,0,1,2,A,-,08,22107,NA,N,B,C,A,A,H,-,A,A,0,NA,NA,NA,NA,Y,NA,-,-,0,0,1,0,0,0,0,0,0,-,-,NA,NA,SAN DIEGO,CORONADO,-117.17494964599608,32.694515228271484
92405138,2024,2024-06-04,9650,2024-05-10,2117,022884,NA,5,2,5,3713,0,3,5,NA,2,170,S. SANTA FE AVE,PALMYRA DR,0,NA,Y,B,-,N,NA,NA,NA,NA,NA,NA,NA,NA,NA,Y,4,0,2,2,A,-,01,23152,A,F,D,C,A,A,H,-,C,A,0,NA,NA,NA,Y,Y,Y,F,26,0,0,2,0,0,0,0,0,0,-,-,33.17082977294922,-117.20700073242188,SAN DIEGO,VISTA,-117.20701599121094,33.170841217041016
92406066,2024,2024-06-04,9680,2024-05-28,1950,021501,NA,2,2,9,3700,0,3,5,NA,2,007,RANGO WAY,BORREGO VALLEY RD,600,E,N,A,-,N,NA,NA,NA,NA,NA,NA,NA,NA,NA,Y,3,0,3,2,A,-,05,21460,A,N,A,C,A,A,H,-,B,D,0,NA,NA,NA,NA,Y,NA,D,22,0,2,1,0,0,0,0,0,0,-,-,33.22090148925781,-116.34535217285156,SAN DIEGO,UNINCORPORATED,-116.3466339111328,33.22151184082031
92406548,2024,2024-06-05,9680,2024-05-26,1438,021441,NA,7,2,9,3700,0,3,5,NA,2,002,ELKELTON PL,SR-125 S/B TO ELKELTON PL,15,N,N,A,-,N,NA,NA,NA,NA,NA,NA,NA,NA,NA,Y,3,0,2,2,A,-,09,21453,B,N,D,C,A,A,H,-,A,A,0,NA,NA,Y,NA,Y,NA,C,02,0,1,1,0,0,0,0,0,1,-,-,32.702171325683594,-117.01197814941406,SAN DIEGO,UNINCORPORATED,-117.01192474365234,32.702049255371094
92409201,2024,2024-06-07,9680,2024-05-27,1230,020541,NA,1,1,9,3700,0,1,1,NA,2,082,I-8 E/B,LOS COCHES RD,1584,W,N,A,-,Y,SD,NA,8,NA,R,19.703,H,NA,R,Y,4,0,1,3,A,-,03,22350,NA,N,C,C,A,A,H,-,A,D,0,NA,NA,NA,NA,Y,NA,D,22,0,0,1,0,0,0,0,0,0,-,-,32.823089599609375,-116.9076919555664,SAN DIEGO,UNINCORPORATED,-116.90770721435548,32.82310485839844
92410174,2024,2024-06-10,9645,2024-05-29,1145,016156,NA,3,1,7,3711,0,1,1,NA,2,010,I-8 W/B,PRESIDIO PARK O/C,3221,E,N,B,-,Y,SD,NA,8,NA,NA,1.56,H,NA,L,Y,2,0,7,4,A,-,08,22107,NA,N,C,E,E,A,H,-,A,D,0,Y,NA,NA,NA,Y,NA,A,01,2,5,0,0,1,0,0,0,0,-,-,32.759490966796875,-117.17797088623048,SAN DIEGO,SAN DIEGO,-117.17797088623048,32.75941467285156
92410542,2024,2024-06-10,9680,2024-05-29,1925,021764,NA,3,2,9,3700,0,2,4,NA,1,020,FUERTE DRIVE,VIVERA DRIVE,23,E,N,A,-,N,NA,NA,NA,NA,NA,NA,NA,NA,NA,N,3,0,1,2,A,-,03,22350,NA,N,C,C,A,A,H,-,A,D,0,NA,NA,NA,NA,Y,NA,A,01,0,1,0,0,0,0,0,0,0,-,-,32.77077865600586,-116.97559356689452,SAN DIEGO,UNINCORPORATED,-116.97576141357422,32.77082443237305
92411236,2024,2024-06-11,9650,2024-05-29,630,018496,NA,3,1,6,3710,0,1,3,NA,2,015,SR-78 W/B,EL CAMINO REAL,2053,E,N,B,-,Y,SD,NA,78,NA,NA,1.901,H,NA,L,Y,3,0,1,2,A,-,03,22350,NA,N,C,C,A,A,H,-,A,D,0,NA,NA,Y,NA,Y,NA,-,-,0,1,0,0,0,0,0,0,1,-,-,33.18170928955078,-117.3201904296875,SAN DIEGO,OCEANSIDE,-117.32017517089844,33.18174362182617
92411538,2024,2024-06-13,9650,2024-05-30,1818,021463,NA,4,2,9,3700,0,1,3,NA,2,017,SR-78 W/B,RANCHO SANTA FE RD,150,W,N,A,-,Y,SD,NA,78,NA,NA,10.572,H,NA,L,Y,4,0,2,2,A,-,03,22350,NA,N,C,C,A,A,H,-,A,D,0,NA,NA,NA,NA,Y,NA,A,01,0,0,2,0,0,0,0,0,0,-,-,33.150569915771484,-117.19872283935548,SAN DIEGO,UNINCORPORATED,-117.19865417480467,33.1506233215332
92411767,2024,2024-06-11,9680,2024-05-31,920,021077,NA,5,1,9,3700,0,1,1,NA,2,082,I-8 W/B,NORTH 1ST STREET,240,W,N,A,-,Y,SD,NA,8,NA,NA,16.793,H,NA,L,Y,4,0,2,2,A,-,03,22350,NA,N,C,C,A,A,H,-,A,D,0,NA,NA,NA,NA,Y,NA,A,01,0,0,2,0,0,0,0,0,0,-,-,32.80323028564453,-116.94551849365234,SAN DIEGO,UNINCORPORATED,-116.94551849365234,32.80316162109375
92412695,2024,2024-06-12,9645,2024-06-01,1030,023617,NA,6,1,7,3711,0,1,1,NA,2,003,I-5 N/B,SR-163 FREEWAY,500,S,N,A,-,Y,SD,NA,5,NA,R,16.017,H,NA,R,Y,4,0,2,4,A,-,03,22350,NA,N,C,C,A,A,H,-,A,D,0,NA,NA,NA,NA,Y,NA,-,-,0,0,2,0,0,0,0,0,0,-,-,32.724369049072266,-117.1545867919922,SAN DIEGO,SAN DIEGO,-117.15457916259766,32.72428512573242
92415184,2024,2024-06-14,9680,2024-06-04,2235,021501,NA,2,3,9,3700,0,3,5,NA,2,007,GREAT SOUTHERN OVERLAND STAGE RTE,ORIFLAMME CANYON TRAIL,20064,S,N,A,-,N,NA,NA,NA,NA,NA,NA,NA,NA,NA,Y,3,0,2,1,A,-,03,22350,NA,N,F,0,A,A,H,-,D,A,0,NA,NA,NA,NA,Y,NA,A,08,0,2,0,0,0,0,0,0,0,-,-,32.977779388427734,-116.41799926757813,SAN DIEGO,UNINCORPORATED,NA,NA
92416012,2024,2024-06-17,9650,2024-02-28,1044,018496,NA,3,1,6,3706,0,1,1,NA,2,023,I-15 N/B,HALE AVE,131,S,N,A,-,Y,SD,NA,15,NA,R,30.96,H,NA,R,Y,2,0,1,2,A,-,03,22350,NA,N,C,C,A,A,D,-,A,A,0,NA,NA,NA,Y,Y,NA,A,01,1,0,0,0,0,0,0,0,0,-,-,33.1197395324707,-117.1012725830078,SAN DIEGO,ESCONDIDO,-117.1012725830078,33.1197395324707
92419700,2024,2024-06-20,9680,2024-06-08,1735,022893,NA,6,2,9,3700,0,1,3,NA,1,052,SR-78,DURBIN RD,654,W,N,A,-,Y,SD,NA,78,NA,NA,52.948,H,NA,R,Y,2,0,3,2,A,-,05,21460,A,N,A,C,A,A,H,-,A,A,0,NA,NA,Y,NA,Y,NA,C,02,1,0,2,0,0,0,0,0,1,-,-,33.107139587402344,-116.65869140625,SAN DIEGO,UNINCORPORATED,-116.65867614746094,33.10713195800781
9241975,2021,2021-04-28,3710,2021-03-15,1326,OC1501,NA,1,5,6,3710,0,0,0,NA,0,025,OCEANSIDE BL,CORPORATE CENTRE,213,E,N,B,-,N,NA,NA,NA,NA,NA,NA,NA,NA,NA,Y,3,0,1,1,A,-,08,22107,NA,N,E,I,A,A,H,-,A,A,0,NA,NA,NA,NA,Y,Y,A,07,0,1,0,0,0,0,0,0,0,-,-,NA,NA,SAN DIEGO,OCEANSIDE,-117.30486297607422,33.203765869140625
92424820,2024,2024-06-27,9645,2024-06-12,710,023850,NA,3,1,7,3711,0,1,1,NA,2,021,SR-15 S/B,I-5 FREEWAY,528,N,N,A,-,Y,SD,NA,15,NA,R,0.464,H,NA,L,Y,3,0,2,3,A,-,03,22350,NA,N,C,C,A,A,H,-,A,D,0,NA,NA,NA,NA,Y,NA,A,08,0,1,1,0,0,0,0,0,0,-,-,32.699440002441406,-117.1210708618164,SAN DIEGO,SAN DIEGO,-117.12094116210938,32.69943618774414
92425007,2024,2024-07-23,9680,2024-06-15,412,023218,NA,6,3,9,3700,0,3,5,NA,2,002,CALAVO DR,QUEEN AVE,400,S,N,A,-,N,NA,NA,NA,NA,NA,NA,NA,NA,NA,Y,3,0,1,2,A,-,01,23152,A,N,E,8,A,A,H,-,C,D,0,NA,NA,NA,NA,Y,Y,A,07,0,1,0,0,0,0,0,0,0,-,-,32.75714111328125,-116.96875,SAN DIEGO,UNINCORPORATED,-116.96868896484376,32.757164001464844
92426137,2024,2024-06-28,9645,2024-06-12,448,018987,NA,3,3,7,3711,0,1,1,NA,2,007,I-5 NORTHBOUND,CARMEL VALLEY ROAD,2120,S,N,A,-,Y,SD,NA,5,NA,R,32.51,H,NA,R,Y,4,0,1,2,A,-,01,23152,A,N,B,C,A,A,H,-,C,D,0,NA,NA,NA,NA,Y,Y,A,01,0,0,1,0,0,0,0,0,0,-,-,32.92686080932617,-117.23947143554688,SAN DIEGO,SAN DIEGO,-117.2397232055664,32.92679977416992
92427026,2024,2024-07-01,9650,2024-06-21,1800,022884,NA,5,2,9,3700,0,1,1,NA,2,001,I-5 S/B,LAS PULGAS RD,5280,N,N,A,-,Y,SD,NA,5,NA,R,62.621,H,NA,L,Y,4,0,1,4,A,-,03,22350,NA,N,C,C,A,A,H,-,A,D,0,NA,NA,NA,NA,Y,NA,A,01,0,0,1,0,0,0,0,0,0,-,-,33.30411148071289,-117.47128295898438,SAN DIEGO,UNINCORPORATED,-117.47125244140624,33.304134368896484
92427090,2024,2024-07-01,9650,2024-06-17,200,023524,NA,1,3,9,3700,0,1,3,NA,1,028,SR-76,PALA DEL NORTE,837,W,N,A,-,Y,SD,NA,76,NA,NA,20.862,H,NA,R,N,3,0,2,1,A,-,01,23152,A,N,F,I,A,A,H,-,D,D,0,NA,NA,NA,NA,Y,Y,A,07,0,1,1,0,0,0,0,0,0,-,-,33.350379943847656,-117.11329650878906,SAN DIEGO,UNINCORPORATED,-117.11328887939452,33.35034942626953
92428294,2024,2024-07-02,9650,2024-06-25,1313,019979,NA,2,1,9,3700,0,3,5,NA,2,171,S. SANTA FE AVE.,YORK DR,150,N,N,A,-,N,NA,NA,NA,NA,NA,NA,NA,NA,NA,N,3,0,2,2,A,-,08,22107,NA,N,D,C,A,A,H,-,A,D,0,NA,NA,NA,NA,Y,NA,A,01,0,1,1,0,0,0,0,0,0,-,-,33.175331115722656,-117.21198272705078,SAN DIEGO,UNINCORPORATED,-117.2131118774414,33.1763916015625
92428420,2024,2024-07-02,9645,2024-06-16,1050,022243,NA,7,1,7,3711,0,1,1,NA,2,005,I-5 S/B,SR-52 FREEWAY,325,N,N,A,-,Y,SD,NA,5,NA,R,26.011,H,NA,L,Y,3,0,3,3,A,-,03,22350,NA,N,C,C,A,A,H,-,A,D,0,NA,NA,NA,NA,Y,NA,A,07,0,2,1,0,0,0,0,0,0,-,-,32.83842086791992,-117.2350616455078,SAN DIEGO,SAN DIEGO,-117.235107421875,32.838401794433594
92428551,2024,2024-07-02,9645,2024-06-21,650,023617,NA,5,1,5,3709,0,1,1,NA,2,001,I-5 NB,MILE OF CARS WAY,500,N,N,A,-,Y,SD,NA,5,NA,R,10.236,H,NA,R,Y,4,0,1,3,A,-,07,21658,A,N,B,C,A,A,H,-,A,D,0,NA,NA,Y,NA,Y,NA,A,01,0,0,1,0,0,0,0,0,1,-,-,32.662628173828125,-117.10899353027344,SAN DIEGO,NATIONAL CITY,-117.10888671875,32.66265869140625