CASE_ID,ACCIDENT_YEAR,PROC_DATE,JURIS,COLLISION_DATE,COLLISION_TIME,OFFICER_ID,REPORTING_DISTRICT,DAY_OF_WEEK,CHP_SHIFT,POPULATION,CNTY_CITY_LOC,SPECIAL_COND,BEAT_TYPE,CHP_BEAT_TYPE,CITY_DIVISION_LAPD,CHP_BEAT_CLASS,BEAT_NUMBER,PRIMARY_RD,SECONDARY_RD,DISTANCE,DIRECTION,INTERSECTION,WEATHER_1,WEATHER_2,STATE_HWY_IND,CALTRANS_COUNTY,CALTRANS_DISTRICT,STATE_ROUTE,ROUTE_SUFFIX,POSTMILE_PREFIX,POSTMILE,LOCATION_TYPE,RAMP_INTERSECTION,SIDE_OF_HWY,TOW_AWAY,COLLISION_SEVERITY,NUMBER_KILLED,NUMBER_INJURED,PARTY_COUNT,PRIMARY_COLL_FACTOR,PCF_CODE_OF_VIOL,PCF_VIOL_CATEGORY,PCF_VIOLATION,PCF_VIOL_SUBSECTION,HIT_AND_RUN,TYPE_OF_COLLISION,MVIW,PED_ACTION,ROAD_SURFACE,ROAD_COND_1,ROAD_COND_2,LIGHTING,CONTROL_DEVICE,CHP_ROAD_TYPE,PEDESTRIAN_ACCIDENT,BICYCLE_ACCIDENT,MOTORCYCLE_ACCIDENT,TRUCK_ACCIDENT,NOT_PRIVATE_PROPERTY,ALCOHOL_INVOLVED,STWD_VEHTYPE_AT_FAULT,CHP_VEHTYPE_AT_FAULT,COUNT_SEVERE_INJ,COUNT_VISIBLE_INJ,COUNT_COMPLAINT_PAIN,COUNT_PED_KILLED,COUNT_PED_INJURED,COUNT_BICYCLIST_KILLED,COUNT_BICYCLIST_INJURED,COUNT_MC_KILLED,COUNT_MC_INJURED,PRIMARY_RAMP,SECONDARY_RAMP,LATITUDE,LONGITUDE,COUNTY,CITY,POINT_X,POINT_Y
9300909,2021,2021-08-31,3705,2021-07-04,2022,EC0413,NA,7,5,5,3705,0,0,0,NA,0,002,PEACH,1ST,0,NA,Y,A,-,N,NA,NA,NA,NA,NA,NA,NA,NA,NA,Y,3,0,2,2,A,-,01,23153,A,N,B,C,A,-,H,-,C,D,0,NA,NA,NA,NA,Y,Y,A,01,0,1,1,0,0,0,0,0,0,-,-,NA,NA,SAN DIEGO,EL CAJON,-116.9446029663086,32.80637741088867
9301294,2021,2021-08-19,3711,2021-08-01,2131,SD1469,NA,7,5,7,3711,0,0,0,NA,0,242,WESTVIEW PKWY,BLACK MOUNTAIN RD,0,NA,Y,A,-,N,NA,NA,NA,NA,NA,NA,NA,NA,NA,Y,3,0,2,1,A,-,03,22350,NA,N,F,I,A,A,H,-,C,A,0,NA,NA,NA,NA,Y,Y,A,01,0,1,1,0,0,0,0,0,0,-,-,NA,NA,SAN DIEGO,SAN DIEGO,-117.12590026855467,32.93324279785156
9303896,2021,2021-09-17,3711,2021-08-23,1801,SD1280,NA,1,5,7,3711,0,0,0,NA,0,614,BACON ST,VOLTAIRE ST,0,NA,Y,A,-,N,NA,NA,NA,NA,NA,NA,NA,NA,NA,N,4,0,1,2,A,-,21,22106,NA,N,G,B,D,A,H,-,A,D,0,Y,NA,NA,NA,Y,NA,A,01,0,0,1,0,1,0,0,0,0,-,-,NA,NA,SAN DIEGO,SAN DIEGO,-117.24659729003906,32.752017974853516
9303911,2021,2021-09-30,3711,2021-08-26,2323,SD7871,NA,4,5,7,3711,0,0,0,NA,0,813,ADAMS AV,34TH ST,0,NA,Y,A,-,N,NA,NA,NA,NA,NA,NA,NA,NA,NA,Y,3,0,1,2,A,-,01,23152,B,N,A,I,A,A,H,-,C,D,0,NA,NA,NA,NA,Y,Y,-,NA,0,1,0,0,0,0,0,0,0,-,-,NA,NA,SAN DIEGO,SAN DIEGO,-117.12065887451172,32.76336669921875
9303918,2021,2021-10-04,3711,2021-08-26,1535,SD8861,NA,4,5,7,3711,0,0,0,NA,0,531,ZOO PL,ZOO PL 2200,0,NA,-,A,-,N,NA,NA,NA,NA,NA,NA,NA,NA,NA,N,4,0,1,1,A,-,08,22107,NA,N,E,I,A,A,H,-,A,D,0,NA,NA,NA,NA,Y,NA,A,01,0,0,1,0,0,0,0,0,0,-,-,NA,NA,SAN DIEGO,SAN DIEGO,NA,NA
9309456,2021,2021-08-31,3711,2021-05-30,1453,SD7461,NA,7,5,7,3711,0,0,0,NA,0,522,W G ST,KETTNER BL,206,W,N,A,-,N,NA,NA,NA,NA,NA,NA,NA,NA,NA,N,2,0,1,2,A,-,03,22350,NA,F,G,B,D,A,H,-,A,D,0,Y,NA,NA,NA,Y,NA,A,01,1,0,0,0,1,0,0,0,0,-,-,NA,NA,SAN DIEGO,SAN DIEGO,-117.1698760986328,32.712528228759766
9309875,2021,2021-08-19,3702,2021-05-23,1630,CV1238,NA,7,5,6,3702,0,0,0,NA,0,012,H ST,WOODLAWN AV,75,W,N,A,-,N,NA,NA,NA,NA,NA,NA,NA,NA,NA,Y,3,0,1,2,A,-,07,21658,A,N,C,C,A,A,H,-,A,D,0,NA,NA,Y,NA,Y,NA,A,07,0,1,0,0,0,0,0,0,1,-,-,NA,NA,SAN DIEGO,CHULA VISTA,-117.09413909912108,32.62965774536133
9310258,2021,2021-09-10,3702,2021-07-08,1325,CV1359,NA,4,5,6,3702,0,0,0,NA,0,042,GREEN RIVER DR,ALISAL LN,352,E,N,A,-,N,NA,NA,NA,NA,NA,NA,NA,NA,NA,Y,3,0,2,2,A,-,00,23103,A,N,C,E,A,A,H,-,A,D,0,NA,NA,NA,NA,Y,NA,A,01,0,1,1,0,0,0,0,0,0,-,-,NA,NA,SAN DIEGO,CHULA VISTA,-116.95894622802734,32.635711669921875
9310428,2021,2021-10-02,3711,2021-08-02,1242,SD7964,NA,1,5,7,3711,0,0,0,NA,0,723,PALM AV,RT 805,0,NA,Y,A,-,N,NA,NA,NA,NA,NA,NA,NA,NA,NA,N,4,0,1,2,A,-,07,21658,A,N,C,C,A,A,G,-,A,A,0,NA,NA,NA,NA,Y,NA,A,01,0,0,1,0,0,0,0,0,0,-,-,NA,NA,SAN DIEGO,SAN DIEGO,-117.09465026855467,32.690277099609375
9310582,2021,2021-09-09,3702,2021-07-21,1213,CV1242,NA,3,5,6,3702,0,0,0,NA,0,014,4TH AV,C ST,0,NA,-,A,-,N,NA,NA,NA,NA,NA,NA,NA,NA,NA,N,4,0,1,2,A,-,03,22350,NA,N,C,C,A,A,H,-,A,A,0,NA,NA,NA,NA,Y,NA,A,01,0,0,1,0,0,0,0,0,0,-,-,NA,NA,SAN DIEGO,CHULA VISTA,-117.08798980712892,32.65053176879883
9310586,2021,2021-09-09,3702,2021-07-26,1120,CV1242,NA,1,5,6,3702,0,0,0,NA,0,014,EAST L ST,NOLAN WY,0,NA,Y,A,-,N,NA,NA,NA,NA,NA,NA,NA,NA,NA,N,4,0,2,2,A,-,08,22100,A,N,C,C,A,A,H,-,A,D,0,NA,NA,NA,NA,Y,NA,A,01,0,0,2,0,0,0,0,0,0,-,-,NA,NA,SAN DIEGO,CHULA VISTA,-117.04718017578124,32.62791442871094
9312173,2021,2021-09-03,3711,2021-08-06,2244,SD1512,NA,5,5,7,3711,0,0,0,NA,0,514,ISLAND AV,19TH ST,0,NA,Y,A,-,N,NA,NA,NA,NA,NA,NA,NA,NA,NA,Y,3,0,1,2,A,-,09,21802,A,N,D,C,A,A,H,-,C,D,0,NA,NA,Y,NA,Y,NA,C,02,0,1,0,0,0,0,0,0,1,-,-,NA,NA,SAN DIEGO,SAN DIEGO,-117.1467056274414,32.7104377746582
9313911,2021,2021-09-07,3702,2021-07-20,1905,CV1252,NA,2,5,6,3702,0,0,0,NA,0,031,TELEGRAPH CANYON RD,PASEO DEL REY,0,NA,Y,A,-,N,NA,NA,NA,NA,NA,NA,NA,NA,NA,Y,4,0,1,2,A,-,09,21453,B,N,D,C,A,A,H,-,A,A,0,NA,NA,NA,NA,Y,NA,A,01,0,0,1,0,0,0,0,0,0,-,-,NA,NA,SAN DIEGO,CHULA VISTA,-117.03428649902344,32.62751007080078
9314405,2021,2021-10-12,3711,2021-08-02,0957,SD5700,NA,1,5,7,3711,0,0,0,NA,0,524,7TH AV,7TH AV 1000,0,NA,N,A,-,N,NA,NA,NA,NA,NA,NA,NA,NA,NA,N,4,0,1,2,C,-,18,NA,NA,M,D,B,F,A,H,-,A,D,0,Y,NA,NA,NA,Y,NA,-,-,0,0,1,0,1,0,0,0,0,-,-,NA,NA,SAN DIEGO,SAN DIEGO,-117.31237030029295,34.47071838378906
9315520,2021,2021-08-31,3709,2021-06-25,1015,NC0450,NA,5,5,5,3709,0,0,0,NA,0,023,HIGHLAND AV,EAST 30TH ST,0,NA,Y,A,-,N,NA,NA,NA,NA,NA,NA,NA,NA,NA,Y,2,0,3,3,A,-,12,21453,A,N,A,C,A,A,H,-,A,A,0,NA,NA,NA,NA,Y,NA,A,07,1,1,1,0,0,0,0,0,0,-,-,NA,NA,SAN DIEGO,NATIONAL CITY,-117.0913314819336,32.65916442871094
9315865,2021,2021-09-04,3705,2021-03-28,1015,EC0371,NA,7,5,5,3705,0,0,0,NA,0,004,S LINCOLN AV,E RENETTE AV,267,S,N,A,-,N,NA,NA,NA,NA,NA,NA,NA,NA,NA,Y,4,0,1,2,A,-,08,22107,NA,N,A,E,A,A,H,-,A,D,0,NA,NA,NA,NA,Y,NA,A,01,0,0,1,0,0,0,0,0,0,-,-,NA,NA,SAN DIEGO,EL CAJON,-116.9536590576172,32.78363037109375
9315953,2021,2021-09-15,3711,2021-08-24,1639,SD7699,NA,2,5,7,3711,0,0,0,NA,0,723,IRIS AV,30TH ST,0,NA,Y,A,-,N,NA,NA,NA,NA,NA,NA,NA,NA,NA,N,3,0,1,2,A,-,09,21802,A,N,D,C,A,A,H,-,A,D,0,NA,NA,Y,NA,Y,NA,I,11,0,1,0,0,0,0,0,0,1,-,-,NA,NA,SAN DIEGO,SAN DIEGO,-117.06510162353516,32.56908416748047
9316366,2021,2021-09-18,3711,2021-08-24,1659,SD7536,NA,2,5,7,3711,0,0,0,NA,0,124,CAMINITO EL CANARIO,CAMINITO EL CANARIO 1964,0,NA,N,A,-,N,NA,NA,NA,NA,NA,NA,NA,NA,NA,N,3,0,1,1,A,-,08,22107,NA,N,E,I,A,A,H,-,A,D,0,NA,NA,NA,NA,Y,Y,A,01,0,1,0,0,0,0,0,0,0,-,-,NA,NA,SAN DIEGO,SAN DIEGO,-117.25325,32.83649
9316690,2021,2021-09-11,3705,2021-07-31,1912,EC0219,NA,6,5,5,3705,0,0,0,NA,0,003,GRAPE ST,MARLINE AV,0,NA,Y,A,-,N,NA,NA,NA,NA,NA,NA,NA,NA,NA,N,4,0,2,2,A,-,09,21802,A,N,D,D,A,A,H,-,B,A,0,NA,NA,NA,NA,Y,NA,A,01,0,0,2,0,0,0,0,0,0,-,-,NA,NA,SAN DIEGO,EL CAJON,-116.93138885498048,32.8051872253418
9317340,2021,2021-09-17,3711,2021-08-20,1912,SD7879,NA,5,5,7,3711,0,0,0,NA,0,522,E HARBOR DR,E HARBOR DR 100,0,NA,N,A,-,N,NA,NA,NA,NA,NA,NA,NA,NA,NA,N,4,0,2,2,A,-,04,21703,NA,N,C,C,A,A,H,-,A,A,0,NA,NA,Y,NA,Y,NA,A,01,0,0,2,0,0,0,0,0,2,-,-,NA,NA,SAN DIEGO,SAN DIEGO,-117.1194305419922,32.681365966796875
9318179,2021,2021-10-02,3700,2021-08-23,1303,SH0113,NA,1,5,5,3713,0,0,0,NA,0,312,POMELO DR,LA TORTUGA DR,180,N,N,A,-,N,NA,NA,NA,NA,NA,NA,NA,NA,NA,N,3,0,1,2,A,-,08,22103,NA,N,D,C,A,A,H,-,A,D,0,NA,NA,NA,NA,Y,NA,A,01,0,1,0,0,0,0,0,0,0,-,-,NA,NA,SAN DIEGO,VISTA,-117.26473999023438,33.19095230102539
9318703,2021,2021-09-28,3702,2021-08-11,0957,CV1356,NA,3,5,6,3702,0,0,0,NA,0,023,TELEGRAPH CANYON RD,OLEANDER AV,0,NA,Y,A,-,N,NA,NA,NA,NA,NA,NA,NA,NA,NA,Y,4,0,2,2,A,-,12,21453,A,N,D,C,A,A,H,-,A,A,0,NA,NA,NA,NA,Y,NA,A,07,0,0,2,0,0,0,0,0,0,-,-,NA,NA,SAN DIEGO,CHULA VISTA,-117.03671264648438,32.627872467041016
9318819,2021,2021-10-07,3702,2021-08-23,2210,CV1297,NA,1,5,6,3702,0,0,0,NA,0,042,OTAY LAKES RD,EASTLAKE PKWY,780,W,N,A,-,N,NA,NA,NA,NA,NA,NA,NA,NA,NA,Y,4,0,1,2,A,-,03,22350,NA,N,D,C,A,A,H,-,C,A,0,NA,NA,NA,NA,Y,NA,A,01,0,0,1,0,0,0,0,0,0,-,-,NA,NA,SAN DIEGO,CHULA VISTA,-116.96785736083984,32.647369384765625
9318848,2021,2021-09-03,3700,2021-07-23,0112,SH3684,NA,5,5,5,3713,0,0,0,NA,0,311,VISTA VILLAGE DR,CIVIC CENTER DR,0,NA,Y,A,-,N,NA,NA,NA,NA,NA,NA,NA,NA,NA,Y,4,0,1,2,A,-,01,23152,A,N,A,C,A,A,H,-,C,A,0,NA,NA,NA,NA,Y,Y,A,01,0,0,1,0,0,0,0,0,0,-,-,NA,NA,SAN DIEGO,VISTA,-117.23712921142578,33.20532989501953
9318947,2021,2021-09-21,3711,2021-08-27,0030,SD1391,NA,5,5,7,3711,0,0,0,NA,0,934,SEAGROVE ST,SEACHASE ST,54,S,N,A,-,N,NA,NA,NA,NA,NA,NA,NA,NA,NA,Y,4,0,1,2,A,-,01,23152,A,M,C,E,A,A,B,-,C,D,0,NA,NA,NA,NA,Y,Y,A,01,0,0,1,0,0,0,0,0,0,-,-,NA,NA,SAN DIEGO,SAN DIEGO,-117.2050323486328,32.95736312866211
9319024,2021,2021-09-15,3702,2021-07-21,2048,CV1258,NA,3,5,6,3702,0,0,0,NA,0,022,SHERWOOD ST,TOBIAS DR,13,W,N,A,-,N,NA,NA,NA,NA,NA,NA,NA,NA,NA,Y,3,0,1,2,A,-,01,23152,A,M,A,E,A,A,H,-,C,D,0,NA,NA,NA,NA,Y,Y,A,01,0,1,0,0,0,0,0,0,0,-,-,NA,NA,SAN DIEGO,CHULA VISTA,-117.0540008544922,32.60390853881836
9319268,2021,2021-10-04,3711,2021-08-24,0726,SD7504,NA,2,5,7,3711,0,0,0,NA,0,934,CARMEL VALLEY RD,ZINNIA HILLS,80,W,N,A,-,N,NA,NA,NA,NA,NA,NA,NA,NA,NA,N,3,0,3,4,A,-,03,22350,NA,N,C,C,A,A,H,-,A,D,0,NA,NA,NA,NA,Y,NA,A,01,0,1,2,0,0,0,0,0,0,-,-,NA,NA,SAN DIEGO,SAN DIEGO,-117.18655395507813,32.964962005615234
9320009,2021,2023-07-18,3705,2021-06-03,2202,EC0383,NA,4,5,5,3705,0,0,0,NA,0,003,EAST MAIN ST,MCDOUGAL WY,1.2,S,N,A,-,N,NA,NA,NA,NA,NA,NA,NA,NA,NA,Y,1,1,0,2,A,-,11,21954,A,N,G,B,D,A,H,-,C,D,0,Y,NA,NA,NA,Y,Y,N,60,0,0,0,1,0,0,0,0,0,-,-,NA,NA,SAN DIEGO,EL CAJON,-116.91433715820313,32.820125579833984
9320395,2021,2023-06-21,3711,2021-11-12,2325,SD5813,NA,5,5,7,3711,0,0,0,NA,0,521,G ST,14TH ST,108,W,N,B,-,N,NA,NA,NA,NA,NA,NA,NA,NA,NA,N,1,1,0,2,A,-,11,21954,A,F,G,B,D,A,H,-,C,D,0,Y,NA,NA,NA,Y,Y,N,60,0,0,0,1,0,0,0,0,0,-,-,NA,NA,SAN DIEGO,SAN DIEGO,-117.15226745605467,32.712608337402344
9320567,2022,2022-03-24,3711,2022-01-22,2301,SD6000,NA,6,5,7,3711,0,0,0,NA,0,823,COLLEGE AV,UNIVERSITY AV,5,S,N,A,-,N,NA,NA,NA,NA,NA,NA,NA,NA,NA,N,1,1,0,2,A,-,11,21456,C,N,G,B,B,A,H,-,C,A,0,Y,NA,NA,NA,Y,NA,N,60,0,0,0,1,0,0,0,0,0,-,-,NA,NA,SAN DIEGO,SAN DIEGO,-117.0644760131836,32.752845764160156
9320602,2021,2023-06-20,3700,2021-07-27,2238,SH0051,NA,2,5,4,3720,0,0,0,NA,0,603,BROADWAY,BROADWAY LN,0,NA,Y,A,-,Y,NA,NA,NA,NA,NA,NA,NA,NA,NA,Y,1,1,0,2,A,-,11,21954,A,N,G,B,D,A,H,-,D,D,0,Y,NA,NA,NA,Y,NA,N,60,0,0,0,1,0,0,0,0,0,-,-,NA,NA,SAN DIEGO,LEMON GROVE,-117.01798248291016,32.74675369262695
9320664,2022,2022-05-20,3711,2022-03-22,1920,SD5600,NA,2,5,7,3711,0,0,0,NA,0,725,DENNERY RD,ISLAND BREEZE LN,0,NA,Y,A,-,N,NA,NA,NA,NA,NA,NA,NA,NA,NA,Y,1,1,0,2,A,-,03,22350,NA,N,A,C,A,A,H,-,A,A,0,NA,NA,Y,NA,Y,NA,C,02,0,0,0,0,0,0,0,1,0,-,-,NA,NA,SAN DIEGO,SAN DIEGO,-117.02728271484376,32.58871078491211
9321252,2022,2022-07-20,3711,2022-06-17,1900,SD6000,NA,5,5,7,3711,0,0,0,NA,0,234,RANCHO BERNARDO RD,WEST BERNARDO DR,439,E,N,A,-,N,NA,NA,NA,NA,NA,NA,NA,NA,NA,Y,3,0,1,3,A,-,03,22350,NA,M,B,C,A,A,H,-,A,A,0,NA,NA,NA,NA,Y,Y,A,01,0,1,0,0,0,0,0,0,0,-,-,NA,NA,SAN DIEGO,SAN DIEGO,-117.0807647705078,33.023460388183594
9321726,2021,2021-11-30,3711,2021-09-03,1708,SD4310,NA,5,5,7,3711,0,0,0,NA,0,123,INGRAHAM ST,INGRAHAM ST 3200,200,N,N,A,-,N,NA,NA,NA,NA,NA,NA,NA,NA,NA,Y,4,0,1,2,A,-,03,22350,NA,N,C,C,A,A,H,-,A,D,0,NA,NA,NA,NA,Y,NA,A,01,0,0,1,0,0,0,0,0,0,-,-,NA,NA,SAN DIEGO,SAN DIEGO,NA,NA
9322306,2021,2021-09-20,3710,2021-08-06,1522,OC1464,NA,5,5,6,3710,0,0,0,NA,0,014,RT 76,BENET RD,850,W,N,A,-,Y,SD,11,76,-,R,1.61,H,-,E,Y,4,0,2,3,A,-,04,21703,NA,N,C,C,A,A,H,-,A,A,0,NA,NA,NA,NA,Y,NA,A,07,0,0,2,0,0,0,0,0,0,-,-,NA,NA,SAN DIEGO,OCEANSIDE,-117.35993957519533,33.21405029296875
9322334,2021,2021-09-15,3710,2021-08-28,1239,OC1487,NA,6,5,6,3710,0,0,0,NA,0,030,PLAZA DR,THUNDER DR,500,W,N,A,-,N,NA,NA,NA,NA,NA,NA,NA,NA,NA,N,4,0,2,2,A,-,09,21801,A,N,D,C,A,A,H,-,A,D,0,NA,NA,NA,NA,Y,NA,A,01,0,0,2,0,0,0,0,0,0,-,-,NA,NA,SAN DIEGO,OCEANSIDE,-117.2895050048828,33.18320083618164
9323605,2021,2021-10-04,3711,2021-08-23,1700,SD6552,NA,1,5,7,3711,0,0,0,NA,0,937,PASEO MONTINERO,OLD STONEFIELD CHASE,0,NA,Y,A,-,N,NA,NA,NA,NA,NA,NA,NA,NA,NA,N,4,0,1,2,A,-,09,21804,A,N,D,C,A,A,H,-,A,A,0,NA,NA,NA,NA,Y,NA,-,NA,0,0,1,0,0,0,0,0,0,-,-,NA,NA,SAN DIEGO,SAN DIEGO,-117.14022064208984,33.016788482666016
9323918,2021,2021-09-15,3711,2021-08-28,1900,SD7807,NA,6,5,7,3711,0,0,0,NA,0,113,REGENTS RD,REGENTS RD 5500,0,NA,-,A,-,N,NA,NA,NA,NA,NA,NA,NA,NA,NA,N,3,0,1,1,B,-,22,NA,NA,N,E,I,A,A,H,-,A,D,0,NA,NA,Y,NA,Y,NA,C,02,0,1,0,0,0,0,0,0,1,-,-,NA,NA,SAN DIEGO,SAN DIEGO,NA,NA
9324369,2021,2021-11-08,3711,2021-09-01,1706,SD7464,NA,3,5,7,3711,0,0,0,NA,0,723,COLEMAN AV,PICCARD AV,0,NA,Y,A,-,N,NA,NA,NA,NA,NA,NA,NA,NA,NA,N,4,0,1,2,A,-,00,21880,A,N,D,C,A,A,H,-,A,A,0,NA,NA,NA,NA,Y,NA,A,01,0,0,1,0,0,0,0,0,0,-,-,NA,NA,SAN DIEGO,SAN DIEGO,-117.05038452148438,32.582908630371094
9325097,2021,2021-10-14,3705,2021-09-04,0104,EC0409,NA,6,5,5,3705,0,0,0,NA,0,002,BROADWAY,CHERRYWOOD WAY,368,W,N,A,-,N,NA,NA,NA,NA,NA,NA,NA,NA,NA,Y,4,0,1,3,A,-,01,23152,A,N,C,E,A,A,H,-,C,D,0,NA,NA,NA,NA,Y,Y,D,22,0,0,1,0,0,0,0,0,0,-,-,NA,NA,SAN DIEGO,EL CAJON,-116.95493316650392,32.80768966674805
9326658,2021,2021-10-22,3700,2021-08-26,1135,SH7690,NA,4,5,4,3780,0,0,0,NA,0,415,COMMUNITY RD,POWAY RD,0,NA,Y,A,-,N,NA,NA,NA,NA,NA,NA,NA,NA,NA,Y,4,0,3,2,A,-,17,21461,A,N,D,C,A,A,D,E,A,A,0,NA,NA,NA,NA,Y,NA,A,01,0,0,3,0,0,0,0,0,0,-,-,NA,NA,SAN DIEGO,POWAY,-117.04080963134766,32.95637893676758
9326748,2021,2021-10-29,3711,2021-09-22,1753,SD7738,NA,3,5,7,3711,0,0,0,NA,0,115,REGENTS RD,MAHAILA AV,0,NA,Y,A,-,N,NA,NA,NA,NA,NA,NA,NA,NA,NA,N,3,0,1,2,A,-,10,21950,A,N,D,G,A,A,H,-,A,A,0,NA,Y,NA,NA,Y,NA,A,07,0,1,0,0,0,0,0,0,0,-,-,NA,NA,SAN DIEGO,SAN DIEGO,-117.21839904785156,32.86962127685547
9327077,2021,2021-10-13,3711,2021-09-17,1154,1466,NA,5,5,7,3711,0,0,0,NA,0,822,EL CAJON BL,58TH ST,0,NA,Y,A,-,N,NA,NA,NA,NA,NA,NA,NA,NA,NA,Y,4,0,1,2,A,-,09,21804,A,N,D,C,A,A,H,-,A,A,0,NA,NA,NA,NA,Y,NA,D,22,0,0,1,0,0,0,0,0,0,-,-,NA,NA,SAN DIEGO,SAN DIEGO,-117.07286834716795,32.758758544921875
9327715,2021,2021-10-19,3710,2021-09-20,0735,OC1156,NA,1,5,6,3710,0,0,0,NA,0,018,DOUGLAS DR,DOUGLAS DR 825,0,NA,Y,A,-,N,NA,NA,NA,NA,NA,NA,NA,NA,NA,N,4,0,1,2,A,-,03,22350,NA,N,C,C,A,A,H,-,A,D,0,NA,NA,NA,NA,Y,NA,A,01,0,0,1,0,0,0,0,0,0,-,-,NA,NA,SAN DIEGO,OCEANSIDE,-116.96234893798828,32.79384994506836
9327806,2021,2021-10-21,3711,2021-09-18,2030,SD1525,NA,6,5,7,3711,0,0,0,NA,0,121,SANTA CLARA PL,BAYSIDE LN,0,NA,Y,A,-,N,NA,NA,NA,NA,NA,NA,NA,NA,NA,N,3,0,1,2,A,-,05,21650,1,N,D,G,A,A,H,-,C,D,0,NA,Y,NA,NA,Y,NA,L,04,0,1,0,0,0,0,1,0,0,-,-,NA,NA,SAN DIEGO,SAN DIEGO,-117.25148010253906,32.78268051147461
93281125,2024,2024-08-02,9645,2024-07-26,735,017139,NA,5,1,7,3711,0,1,1,NA,2,001,I-5 S/B,E ST O/C,390,N,N,A,-,Y,SD,NA,5,NA,NA,8.587,H,NA,L,Y,4,0,1,2,A,-,07,21658,A,N,B,C,A,A,H,-,A,D,0,NA,NA,NA,NA,Y,NA,-,-,0,0,1,0,0,0,0,0,0,-,-,32.639808654785156,-117.100341796875,SAN DIEGO,SAN DIEGO,-117.10028076171876,32.63982391357422
9336354,2021,2021-10-18,3711,2021-09-12,1256,SD1511,NA,7,5,7,3711,0,0,0,NA,0,524,A ST,10TH AV,0,NA,Y,A,-,N,NA,NA,NA,NA,NA,NA,NA,NA,NA,N,4,0,1,2,A,-,12,21453,A,N,D,C,A,A,H,-,A,A,0,NA,NA,NA,NA,Y,NA,-,NA,0,0,1,0,0,0,0,0,0,-,-,NA,NA,SAN DIEGO,SAN DIEGO,-117.15561676025392,32.7188606262207
9336367,2021,2021-10-19,3711,2021-09-12,2019,SD1280,NA,7,5,7,3711,0,0,0,NA,0,614,BACON ST,SANTA MONICA AV,8,N,N,A,-,N,NA,NA,NA,NA,NA,NA,NA,NA,NA,Y,3,0,1,3,A,-,08,22107,NA,N,B,E,A,A,H,-,C,D,0,NA,NA,NA,NA,Y,Y,A,01,0,1,0,0,0,0,0,0,0,-,-,NA,NA,SAN DIEGO,SAN DIEGO,-117.25029754638672,32.747718811035156
9336727,2021,2021-09-30,3711,2021-08-23,1402,AS1004,NA,1,5,7,3711,0,0,0,NA,0,8244,COLLWOOD BL,MONTEZUMA RD,0,NA,Y,-,-,N,NA,NA,NA,NA,NA,NA,NA,NA,NA,N,4,0,1,2,A,-,04,21703,NA,N,C,C,A,-,-,-,-,-,0,NA,NA,NA,NA,Y,NA,A,01,0,0,1,0,0,0,0,0,0,-,-,NA,NA,SAN DIEGO,SAN DIEGO,-117.08600616455078,32.77006912231445
9337083,2021,2021-10-26,3711,2021-09-08,1419,SD1442,NA,3,5,7,3711,0,0,0,NA,0,622,VIA LAS CUMBRES,VIA LAS CUMBRES 1000,0,NA,-,A,-,N,NA,NA,NA,NA,NA,NA,NA,NA,NA,Y,3,0,1,2,A,-,08,22107,NA,N,B,C,A,A,H,-,A,D,0,NA,NA,Y,NA,Y,NA,C,02,0,1,0,0,0,0,0,0,1,-,-,NA,NA,SAN DIEGO,SAN DIEGO,-117.2030029296875,33.37846374511719
9337313,2021,2021-10-18,3711,2021-09-17,1805,SD7885,NA,5,5,7,3711,0,0,0,NA,0,611,SPORTS ARENA BL,SPORTS ARENA BL 3570,0,NA,N,A,-,N,NA,NA,NA,NA,NA,NA,NA,NA,NA,N,4,0,1,2,A,-,09,21802,B,N,G,G,A,A,H,-,A,D,0,NA,Y,NA,NA,Y,NA,L,04,0,0,1,0,0,0,1,0,0,-,-,NA,NA,SAN DIEGO,SAN DIEGO,NA,NA
9338372,2021,2021-09-29,3702,2021-08-13,1108,CV1322,NA,5,5,6,3702,0,0,0,NA,0,042,EAST PALOMAR ST,SANTA CORA AV,60,W,N,A,-,N,NA,NA,NA,NA,NA,NA,NA,NA,NA,Y,4,0,1,2,A,-,01,23152,A,N,C,C,A,A,H,-,C,A,0,NA,NA,NA,NA,Y,Y,D,22,0,0,1,0,0,0,0,0,0,-,-,NA,NA,SAN DIEGO,CHULA VISTA,-116.9855728149414,32.63188934326172
9339014,2021,2021-10-20,3700,2021-09-15,1123,SH3913,NA,3,5,5,3712,0,0,0,NA,0,360,CRAVEN RD,RUSH DR,0,NA,Y,A,-,N,NA,NA,NA,NA,NA,NA,NA,NA,NA,Y,4,0,1,2,A,-,12,21453,A,N,D,C,A,A,H,-,A,A,0,NA,NA,NA,NA,Y,NA,A,01,0,0,1,0,0,0,0,0,0,-,-,NA,NA,SAN DIEGO,SAN MARCOS,-117.16786956787108,33.127315521240234
9339632,2021,2021-10-25,3711,2021-10-05,1341,SD7963,NA,2,5,7,3711,0,0,0,NA,0,113,CLAIREMONT MESA BL,MORAGA AV,0,NA,Y,A,-,N,NA,NA,NA,NA,NA,NA,NA,NA,NA,N,3,0,2,2,A,-,09,21802,B,N,A,C,A,A,H,-,A,A,0,NA,NA,NA,NA,Y,NA,-,NA,0,1,1,0,0,0,0,0,0,-,-,NA,NA,SAN DIEGO,SAN DIEGO,-117.21324157714844,32.828651428222656
9344346,2021,2021-10-28,3711,2021-09-21,2022,SD7953,NA,2,5,7,3711,0,0,0,NA,0,115,NOBEL DR,TOWNE CENTRE DR,0,NA,Y,A,-,N,NA,NA,NA,NA,NA,NA,NA,NA,NA,N,4,0,5,2,B,-,22,NA,NA,N,D,C,A,A,H,-,C,A,0,NA,NA,NA,NA,Y,NA,-,NA,0,0,5,0,0,0,0,0,0,-,-,NA,NA,SAN DIEGO,SAN DIEGO,-117.20849609375,32.86541748046875
9344780,2021,2021-10-23,3711,2021-09-24,1500,SD7770,NA,5,5,7,3711,0,0,0,NA,0,822,TROJAN AV,TROJAN AV 5450,0,NA,N,B,C,N,NA,NA,NA,NA,NA,NA,NA,NA,NA,Y,3,0,1,2,A,-,09,21801,A,N,A,C,A,B,H,-,A,-,0,NA,NA,Y,NA,Y,NA,A,01,0,1,0,0,0,0,0,0,1,-,-,NA,NA,SAN DIEGO,SAN DIEGO,NA,NA