CASE_ID,ACCIDENT_YEAR,PROC_DATE,JURIS,COLLISION_DATE,COLLISION_TIME,OFFICER_ID,REPORTING_DISTRICT,DAY_OF_WEEK,CHP_SHIFT,POPULATION,CNTY_CITY_LOC,SPECIAL_COND,BEAT_TYPE,CHP_BEAT_TYPE,CITY_DIVISION_LAPD,CHP_BEAT_CLASS,BEAT_NUMBER,PRIMARY_RD,SECONDARY_RD,DISTANCE,DIRECTION,INTERSECTION,WEATHER_1,WEATHER_2,STATE_HWY_IND,CALTRANS_COUNTY,CALTRANS_DISTRICT,STATE_ROUTE,ROUTE_SUFFIX,POSTMILE_PREFIX,POSTMILE,LOCATION_TYPE,RAMP_INTERSECTION,SIDE_OF_HWY,TOW_AWAY,COLLISION_SEVERITY,NUMBER_KILLED,NUMBER_INJURED,PARTY_COUNT,PRIMARY_COLL_FACTOR,PCF_CODE_OF_VIOL,PCF_VIOL_CATEGORY,PCF_VIOLATION,PCF_VIOL_SUBSECTION,HIT_AND_RUN,TYPE_OF_COLLISION,MVIW,PED_ACTION,ROAD_SURFACE,ROAD_COND_1,ROAD_COND_2,LIGHTING,CONTROL_DEVICE,CHP_ROAD_TYPE,PEDESTRIAN_ACCIDENT,BICYCLE_ACCIDENT,MOTORCYCLE_ACCIDENT,TRUCK_ACCIDENT,NOT_PRIVATE_PROPERTY,ALCOHOL_INVOLVED,STWD_VEHTYPE_AT_FAULT,CHP_VEHTYPE_AT_FAULT,COUNT_SEVERE_INJ,COUNT_VISIBLE_INJ,COUNT_COMPLAINT_PAIN,COUNT_PED_KILLED,COUNT_PED_INJURED,COUNT_BICYCLIST_KILLED,COUNT_BICYCLIST_INJURED,COUNT_MC_KILLED,COUNT_MC_INJURED,PRIMARY_RAMP,SECONDARY_RAMP,LATITUDE,LONGITUDE,COUNTY,CITY,POINT_X,POINT_Y
9653480,2023,2024-02-26,3711,2023-12-14,805,SD1917,NA,4,5,7,3711,0,0,0,NA,0,521,14TH ST,E ST,180,N,N,A,-,N,NA,NA,NA,NA,NA,NA,NA,NA,NA,N,4,0,1,2,A,-,08,22107,NA,N,D,C,A,A,H,-,A,D,0,NA,NA,NA,NA,Y,NA,A,01,0,0,1,0,0,0,0,0,0,CN,-,NA,NA,SAN DIEGO,SAN DIEGO,-117.15194702148438,32.71519470214844
9654531,2024,2024-03-26,3711,2024-01-21,1510,SD7057,NA,7,5,7,3711,0,0,0,NA,0,232,CARMEL MOUNTAIN RD,RANCHO CARMEL DR,0,NA,Y,B,-,N,NA,NA,NA,NA,NA,NA,NA,NA,NA,N,4,0,1,2,A,-,12,21453,A,N,D,C,A,A,H,-,A,A,0,NA,NA,NA,NA,Y,NA,A,01,0,0,1,0,0,0,0,0,0,-,-,NA,NA,SAN DIEGO,SAN DIEGO,-117.08206939697266,32.97899627685547
9654557,2023,2024-02-02,3702,2023-11-23,1342,CV1535,NA,4,5,6,3702,0,0,0,NA,0,021,BROADWAY,NAPLES ST,511,S,N,A,-,N,NA,NA,NA,NA,NA,NA,NA,NA,NA,N,4,0,1,2,A,-,08,22107,NA,N,D,C,A,A,H,-,A,D,0,NA,NA,NA,NA,Y,NA,M,94,0,0,1,0,0,0,0,0,0,-,-,NA,NA,SAN DIEGO,CHULA VISTA,-117.08090972900392,32.60890197753906
9655497,2024,2024-04-13,3711,2024-01-21,1110,SD7699,NA,7,5,7,3711,0,0,0,NA,0,438,POTOMAC T,CALLE CHANATE,499,E,N,B,C,N,NA,NA,NA,NA,NA,NA,NA,NA,NA,N,4,0,1,4,A,-,08,22107,NA,N,B,C,A,B,H,-,C,D,0,NA,NA,NA,Y,Y,NA,A,01,0,0,1,0,0,0,0,0,0,-,-,NA,NA,SAN DIEGO,SAN DIEGO,-117.05310821533205,32.683712005615234
9655741,2023,2024-02-23,3708,2023-12-20,1828,LM1321,NA,3,5,5,3708,0,0,0,NA,0,004,FLETCHER PKWY,TROLLEY CT,0,NA,Y,B,C,N,NA,NA,NA,NA,NA,NA,NA,NA,NA,N,4,0,1,2,D,-,00,NA,NA,N,D,C,A,B,G,-,C,A,0,NA,NA,NA,NA,Y,NA,-,-,0,0,1,0,0,0,0,0,0,-,-,NA,NA,SAN DIEGO,LA MESA,-117.01406860351563,32.78096008300781
9656023,2023,2024-01-11,3703,2023-11-29,625,1331,1,3,5,3,3703,0,0,0,NA,0,001,3RD ST,H AV,24,E,N,-,-,Y,SD,11,282,-,-,0.36,H,-,W,N,4,0,1,2,A,-,03,22350,NA,N,C,C,A,A,H,-,A,D,0,NA,NA,NA,NA,Y,NA,A,01,0,0,1,0,0,0,0,0,0,-,-,32.69826889038086,-117.17961883544922,SAN DIEGO,CORONADO,-117.180419921875,32.69682312011719
9656496,2023,2024-01-30,3711,2023-12-24,1257,SD1309,NA,7,5,7,3711,0,0,0,NA,0,246,SPRING CANYON RD,SCRIPPS RANCH BL,0,NA,Y,A,-,N,NA,NA,NA,NA,NA,NA,NA,NA,NA,Y,4,0,1,2,A,-,12,21453,NA,N,D,C,A,A,H,-,A,A,0,NA,NA,NA,NA,Y,NA,A,01,0,0,1,0,0,0,0,0,0,-,-,NA,NA,SAN DIEGO,SAN DIEGO,-117.09296417236328,32.92611312866211
9658162,2024,2024-05-10,3711,2024-01-28,2126,SD1718,NA,7,5,7,3711,0,0,0,NA,0,524,A ST,8TH AV,10,S,N,A,-,N,NA,NA,NA,NA,NA,NA,NA,NA,NA,N,3,0,1,2,B,-,22,NA,NA,N,G,B,B,A,H,-,C,A,0,Y,NA,NA,NA,Y,NA,A,01,0,1,0,0,1,0,0,0,0,-,-,NA,NA,SAN DIEGO,SAN DIEGO,-117.15746307373048,32.7188606262207
9658178,2024,2024-03-06,3711,2024-01-26,2017,SD1429,NA,5,5,7,3711,0,0,0,NA,0,826,ORANGE AV,52ND ST,20,E,N,A,-,N,NA,NA,NA,NA,NA,NA,NA,NA,NA,N,4,0,1,2,A,-,09,21802,A,N,D,C,A,A,H,-,C,A,0,NA,NA,NA,NA,Y,NA,A,01,0,0,1,0,0,0,0,0,0,-,-,NA,NA,SAN DIEGO,SAN DIEGO,-117.08358001708984,32.75309371948242
9658268,2024,2024-03-07,3710,2024-01-21,1307,OC1515,NA,7,5,6,3710,0,0,0,NA,0,006,HORNE ST,MISSION AV,159,S,N,A,-,N,NA,NA,NA,NA,NA,NA,NA,NA,NA,N,3,0,1,2,A,-,09,21804,A,N,D,G,A,A,H,-,A,D,0,NA,Y,NA,NA,Y,NA,A,01,0,1,0,0,0,0,1,0,0,-,-,NA,NA,SAN DIEGO,OCEANSIDE,-117.3754425048828,33.19778823852539
9658675,2024,2024-05-10,3711,2024-02-03,2038,SD7000,NA,6,5,7,3711,0,0,0,NA,0,614,SUNSET CLIFFS BL,SUNSET CLIFFS BLVD 2900,0,NA,N,A,-,N,NA,NA,NA,NA,NA,NA,NA,NA,NA,Y,4,0,1,2,A,-,04,21703,NA,M,C,C,A,A,H,-,C,D,0,NA,NA,NA,NA,Y,Y,A,01,0,0,1,0,0,0,0,0,0,-,-,NA,NA,SAN DIEGO,SAN DIEGO,NA,NA
9659023,2023,2024-02-02,3702,2023-12-12,2059,CV1490,NA,2,5,6,3702,0,0,0,NA,0,012,BROADWAY,PARK WAY,21,N,N,A,-,N,NA,NA,NA,NA,NA,NA,NA,NA,NA,Y,3,0,1,2,A,-,08,22107,NA,F,D,C,A,A,H,-,C,D,0,NA,NA,NA,NA,Y,NA,A,01,0,1,0,0,0,0,0,0,0,-,-,NA,NA,SAN DIEGO,CHULA VISTA,-117.09117126464844,32.63529586791992
9659431,2023,2024-02-12,3705,2023-12-30,1628,EC0410,NA,6,5,5,3705,0,0,0,NA,0,004,E LEXINGTON AV,S 1ST ST,89,W,N,B,-,N,NA,NA,NA,NA,NA,NA,NA,NA,NA,Y,4,0,1,2,A,-,08,22107,NA,N,C,E,A,B,H,-,B,D,0,NA,NA,NA,NA,Y,NA,A,01,0,0,1,0,0,0,0,0,0,-,-,NA,NA,SAN DIEGO,EL CAJON,-116.94490051269533,32.79278564453125
9660317,2023,2024-02-23,3700,2023-12-24,1332,SH7085,NA,7,5,5,3713,0,0,0,NA,0,312,SOUTH EMERALD DR,HACIENDA DR,13,S,N,A,-,N,NA,NA,NA,NA,NA,NA,NA,NA,NA,N,4,0,1,2,A,-,03,22350,NA,N,C,C,A,A,H,-,A,A,0,NA,NA,NA,NA,Y,NA,A,01,0,0,1,0,0,0,0,0,0,-,-,NA,NA,SAN DIEGO,VISTA,-117.27955627441406,33.18654251098633
9660540,2023,2024-02-27,3705,2023-12-17,1154,EC0371,NA,7,5,5,3705,0,0,0,NA,0,002,MAIN ST,ANZA ST,245,E,N,A,-,N,NA,NA,NA,NA,NA,NA,NA,NA,NA,Y,4,0,1,2,A,-,09,21804,A,N,D,C,A,A,H,-,A,D,0,NA,NA,NA,NA,Y,NA,A,01,0,0,1,0,0,0,0,0,0,-,-,NA,NA,SAN DIEGO,EL CAJON,-116.94739532470705,32.79494857788086
9660718,2023,2024-02-16,3700,2023-12-15,2500,SH3183,NA,5,5,5,3713,0,0,0,NA,0,317,PARK CENTER DR,BUSINESS PARK DR,0,NA,Y,A,-,N,NA,NA,NA,NA,NA,NA,NA,NA,NA,Y,3,0,3,2,A,-,09,21801,A,N,A,C,A,A,H,-,C,A,0,NA,NA,NA,NA,Y,Y,A,01,0,2,1,0,0,0,0,0,0,-,-,NA,NA,SAN DIEGO,VISTA,-117.23236083984376,33.1432991027832
9660803,2023,2024-01-29,3700,2023-12-03,1911,SH0371,NA,7,5,5,3713,0,0,0,NA,0,314,SOUTH SANTA FE AV,SANTA FE PL,0,NA,Y,A,-,N,NA,NA,NA,NA,NA,NA,NA,NA,NA,N,3,0,1,2,A,-,09,21804,A,F,C,G,A,A,H,-,C,A,0,NA,Y,NA,NA,Y,NA,-,99,0,1,0,0,0,0,1,0,0,-,-,NA,NA,SAN DIEGO,VISTA,-117.23224639892578,33.192989349365234
9662204,2023,2024-02-15,3702,2023-12-09,1325,CV1163,NA,6,5,6,3702,0,0,0,NA,0,031,TELEGRAPH CANYON RD,CREST,144,W,N,A,-,N,NA,NA,NA,NA,NA,NA,NA,NA,NA,N,4,0,1,2,A,-,03,22350,NA,N,C,C,A,A,H,-,A,D,0,NA,NA,NA,NA,Y,NA,A,01,0,0,1,0,0,0,0,0,0,-,-,NA,NA,SAN DIEGO,CHULA VISTA,-117.0371551513672,32.62805938720703
9662220,2023,2024-02-15,3702,2023-12-02,1850,CV1061,NA,6,5,6,3702,0,0,0,NA,0,024,HILLTOP DR,MAIN ST,60,N,N,A,-,N,NA,NA,NA,NA,NA,NA,NA,NA,NA,N,3,0,1,2,A,-,03,22350,NA,N,C,C,A,A,H,-,C,A,0,NA,NA,NA,NA,Y,NA,A,01,0,1,0,0,0,0,0,0,0,-,-,NA,NA,SAN DIEGO,CHULA VISTA,-117.0515365600586,32.59487533569336
9662232,2023,2024-08-23,3702,2023-12-02,1225,CV1451,NA,6,5,6,3702,0,0,0,NA,0,021,NAPLES ST,BROADWAY,125,W,N,A,-,N,NA,NA,NA,NA,NA,NA,NA,NA,NA,Y,4,0,2,2,A,-,09,21804,A,N,D,C,A,A,H,-,A,A,0,NA,NA,NA,NA,Y,NA,A,01,0,0,2,0,0,0,0,0,0,-,-,NA,NA,SAN DIEGO,CHULA VISTA,-117.0818099975586,32.6101188659668
9662240,2023,2024-02-02,3700,2023-12-22,2134,SH3197,NA,5,5,5,3712,0,0,0,NA,0,355,DESCANSO AV,ALAMITOS WY,0,NA,Y,A,-,N,NA,NA,NA,NA,NA,NA,NA,NA,NA,Y,3,0,1,2,A,-,01,23152,A,N,C,E,A,A,H,-,C,D,0,NA,NA,NA,NA,Y,Y,-,NA,0,1,0,0,0,0,0,0,0,-,-,NA,NA,SAN DIEGO,SAN MARCOS,-117.2079620361328,33.151309967041016
9662885,2023,2024-02-14,3705,2023-12-21,45,EC0451,NA,4,5,5,3705,0,0,0,NA,0,001,BRADLEY AV,MARSHALL AV,28,W,N,A,-,N,NA,NA,NA,NA,NA,NA,NA,NA,NA,Y,4,0,1,1,A,-,01,23152,A,M,A,I,A,B,H,-,C,A,0,NA,NA,NA,NA,Y,Y,D,22,0,0,1,0,0,0,0,0,0,-,-,NA,NA,SAN DIEGO,EL CAJON,-116.9757080078125,32.816829681396484
9664115,2023,2024-03-05,3700,2023-12-31,2014,SH0028,NA,7,5,5,3713,0,0,0,NA,0,305,W. CALIFORNIA AV,CALLE INDEPENDENCIA,56,E,N,A,-,N,NA,NA,NA,NA,NA,NA,NA,NA,NA,Y,3,0,1,3,A,-,01,23152,A,M,C,E,A,A,H,-,C,D,0,NA,NA,NA,NA,Y,Y,D,22,0,1,0,0,0,0,0,0,0,-,-,NA,NA,SAN DIEGO,VISTA,-117.24692535400392,33.20745849609375
9665629,2024,2024-04-15,3711,2024-02-22,950,SD6722,NA,4,5,7,3711,0,0,0,NA,0,724,BEYER BL,KAANAPALI WY,74,N,N,A,-,N,NA,NA,NA,NA,NA,NA,NA,NA,NA,Y,2,0,1,1,A,-,03,22350,NA,N,F,I,A,A,H,-,A,D,0,NA,NA,Y,NA,Y,NA,C,02,1,0,0,0,0,0,0,0,1,-,-,NA,NA,SAN DIEGO,SAN DIEGO,-117.07157135009766,32.5871696472168
9665715,2024,2024-05-21,3711,2024-03-13,1039,SD8447,NA,3,5,7,3711,0,0,0,NA,0,723,IRIS AV,IRIS AV 2841,0,NA,Y,A,-,N,NA,NA,NA,NA,NA,NA,NA,NA,NA,N,4,0,1,3,A,-,08,22107,NA,N,B,E,A,A,H,-,A,D,0,NA,NA,NA,NA,Y,Y,A,01,0,0,1,0,0,0,0,0,0,-,-,NA,NA,SAN DIEGO,SAN DIEGO,-117.09468841552734,33.15497589111328
9665717,2024,2024-06-21,3711,2024-03-13,1625,SD1927,NA,3,5,7,3711,0,0,0,NA,0,446,IMPERIAL AV,RT 805,0,NA,Y,A,-,Y,SD,11,805,-,-,12.483,R,4,N,Y,4,0,2,2,A,-,12,21453,A,N,B,C,A,A,H,-,A,A,0,NA,NA,NA,NA,Y,Y,A,01,0,0,2,0,0,0,0,0,0,-,NO,NA,NA,SAN DIEGO,SAN DIEGO,-117.09571075439452,32.70606994628906
9666281,2023,2024-04-02,3705,2023-12-06,1615,EC0380,NA,3,5,5,3705,0,0,0,NA,0,003,E WASHINGTON AV,JAMACHA RD,40,W,N,A,-,N,NA,NA,NA,NA,NA,NA,NA,NA,NA,N,4,0,1,2,A,-,03,22350,NA,F,C,C,A,A,H,-,A,D,0,NA,NA,NA,NA,Y,NA,-,99,0,0,1,0,0,0,0,0,0,-,-,NA,NA,SAN DIEGO,EL CAJON,-116.92829132080078,32.78767013549805
9667137,2024,2024-03-25,3702,2024-01-25,1525,CV1439,NA,4,5,6,3702,0,0,0,NA,0,042,OTAY LAKES RD,FENTON RD,485,W,N,A,-,N,NA,NA,NA,NA,NA,NA,NA,NA,NA,N,4,0,1,2,A,-,04,21703,NA,N,C,C,A,A,H,-,A,B,0,NA,NA,NA,NA,Y,NA,A,01,0,0,1,0,0,0,0,0,0,-,-,NA,NA,SAN DIEGO,CHULA VISTA,-116.95684051513672,32.650142669677734
9667325,2024,2024-05-02,3711,2024-02-05,1128,SD3871,NA,1,5,7,3711,0,0,0,NA,0,832,UNIVERSITY AV,MARLBOROUGH AV,150,W,N,B,-,N,NA,NA,NA,NA,NA,NA,NA,NA,NA,N,4,0,1,2,A,-,21,22106,NA,M,B,B,E,A,H,-,A,B,0,Y,NA,NA,NA,Y,NA,-,NA,0,0,1,0,1,0,0,0,0,-,-,NA,NA,SAN DIEGO,SAN DIEGO,-117.1061782836914,32.74967956542969
9669488,2024,2024-07-01,3711,2024-02-21,757,SD5300,NA,3,5,7,3711,0,0,0,NA,0,124,TORREY PINES RD,ARDATH LN,1156,E,N,B,-,N,NA,NA,NA,NA,NA,NA,NA,NA,NA,N,3,0,2,2,A,-,09,21801,A,N,D,C,A,B,H,-,A,D,0,NA,NA,NA,NA,Y,NA,A,07,0,1,1,0,0,0,0,0,0,-,-,NA,NA,SAN DIEGO,SAN DIEGO,-117.24691009521484,32.85163497924805
9669782,2024,2024-04-13,3710,2024-01-19,1056,SH7710,NA,5,5,6,3710,0,0,0,NA,0,273,LOMAS SANTA FE,CEDROS AV,0,NA,Y,A,-,N,NA,NA,NA,NA,NA,NA,NA,NA,NA,Y,4,0,1,2,A,-,12,21453,A,N,D,C,A,A,H,-,A,A,0,NA,NA,Y,NA,Y,NA,C,02,0,0,1,0,0,0,0,0,1,-,-,NA,NA,SAN DIEGO,OCEANSIDE,-117.2706298828125,32.99204635620117
9670144,2023,2024-03-30,3700,2023-11-11,2007,SH0484,NA,6,5,5,3713,0,0,0,NA,0,305,NORTH SANTA FE AV,EAST BOBIER DR,106,N,N,A,-,N,NA,NA,NA,NA,NA,NA,NA,NA,NA,Y,4,0,1,2,A,-,09,21804,A,F,D,C,A,A,H,-,C,A,0,NA,NA,NA,NA,Y,Y,A,07,0,0,1,0,0,0,0,0,0,-,-,NA,NA,SAN DIEGO,VISTA,-117.2451629638672,33.221412658691406
9671561,2024,2024-03-13,3709,2024-01-24,1834,NC0556,NA,3,5,5,3709,0,0,0,NA,0,020,NATIONAL CITY BL,EAST 16TH ST,0,NA,Y,A,-,N,NA,NA,NA,NA,NA,NA,NA,NA,NA,N,4,0,1,2,A,-,12,21457,A,N,D,C,A,A,H,-,C,C,0,NA,NA,NA,NA,Y,NA,A,01,0,0,1,0,0,0,0,0,0,-,-,NA,NA,SAN DIEGO,NATIONAL CITY,-117.1042022705078,32.66893768310547
9671923,2024,2024-05-16,3711,2024-02-06,1629,SD1944,NA,2,5,7,3711,0,0,0,NA,0,442,BOSTON AVE,38TH ST,0,NA,Y,B,C,N,NA,NA,NA,NA,NA,NA,NA,NA,NA,N,4,0,1,2,D,-,00,NA,NA,N,B,C,A,B,H,-,A,D,0,NA,NA,NA,NA,Y,NA,-,-,0,0,1,0,0,0,0,0,0,-,-,NA,NA,SAN DIEGO,SAN DIEGO,-117.11241912841795,32.69395065307617
9672004,2024,2024-04-23,3702,2024-02-13,1228,CV1505,NA,2,5,6,3702,0,0,0,NA,0,024,BROADWAY,ANITA ST,527,N,N,A,-,N,NA,NA,NA,NA,NA,NA,NA,NA,NA,Y,4,0,2,4,A,-,03,22350,NA,N,C,C,A,A,H,-,A,D,0,NA,NA,NA,NA,Y,NA,I,12,0,0,2,0,0,0,0,0,0,-,-,NA,NA,SAN DIEGO,CHULA VISTA,-117.07735443115234,32.5998420715332
9672162,2024,2024-04-17,3711,2024-02-15,2500,SD1923,NA,4,5,7,3711,0,0,0,NA,0,521,11TH AV,MARKET ST,0,NA,Y,A,-,N,NA,NA,NA,NA,NA,NA,NA,NA,NA,Y,4,0,1,2,A,-,12,22450,A,N,D,C,A,A,H,-,C,A,0,NA,NA,NA,NA,Y,NA,A,01,0,0,1,0,0,0,0,0,0,-,-,NA,NA,SAN DIEGO,SAN DIEGO,-117.1546630859375,32.711517333984375
9672358,2024,2024-05-02,3711,2024-02-08,1612,SD1799,NA,4,5,7,3711,0,0,0,NA,0,123,SEA WORLD DR,WEST MISSION BAY DR,664,E,N,B,-,N,NA,NA,NA,NA,NA,NA,NA,NA,NA,Y,2,0,1,2,A,-,08,22107,NA,N,A,I,A,A,H,-,A,D,0,NA,NA,NA,NA,Y,Y,A,07,1,0,0,0,0,0,0,0,0,-,-,NA,NA,SAN DIEGO,SAN DIEGO,-117.22830963134766,32.76197052001953
9672836,2024,2024-04-27,3711,2024-02-17,28,SD4310,NA,6,5,7,3711,0,0,0,NA,0,243,MIRAMAR RD,KEARNY VILLA RD,38,W,N,B,-,N,NA,NA,NA,NA,NA,NA,NA,NA,NA,Y,3,0,1,2,A,-,03,22350,NA,N,C,C,A,A,H,-,C,A,0,NA,NA,Y,NA,Y,NA,A,01,0,1,0,0,0,0,0,0,1,-,-,NA,NA,SAN DIEGO,SAN DIEGO,-117.12004852294922,32.89387893676758
9673028,2024,2024-05-06,3711,2024-02-26,1505,SD1834,NA,1,5,7,3711,0,0,0,NA,0,626,WEST WASHINGTON ST,PACIFIC HWY,170,E,N,B,C,N,NA,NA,NA,NA,NA,NA,NA,NA,NA,N,4,0,2,2,A,-,04,21703,NA,N,C,C,A,B,H,-,A,D,0,NA,NA,NA,NA,Y,NA,A,01,0,0,2,0,0,0,0,0,0,-,-,NA,NA,SAN DIEGO,SAN DIEGO,-117.18375396728516,32.741329193115234
9673032,2024,2024-04-30,3711,2024-02-24,2220,SD8404,NA,6,5,7,3711,0,0,0,NA,0,613,MIDWAY DR,KEMPER ST,115,W,N,B,-,N,NA,NA,NA,NA,NA,NA,NA,NA,NA,N,4,0,1,4,A,-,03,22350,NA,M,C,C,A,A,H,-,C,A,0,NA,NA,NA,NA,Y,NA,A,01,0,0,1,0,0,0,0,0,0,-,-,NA,NA,SAN DIEGO,SAN DIEGO,-117.21546173095705,32.752315521240234
9673767,2024,2024-03-12,3700,2024-01-04,1723,SH0759,NA,4,5,5,3713,0,0,0,NA,0,302,VIA SOLEDAD,CALLE BIENVENIDO,24,E,N,A,-,N,NA,NA,NA,NA,NA,NA,NA,NA,NA,N,3,0,1,2,A,-,09,21801,A,N,D,G,A,A,H,-,C,D,0,NA,Y,NA,NA,Y,NA,L,04,0,1,0,0,0,0,1,0,0,-,-,NA,NA,SAN DIEGO,VISTA,-117.23009490966795,33.22425842285156
9674044,2024,2024-06-24,3702,2024-03-03,1300,CV1242,NA,7,5,6,3702,0,0,0,NA,0,024,OLYMPIC PKWY,RT 805,112,E,N,B,-,Y,SD,11,805,-,-,4.224,R,4,N,Y,4,0,4,3,A,-,03,22350,NA,N,C,C,A,A,H,-,A,A,0,NA,NA,NA,NA,Y,NA,A,07,0,0,4,0,0,0,0,0,0,-,SF,NA,NA,SAN DIEGO,CHULA VISTA,-117.03614044189452,32.60307312011719
9674391,2024,2024-05-28,3702,2024-02-19,1930,CV1439,NA,1,5,6,3702,0,0,0,NA,0,031,EAST H ST,OTAY LAKES RD,0,NA,Y,A,-,N,NA,NA,NA,NA,NA,NA,NA,NA,NA,Y,4,0,2,2,A,-,08,22100,A,N,D,C,A,A,H,-,C,A,0,NA,NA,NA,NA,Y,NA,A,01,0,0,2,0,0,0,0,0,0,-,-,NA,NA,SAN DIEGO,CHULA VISTA,-116.99893188476563,32.644771575927734
9674398,2024,2024-05-28,3702,2024-02-19,1840,CV1348,NA,1,5,6,3702,0,0,0,NA,0,014,4TH AV,C ST,314,S,N,A,-,N,NA,NA,NA,NA,NA,NA,NA,NA,NA,N,4,0,1,2,A,-,03,22350,NA,N,G,B,D,A,H,-,B,D,0,Y,NA,NA,NA,Y,NA,A,01,0,0,1,0,1,0,0,0,0,-,-,NA,NA,SAN DIEGO,CHULA VISTA,-117.0876693725586,32.649715423583984
9674664,2024,2024-04-09,3709,2024-02-19,1631,NC0552,NA,1,5,5,3709,0,0,0,NA,0,023,SWEETWATER RD,RING RD,0,NA,Y,A,-,N,NA,NA,NA,NA,NA,NA,NA,NA,NA,Y,3,0,5,2,A,-,08,22107,NA,N,B,C,A,A,H,-,A,A,0,NA,NA,NA,NA,Y,NA,A,01,0,1,4,0,0,0,0,0,0,-,-,NA,NA,SAN DIEGO,NATIONAL CITY,-117.06346130371094,32.658687591552734
9675706,2024,2024-03-29,3711,2024-02-08,2214,SD4310,NA,4,5,7,3711,0,0,0,NA,0,511,LOGAN AV,CESAR CHAVEZ PKWY,255,E,N,B,-,Y,SD,11,75,-,R,22.029,R,4,S,N,4,0,1,1,A,-,03,22350,NA,N,F,A,A,B,H,-,C,D,0,NA,NA,Y,NA,Y,NA,C,02,0,0,1,0,0,0,0,0,1,-,-,NA,NA,SAN DIEGO,SAN DIEGO,-117.14495849609376,32.69837951660156
9676043,2023,2024-04-08,3711,2023-09-25,1605,SD7873,NA,1,5,7,3711,0,0,0,NA,0,522,MARKET ST,MARKET ST 200,0,NA,N,A,-,N,NA,NA,NA,NA,NA,NA,NA,NA,NA,N,3,0,1,2,A,-,08,22107,NA,N,D,G,-,A,H,-,A,A,0,Y,NA,NA,Y,Y,NA,F,77,0,1,0,0,1,0,0,0,0,-,-,NA,NA,SAN DIEGO,SAN DIEGO,-117.16378784179688,32.71141815185547
9677934,2024,2024-05-31,3708,2024-04-30,1727,LM8305,NA,2,5,5,3708,0,0,0,NA,0,001,MASSACHUSETTS AV,BOULEVARD DR,15,S,N,A,-,N,NA,NA,NA,NA,NA,NA,NA,NA,NA,Y,4,0,2,2,A,-,03,22350,NA,N,C,C,A,A,H,-,A,D,0,NA,NA,NA,NA,Y,NA,A,01,0,0,2,0,0,0,0,0,0,-,-,NA,NA,SAN DIEGO,LA MESA,-117.04325103759766,32.75431823730469
9678074,2024,2024-05-10,3711,2024-02-29,2010,SD1741,NA,4,5,7,3711,0,0,0,NA,0,321,FRIARS RD,RIVERDALE RD,0,NA,Y,A,-,N,NA,NA,NA,NA,NA,NA,NA,NA,NA,N,3,0,2,3,A,-,12,21453,A,M,D,C,A,A,H,-,C,A,0,NA,NA,NA,NA,Y,Y,A,01,0,1,1,0,0,0,0,0,0,-,-,NA,NA,SAN DIEGO,SAN DIEGO,-117.099609375,32.79043960571289
9678527,2024,2024-04-22,3705,2024-02-12,1558,EC0407,NA,1,5,5,3705,0,0,0,NA,0,001,GROSSMONT AV,BOULEVARD PL,125,S,N,A,-,N,NA,NA,NA,NA,NA,NA,NA,NA,NA,N,3,0,1,2,A,-,08,22107,NA,N,C,E,A,A,H,-,A,D,0,NA,NA,Y,NA,Y,NA,C,03,0,1,0,0,0,0,0,0,1,-,-,NA,NA,SAN DIEGO,EL CAJON,-116.97669219970705,32.78369903564453
9679281,2023,2024-03-19,3711,2023-08-20,2150,SD7980,NA,7,5,7,3711,0,0,0,NA,0,243,KEARNY VILLA RD,KEARNY VILLA RD 8504,0,NA,-,B,C,N,NA,NA,NA,NA,NA,NA,NA,NA,NA,Y,4,0,1,1,A,-,03,22350,NA,N,E,I,A,B,H,-,D,D,0,NA,NA,NA,NA,Y,NA,D,22,0,0,1,0,0,0,0,0,0,-,-,NA,NA,SAN DIEGO,SAN DIEGO,-117.14020538330078,32.83074951171875
9679769,2024,2024-03-25,3710,2024-02-29,1652,OC1480,NA,4,5,6,3710,0,0,0,NA,0,006,COAST HWY,CIVIC CENTER DR,0,NA,Y,B,-,N,NA,NA,NA,NA,NA,NA,NA,NA,NA,N,4,0,1,2,A,-,09,21801,A,N,D,C,A,A,H,-,A,A,0,NA,NA,Y,NA,Y,NA,A,01,0,0,1,0,0,0,0,0,1,-,-,NA,NA,SAN DIEGO,OCEANSIDE,-117.38095855712892,33.19758987426758
9680765,2024,2024-05-23,3711,2024-03-04,2320,SD1610,NA,1,5,7,3711,0,0,0,NA,0,311,MISSION VILLAGE DR,RUFFIN RD,85,W,N,A,-,N,NA,NA,NA,NA,NA,NA,NA,NA,NA,N,3,0,1,2,A,-,03,22350,NA,N,C,E,A,A,H,-,C,D,0,NA,NA,NA,NA,Y,Y,A,01,0,1,0,0,0,0,0,0,0,-,-,NA,NA,SAN DIEGO,SAN DIEGO,-117.1289520263672,32.8018684387207
9680770,2024,2024-05-23,3711,2024-03-03,1351,SD7796,NA,7,5,7,3711,0,0,0,NA,0,622,NAPA ST,LINDA VISTA RD,0,NA,Y,C,-,N,NA,NA,NA,NA,NA,NA,NA,NA,NA,N,4,0,1,2,D,-,00,NA,NA,M,C,C,A,-,D,-,A,A,0,NA,NA,NA,NA,Y,NA,-,-,0,0,1,0,0,0,0,0,0,-,-,NA,NA,SAN DIEGO,SAN DIEGO,-117.1969757080078,32.76530075073242
9680863,2024,2024-05-23,3710,2024-03-08,1522,OC1443,NA,5,5,6,3710,0,0,0,NA,0,009,SOUTH COAST HWY,GODFREY ST,32,N,N,A,-,N,NA,NA,NA,NA,NA,NA,NA,NA,NA,N,4,0,3,2,A,-,03,22350,NA,F,C,C,A,A,H,-,A,A,0,NA,NA,NA,NA,Y,NA,A,01,0,0,3,0,0,0,0,0,0,-,-,NA,NA,SAN DIEGO,OCEANSIDE,-117.3686065673828,33.182823181152344
9681096,2024,2024-05-28,3711,2024-03-19,901,SD7290,NA,2,5,7,3711,0,0,0,NA,0,324,LAKE MURRAY BL,MULVANEY DR,13,S,N,A,-,N,NA,NA,NA,NA,NA,NA,NA,NA,NA,N,4,0,1,2,A,-,09,21804,A,N,D,C,A,A,H,-,A,D,0,NA,NA,NA,NA,Y,NA,A,01,0,0,1,0,0,0,0,0,0,-,-,NA,NA,SAN DIEGO,SAN DIEGO,-117.00747680664063,32.81017303466797