CASE_ID,ACCIDENT_YEAR,PROC_DATE,JURIS,COLLISION_DATE,COLLISION_TIME,OFFICER_ID,REPORTING_DISTRICT,DAY_OF_WEEK,CHP_SHIFT,POPULATION,CNTY_CITY_LOC,SPECIAL_COND,BEAT_TYPE,CHP_BEAT_TYPE,CITY_DIVISION_LAPD,CHP_BEAT_CLASS,BEAT_NUMBER,PRIMARY_RD,SECONDARY_RD,DISTANCE,DIRECTION,INTERSECTION,WEATHER_1,WEATHER_2,STATE_HWY_IND,CALTRANS_COUNTY,CALTRANS_DISTRICT,STATE_ROUTE,ROUTE_SUFFIX,POSTMILE_PREFIX,POSTMILE,LOCATION_TYPE,RAMP_INTERSECTION,SIDE_OF_HWY,TOW_AWAY,COLLISION_SEVERITY,NUMBER_KILLED,NUMBER_INJURED,PARTY_COUNT,PRIMARY_COLL_FACTOR,PCF_CODE_OF_VIOL,PCF_VIOL_CATEGORY,PCF_VIOLATION,PCF_VIOL_SUBSECTION,HIT_AND_RUN,TYPE_OF_COLLISION,MVIW,PED_ACTION,ROAD_SURFACE,ROAD_COND_1,ROAD_COND_2,LIGHTING,CONTROL_DEVICE,CHP_ROAD_TYPE,PEDESTRIAN_ACCIDENT,BICYCLE_ACCIDENT,MOTORCYCLE_ACCIDENT,TRUCK_ACCIDENT,NOT_PRIVATE_PROPERTY,ALCOHOL_INVOLVED,STWD_VEHTYPE_AT_FAULT,CHP_VEHTYPE_AT_FAULT,COUNT_SEVERE_INJ,COUNT_VISIBLE_INJ,COUNT_COMPLAINT_PAIN,COUNT_PED_KILLED,COUNT_PED_INJURED,COUNT_BICYCLIST_KILLED,COUNT_BICYCLIST_INJURED,COUNT_MC_KILLED,COUNT_MC_INJURED,PRIMARY_RAMP,SECONDARY_RAMP,LATITUDE,LONGITUDE,COUNTY,CITY,POINT_X,POINT_Y
6573252,2014,2014-08-26,3710,2014-07-17,1135,OC1126,NA,4,5,6,3710,0,0,0,NA,0,016,DOUGLAS,OLD RIVER,0,NA,Y,A,-,N,NA,NA,NA,NA,NA,NA,NA,NA,NA,Y,4,0,1,2,A,-,12,21453,A,N,D,C,A,A,H,-,A,A,0,NA,NA,NA,NA,Y,NA,A,01,0,0,1,0,0,0,0,0,0,-,-,NA,NA,SAN DIEGO,OCEANSIDE,-117.3226101,33.24173009
6575720,2014,2016-05-21,9645,2014-07-13,2030,019033,NA,7,2,7,3711,0,1,1,NA,2,011,RT 805,MURRAY RIDGE RD,500,S,N,A,-,Y,SD,11,805,-,-,18.8,H,-,S,Y,3,0,1,1,A,-,-,NA,NA,N,F,A,A,A,H,-,C,D,1,NA,NA,Y,NA,Y,NA,C,02,0,1,0,0,0,0,0,0,1,-,-,32.78212,-117.14053,SAN DIEGO,SAN DIEGO,-117.14435669,32.78462986
6577348,2014,2016-05-24,9650,2014-07-22,0912,016103,NA,2,1,6,3706,0,1,1,NA,2,023,RT 15,VIA RANCHO PKWY,894,S,N,A,-,Y,SD,11,15,S,-,26.8,H,-,S,Y,3,0,16,5,A,-,21,22106,NA,N,C,C,A,A,H,-,A,D,1,NA,NA,NA,NA,Y,NA,A,08,0,7,9,0,0,0,0,0,0,-,-,33.0662,-117.06909,SAN DIEGO,ESCONDIDO,-117.06919634,33.06674775
6579636,2014,2014-08-08,3700,2014-04-13,0129,SH7148,NA,7,5,4,3720,0,0,0,NA,0,603,KEMPF ST,BROADWAY,91,S,N,A,-,N,NA,NA,NA,NA,NA,NA,NA,NA,NA,N,3,0,1,2,A,-,11,21954,A,N,G,B,D,A,H,-,A,A,0,Y,NA,NA,NA,Y,Y,N,60,0,1,0,0,1,0,0,0,0,-,-,NA,NA,SAN DIEGO,LEMON GROVE,-117.02632378,32.74259078
6580479,2014,2014-08-26,3711,2014-07-22,2025,4576,NA,2,5,7,3711,0,0,0,NA,0,832,43RD ST,POLK AV,59,N,N,A,-,N,NA,NA,NA,NA,NA,NA,NA,NA,NA,Y,4,0,2,2,A,-,21,22106,NA,N,H,C,A,A,H,-,B,A,0,NA,NA,NA,NA,Y,NA,J,48,0,0,2,0,0,0,0,0,0,-,-,NA,NA,SAN DIEGO,SAN DIEGO,-117.10198875,32.75156161
6580616,2014,2014-09-02,3711,2014-07-26,1342,6895,NA,6,5,7,3711,0,0,0,NA,0,813,OREGON ST,UNIVERSITY AV,0,NA,Y,A,-,N,NA,NA,NA,NA,NA,NA,NA,NA,NA,N,3,0,1,1,A,-,03,22350,NA,N,H,A,A,A,A,-,A,D,0,NA,Y,NA,NA,Y,NA,L,04,0,1,0,0,0,0,1,0,0,-,-,NA,NA,SAN DIEGO,SAN DIEGO,-117.13511004,32.74846007
6580631,2014,2014-09-02,3711,2014-07-27,1145,5569,NA,7,5,7,3711,0,0,0,NA,0,313,CONVOY ST,ENGINEER RD,22,S,N,B,-,N,NA,NA,NA,NA,NA,NA,NA,NA,NA,Y,4,0,1,2,A,-,09,21801,A,N,D,C,A,A,H,-,A,A,0,NA,NA,NA,NA,Y,NA,A,01,0,0,1,0,0,0,0,0,0,-,-,NA,NA,SAN DIEGO,SAN DIEGO,-117.15432012,32.82672536
6580683,2014,2014-09-03,3711,2014-07-25,1638,4386,NA,5,5,7,3711,0,0,0,NA,0,624,HOWARD AV,ALABAMA ST,0,NA,Y,A,-,N,NA,NA,NA,NA,NA,NA,NA,NA,NA,N,4,0,1,2,A,-,03,22350,NA,N,C,C,A,A,-,-,A,A,0,NA,NA,NA,NA,Y,NA,-,NA,0,0,1,0,0,0,0,0,0,-,-,NA,NA,SAN DIEGO,SAN DIEGO,-117.14254008,32.75402003
6580710,2014,2014-09-04,3711,2014-07-25,2239,7100,NA,5,5,7,3711,0,0,0,NA,0,615,LYTTON ST,ROSECRANS ST,24,N,N,A,-,N,NA,NA,NA,NA,NA,NA,NA,NA,NA,NA,4,0,1,2,A,-,11,21456,B,M,G,B,B,A,H,-,C,A,0,Y,NA,NA,NA,Y,NA,N,60,0,0,1,0,1,0,0,0,0,-,-,NA,NA,SAN DIEGO,SAN DIEGO,-117.21266215,32.74435955
6581455,2014,2014-08-14,3701,2014-07-24,1218,5449,3701,4,5,5,3701,0,0,0,NA,0,006,PALOMAR AIRPORT RD,INNOVATION,39,W,N,A,-,N,NA,NA,NA,NA,NA,NA,NA,NA,NA,Y,4,0,1,3,A,-,03,22350,NA,N,C,C,A,A,H,-,A,A,0,NA,NA,NA,NA,Y,NA,D,22,0,0,1,0,0,0,0,0,0,-,-,NA,NA,SAN DIEGO,CARLSBAD,-117.25954638,33.13047953
6582446,2014,2014-08-18,3700,2014-07-31,1144,SH0059,NA,4,5,5,3713,0,0,0,NA,0,313,MAR VISTA DR,THIBODO RD,1320,S,N,A,-,N,NA,NA,NA,NA,NA,NA,NA,NA,NA,Y,3,0,1,1,A,-,03,22350,NA,N,E,I,A,A,E,-,A,D,0,NA,NA,NA,NA,Y,NA,A,01,0,1,0,0,0,0,0,0,0,-,-,NA,NA,SAN DIEGO,VISTA,-117.23548147,33.18137736
6582474,2014,2014-08-18,3700,2014-07-22,1925,SH2560,NA,2,5,5,3713,0,0,0,NA,0,305,TOWNSITE DR,SANTA FE AV,9,E,N,A,-,N,NA,NA,NA,NA,NA,NA,NA,NA,NA,N,3,0,1,3,A,-,10,21950,A,N,G,B,B,A,H,-,A,A,0,Y,NA,NA,NA,Y,NA,A,01,0,1,0,0,1,0,0,0,0,-,-,NA,NA,SAN DIEGO,VISTA,-117.24483188,33.21138297
6583444,2014,2014-08-19,3703,2014-07-21,1410,1137,NA,1,5,3,3703,0,0,0,NA,0,001,B AV,6TH ST,0,NA,Y,A,-,N,NA,NA,NA,NA,NA,NA,NA,NA,NA,N,4,0,1,2,A,-,09,21800,A,N,C,C,A,A,H,-,A,D,0,NA,NA,NA,NA,Y,NA,A,01,0,0,1,0,0,0,0,0,0,-,-,NA,NA,SAN DIEGO,CORONADO,-117.1742001,32.69064011
6583470,2014,2016-01-05,9680,2014-07-24,0750,017330,NA,4,1,9,3700,0,3,5,NA,2,001,HART DR,BALLANTYNE ST,0,NA,Y,A,-,N,NA,NA,NA,NA,NA,NA,NA,NA,NA,Y,4,0,1,2,A,-,09,21802,A,N,D,C,A,A,H,-,A,A,0,NA,NA,NA,NA,Y,NA,A,01,0,0,1,0,0,0,0,0,0,-,-,32.81158,-116.95832,SAN DIEGO,UNINCORPORATED,-116.95812001,32.81151005
6584554,2014,2016-05-24,9645,2014-08-02,1231,019497,NA,6,1,7,3711,0,1,1,NA,2,001,RT 5,RT 54,1056,E,N,B,C,Y,SD,11,54,-,-,0.29,R,2,E,Y,4,0,1,1,A,-,03,22350,NA,N,F,A,A,B,H,-,A,D,1,NA,NA,NA,NA,Y,NA,D,22,0,0,1,0,0,0,0,0,0,TO,TR,32.65122,-117.09881,SAN DIEGO,SAN DIEGO,-117.09927579,32.65141998
6585530,2014,2016-06-06,9645,2014-08-01,2250,20066,NA,5,3,7,3711,0,1,1,NA,2,007,RT 5,VIA DE LA VALLE,711,S,N,A,-,Y,SD,11,5,-,R,36.14,H,-,S,Y,4,0,5,2,A,-,03,22350,NA,N,C,C,A,A,H,-,D,D,1,NA,NA,NA,NA,Y,NA,A,08,0,0,5,0,0,0,0,0,0,-,-,32.97616,-117.25176,SAN DIEGO,SAN DIEGO,-117.25254713,32.97804797
6585764,2014,2016-05-16,9645,2014-07-19,2245,020479,NA,6,3,7,3711,0,1,3,NA,2,023,RT 163,EL PRADO,450,S,N,A,-,Y,SD,11,163,-,-,1.31,H,-,S,Y,3,0,1,1,A,-,08,22107,NA,N,F,J,A,A,H,-,C,D,1,NA,NA,NA,NA,Y,NA,A,07,0,1,0,0,0,0,0,0,0,-,-,32.72994,-117.1541,SAN DIEGO,SAN DIEGO,-117.15486895,32.73001171
6585771,2014,2014-08-19,3711,2014-07-16,2315,5340,NA,3,5,7,3711,0,0,0,NA,0,326,MONTEZUMA RD,FAIRMOUNT AV,32,E,N,A,-,N,NA,NA,NA,NA,NA,NA,NA,NA,NA,Y,2,0,1,1,A,-,03,22350,NA,N,E,I,A,A,H,-,C,D,0,NA,NA,NA,NA,Y,NA,A,07,1,0,0,0,0,0,0,0,0,-,-,NA,NA,SAN DIEGO,SAN DIEGO,-117.09707144,32.77242262
6585816,2014,2016-05-28,9645,2014-07-30,0825,15676,NA,3,1,7,3711,0,1,1,NA,2,010,RT 8,RT 15,10,E,N,A,-,Y,SD,11,8,-,-,5.64,H,-,W,Y,4,0,2,2,A,-,03,22350,NA,N,C,C,A,A,H,-,A,D,1,NA,NA,NA,NA,Y,NA,A,01,0,0,2,0,0,0,0,0,0,-,-,32.77923,-117.11172,SAN DIEGO,SAN DIEGO,-117.11241146,32.7787072
6585828,2014,2016-05-16,9645,2014-07-27,0945,018393,NA,7,1,7,3711,0,1,3,NA,2,023,RT 163,FRIARS RD,1584,N,N,C,-,Y,SD,11,163,-,-,4.67,H,-,S,Y,4,0,1,1,A,-,03,22350,NA,N,E,I,A,B,H,-,A,D,1,NA,NA,NA,NA,Y,NA,A,07,0,0,1,0,0,0,0,0,0,-,-,32.77855,-117.16309,SAN DIEGO,SAN DIEGO,-117.16192379,32.7757915
6585832,2014,2016-05-24,9645,2014-07-24,0930,017498,NA,4,1,7,3711,0,1,1,NA,2,003,RT 5,RT 8,528,S,N,A,-,Y,SD,11,5,-,R,19.923,R,1,S,Y,4,0,1,3,A,-,03,22350,NA,N,C,D,A,A,H,-,A,D,1,NA,NA,NA,NA,Y,NA,A,07,0,0,1,0,0,0,0,0,0,FR,-,32.75722,-117.20371,SAN DIEGO,SAN DIEGO,-117.2034231,32.75704282
6585849,2014,2016-05-25,9645,2014-07-25,1640,19033,NA,5,2,7,3711,0,1,1,NA,2,017,RT 15,MIRAMAR WY,305,S,N,A,-,Y,SD,11,15,-,M,13.27,H,-,N,Y,4,0,1,2,A,-,08,22107,NA,N,B,C,A,-,H,-,A,D,1,NA,NA,NA,NA,Y,NA,A,07,0,0,1,0,0,0,0,0,0,-,-,32.87993,-117.10843,SAN DIEGO,SAN DIEGO,-117.10785028,32.87965526
6587863,2014,2014-09-04,3701,2014-08-08,0010,5433,68,5,5,5,3701,0,0,0,NA,0,002,CANNON RD,CARLSBAD BL,94,W,N,A,-,N,NA,NA,NA,NA,NA,NA,NA,NA,NA,Y,3,0,1,1,A,-,03,22350,NA,N,E,I,A,A,H,-,C,A,0,NA,NA,NA,NA,Y,NA,D,22,0,1,0,0,0,0,0,0,0,-,-,NA,NA,SAN DIEGO,CARLSBAD,-117.33546,33.13249
6588112,2014,2014-09-04,3701,2014-08-05,0645,5302,3701,2,5,5,3701,0,0,0,NA,0,004,EL CAMINIO REAL,CANNON RD,50,E,N,B,-,N,NA,NA,NA,NA,NA,NA,NA,NA,NA,Y,3,0,1,2,A,-,-,NA,NA,N,C,C,A,A,H,-,A,A,0,NA,NA,NA,NA,Y,NA,A,01,0,1,0,0,0,0,0,0,0,-,-,NA,NA,SAN DIEGO,CARLSBAD,-117.29749861,33.14940952
6588120,2014,2014-09-04,3701,2014-08-05,0936,5291,14,2,5,5,3701,0,0,0,NA,0,003,EL CAMINIO REAL,CHESTNUT AV,1900,S,N,A,-,N,NA,NA,NA,NA,NA,NA,NA,NA,NA,Y,4,0,1,1,A,-,08,22107,NA,N,E,I,A,A,H,-,A,D,0,NA,NA,NA,NA,Y,NA,A,01,0,0,1,0,0,0,0,0,0,-,-,NA,NA,SAN DIEGO,CARLSBAD,-117.31815171,33.15920021
6589722,2014,2014-09-04,3711,2014-08-10,1137,5957,NA,7,5,7,3711,0,0,0,NA,0,444,HILLTOP DR,45TH ST,8,W,N,A,-,N,NA,NA,NA,NA,NA,NA,NA,NA,NA,N,4,0,1,2,A,-,09,21802,A,N,D,C,A,A,H,-,A,D,0,NA,NA,NA,NA,Y,NA,-,NA,0,0,1,0,0,0,0,0,0,-,-,NA,NA,SAN DIEGO,SAN DIEGO,-117.09784592,32.71507028
6589756,2014,2016-01-25,3711,2014-08-12,0630,5429,NA,2,5,7,3711,0,0,0,NA,0,625,PACIFIC HWY,RT 5,51,N,N,B,-,N,NA,NA,NA,NA,NA,NA,NA,NA,NA,Y,3,0,1,2,A,-,08,22107,NA,N,B,C,A,A,H,-,A,D,0,NA,NA,NA,NA,Y,NA,-,NA,0,1,0,0,0,0,0,0,0,-,TO,NA,NA,SAN DIEGO,SAN DIEGO,-117.2059863,32.76639562
6590165,2014,2015-04-21,3711,2014-07-31,0855,6391,NA,4,5,7,3711,0,0,0,NA,0,823,UNIVERSITY AV,58TH ST,330,W,N,A,-,N,NA,NA,NA,NA,NA,NA,NA,NA,NA,Y,3,0,1,1,A,-,08,22107,NA,N,E,I,A,A,H,-,A,D,0,NA,NA,NA,NA,Y,NA,-,NA,0,1,0,0,0,0,0,0,0,-,-,NA,NA,SAN DIEGO,SAN DIEGO,-117.07287,32.74914
6592155,2014,2014-09-02,3700,2014-07-04,1640,SH2619,NA,5,5,5,3712,0,0,0,NA,0,360,SOUTH TWIN OAKS VALLEY RD,RIDGELINE TRAILHEAD,274,E,N,A,-,N,NA,NA,NA,NA,NA,NA,NA,NA,NA,Y,2,0,1,1,B,-,22,NA,NA,N,E,I,A,A,H,-,A,D,0,NA,NA,Y,NA,Y,NA,C,03,1,0,0,0,0,0,0,0,1,-,-,NA,NA,SAN DIEGO,SAN MARCOS,-117.16525823,33.10768886
6592251,2014,2014-09-02,3708,2014-07-29,0721,1225,400,2,5,5,3708,0,0,0,NA,0,004,MURRAY DR,GROSSMONT CENTER DR,0,NA,Y,A,-,N,NA,NA,NA,NA,NA,NA,NA,NA,NA,Y,3,0,2,2,A,-,12,21453,A,N,D,C,A,A,H,-,A,A,0,NA,NA,NA,NA,Y,NA,A,07,0,1,1,0,0,0,0,0,0,-,-,NA,NA,SAN DIEGO,LA MESA,-117.00695006,32.77859011
6592304,2014,2014-09-02,3708,2014-07-14,1448,8233,400,1,5,5,3708,0,0,0,NA,0,002,JACKSON DR,FLETCHER PKWY,249,S,N,B,-,N,NA,NA,NA,NA,NA,NA,NA,NA,NA,N,3,0,1,1,A,-,08,22107,NA,N,E,I,A,A,H,-,A,D,0,NA,NA,Y,NA,Y,NA,C,02,0,1,0,0,0,0,0,0,1,-,-,NA,NA,SAN DIEGO,LA MESA,-117.01788026,32.77702026
6592647,2014,2016-05-21,9645,2014-08-04,1625,17025,NA,1,2,7,3711,0,1,1,NA,2,005,RT 5,BALBOA AV,200,S,N,A,-,Y,SD,11,5,-,R,23.49,H,-,S,Y,4,0,2,2,A,-,03,22350,NA,N,C,C,A,A,H,-,A,D,1,NA,NA,NA,NA,Y,NA,A,01,0,0,2,0,0,0,0,0,0,-,-,32.80544,-117.21472,SAN DIEGO,SAN DIEGO,-117.21595432,32.80670378
6592695,2014,2016-05-21,9680,2014-08-01,0622,017330,NA,5,1,9,3700,0,1,3,NA,2,016,RT 67,LAKESIDE DR,0,NA,Y,A,-,Y,SD,11,67,-,R,6.113,I,5,S,N,3,0,1,1,A,-,08,22107,NA,N,F,A,A,A,H,-,A,A,0,NA,NA,Y,NA,Y,NA,C,02,0,1,0,0,0,0,0,0,1,-,-,32.87173,-116.92388,SAN DIEGO,UNINCORPORATED,-116.92376505,32.87186815
6592766,2014,2016-01-05,9650,2014-08-02,1530,15654,NA,6,2,9,3700,0,3,5,NA,2,006,OLIVE HILL RD,LADERA VISTA RD,0,NA,Y,C,-,N,NA,NA,NA,NA,NA,NA,NA,NA,NA,Y,4,0,2,2,A,-,03,22350,NA,N,A,C,A,B,H,-,E,D,0,NA,NA,NA,NA,Y,NA,D,22,0,0,2,0,0,0,0,0,0,-,-,33.32103,-117.24511,SAN DIEGO,UNINCORPORATED,-117.24519012,33.32184007
6592947,2014,2014-09-02,9650,2014-07-17,1745,016485,NA,4,2,9,3700,0,3,5,NA,1,212,VESPER RD,VALLEY CENTER RD,1200,E,N,A,-,N,NA,NA,NA,NA,NA,NA,NA,NA,NA,Y,3,0,1,1,A,-,03,22350,NA,N,F,A,A,A,H,-,A,D,0,NA,NA,Y,NA,Y,NA,C,02,0,1,0,0,0,0,0,0,1,-,-,33.1353,-117.0057,SAN DIEGO,UNINCORPORATED,-117.01662764,33.23157978
6592955,2014,2014-09-03,9650,2014-07-26,0804,015906,NA,6,1,9,3700,0,3,5,NA,2,006,OLD HWY 395,STEWART CANYON RD,1584,N,N,A,-,N,NA,NA,NA,NA,NA,NA,NA,NA,NA,N,2,0,3,3,D,-,00,NA,NA,N,F,A,A,A,H,-,A,D,0,NA,Y,NA,NA,Y,NA,-,-,1,2,0,0,0,0,3,0,0,-,-,33.36856,-117.16644,SAN DIEGO,UNINCORPORATED,-117.16623521,33.36836286
6592963,2014,2014-09-04,9650,2014-08-02,1613,013452,NA,6,2,9,3700,0,2,4,NA,2,063,RECHE RD,GIRD RD,1056,E,N,C,-,N,NA,NA,NA,NA,NA,NA,NA,NA,NA,Y,3,0,1,1,A,-,03,22350,NA,N,E,I,A,B,H,-,A,D,0,NA,NA,NA,NA,Y,NA,A,08,0,1,0,0,0,0,0,0,0,-,-,33.36131,-117.20069,SAN DIEGO,UNINCORPORATED,-117.20046568,33.36129499
6592979,2014,2016-05-20,9650,2014-08-03,1420,015531,NA,7,2,5,3701,0,1,1,NA,2,005,RT 5,PALOMAR AIRPORT RD,2112,S,N,B,-,Y,SD,11,5,-,R,16.63,H,-,N,Y,4,0,1,3,A,-,03,22350,NA,N,C,C,A,A,H,-,A,D,0,NA,NA,NA,NA,Y,NA,A,01,0,0,1,0,0,0,0,0,0,-,-,33.11716,-117.31902,SAN DIEGO,CARLSBAD,-117.16442498,32.72385875
6594427,2014,2016-05-24,9645,2014-08-14,0353,15664,NA,4,3,7,3711,0,1,1,NA,2,019,RT 15,TED WILLIAMS PKWY,230,N,N,A,-,Y,SD,11,15,-,M,19.51,H,-,N,Y,4,0,1,2,A,-,01,23152,A,N,C,C,A,A,H,-,C,D,1,NA,NA,NA,NA,Y,Y,A,01,0,0,1,0,0,0,0,0,0,-,-,32.96528,-117.09462,SAN DIEGO,SAN DIEGO,-117.09481859,32.96523338
6596064,2014,2016-05-21,9645,2014-08-02,1230,019497,NA,6,1,7,3711,0,1,1,NA,2,003,RT 5,J ST,63,S,N,B,C,Y,SD,11,5,-,R,14.73,H,-,S,Y,4,0,1,2,A,-,03,22350,NA,N,C,C,A,B,H,-,A,D,1,NA,NA,NA,NA,Y,NA,A,01,0,0,1,0,0,0,0,0,0,-,-,32.70907,-117.14776,SAN DIEGO,SAN DIEGO,-117.14775253,32.70927568
6599898,2014,2016-05-24,9680,2014-08-07,0200,019946,NA,4,3,9,3700,0,3,5,NA,2,003,RT 79,LOS TERRINITOS RD,528,N,N,A,-,Y,SD,11,79,-,L,0.69,H,-,N,Y,3,0,1,1,A,-,01,23152,A,N,E,I,A,A,H,-,D,D,0,NA,NA,NA,NA,Y,Y,A,01,0,1,0,0,0,0,0,0,0,-,-,32.83541,-116.2085,SAN DIEGO,UNINCORPORATED,-116.62088888,32.83543122
6600196,2014,2014-09-19,9680,2014-08-22,1340,18152,NA,5,1,9,3700,0,3,5,NA,2,002,S BARCELONA AV,BUENA VISTA DR,0,NA,Y,A,-,N,NA,NA,NA,NA,NA,NA,NA,NA,NA,Y,4,0,2,2,A,-,03,22350,NA,N,C,C,A,A,H,-,A,A,0,NA,NA,NA,NA,Y,NA,D,22,0,0,2,0,0,0,0,0,0,-,-,32.74508,-116.98187,SAN DIEGO,UNINCORPORATED,-116.98187,32.74487002
6600776,2014,2016-05-21,9650,2014-08-11,2010,13452,NA,1,2,9,3700,0,1,1,NA,2,003,RT 5,LAS PULGAS RD,3168,S,N,A,-,Y,SD,11,5,-,R,61.48,H,-,S,Y,3,0,2,1,A,-,08,22107,NA,N,E,I,A,A,H,-,D,D,1,NA,NA,NA,NA,Y,NA,A,01,0,2,0,0,0,0,0,0,0,-,-,33.29231,-117.45751,SAN DIEGO,UNINCORPORATED,-117.45765645,33.29223199
6600881,2014,2016-05-25,9650,2014-08-15,1015,013636,NA,5,1,5,3782,0,1,1,NA,2,007,RT 5,SANTA FE DR,1320,S,N,A,-,Y,SD,11,5,-,R,40.28,H,-,N,Y,3,0,1,1,A,-,03,22350,NA,N,F,A,A,A,H,-,A,D,1,NA,NA,Y,NA,Y,NA,C,02,0,1,0,0,0,0,0,0,1,-,-,NA,NA,SAN DIEGO,ENCINITAS,-117.27857076,33.03217567
6600889,2014,2016-05-25,9650,2014-08-09,1220,12168,NA,6,1,9,3700,0,1,1,NA,2,007,100TH AV,LOMAS SANTA FE DR,1200,S,N,A,-,Y,SD,11,5,-,R,37,H,-,N,Y,3,0,1,2,A,-,07,21658,A,N,B,C,A,A,H,-,A,D,1,NA,NA,Y,NA,Y,NA,A,01,0,1,0,0,0,0,0,0,1,-,-,32.99364,-117.25613,SAN DIEGO,UNINCORPORATED,-117.25558158,32.99016985
6601145,2014,2014-09-04,3711,2014-08-19,1613,6133,NA,2,5,7,3711,0,0,0,NA,0,111,CLAIREMONT MESA BL,LONGFORD ST,150,E,N,A,-,N,NA,NA,NA,NA,NA,NA,NA,NA,NA,N,3,0,3,3,A,-,03,22350,NA,N,C,C,A,-,H,-,A,D,0,NA,NA,NA,NA,Y,NA,-,NA,0,1,2,0,0,0,0,0,0,-,-,NA,NA,SAN DIEGO,SAN DIEGO,-117.18221332,32.83449421
6601170,2014,2014-09-04,3711,2014-08-16,1846,7065,NA,6,5,7,3711,0,0,0,NA,0,326,CAMPANILE DR,MARY LANE DR,42,S,N,A,-,N,NA,NA,NA,NA,NA,NA,NA,NA,NA,N,4,0,1,2,A,-,08,22107,NA,N,B,C,A,A,H,-,A,D,0,NA,NA,NA,NA,Y,NA,A,01,0,0,1,0,0,0,0,0,0,-,-,NA,NA,SAN DIEGO,SAN DIEGO,-117.07191,32.76963496
6601182,2014,2014-09-04,3711,2014-08-16,1500,6998,NA,6,5,7,3711,0,0,0,NA,0,321,FRIARS RD,SANTO RD,0,NA,Y,A,-,N,NA,NA,NA,NA,NA,NA,NA,NA,NA,Y,3,0,4,2,A,-,12,21453,A,N,D,C,A,A,H,-,A,A,0,NA,NA,NA,NA,Y,NA,-,NA,0,1,3,0,0,0,0,0,0,-,-,NA,NA,SAN DIEGO,SAN DIEGO,-117.10512005,32.79036006
6601651,2014,2014-09-09,3701,2014-08-19,0948,5303,72,2,5,5,3701,0,0,0,NA,0,006,PALOMAR AIRPORT WY,ARMADA DR,0,NA,Y,B,-,N,NA,NA,NA,NA,NA,NA,NA,NA,NA,Y,3,0,3,2,A,-,09,21801,A,N,D,C,A,A,H,-,A,A,0,NA,NA,NA,NA,Y,NA,A,01,0,1,2,0,0,0,0,0,0,-,-,NA,NA,SAN DIEGO,CARLSBAD,-117.31350011,33.12206005
6601683,2014,2014-09-24,3711,2014-08-22,0820,7192,NA,5,5,7,3711,0,0,0,NA,0,452,IMPERIAL,60TH ST,17,E,N,A,-,N,NA,NA,NA,NA,NA,NA,NA,NA,NA,N,4,0,2,2,A,-,04,21703,NA,N,C,C,A,A,H,-,A,A,0,NA,NA,NA,NA,Y,NA,-,NA,0,0,2,0,0,0,0,0,0,-,-,NA,NA,SAN DIEGO,SAN DIEGO,-117.06793547,32.70930654
6601715,2014,2016-01-05,3711,2014-08-24,0530,7149,NA,7,5,7,3711,0,0,0,NA,0,725,OCEAN VIEW HILLS PKWY,SEA FIRE PT,0,NA,Y,A,-,N,NA,NA,NA,NA,NA,NA,NA,NA,NA,Y,3,0,1,1,A,-,08,22107,NA,N,E,I,A,A,H,-,C,A,0,NA,NA,NA,NA,Y,NA,-,-,0,1,0,0,0,0,0,0,0,-,-,NA,NA,SAN DIEGO,SAN DIEGO,-117.01844004,32.57301009
6601739,2014,2014-09-24,3711,2014-08-25,1350,7192,NA,1,5,7,3711,0,0,0,NA,0,446,LOGAN AV,S 49TH ST,236,W,N,A,-,N,NA,NA,NA,NA,NA,NA,NA,NA,NA,Y,3,0,1,2,A,-,09,21800,NA,N,D,C,A,A,H,-,A,D,0,NA,NA,NA,NA,Y,NA,-,-,0,1,0,0,0,0,0,0,0,-,-,NA,NA,SAN DIEGO,SAN DIEGO,-117.09020451,32.6968
6602992,2014,2016-05-21,9650,2014-08-01,1340,015830,NA,5,1,6,3710,0,1,1,NA,2,005,RT 5,MISSION AV,60,S,N,A,-,Y,SD,11,5,-,R,53.2,H,-,S,Y,4,0,2,2,A,-,08,22107,NA,N,C,C,A,A,H,-,A,D,1,NA,NA,NA,Y,Y,NA,A,01,0,0,2,0,0,0,0,0,0,-,-,33.19994,-117.3719,SAN DIEGO,OCEANSIDE,-117.37196709,33.20010927
6603454,2014,2014-09-11,3706,2014-07-23,0740,ES0153,NA,3,5,6,3706,0,0,0,NA,0,052,DATE ST,GRAND AV,0,NA,Y,A,-,N,NA,NA,NA,NA,NA,NA,NA,NA,NA,Y,4,0,1,2,A,-,12,21453,A,N,D,C,A,A,H,-,A,A,0,NA,NA,NA,NA,Y,NA,D,22,0,0,1,0,0,0,0,0,0,-,-,NA,NA,SAN DIEGO,ESCONDIDO,-117.0699401,33.12585011
6603610,2014,2016-05-16,9645,2014-08-19,1345,016816,NA,2,1,7,3711,0,1,3,NA,2,023,RT 163,QUINCE ST,300,N,N,A,-,Y,SD,11,163,-,-,1.68,H,-,S,N,4,0,4,3,A,-,03,22350,NA,N,C,C,A,A,H,-,A,D,1,NA,NA,NA,NA,Y,NA,D,22,0,0,4,0,0,0,0,0,0,-,-,32.73399,-117.15583,SAN DIEGO,SAN DIEGO,-117.15603534,32.73507801
6603844,2014,2016-05-21,9645,2014-08-12,2222,016409,NA,2,3,7,3711,0,1,1,NA,2,013,RT 805,RT 8,1300,N,N,A,-,Y,SD,11,805,-,-,17.9,H,-,N,Y,4,0,1,2,A,-,01,23152,A,N,D,C,A,A,H,-,C,D,1,NA,NA,NA,NA,Y,Y,A,01,0,0,1,0,0,0,0,0,0,-,-,32.77366,-117.13303,SAN DIEGO,SAN DIEGO,-117.13414902,32.77500909
6605475,2014,2016-05-24,9650,2014-08-09,1505,015906,NA,6,2,9,3700,0,1,3,NA,1,028,RT 76,SOUTH GRADE RD,11616,E,N,A,-,Y,SD,11,76,-,-,40.45,H,-,E,Y,3,0,2,2,A,-,09,21804,A,N,D,C,A,A,H,-,A,D,0,NA,NA,NA,NA,Y,Y,A,07,0,1,1,0,0,0,0,0,0,-,-,33.28235,-116.86927,SAN DIEGO,UNINCORPORATED,-116.8691019,33.28240068