CASE_ID,ACCIDENT_YEAR,PROC_DATE,JURIS,COLLISION_DATE,COLLISION_TIME,OFFICER_ID,REPORTING_DISTRICT,DAY_OF_WEEK,CHP_SHIFT,POPULATION,CNTY_CITY_LOC,SPECIAL_COND,BEAT_TYPE,CHP_BEAT_TYPE,CITY_DIVISION_LAPD,CHP_BEAT_CLASS,BEAT_NUMBER,PRIMARY_RD,SECONDARY_RD,DISTANCE,DIRECTION,INTERSECTION,WEATHER_1,WEATHER_2,STATE_HWY_IND,CALTRANS_COUNTY,CALTRANS_DISTRICT,STATE_ROUTE,ROUTE_SUFFIX,POSTMILE_PREFIX,POSTMILE,LOCATION_TYPE,RAMP_INTERSECTION,SIDE_OF_HWY,TOW_AWAY,COLLISION_SEVERITY,NUMBER_KILLED,NUMBER_INJURED,PARTY_COUNT,PRIMARY_COLL_FACTOR,PCF_CODE_OF_VIOL,PCF_VIOL_CATEGORY,PCF_VIOLATION,PCF_VIOL_SUBSECTION,HIT_AND_RUN,TYPE_OF_COLLISION,MVIW,PED_ACTION,ROAD_SURFACE,ROAD_COND_1,ROAD_COND_2,LIGHTING,CONTROL_DEVICE,CHP_ROAD_TYPE,PEDESTRIAN_ACCIDENT,BICYCLE_ACCIDENT,MOTORCYCLE_ACCIDENT,TRUCK_ACCIDENT,NOT_PRIVATE_PROPERTY,ALCOHOL_INVOLVED,STWD_VEHTYPE_AT_FAULT,CHP_VEHTYPE_AT_FAULT,COUNT_SEVERE_INJ,COUNT_VISIBLE_INJ,COUNT_COMPLAINT_PAIN,COUNT_PED_KILLED,COUNT_PED_INJURED,COUNT_BICYCLIST_KILLED,COUNT_BICYCLIST_INJURED,COUNT_MC_KILLED,COUNT_MC_INJURED,PRIMARY_RAMP,SECONDARY_RAMP,LATITUDE,LONGITUDE,COUNTY,CITY,POINT_X,POINT_Y
6606373,2015,2016-02-05,3711,2015-12-20,2014,5600,NA,7,5,7,3711,0,0,0,NA,0,616,ROSECRANS ST,QUALTROUGH ST,300,S,N,A,-,N,NA,NA,NA,NA,NA,NA,NA,NA,NA,Y,1,1,0,2,A,-,08,22107,NA,N,F,A,A,A,H,-,D,D,0,NA,NA,Y,NA,Y,NA,C,02,0,0,0,0,0,0,0,1,0,-,-,NA,NA,SAN DIEGO,SAN DIEGO,-117.2375052,32.71340178
6606882,2014,2014-09-19,3706,2014-08-10,1355,ES0479,NA,7,5,6,3706,0,0,0,NA,0,051,E VIA RANCHO PKWY,WESTFIELD WY,500,W,N,A,-,N,NA,NA,NA,NA,NA,NA,NA,NA,NA,N,4,0,1,2,A,-,03,22350,NA,N,C,C,A,A,H,-,A,A,0,NA,NA,NA,NA,Y,NA,A,01,0,0,1,0,0,0,0,0,0,-,-,NA,NA,SAN DIEGO,ESCONDIDO,-117.06926015,33.06912913
6607055,2014,2014-10-10,3711,2014-08-31,0720,6936,NA,7,5,7,3711,0,0,0,NA,0,613,VALETA ST,CAMULOS ST,210,W,N,A,-,N,NA,NA,NA,NA,NA,NA,NA,NA,NA,Y,4,0,2,2,A,-,08,22107,NA,N,A,E,A,-,H,-,B,A,0,NA,NA,NA,NA,Y,NA,A,07,0,0,2,0,0,0,0,0,0,-,-,NA,NA,SAN DIEGO,SAN DIEGO,-117.23184859,32.74906071
6609970,2014,2014-09-10,3711,2014-08-22,1641,4849,NA,5,5,7,3711,0,0,0,NA,0,524,WEST ASH ST,FRONT ST,0,NA,Y,A,-,N,NA,NA,NA,NA,NA,NA,NA,NA,NA,N,3,0,1,2,A,-,11,21950,B,N,G,B,B,A,H,-,A,A,0,Y,NA,NA,NA,Y,NA,-,NA,0,1,0,0,1,0,0,0,0,-,-,NA,NA,SAN DIEGO,SAN DIEGO,-117.16475011,32.71986002
6611087,2014,2016-01-05,3711,2014-08-30,0919,3815,NA,6,5,7,3711,0,0,0,NA,0,313,CLAIREMONT MESA BL,RT 805,192,W,N,A,-,N,NA,NA,NA,NA,NA,NA,NA,NA,NA,Y,4,0,2,2,A,-,03,22350,NA,N,D,C,A,A,H,-,A,D,0,NA,NA,NA,NA,Y,NA,A,01,0,0,2,0,0,0,0,0,0,-,NF,NA,NA,SAN DIEGO,SAN DIEGO,-117.17007232,32.83378015
6611141,2014,2014-09-15,3702,2014-08-16,1637,1410576,NA,6,5,6,3702,0,0,0,NA,0,022,MAIN ST,FRESNO AV,150,W,N,A,-,N,NA,NA,NA,NA,NA,NA,NA,NA,NA,N,3,0,1,2,A,-,03,22350,NA,N,C,C,A,A,H,-,A,D,0,NA,NA,NA,NA,Y,NA,A,01,0,1,0,0,0,0,0,0,0,-,-,NA,NA,SAN DIEGO,CHULA VISTA,-117.06721535,32.59477
6611530,2014,2016-05-21,9650,2014-08-27,0345,015868,NA,3,3,9,3700,0,1,1,NA,2,001,RT 5,BASILONE RD,26400,S,N,A,-,Y,SD,11,5,-,R,66.38,H,-,S,Y,4,0,1,2,A,-,03,22350,NA,F,C,C,A,A,H,-,D,D,1,NA,NA,NA,Y,Y,NA,A,01,0,0,1,0,0,0,0,0,0,-,-,33.34308,-117.51238,SAN DIEGO,UNINCORPORATED,-117.5129899,33.34361179
6611858,2014,2014-09-24,3711,2014-08-28,1942,6887,NA,4,5,7,3711,0,0,0,NA,0,447,DATE ST,ALTA DENA DR,528,W,N,A,-,N,NA,NA,NA,NA,NA,NA,NA,NA,NA,Y,3,0,2,3,A,-,08,22107,NA,N,B,B,F,A,H,-,D,D,0,Y,NA,NA,NA,Y,Y,-,NA,0,1,1,0,1,0,0,0,0,-,-,NA,NA,SAN DIEGO,SAN DIEGO,-117.08788091,32.72271741
6611921,2014,2016-01-05,3711,2014-09-02,1228,7063,NA,2,5,7,3711,0,0,0,NA,0,322,ELSA RD,CRAWFORD ST,20,E,N,A,-,N,NA,NA,NA,NA,NA,NA,NA,NA,NA,Y,4,0,1,1,A,-,03,22350,NA,N,E,I,A,A,H,-,A,A,0,NA,NA,NA,NA,Y,NA,-,NA,0,0,1,0,0,0,0,0,0,-,-,NA,NA,SAN DIEGO,SAN DIEGO,-117.09380516,32.78398906
6612119,2014,2014-09-18,3710,2014-08-20,1035,OC1355,NA,3,5,6,3710,0,0,0,NA,0,026,EL CAMINIO REAL,FIRE MOUNTAIN DR,0,NA,Y,A,-,N,NA,NA,NA,NA,NA,NA,NA,NA,NA,Y,4,0,2,2,A,-,12,21453,A,N,D,C,A,A,H,-,A,D,0,NA,NA,NA,NA,Y,NA,A,01,0,0,2,0,0,0,0,0,0,-,-,NA,NA,SAN DIEGO,OCEANSIDE,-117.32813002,33.19259005
6612600,2014,2014-09-24,3711,2014-08-27,2215,4310,NA,3,5,7,3711,0,0,0,NA,0,122,GARNET AV,PENDLETON ST,47,E,N,A,-,N,NA,NA,NA,NA,NA,NA,NA,NA,NA,Y,4,0,1,2,A,-,08,22107,NA,N,C,E,A,A,H,-,C,D,0,NA,NA,NA,NA,Y,NA,A,01,0,0,1,0,0,0,0,0,0,-,-,NA,NA,SAN DIEGO,SAN DIEGO,-117.22787349,32.80264564
6612632,2014,2014-09-22,3711,2014-08-28,0238,6774,NA,4,5,7,3711,0,0,0,NA,0,531,PERSHING DR,26TH ST,756,W,N,A,-,N,NA,NA,NA,NA,NA,NA,NA,NA,NA,Y,4,0,2,2,A,-,03,22350,NA,N,C,C,A,A,H,-,C,D,0,NA,NA,NA,NA,Y,Y,A,01,0,0,2,0,0,0,0,0,0,-,-,NA,NA,SAN DIEGO,SAN DIEGO,-117.14433274,32.72124181
6612677,2014,2016-05-21,9645,2014-09-02,2228,019496,NA,2,3,7,3711,0,1,3,NA,2,006,RT 94,RT 805,800,E,N,A,-,Y,SD,11,94,-,-,4.27,H,-,E,Y,3,0,4,3,A,-,03,22350,NA,N,C,C,A,A,C,-,D,D,1,NA,NA,NA,NA,Y,NA,A,01,0,1,3,0,0,0,0,0,0,-,-,32.71885,-117.09633,SAN DIEGO,SAN DIEGO,-117.09962667,32.71887777
6614930,2014,2014-09-12,3710,2014-08-25,1620,OC1407,NA,1,5,6,3710,0,0,0,NA,0,007,CIVIC CENTER,N CLEMENTINE,0,NA,Y,A,-,N,NA,NA,NA,NA,NA,NA,NA,NA,NA,N,4,0,1,2,A,-,12,22450,A,N,D,G,A,A,H,-,A,A,0,NA,Y,NA,NA,Y,NA,L,04,0,0,1,0,0,0,1,0,0,-,-,NA,NA,SAN DIEGO,OCEANSIDE,-117.37794005,33.19941007
6616271,2014,2014-09-20,3710,2014-08-29,1745,OC1402,NA,5,5,6,3710,0,0,0,NA,0,009,CASSIDY,FREEMAN,0,NA,Y,A,-,N,NA,NA,NA,NA,NA,NA,NA,NA,NA,N,4,0,1,2,A,-,21,22106,NA,N,D,C,A,A,H,-,A,A,0,NA,NA,NA,NA,Y,NA,A,01,0,0,1,0,0,0,0,0,0,-,-,NA,NA,SAN DIEGO,OCEANSIDE,-117.36142004,33.17569011
6616299,2014,2014-09-19,3710,2014-08-27,1744,OC1355,NA,3,5,6,3710,0,0,0,NA,0,011,MISSION,COPPERWOOD,35,E,N,A,-,N,NA,NA,NA,NA,NA,NA,NA,NA,NA,Y,4,0,3,2,A,-,03,22350,NA,N,C,C,A,A,H,-,A,D,0,NA,NA,NA,NA,Y,NA,A,07,0,0,3,0,0,0,0,0,0,-,-,NA,NA,SAN DIEGO,OCEANSIDE,-117.34109211,33.21845114
6617400,2014,2014-09-15,3705,2014-08-06,2103,EC0324,NA,3,5,5,3705,0,0,0,NA,0,007,E MAIN,E MADISON,527,E,N,A,-,N,NA,NA,NA,NA,NA,NA,NA,NA,NA,N,3,0,1,2,A,-,11,21954,A,F,G,B,D,A,H,-,D,A,0,Y,NA,NA,NA,Y,Y,N,60,0,1,0,0,1,0,0,0,0,-,-,NA,NA,SAN DIEGO,EL CAJON,-116.92942669,32.80124253
6617838,2014,2014-09-22,3705,2014-06-03,1655,EC0301,NA,2,5,5,3705,0,0,0,NA,0,010,MADISON,CHAMBERS,61,E,N,A,-,N,NA,NA,NA,NA,NA,NA,NA,NA,NA,Y,4,0,2,2,A,-,03,22350,NA,F,C,C,A,A,H,-,A,A,0,NA,NA,NA,NA,Y,NA,A,01,0,0,2,0,0,0,0,0,0,-,-,NA,NA,SAN DIEGO,EL CAJON,-116.96701666,32.80053272
6620411,2014,2016-05-21,9650,2014-08-28,2350,017056,NA,4,3,9,3700,0,1,1,NA,2,001,RT 5,SAN ONOFRE INSPECTION FACILITY,2112,S,N,B,-,Y,SD,11,5,-,R,66.96,H,-,N,Y,4,0,1,2,A,-,03,22350,NA,N,C,C,A,A,H,-,C,A,1,NA,NA,NA,NA,Y,NA,A,01,0,0,1,0,0,0,0,0,0,-,-,33.35019,-117.5215,SAN DIEGO,UNINCORPORATED,-117.5202703,33.34912806
6620479,2014,2016-01-05,9650,2014-08-24,0008,019126,NA,7,3,9,3700,0,2,4,NA,2,061,SOUTH MISSION RD,RT 76,1584,N,N,A,-,N,NA,NA,NA,NA,NA,NA,NA,NA,NA,Y,2,0,2,2,A,-,01,23152,A,N,A,C,A,A,H,-,D,D,0,NA,NA,NA,NA,Y,Y,A,01,2,0,0,0,0,0,0,0,0,-,-,33.29885,-117.22531,SAN DIEGO,UNINCORPORATED,-117.2343,33.27679
6620743,2014,2016-05-20,9650,2014-08-16,1420,018321,NA,6,2,6,3710,0,1,1,NA,2,005,RT 5,RT 78,528,S,N,A,-,Y,SD,11,5,-,R,50.97,H,-,S,Y,3,0,1,3,A,-,03,22350,NA,N,C,C,A,A,H,-,A,D,1,NA,NA,Y,NA,Y,NA,C,02,0,1,0,0,0,0,0,0,1,-,-,33.14243,-117.34925,SAN DIEGO,OCEANSIDE,-117.34926919,33.17412714
6621412,2014,2015-01-22,9645,2014-11-13,0905,19410,NA,4,1,7,3711,0,1,1,NA,2,010,RT 8 W,MORENA BL,550,E,N,B,-,Y,NA,NA,8,NA,NA,NA,NA,NA,NA,Y,4,0,1,5,A,-,07,21658,A,N,B,C,A,A,H,-,A,D,0,NA,NA,NA,NA,Y,NA,A,01,0,0,1,0,0,0,0,0,0,-,-,32.76072,-117.19318,SAN DIEGO,SAN DIEGO,-117.19319418,32.76063176
6623260,2014,2014-10-03,3710,2014-09-06,2345,OC1351,NA,6,5,6,3710,0,0,0,NA,0,012,EL CAMINIO REAL,OCEANSIDE BL,0,NA,Y,A,-,N,NA,NA,NA,NA,NA,NA,NA,NA,NA,Y,4,0,1,2,A,-,01,23152,A,F,D,C,A,A,H,-,C,A,0,NA,NA,NA,NA,Y,Y,A,01,0,0,1,0,0,0,0,0,0,-,-,NA,NA,SAN DIEGO,OCEANSIDE,-117.33242009,33.20182012
6623990,2014,2016-05-21,9645,2014-08-31,0945,15494,NA,7,1,7,3711,0,1,1,NA,2,011,RT 805,UNIVERSITY AV,100,S,N,A,-,Y,SD,11,805,-,-,15.976,R,2,N,N,3,0,1,1,B,-,22,NA,NA,N,E,I,A,A,H,-,A,D,1,NA,NA,NA,NA,Y,NA,D,22,0,1,0,0,0,0,0,0,0,FR,-,32.74832,-117.12093,SAN DIEGO,SAN DIEGO,-117.12243012,32.74906026
6627057,2014,2016-05-21,9680,2014-08-31,1925,019519,NA,7,2,9,3700,0,1,3,NA,2,016,RT 67,PROSPECT AV,1416,S,N,A,-,Y,SD,11,67,-,R,1.78,H,-,N,Y,2,0,2,1,A,-,08,22107,NA,N,E,I,A,A,H,-,B,D,1,NA,NA,Y,NA,Y,NA,C,02,2,0,0,0,0,0,0,0,2,TO,-,32.82783,-116.96166,SAN DIEGO,UNINCORPORATED,-116.96171053,32.82865238
6627105,2014,2016-05-24,9680,2014-08-31,1314,018672,NA,7,1,9,3700,0,1,3,NA,1,051,RT 79,WOLAHI RD,1584,S,N,A,-,Y,SD,11,79,-,-,11.47,H,-,N,Y,4,0,1,2,A,-,09,21804,A,N,F,A,A,A,H,-,A,D,0,NA,NA,Y,NA,Y,NA,A,01,0,0,1,0,0,0,0,0,1,-,-,33.98605,-116.58306,SAN DIEGO,UNINCORPORATED,-116.58374828,32.98696735
6629216,2014,2016-05-21,9645,2014-09-04,0535,018344,NA,4,3,7,3711,0,1,1,NA,2,021,RT 15,RT 94,1584,N,N,A,-,Y,SD,11,15,-,-,2.56,H,-,S,Y,4,0,1,2,A,-,03,22350,NA,N,C,C,A,A,H,-,B,D,1,NA,NA,NA,NA,Y,NA,A,01,0,0,1,0,0,0,0,0,0,-,-,32.72129,-117.11689,SAN DIEGO,SAN DIEGO,-117.1166168,32.72166018
6630053,2014,2014-10-24,3711,2014-09-16,0710,6345,SD,2,5,7,3711,0,0,0,NA,0,234,BERNARDO CENTER DR,AVENIDA ABEJA,150,E,N,A,-,N,NA,NA,NA,NA,NA,NA,NA,NA,NA,Y,4,0,2,2,A,-,08,22107,NA,N,C,E,A,A,H,-,A,D,0,NA,NA,NA,Y,Y,NA,A,01,0,0,2,0,0,0,0,0,0,-,-,NA,NA,SAN DIEGO,SAN DIEGO,-117.09423238,33.005
6630658,2014,2016-05-21,9645,2014-09-03,0730,016542,NA,3,1,5,3709,0,1,1,NA,2,009,RT 805,SWEETWATER RD,100,S,N,A,-,Y,SD,11,805,-,-,9.03,H,-,N,N,4,0,1,2,A,-,07,21658,A,N,B,C,A,A,H,-,A,D,1,NA,NA,NA,NA,Y,NA,D,22,0,0,1,0,0,0,0,0,0,-,-,32.65883,-117.07514,SAN DIEGO,NATIONAL CITY,-117.07611225,32.66031334
6630827,2014,2016-05-16,9645,2014-09-02,1710,017524,NA,2,2,7,3711,0,1,3,NA,2,023,RT 163,ROBINSON AV,150,S,N,A,-,Y,SD,11,163,-,-,82.46,H,-,S,N,4,0,3,2,A,-,03,22350,NA,N,C,C,A,A,H,-,A,D,0,NA,NA,NA,NA,Y,NA,A,01,0,0,3,0,0,0,0,0,0,-,-,32.74111,-117.15663,SAN DIEGO,SAN DIEGO,-117.15663,32.74111
6631115,2014,2014-11-03,3711,2014-09-15,1500,6976,SD,1,5,7,3711,0,0,0,NA,0,935,VIA DE LA VALLE,ARROYO ROSITA,300,W,N,A,-,N,NA,NA,NA,NA,NA,NA,NA,NA,NA,Y,4,0,1,2,A,-,03,22350,NA,N,C,C,A,A,H,-,A,A,0,NA,NA,NA,NA,Y,NA,-,NA,0,0,1,0,0,0,0,0,0,-,-,NA,NA,SAN DIEGO,SAN DIEGO,-117.22532973,32.98338481
6631741,2014,2014-11-05,9650,2014-09-08,1025,016103,NA,1,1,9,3700,0,2,4,NA,2,061,EAST MISSION RD,LIVE OAK PARK RD,62,E,N,A,-,N,NA,NA,NA,NA,NA,NA,NA,NA,NA,Y,2,0,1,1,A,-,08,22107,NA,N,E,I,A,A,H,-,A,D,0,NA,NA,NA,NA,Y,NA,A,01,1,0,0,0,0,0,0,0,0,-,-,NA,NA,SAN DIEGO,UNINCORPORATED,-117.18618975,33.39098497
6631753,2014,2016-05-24,9650,2014-09-18,0720,15727,NA,4,1,6,3706,0,1,1,NA,2,023,RT 15,RT 78,382,N,N,A,-,Y,SD,11,15,-,R,31.62,H,-,S,Y,3,0,1,2,A,-,07,21658,A,N,B,C,A,A,H,-,A,D,1,NA,NA,Y,NA,Y,NA,A,01,0,1,0,0,0,0,0,0,0,-,-,NA,NA,SAN DIEGO,ESCONDIDO,-117.10524879,33.12901663
6632119,2014,2014-10-09,3706,2014-09-01,1022,ES0393,NA,1,5,6,3706,0,0,0,NA,0,053,CENTRE CITY PKWY,CITRACADO PKWY,665,N,N,A,-,N,NA,NA,NA,NA,NA,NA,NA,NA,NA,Y,4,0,1,1,A,-,01,23152,A,N,E,I,A,A,H,-,A,D,0,NA,NA,NA,NA,Y,NA,A,01,0,0,1,0,0,0,0,0,0,-,-,NA,NA,SAN DIEGO,ESCONDIDO,-117.07256137,33.09253453
6632160,2014,2016-05-24,3706,2014-09-06,1453,ES1603,NA,6,5,6,3706,0,0,0,NA,0,043,RT 15,EL NORTE PKWY,0,NA,Y,A,-,Y,SD,11,15,-,R,32.639,R,4,N,Y,4,0,1,2,A,-,12,21453,A,N,D,C,A,A,H,-,A,A,0,NA,NA,NA,NA,Y,NA,A,01,0,0,1,0,0,0,0,0,0,NF,-,NA,NA,SAN DIEGO,ESCONDIDO,-117.10449646,33.14347961
6632257,2014,2014-10-03,9650,2014-09-13,1830,016490,NA,6,2,9,3700,0,3,5,NA,2,211,PARADISE MOUNTAIN RD,SHILOH LN,0,NA,Y,A,-,N,NA,NA,NA,NA,NA,NA,NA,NA,NA,Y,4,0,1,1,A,-,08,22107,NA,N,E,I,A,A,H,-,A,D,0,NA,NA,NA,NA,Y,NA,A,01,0,0,1,0,0,0,0,0,0,-,-,33.2022,-116.94226,SAN DIEGO,UNINCORPORATED,-116.94201005,33.20205003
6632602,2014,2014-10-13,3700,2014-07-31,1038,SH7552,NA,4,5,4,3707,0,0,0,NA,0,702,11TH ST,CALLA AV,0,NA,Y,A,-,N,NA,NA,NA,NA,NA,NA,NA,NA,NA,N,4,0,2,2,A,-,09,21802,A,N,D,C,A,A,H,-,A,A,0,NA,NA,NA,NA,Y,NA,A,01,0,0,2,0,0,0,0,0,0,-,-,NA,NA,SAN DIEGO,IMPERIAL BEACH,-117.11061004,32.58546007
6635471,2014,2016-02-06,9645,2014-06-19,1654,18678,NA,4,2,7,3711,0,1,1,NA,2,003,RT 5,STATE ST,100,S,N,A,-,Y,SD,11,5,-,R,17.02,H,-,N,Y,4,0,1,3,A,-,03,22350,NA,N,C,C,A,A,H,-,-,D,1,NA,NA,NA,NA,Y,NA,D,22,0,0,1,0,0,0,0,0,0,-,-,32.7291,-117.16907,SAN DIEGO,SAN DIEGO,-117.16853034,32.72829358
6636015,2014,2016-05-21,9680,2014-09-16,1635,017389,NA,2,2,9,3700,0,1,3,NA,2,027,RT 94,MASSACHUSETTS AV,100,W,N,A,-,Y,SD,11,94,-,-,8.25,H,-,E,Y,4,0,1,3,A,-,03,22350,NA,N,C,C,A,A,H,-,A,D,1,NA,NA,NA,NA,Y,NA,D,22,0,0,1,0,0,0,0,0,0,-,-,32.74476,-117.04264,SAN DIEGO,UNINCORPORATED,-117.04322376,32.74473873
6636038,2014,2016-05-16,9680,2014-09-11,0833,015578,NA,4,1,5,3708,0,1,3,NA,2,028,RT 125,MARIPOSA ST,1056,S,N,A,-,Y,SD,11,125,-,-,13.91,H,-,N,N,4,0,1,3,A,-,03,22350,NA,N,C,C,A,A,H,-,A,D,1,NA,NA,NA,NA,Y,NA,D,22,0,0,1,0,0,0,0,0,0,-,-,32.75732,-117.0071,SAN DIEGO,LA MESA,-117.00685282,32.75745352
6636807,2014,2014-10-31,3711,2014-09-17,0807,7080,NA,3,5,7,3711,0,0,0,NA,0,432,MERLIN DR,IMPERIAL AV,0,NA,Y,A,-,N,NA,NA,NA,NA,NA,NA,NA,NA,NA,N,2,0,2,2,A,-,21,22106,NA,N,C,C,A,A,H,-,A,A,0,NA,NA,NA,NA,Y,NA,-,NA,1,0,1,0,0,0,0,0,0,-,-,NA,NA,SAN DIEGO,SAN DIEGO,-117.07107003,32.70908
6640526,2014,2014-10-08,3706,2014-09-08,1657,ES0322,NA,1,5,6,3706,0,0,0,NA,0,041,RINCON AV,PARKTREE LN,135,E,N,A,-,N,NA,NA,NA,NA,NA,NA,NA,NA,NA,Y,4,0,1,2,A,-,09,21801,A,N,D,C,A,A,H,-,A,D,0,NA,NA,NA,NA,Y,NA,A,01,0,0,1,0,0,0,0,0,0,-,-,NA,NA,SAN DIEGO,ESCONDIDO,-117.08993471,33.16133371
6641870,2014,2014-10-06,3705,2014-06-24,1053,EC5258,NA,2,5,5,3705,0,0,0,NA,0,008,MOLLISON AV,LEXINGTON AV,0,NA,Y,A,-,N,NA,NA,NA,NA,NA,NA,NA,NA,NA,Y,3,0,3,2,-,-,-,NA,NA,N,D,C,A,A,H,-,A,A,0,NA,NA,NA,NA,Y,NA,-,-,0,2,1,0,0,0,0,0,0,-,-,NA,NA,SAN DIEGO,EL CAJON,-116.95096012,32.79263007
6643900,2014,2014-12-18,9650,2014-11-21,1550,15803,NA,5,2,5,3701,0,1,1,NA,2,005,RT 5,LA COSTA AV,1800,N,N,A,-,Y,NA,NA,5,NA,NA,NA,NA,NA,NA,Y,4,0,1,2,A,-,03,22350,NA,N,C,C,A,A,H,-,A,D,0,NA,NA,NA,NA,Y,NA,D,22,0,0,1,0,0,0,0,0,0,-,-,33.08639,-117.29952,SAN DIEGO,CARLSBAD,-117.29959937,33.08633587
6645583,2014,2016-05-16,9680,2014-09-17,0804,015578,NA,3,1,7,3711,0,1,3,NA,2,028,RT 125,SPRING ST,2112,S,N,A,-,Y,SD,11,125,-,-,13.08,H,-,N,Y,3,0,1,2,A,-,07,21658,A,N,B,C,A,A,H,-,A,D,1,NA,NA,Y,NA,Y,NA,A,01,0,1,0,0,0,0,0,0,1,-,-,32.74915,-117.01646,SAN DIEGO,SAN DIEGO,-117.01629814,32.74927203
6646226,2014,2016-05-17,9645,2014-09-13,1620,17678,NA,6,2,7,3711,0,1,3,NA,2,023,RT 163,RT 5,1500,S,N,A,-,Y,SD,11,163,-,-,1.305,H,-,S,Y,4,0,2,5,A,-,03,22350,NA,N,C,C,A,A,H,-,A,D,1,NA,NA,NA,NA,Y,NA,A,07,0,0,2,0,0,0,0,0,0,-,-,32.72704,-117.15653,SAN DIEGO,SAN DIEGO,-117.15490041,32.72994404
6646238,2014,2016-05-21,9645,2014-09-05,0809,18393,NA,5,1,7,3711,0,1,1,NA,2,009,RT 805,LOGAN AV,60,N,N,A,-,Y,SD,11,805,-,-,11.84,H,-,N,Y,3,0,3,4,A,-,03,22350,NA,N,B,C,A,A,H,-,A,D,1,NA,NA,NA,NA,Y,NA,A,01,0,2,1,0,0,0,0,0,0,-,-,NA,NA,SAN DIEGO,SAN DIEGO,-117.09481662,32.69689139
6646880,2014,2014-10-09,3711,2014-09-18,1339,6501,NA,4,5,7,3711,0,0,0,NA,0,813,ARNOLD AV,WIGHTMAN ST,0,NA,Y,A,-,N,NA,NA,NA,NA,NA,NA,NA,NA,NA,Y,4,0,1,2,A,-,09,21804,A,N,D,C,A,A,H,-,A,D,0,NA,NA,NA,NA,Y,NA,-,NA,0,0,1,0,0,0,0,0,0,-,-,NA,NA,SAN DIEGO,SAN DIEGO,-117.13680002,32.7475501
6647905,2014,2016-02-10,9645,2014-09-12,1650,019033,NA,5,2,7,3711,0,1,3,NA,2,014,RT 52,RT 15,50,W,N,A,-,Y,SD,11,52,-,-,7.3,H,-,E,Y,4,0,1,2,A,-,03,22350,NA,N,B,C,A,A,H,-,A,D,1,NA,NA,Y,NA,Y,NA,C,02,0,0,1,0,0,0,0,0,1,-,-,32.83722,-117.15161,SAN DIEGO,SAN DIEGO,-117.1215967,32.84167096
6648961,2014,2016-05-16,9680,2014-09-27,1510,017621,NA,6,2,5,3708,0,1,3,NA,2,028,RT 125,PANORAMA DR,200,N,N,A,-,Y,SD,11,125,-,-,13.87,H,-,S,Y,4,0,1,2,A,-,03,22350,NA,N,C,C,A,A,H,-,A,D,1,NA,NA,NA,NA,Y,NA,D,22,0,0,1,0,0,0,0,0,0,-,-,32.75711,-117.00765,SAN DIEGO,LA MESA,-117.00730643,32.7573133
6649053,2014,2016-05-21,9645,2014-09-12,1614,18587,NA,5,2,7,3711,0,1,3,NA,2,006,RT 94,RT 15,30,W,N,A,-,Y,SD,11,94,-,-,3.16,H,-,E,Y,4,0,1,2,A,-,07,21658,A,F,E,J,A,A,H,-,A,D,1,NA,NA,NA,NA,Y,NA,A,01,0,0,1,0,0,0,0,0,0,-,-,32.71619,-117.11857,SAN DIEGO,SAN DIEGO,-117.11813213,32.71631416
6650781,2014,2014-10-20,3702,2014-09-14,0113,CV0982,NA,7,5,6,3702,0,0,0,NA,0,011,E ST,WOODLAWN AV,400,W,N,A,-,N,NA,NA,NA,NA,NA,NA,NA,NA,NA,N,4,0,6,3,A,-,03,22350,NA,F,B,C,A,A,H,-,C,D,0,NA,NA,NA,NA,Y,Y,A,01,0,0,6,0,0,0,0,0,0,-,-,NA,NA,SAN DIEGO,CHULA VISTA,-117.09880834,32.63984306
6650848,2014,2014-10-23,3702,2014-09-19,0627,CV0881,NA,5,5,6,3702,0,0,0,NA,0,024,MAIN ST,HERITAGE,360,W,N,C,-,N,NA,NA,NA,NA,NA,NA,NA,NA,NA,Y,4,0,1,1,A,-,08,22107,NA,N,E,I,A,B,H,-,A,D,0,NA,NA,NA,NA,Y,NA,A,07,0,0,1,0,0,0,0,0,0,-,-,NA,NA,SAN DIEGO,CHULA VISTA,-117.00684256,32.5931562
6651107,2014,2014-10-10,3700,2014-09-26,0803,SH2505,NA,5,5,5,3712,0,0,0,NA,0,350,EAST MISSION RD,PICO AV,0,NA,Y,A,-,N,NA,NA,NA,NA,NA,NA,NA,NA,NA,Y,4,0,1,2,D,-,00,NA,NA,N,D,C,A,A,H,-,A,A,0,NA,NA,NA,NA,Y,NA,-,-,0,0,1,0,0,0,0,0,0,-,-,NA,NA,SAN DIEGO,SAN MARCOS,-117.16605003,33.14349011
6651272,2014,2014-10-29,3702,2014-08-28,1450,CV0996,NA,4,5,6,3702,0,0,0,NA,0,031,CREST DR,TELEGRAPH CANYON RD,0,NA,Y,A,-,N,NA,NA,NA,NA,NA,NA,NA,NA,NA,N,4,0,1,2,A,-,12,21453,A,F,D,C,A,A,H,-,A,A,0,NA,NA,NA,NA,Y,NA,-,99,0,0,1,0,0,0,0,0,0,-,-,NA,NA,SAN DIEGO,CHULA VISTA,-117.03669011,32.62802011
6656591,2014,2014-10-23,3711,2014-09-09,1207,5838,NA,2,5,7,3711,0,0,0,NA,0,821,EL CAJON BL,COLLEGE AV,0,NA,Y,A,-,N,NA,NA,NA,NA,NA,NA,NA,NA,NA,Y,4,0,2,2,A,-,12,21453,A,N,D,C,A,A,H,-,A,A,0,NA,NA,NA,NA,Y,NA,J,48,0,0,2,0,0,0,0,0,0,-,-,NA,NA,SAN DIEGO,SAN DIEGO,-117.06703001,32.76135001
6658049,2014,2014-10-21,3706,2014-09-28,0830,ES0398,NA,7,5,6,3706,0,0,0,NA,0,044,EAST VALLEY PKWY,MIDWAY DR,102,W,N,B,-,N,NA,NA,NA,NA,NA,NA,NA,NA,NA,Y,3,0,1,1,A,-,01,23152,A,N,F,I,A,A,H,-,A,A,0,NA,NA,NA,NA,Y,NA,A,01,0,1,0,0,0,0,0,0,0,-,-,NA,NA,SAN DIEGO,ESCONDIDO,-117.05210136,33.13737598