CASE_ID,ACCIDENT_YEAR,PROC_DATE,JURIS,COLLISION_DATE,COLLISION_TIME,OFFICER_ID,REPORTING_DISTRICT,DAY_OF_WEEK,CHP_SHIFT,POPULATION,CNTY_CITY_LOC,SPECIAL_COND,BEAT_TYPE,CHP_BEAT_TYPE,CITY_DIVISION_LAPD,CHP_BEAT_CLASS,BEAT_NUMBER,PRIMARY_RD,SECONDARY_RD,DISTANCE,DIRECTION,INTERSECTION,WEATHER_1,WEATHER_2,STATE_HWY_IND,CALTRANS_COUNTY,CALTRANS_DISTRICT,STATE_ROUTE,ROUTE_SUFFIX,POSTMILE_PREFIX,POSTMILE,LOCATION_TYPE,RAMP_INTERSECTION,SIDE_OF_HWY,TOW_AWAY,COLLISION_SEVERITY,NUMBER_KILLED,NUMBER_INJURED,PARTY_COUNT,PRIMARY_COLL_FACTOR,PCF_CODE_OF_VIOL,PCF_VIOL_CATEGORY,PCF_VIOLATION,PCF_VIOL_SUBSECTION,HIT_AND_RUN,TYPE_OF_COLLISION,MVIW,PED_ACTION,ROAD_SURFACE,ROAD_COND_1,ROAD_COND_2,LIGHTING,CONTROL_DEVICE,CHP_ROAD_TYPE,PEDESTRIAN_ACCIDENT,BICYCLE_ACCIDENT,MOTORCYCLE_ACCIDENT,TRUCK_ACCIDENT,NOT_PRIVATE_PROPERTY,ALCOHOL_INVOLVED,STWD_VEHTYPE_AT_FAULT,CHP_VEHTYPE_AT_FAULT,COUNT_SEVERE_INJ,COUNT_VISIBLE_INJ,COUNT_COMPLAINT_PAIN,COUNT_PED_KILLED,COUNT_PED_INJURED,COUNT_BICYCLIST_KILLED,COUNT_BICYCLIST_INJURED,COUNT_MC_KILLED,COUNT_MC_INJURED,PRIMARY_RAMP,SECONDARY_RAMP,LATITUDE,LONGITUDE,COUNTY,CITY,POINT_X,POINT_Y
6700966,2014,2014-12-04,9645,2014-10-23,2327,017139,NA,4,3,5,3709,0,1,1,NA,2,001,RT 5,CIVIC CENTER,185,N,N,A,-,Y,NA,NA,5,NA,NA,NA,NA,NA,NA,Y,3,0,2,2,A,-,03,22350,NA,F,C,C,A,A,H,-,C,D,0,NA,NA,NA,NA,Y,NA,A,01,0,1,1,0,0,0,0,0,0,-,-,32.67085,-117.11118,SAN DIEGO,NATIONAL CITY,-117.11119219,32.67085257
6700970,2014,2015-05-08,9645,2014-10-30,0151,13784,NA,4,3,7,3711,0,1,1,NA,2,010,RT 8,TEXAS ST,495,E,N,A,-,Y,SD,11,8,-,-,4.039,R,2,E,Y,1,1,0,1,A,-,08,22107,NA,N,F,A,A,A,H,-,D,D,1,NA,NA,Y,NA,Y,NA,C,02,0,0,0,0,0,0,0,1,0,-,-,32.76986,-117.13814,SAN DIEGO,SAN DIEGO,-117.13752653,32.7704238
6701041,2014,2015-01-08,3711,2014-11-06,1340,7103,SANDI,4,5,7,3711,0,0,0,NA,0,446,MARKET ST,EUCLID AV,330,W,N,A,-,N,NA,NA,NA,NA,NA,NA,NA,NA,NA,N,4,0,1,3,A,-,04,21703,NA,N,C,C,A,A,H,-,A,D,0,NA,NA,NA,NA,Y,NA,-,NA,0,0,1,0,0,0,0,0,0,-,-,NA,NA,SAN DIEGO,SAN DIEGO,-117.08609883,32.71048023
6701118,2014,2015-01-08,3711,2014-11-07,1647,6699,NA,5,5,7,3711,0,0,0,NA,0,833,LANDIS,44TH,68,W,N,A,-,N,NA,NA,NA,NA,NA,NA,NA,NA,NA,N,4,0,1,2,A,-,17,22517,NA,N,H,G,A,A,H,-,A,D,0,NA,Y,NA,NA,Y,NA,-,NA,0,0,1,0,0,0,1,0,0,-,-,NA,NA,SAN DIEGO,SAN DIEGO,-117.1000204,32.74586052
6701940,2014,2014-11-26,3706,2014-10-25,1621,ES0328,NA,6,5,6,3706,0,0,0,NA,0,042,FIG ST,VALLEY PKWY,0,NA,Y,A,-,N,NA,NA,NA,NA,NA,NA,NA,NA,NA,Y,4,0,1,2,A,-,12,21453,A,N,D,C,A,A,H,-,A,A,0,NA,NA,NA,NA,Y,NA,A,01,0,0,1,0,0,0,0,0,0,-,-,NA,NA,SAN DIEGO,ESCONDIDO,-117.07392002,33.12729008
6703016,2014,2015-01-08,9650,2014-11-05,1810,016026,NA,3,2,9,3700,0,2,4,NA,2,061,SOUTH MISSION RD,STAGE COACH LN,10,N,N,A,-,N,NA,NA,NA,NA,NA,NA,NA,NA,NA,Y,4,0,1,2,A,-,03,22350,NA,N,C,C,A,A,H,-,C,D,0,NA,NA,NA,NA,Y,NA,A,01,0,0,1,0,0,0,0,0,0,-,-,33.3496,-117.24437,SAN DIEGO,UNINCORPORATED,-117.2444319,33.34934551
6703558,2014,2015-01-08,9650,2014-11-06,1030,17012,NA,4,1,9,3700,0,1,1,NA,2,001,RT 5,SAN ONOFRE INSPECTION FACILITY,1056,S,N,A,-,Y,NA,NA,5,NA,NA,NA,NA,NA,NA,Y,4,0,1,3,A,-,03,22350,NA,N,C,C,A,A,H,-,A,D,0,NA,NA,NA,NA,Y,NA,A,01,0,0,1,0,0,0,0,0,0,-,-,33.37123,-117.55539,SAN DIEGO,UNINCORPORATED,-117.55517902,33.3716203
6704498,2014,2015-01-12,3711,2014-11-12,2007,5051,NA,3,5,7,3711,0,0,0,NA,0,438,VALLEY RD,REO DR,690,W,N,B,-,N,NA,NA,NA,NA,NA,NA,NA,NA,NA,N,3,0,1,2,A,-,03,22350,NA,N,C,E,A,A,H,-,D,D,0,NA,Y,NA,NA,Y,Y,L,04,0,1,0,0,0,0,1,0,0,-,-,NA,NA,SAN DIEGO,SAN DIEGO,-117.06366925,32.6632368
6705512,2014,2015-01-07,3711,2014-11-03,2322,5051,NA,1,5,7,3711,0,0,0,NA,0,712,SAN YSIDRO BL,BORDER VILLAGE RD,149,N,N,A,-,N,NA,NA,NA,NA,NA,NA,NA,NA,NA,Y,3,0,1,1,A,-,08,22107,NA,N,E,I,A,A,H,-,C,D,0,NA,NA,NA,NA,Y,NA,A,01,0,1,0,0,0,0,0,0,0,-,-,NA,NA,SAN DIEGO,SAN DIEGO,-117.03936294,32.55140555
6705519,2014,2015-01-08,3711,2014-11-01,0216,6513,NA,6,5,7,3711,0,0,0,NA,0,521,11TH AV,F ST,85,N,N,B,-,N,NA,NA,NA,NA,NA,NA,NA,NA,NA,Y,3,0,1,2,A,-,11,21954,A,N,G,B,D,A,H,-,C,D,0,Y,NA,NA,NA,Y,Y,N,60,0,1,0,0,1,0,0,0,0,-,-,NA,NA,SAN DIEGO,SAN DIEGO,-117.15469,32.71387285
6707130,2014,2015-01-07,3710,2014-11-03,0721,OC1311,NA,1,5,6,3710,0,0,0,NA,0,026,GOLFERS DR,RANCHO DEL ORO,75,W,N,A,-,N,NA,NA,NA,NA,NA,NA,NA,NA,NA,Y,3,0,1,2,A,-,08,22107,NA,N,C,E,A,A,H,-,A,D,0,NA,NA,NA,NA,Y,NA,A,01,0,1,0,0,0,0,0,0,0,-,-,NA,NA,SAN DIEGO,OCEANSIDE,-117.31042423,33.18477887
6708405,2014,2015-01-07,3706,2014-11-05,1448,ES0200,NA,3,5,6,3706,0,0,0,NA,0,042,ESCONDIDO BL,WOODWARD AV,0,NA,Y,A,-,N,NA,NA,NA,NA,NA,NA,NA,NA,NA,N,3,0,1,2,D,-,00,NA,NA,N,G,B,B,A,H,-,A,A,0,Y,NA,NA,NA,Y,Y,-,-,0,1,0,0,1,0,0,0,0,-,-,NA,NA,SAN DIEGO,ESCONDIDO,-117.08725013,33.12462012
6708418,2014,2016-02-23,3710,2014-11-05,1529,OC1406,NA,3,5,6,3710,0,0,0,NA,0,025,OCEANSIDE,RANCHO DEL ORO,0,NA,Y,A,-,N,NA,NA,NA,NA,NA,NA,NA,NA,NA,N,4,0,1,2,A,-,03,22350,NA,N,C,C,A,A,H,-,A,A,0,NA,NA,NA,NA,Y,NA,A,01,0,0,1,0,0,0,0,0,0,-,-,NA,NA,SAN DIEGO,OCEANSIDE,-117.31102004,33.20320004
6708624,2014,2015-01-08,3711,2014-11-09,1021,4885,NA,7,5,7,3711,0,0,0,NA,0,234,BERNARDO CENTER DR,LOMICA DR,0,NA,Y,A,-,N,NA,NA,NA,NA,NA,NA,NA,NA,NA,Y,3,0,4,2,A,-,12,21453,A,N,D,D,A,A,H,-,A,A,0,NA,NA,NA,NA,Y,NA,A,01,0,1,3,0,0,0,0,0,0,-,-,NA,NA,SAN DIEGO,SAN DIEGO,-117.07610009,33.0170401
6709617,2014,2014-11-26,9650,2014-10-24,1826,016485,NA,5,2,9,3700,0,1,1,NA,2,021,RT 15,LILAC RD,400,N,N,A,-,Y,NA,NA,15,NA,NA,NA,NA,NA,NA,N,4,0,1,3,A,-,03,22350,NA,N,C,C,A,A,H,-,B,D,0,NA,NA,NA,NA,Y,NA,A,07,0,0,1,0,0,0,0,0,0,-,-,33.30504,-117.15003,SAN DIEGO,UNINCORPORATED,-117.1500814,33.30503723
6710027,2014,2015-01-07,9680,2014-11-03,1655,019870,NA,1,2,9,3700,0,1,3,NA,2,028,RT 125,JAMACHA BL,1056,S,N,A,-,Y,NA,NA,125,NA,NA,NA,NA,NA,NA,Y,4,0,1,1,A,-,08,22107,NA,N,E,I,A,A,H,-,B,D,0,NA,NA,NA,NA,Y,NA,A,01,0,0,1,0,0,0,0,0,0,-,-,32.69934,-117.01162,SAN DIEGO,UNINCORPORATED,-117.01158496,32.69932482
6710909,2014,2015-01-07,3711,2014-11-17,0530,6493,NA,1,5,7,3711,0,0,0,NA,0,313,CLAIREMONT MESA BL,COMPLEX ST,0,NA,Y,A,-,N,NA,NA,NA,NA,NA,NA,NA,NA,NA,N,4,0,1,2,A,-,12,21453,A,N,-,A,A,A,H,-,C,-,0,NA,NA,NA,NA,Y,NA,A,07,0,0,1,0,0,0,0,0,0,-,-,NA,NA,SAN DIEGO,SAN DIEGO,-117.13474009,32.83149008
6711561,2014,2015-01-09,3706,2014-11-14,0557,ES0264,NA,5,5,6,3706,0,0,0,NA,0,041,BROADWAY,EL NORTE PKWY,360,S,N,B,-,N,NA,NA,NA,NA,NA,NA,NA,NA,NA,Y,3,0,1,2,A,-,09,21801,A,N,H,A,A,-,H,-,B,D,0,NA,NA,Y,NA,Y,NA,A,01,0,1,0,0,0,0,0,0,1,-,-,NA,NA,SAN DIEGO,ESCONDIDO,-117.08909297,33.13884531
6711583,2014,2015-01-09,9645,2014-11-07,1844,017953,NA,5,2,7,3711,0,1,1,NA,2,007,RT 5,CARMEL MOUNTAIN RD,2110,S,N,A,-,Y,NA,NA,5,NA,NA,NA,NA,NA,NA,Y,4,0,2,3,A,-,03,22350,NA,N,C,C,A,A,H,-,D,D,0,NA,NA,NA,NA,Y,NA,A,01,0,0,2,0,0,0,0,0,0,-,-,32.91345,-117.22971,SAN DIEGO,SAN DIEGO,-117.22985911,32.91336943
6711684,2014,2015-01-12,9645,2014-11-12,1754,015001,NA,3,2,7,3711,0,1,1,NA,2,019,RT 15,BERNARDO CENTER DR,1584,S,N,B,-,Y,NA,NA,15,NA,NA,NA,NA,NA,NA,Y,3,0,1,3,A,-,03,22350,NA,N,C,C,A,A,H,-,D,D,0,NA,NA,NA,NA,Y,NA,A,07,0,1,0,0,0,0,0,0,0,-,-,33.00538,-117.08053,SAN DIEGO,SAN DIEGO,-117.0805734,33.00539002
6713573,2014,2014-12-24,3702,2014-10-16,2114,CV0991,NA,4,5,6,3702,0,0,0,NA,0,032,EAST H ST,AUBURN AV,0,NA,Y,A,-,N,NA,NA,NA,NA,NA,NA,NA,NA,NA,Y,4,0,1,3,A,-,01,23152,A,N,D,C,A,A,H,-,C,A,0,NA,NA,NA,NA,Y,Y,A,01,0,0,1,0,0,0,0,0,0,-,-,NA,NA,SAN DIEGO,CHULA VISTA,-116.99289007,32.64646003
6716890,2014,2015-01-12,9645,2014-11-11,1415,018950,NA,2,2,9,3700,0,3,5,NA,2,018,OTAY LAKES RD,MILE POST MARKER 5,1056,E,N,A,-,N,NA,NA,NA,NA,NA,NA,NA,NA,NA,N,3,0,1,1,A,-,03,22350,NA,N,F,A,A,A,H,-,A,D,0,NA,NA,Y,NA,Y,NA,C,02,0,1,0,0,0,0,0,0,1,-,-,32.64576,-116.93225,SAN DIEGO,UNINCORPORATED,NA,NA
6716926,2014,2015-01-09,3702,2014-11-05,1022,CV1101,NA,3,5,6,3702,0,0,0,NA,0,023,TELEGRAPH CANYON RD,MEDICAL CENTER DR,1851,W,N,A,-,N,NA,NA,NA,NA,NA,NA,NA,NA,NA,Y,4,0,1,2,A,-,03,22350,NA,N,C,C,A,A,H,-,B,D,0,NA,NA,NA,NA,Y,NA,A,01,0,0,1,0,0,0,0,0,0,-,-,NA,NA,SAN DIEGO,CHULA VISTA,-117.03134418,32.62618487
6716929,2014,2015-01-09,3702,2014-11-05,1000,CV1122,NA,3,5,6,3702,0,0,0,NA,0,023,3RD AV,NAPLES ST,144,S,N,A,-,N,NA,NA,NA,NA,NA,NA,NA,NA,NA,N,3,0,3,2,A,-,03,22350,NA,N,C,C,A,A,H,-,A,D,0,NA,NA,NA,NA,Y,NA,A,01,0,1,2,0,0,0,0,0,0,-,-,NA,NA,SAN DIEGO,CHULA VISTA,-117.06894222,32.61330593
6718137,2014,2015-03-11,9650,2014-08-21,2255,18386,NA,4,3,6,3710,0,1,3,NA,2,015,RT 78,EL CAMINIO REAL,4224,E,N,A,-,Y,SD,11,78,-,-,2.36,H,-,E,Y,1,3,5,1,A,-,08,22107,NA,N,E,I,A,A,H,-,D,D,1,NA,NA,NA,NA,Y,NA,A,01,1,3,1,0,0,0,0,0,0,-,-,33.17985,-117.31163,SAN DIEGO,OCEANSIDE,-117.31248195,33.17996692
6718278,2014,2015-12-18,9650,2014-12-13,0048,18296,NA,6,3,5,3712,0,1,3,NA,2,019,RT 78,LAS POSAS RD,294,E,N,B,C,Y,SD,11,78,-,-,11.145,R,2,E,Y,1,1,0,1,A,-,01,23152,A,N,E,I,A,B,H,-,C,D,1,NA,NA,NA,NA,Y,Y,A,08,0,0,0,0,0,0,0,0,0,TO,-,33.14299,-117.14299,SAN DIEGO,SAN MARCOS,-117.19181154,33.14445171
6718425,2014,2014-12-05,3702,2014-07-03,0537,CV0974,NA,4,5,6,3702,0,0,0,NA,0,031,EAST H ST,REGULO PL,12,W,N,B,-,N,NA,NA,NA,NA,NA,NA,NA,NA,NA,Y,1,1,1,2,A,-,12,22450,A,N,C,C,A,A,H,-,B,A,0,NA,NA,Y,NA,Y,NA,A,01,0,0,1,0,0,0,0,1,0,-,-,NA,NA,SAN DIEGO,CHULA VISTA,-117.00820219,32.63984161
6718582,2017,2019-04-08,3705,2017-04-02,1549,EC0295,NA,7,5,5,3705,0,0,0,NA,0,009,JAMACHA,SHADOW VISTA,189,S,N,A,-,N,NA,NA,NA,NA,NA,NA,NA,NA,NA,Y,1,1,3,3,A,-,03,22350,NA,N,B,D,A,A,H,-,A,B,0,NA,NA,Y,NA,Y,NA,C,02,0,0,3,0,0,0,0,1,0,-,-,NA,NA,SAN DIEGO,EL CAJON,-116.92747593,32.78007627
6718589,2017,2018-02-16,3700,2017-07-07,1048,SH0021,NA,5,5,5,3713,0,0,0,NA,0,302,EAST BOBIER DR,CALLE JULES,266,W,N,A,-,N,NA,NA,NA,NA,NA,NA,NA,NA,NA,Y,1,1,0,2,A,-,11,21954,A,N,G,B,D,A,H,-,A,D,0,Y,NA,NA,NA,Y,NA,N,60,0,0,0,1,0,0,0,0,0,-,-,NA,NA,SAN DIEGO,VISTA,-117.23022163,33.21715
6718886,2014,2015-01-09,9680,2014-11-04,1545,019519,NA,2,2,9,3700,0,2,4,NA,1,029,SWEETWATER SPRINGS BL,DEL RIO AV,149,N,N,A,-,N,NA,NA,NA,NA,NA,NA,NA,NA,NA,N,3,0,1,2,A,-,09,21804,A,N,H,G,A,A,H,-,A,D,0,NA,Y,NA,NA,Y,NA,A,01,0,1,0,0,0,0,1,0,0,-,-,32.74296,-116.97242,SAN DIEGO,UNINCORPORATED,-116.97256115,32.74279665
6721323,2014,2015-01-12,9650,2014-11-12,1832,15446,NA,3,2,6,3706,0,1,1,NA,2,021,RT 15,EL NORTE PKWY,500,S,N,A,-,Y,NA,NA,15,NA,NA,NA,NA,NA,NA,Y,4,0,2,2,A,-,03,22350,NA,N,C,C,A,A,H,-,D,D,0,NA,NA,NA,NA,Y,NA,A,01,0,0,2,0,0,0,0,0,0,TO,-,33.14328,-117.10429,SAN DIEGO,ESCONDIDO,-117.10450568,33.14329052
6722984,2014,2015-02-02,9645,2014-12-01,1455,017297,NA,1,2,7,3711,0,1,1,NA,2,010,RT 8,MISSION CENTER DR,528,E,N,A,-,Y,NA,NA,8,NA,NA,NA,NA,NA,NA,Y,3,0,1,2,A,-,03,22350,NA,N,C,C,A,A,H,-,A,D,0,NA,NA,NA,NA,Y,NA,D,22,0,1,0,0,0,0,0,0,0,-,-,32.76574,-117.15155,SAN DIEGO,SAN DIEGO,-117.15156423,32.76579761
6724454,2014,2014-12-24,3700,2014-05-23,1235,SH1908,NA,5,5,5,3781,0,0,0,NA,0,519,MISSION GORGE RD,MAGNOLIA AV,0,NA,Y,A,-,N,NA,NA,NA,NA,NA,NA,NA,NA,NA,N,3,0,1,2,A,-,21,22106,NA,N,G,B,B,A,H,-,A,A,0,Y,NA,NA,NA,Y,NA,D,22,0,1,0,0,1,0,0,0,0,-,-,NA,NA,SAN DIEGO,SANTEE,-116.96723005,32.83840006
6725478,2014,2015-01-12,9680,2014-11-14,1815,19910,NA,5,2,9,3700,0,2,4,NA,1,026,JAMACHA BL,SWEETWATER RD,15,E,N,A,-,Y,NA,NA,NA,NA,NA,NA,NA,NA,NA,N,4,0,1,2,A,-,17,21451,A,N,G,B,B,A,H,-,C,A,0,Y,NA,NA,NA,Y,NA,A,01,0,0,1,0,1,0,0,0,0,-,-,32.70517,-117.01009,SAN DIEGO,UNINCORPORATED,-117.01019818,32.70518105
6727793,2014,2015-01-14,3700,2014-11-14,1652,SH1725,NA,5,5,5,3712,0,0,0,NA,0,356,LAS POSAS RD,RT 78,0,NA,Y,B,-,Y,NA,NA,NA,NA,NA,NA,NA,NA,NA,N,4,0,2,3,A,-,09,21453,C,N,D,C,B,A,H,-,B,A,0,Y,NA,NA,NA,Y,NA,A,01,0,0,2,0,1,0,0,0,0,-,-,NA,NA,SAN DIEGO,SAN MARCOS,-117.19122012,33.14399005
6727989,2014,2015-01-14,3711,2014-11-30,1813,7097,NA,7,5,7,3711,0,0,0,NA,0,721,PALM AV,RT 5,0,NA,Y,A,-,Y,NA,NA,NA,NA,NA,NA,NA,NA,NA,N,4,0,1,2,A,-,10,21950,A,N,G,B,B,A,H,-,C,A,0,Y,NA,NA,NA,Y,NA,-,NA,0,0,1,0,1,0,0,0,0,-,SF,NA,NA,SAN DIEGO,SAN DIEGO,-117.08753009,32.58391004
6728473,2014,2015-01-16,3710,2014-11-24,2332,OC1177,NA,1,5,6,3710,0,0,0,NA,0,009,TREMONT,VISTA,30,S,N,A,-,N,NA,NA,NA,NA,NA,NA,NA,NA,NA,Y,3,0,1,2,A,-,01,23152,A,M,C,E,A,A,H,-,C,D,0,NA,NA,NA,NA,Y,Y,A,01,0,1,0,0,0,0,0,0,0,-,-,NA,NA,SAN DIEGO,OCEANSIDE,-117.36027213,33.17156376
6728820,2014,2015-01-30,3711,2014-12-01,1359,5985,NA,1,5,7,3711,0,0,0,NA,0,311,AERO DR,RUFFIN RD,27,E,N,B,-,N,NA,NA,NA,NA,NA,NA,NA,NA,NA,N,4,0,1,2,A,-,03,22350,NA,N,C,C,A,A,H,-,A,A,0,NA,NA,NA,NA,Y,NA,D,22,0,0,1,0,0,0,0,0,0,-,-,NA,NA,SAN DIEGO,SAN DIEGO,-117.12965309,32.80987085
6731570,2014,2015-01-29,3706,2014-12-04,1234,ES0223,NA,4,5,6,3706,0,0,0,NA,0,044,LINCOLN AV,ROSE ST,0,NA,Y,B,-,N,NA,NA,NA,NA,NA,NA,NA,NA,NA,Y,4,0,2,2,A,-,12,21453,A,N,D,C,A,A,H,-,A,A,0,NA,NA,NA,NA,Y,NA,A,01,0,0,2,0,0,0,0,0,0,-,-,NA,NA,SAN DIEGO,ESCONDIDO,-117.06590005,33.14320001
6731681,2014,2015-01-30,3711,2014-12-05,1657,6146,NA,5,5,7,3711,0,0,0,NA,0,243,MIRAMAR RD,MIRAMAR RD 8600,37,S,N,A,-,N,NA,NA,NA,NA,NA,NA,NA,NA,NA,Y,3,0,2,3,A,-,09,21804,A,N,D,C,A,A,H,-,C,D,0,NA,NA,NA,NA,Y,NA,A,01,0,1,1,0,0,0,0,0,0,-,-,NA,NA,SAN DIEGO,SAN DIEGO,NA,NA
6731705,2014,2015-01-30,3711,2014-12-04,2052,6176,NA,4,5,7,3711,0,0,0,NA,0,438,ALBEMARLE ST,SEA BREEZE DR,9,W,N,A,-,N,NA,NA,NA,NA,NA,NA,NA,NA,NA,Y,4,0,3,2,A,-,09,21802,A,N,D,C,A,A,H,-,C,D,0,NA,NA,NA,NA,Y,NA,A,01,0,0,3,0,0,0,0,0,0,-,-,NA,NA,SAN DIEGO,SAN DIEGO,-117.06233771,32.67779236
6731806,2014,2015-01-22,3711,2014-11-28,1330,7014,NA,5,5,7,3711,0,0,0,NA,0,712,CAMINO DE LA PLAZA,WILLOW RD,0,NA,Y,A,-,N,NA,NA,NA,NA,NA,NA,NA,NA,NA,Y,4,0,2,3,A,-,02,22526,A,N,D,C,A,A,H,-,A,A,0,NA,NA,NA,NA,Y,NA,-,NA,0,0,2,0,0,0,0,0,0,-,-,NA,NA,SAN DIEGO,SAN DIEGO,-117.04260012,32.54543008
6731842,2014,2015-01-29,3711,2014-12-10,1300,7065,NA,3,5,7,3711,0,0,0,NA,0,825,FAIRMOUNT AV,ALVARADO CYN RD,96,S,N,A,-,N,NA,NA,NA,NA,NA,NA,NA,NA,NA,N,4,0,1,2,A,-,08,22107,NA,N,D,G,A,A,H,-,A,D,0,NA,Y,NA,NA,Y,NA,L,04,0,0,1,0,0,0,1,0,0,-,-,NA,NA,SAN DIEGO,SAN DIEGO,-117.10161981,32.77994903
6731849,2014,2015-01-30,3711,2014-12-09,0818,7103,NA,2,5,7,3711,0,0,0,NA,0,521,MARKET ST,7TH AV,0,NA,Y,A,-,N,NA,NA,NA,NA,NA,NA,NA,NA,NA,Y,4,0,2,2,A,-,12,21453,A,N,D,C,A,A,H,-,A,A,0,NA,NA,NA,NA,Y,NA,A,01,0,0,2,0,0,0,0,0,0,-,-,NA,NA,SAN DIEGO,SAN DIEGO,-117.1583301,32.71151006
6731902,2014,2015-01-29,3711,2014-12-08,1728,7169,NA,1,5,7,3711,0,0,0,NA,0,824,EL CAJON BL,ALTADENA AV,24,E,N,A,-,N,NA,NA,NA,NA,NA,NA,NA,NA,NA,N,3,0,1,2,A,-,10,21950,A,N,B,B,D,A,H,-,C,D,0,Y,NA,NA,NA,Y,Y,A,01,0,1,0,0,1,0,0,0,0,-,-,NA,NA,SAN DIEGO,SAN DIEGO,-117.08567312,32.75696006
6731949,2014,2015-01-22,3702,2014-11-19,0508,CV1100,NA,3,5,6,3702,0,0,0,NA,0,012,BROADWAY,F ST,500,S,N,A,-,N,NA,NA,NA,NA,NA,NA,NA,NA,NA,Y,3,0,1,4,A,-,08,22107,NA,N,C,E,A,A,H,-,C,D,0,NA,NA,NA,NA,Y,NA,A,01,0,1,0,0,0,0,0,0,0,-,-,NA,NA,SAN DIEGO,CHULA VISTA,-117.09165412,32.63654188
6731978,2014,2015-01-23,3702,2014-11-23,2114,CV1110,NA,7,5,6,3702,0,0,0,NA,0,031,EAST H ST,PASEO DEL REY BL,618,W,N,A,-,N,NA,NA,NA,NA,NA,NA,NA,NA,NA,Y,3,0,4,1,A,-,08,22107,NA,N,E,I,A,A,H,-,C,D,0,NA,NA,NA,NA,Y,NA,A,01,0,2,2,0,0,0,0,0,0,-,-,NA,NA,SAN DIEGO,CHULA VISTA,-117.03730005,32.63818342
6732682,2014,2015-01-05,3700,2014-10-08,1121,SH7406,NA,3,5,4,3780,0,0,0,NA,0,411,POWAY RD,GATE DR,165,W,N,A,-,N,NA,NA,NA,NA,NA,NA,NA,NA,NA,Y,4,0,1,4,A,-,03,22350,NA,N,C,D,A,A,D,-,A,D,0,NA,NA,NA,NA,Y,NA,A,01,0,0,1,0,0,0,0,0,0,-,-,NA,NA,SAN DIEGO,POWAY,-117.03443599,32.95643654
6732712,2014,2015-02-17,3711,2014-12-03,0809,6798,NA,3,5,7,3711,0,0,0,NA,0,441,SOUTH  43RD ST,BETA ST,20,S,N,C,-,N,NA,NA,NA,NA,NA,NA,NA,NA,NA,N,4,0,1,2,A,-,09,21801,A,N,C,A,A,B,D,-,A,D,0,NA,NA,NA,NA,Y,NA,-,NA,0,0,1,0,0,0,0,0,0,-,-,NA,NA,SAN DIEGO,SAN DIEGO,-117.10245066,32.69058522
6736521,2014,2014-12-29,3700,2014-04-14,1235,SH7710,NA,1,5,5,3781,0,0,0,NA,0,518,PROSPECT AV,PATHWAY ST,197,E,N,A,-,N,NA,NA,NA,NA,NA,NA,NA,NA,NA,Y,2,0,1,4,A,-,08,22107,NA,N,C,E,A,A,H,-,A,D,0,NA,NA,Y,NA,Y,NA,A,01,1,0,0,0,0,0,0,0,0,-,-,NA,NA,SAN DIEGO,SANTEE,-116.98703705,32.83190743
6737043,2014,2015-02-17,9645,2014-12-03,1705,017804,NA,3,2,7,3711,0,1,1,NA,2,003,RT 5,B ST,300,N,N,C,-,Y,NA,NA,5,NA,NA,NA,NA,NA,NA,Y,4,0,1,3,A,-,03,22350,NA,N,C,C,A,B,H,-,C,D,0,NA,NA,NA,NA,Y,NA,D,22,0,0,1,0,0,0,0,0,0,-,-,32.71886,-117.14802,SAN DIEGO,SAN DIEGO,-117.14792974,32.71887064
6737103,2014,2015-01-30,9645,2014-12-09,1523,015001,NA,2,2,7,3711,0,1,3,NA,2,020,RT 56,RANCHO PENASQUITOS BL,2112,W,N,A,-,Y,NA,NA,56,NA,NA,NA,NA,NA,NA,Y,4,0,1,2,A,-,03,22350,NA,N,C,C,A,A,H,-,A,D,0,NA,NA,NA,NA,Y,NA,D,22,0,0,1,0,0,0,0,0,0,-,-,32.95616,-117.11914,SAN DIEGO,SAN DIEGO,-117.11922025,32.9564664
6737150,2014,2015-01-23,9650,2014-11-30,2050,15446,NA,7,2,9,3700,0,3,5,NA,2,231,BEAR VALLEY PKWY,BOYLE AV,38,S,N,A,-,N,NA,NA,NA,NA,NA,NA,NA,NA,NA,Y,4,0,3,2,A,-,05,21460,A,N,A,C,A,A,H,-,C,A,0,NA,NA,NA,NA,Y,NA,A,01,0,0,3,0,0,0,0,0,0,-,-,33.12189,-117.04808,SAN DIEGO,UNINCORPORATED,-117.04789238,33.12218571
6737255,2014,2015-02-02,9645,2014-12-09,0845,012503,NA,2,1,7,3711,0,1,1,NA,2,017,RT 15,POWAY RD,850,S,N,A,-,Y,NA,NA,15,NA,NA,NA,NA,NA,NA,Y,4,0,1,2,A,-,07,21658,A,N,C,C,A,A,H,-,A,D,0,NA,NA,NA,NA,Y,NA,A,01,0,0,1,0,0,0,0,0,0,-,-,32.93406,-117.11247,SAN DIEGO,SAN DIEGO,-117.11234797,32.93402325
6737912,2014,2015-01-29,3711,2014-12-01,1655,4527,NA,1,5,7,3711,0,0,0,NA,0,521,IMPERIAL,IMPERIAL 1700,216,E,N,A,-,N,NA,NA,NA,NA,NA,NA,NA,NA,NA,N,4,0,1,2,A,-,10,21950,A,N,D,B,D,A,H,-,C,D,0,Y,NA,NA,NA,Y,Y,N,60,0,0,1,0,1,0,0,0,0,-,-,NA,NA,SAN DIEGO,SAN DIEGO,NA,NA
6738387,2014,2016-02-23,3708,2014-11-14,1549,LM1117,NA,5,5,5,3708,0,0,0,NA,0,004,MEADOWCREST DR,DALLAS ST,226,N,N,A,-,N,NA,NA,NA,NA,NA,NA,NA,NA,NA,Y,4,0,1,2,A,-,08,22107,NA,N,B,C,A,A,H,-,A,D,0,NA,NA,NA,NA,Y,NA,A,01,0,0,1,0,0,0,0,0,0,-,-,NA,NA,SAN DIEGO,LA MESA,-117.00433181,32.7927279
6738683,2014,2015-01-29,3711,2014-12-06,0036,6153,NA,6,5,7,3711,0,0,0,NA,0,111,GENESEE AV,CLAIREMONT MESA BL,0,NA,Y,A,-,N,NA,NA,NA,NA,NA,NA,NA,NA,NA,Y,3,0,1,2,A,-,08,22107,NA,N,D,C,A,A,H,-,C,A,0,NA,NA,Y,NA,Y,NA,-,NA,0,1,0,0,0,0,0,0,1,-,-,NA,NA,SAN DIEGO,SAN DIEGO,-117.19490002,32.83449003