CASE_ID,ACCIDENT_YEAR,PROC_DATE,JURIS,COLLISION_DATE,COLLISION_TIME,OFFICER_ID,REPORTING_DISTRICT,DAY_OF_WEEK,CHP_SHIFT,POPULATION,CNTY_CITY_LOC,SPECIAL_COND,BEAT_TYPE,CHP_BEAT_TYPE,CITY_DIVISION_LAPD,CHP_BEAT_CLASS,BEAT_NUMBER,PRIMARY_RD,SECONDARY_RD,DISTANCE,DIRECTION,INTERSECTION,WEATHER_1,WEATHER_2,STATE_HWY_IND,CALTRANS_COUNTY,CALTRANS_DISTRICT,STATE_ROUTE,ROUTE_SUFFIX,POSTMILE_PREFIX,POSTMILE,LOCATION_TYPE,RAMP_INTERSECTION,SIDE_OF_HWY,TOW_AWAY,COLLISION_SEVERITY,NUMBER_KILLED,NUMBER_INJURED,PARTY_COUNT,PRIMARY_COLL_FACTOR,PCF_CODE_OF_VIOL,PCF_VIOL_CATEGORY,PCF_VIOLATION,PCF_VIOL_SUBSECTION,HIT_AND_RUN,TYPE_OF_COLLISION,MVIW,PED_ACTION,ROAD_SURFACE,ROAD_COND_1,ROAD_COND_2,LIGHTING,CONTROL_DEVICE,CHP_ROAD_TYPE,PEDESTRIAN_ACCIDENT,BICYCLE_ACCIDENT,MOTORCYCLE_ACCIDENT,TRUCK_ACCIDENT,NOT_PRIVATE_PROPERTY,ALCOHOL_INVOLVED,STWD_VEHTYPE_AT_FAULT,CHP_VEHTYPE_AT_FAULT,COUNT_SEVERE_INJ,COUNT_VISIBLE_INJ,COUNT_COMPLAINT_PAIN,COUNT_PED_KILLED,COUNT_PED_INJURED,COUNT_BICYCLIST_KILLED,COUNT_BICYCLIST_INJURED,COUNT_MC_KILLED,COUNT_MC_INJURED,PRIMARY_RAMP,SECONDARY_RAMP,LATITUDE,LONGITUDE,COUNTY,CITY,POINT_X,POINT_Y
6742333,2014,2015-02-06,9645,2014-12-10,1555,014565,NA,3,2,7,3711,0,1,1,NA,2,007,RT 5,VIA DE LA VALLE,2640,S,N,A,-,Y,NA,NA,5,NA,NA,NA,NA,NA,NA,N,4,0,1,2,A,-,03,22350,NA,N,C,C,A,A,H,-,A,D,0,NA,NA,NA,NA,Y,NA,A,01,0,0,1,0,0,0,0,0,0,-,-,32.97126,-117.24983,SAN DIEGO,SAN DIEGO,-117.24971991,32.97130188
6742777,2014,2015-02-02,9680,2014-12-03,0855,017996,NA,3,1,9,3700,0,1,3,NA,2,016,RT 67,WINTER GARDENS BL,25,N,N,C,-,Y,NA,NA,67,NA,NA,NA,NA,NA,NA,Y,2,0,1,1,A,-,08,22107,NA,N,E,I,A,B,H,-,A,D,0,NA,NA,NA,NA,Y,NA,D,22,1,0,0,0,0,0,0,0,0,FR,-,32.85837,-116.93251,SAN DIEGO,UNINCORPORATED,-116.93245373,32.85818624
6745276,2014,2016-02-24,3708,2014-10-17,1255,LM1252,NA,5,5,5,3708,0,0,0,NA,0,001,JESSIE AV,EL CAJON BL,2,S,N,A,-,N,NA,NA,NA,NA,NA,NA,NA,NA,NA,N,4,0,1,2,A,-,10,21950,A,N,G,B,B,A,H,-,A,-,0,Y,NA,NA,NA,Y,NA,A,01,0,0,1,0,1,0,0,0,0,-,-,NA,NA,SAN DIEGO,LA MESA,-117.03762984,32.76858452
6747839,2014,2015-01-22,3706,2014-11-27,0020,ES0466,NA,4,5,6,3706,0,0,0,NA,0,056,BEAR VALLEY PKWY,BOYLE AV,0,NA,Y,A,-,N,NA,NA,NA,NA,NA,NA,NA,NA,NA,Y,3,0,2,2,A,-,09,21802,A,N,D,C,A,A,H,-,C,D,0,NA,NA,NA,NA,Y,NA,A,01,0,1,1,0,0,0,0,0,0,-,-,NA,NA,SAN DIEGO,ESCONDIDO,-117.04784004,33.12228009
6749070,2014,2015-01-30,3711,2014-12-13,0214,7123,NA,6,5,7,3711,0,0,0,NA,0,933,MANGO DR,DEL MAR HEIGHTS,0,NA,Y,C,-,N,NA,NA,NA,NA,NA,NA,NA,NA,NA,N,4,0,1,2,D,-,00,NA,NA,M,G,B,B,B,H,-,C,A,0,Y,NA,NA,NA,Y,NA,-,-,0,0,1,0,1,0,0,0,0,-,-,NA,NA,SAN DIEGO,SAN DIEGO,-117.24742005,32.94873012
6749550,2014,2016-06-16,9680,2014-11-19,1130,016139,NA,3,1,5,3708,0,1,1,NA,2,082,RT 8,LA MESA BL,50,E,N,A,-,Y,SD,11,8,-,-,12.2,H,-,W,Y,3,0,2,3,A,-,07,21658,A,N,B,C,A,A,H,-,A,D,1,NA,NA,NA,NA,Y,NA,A,01,0,1,1,0,0,0,0,0,0,-,-,32.77727,-117.00517,SAN DIEGO,LA MESA,-117.00429064,32.77746282
6750334,2014,2015-01-29,3711,2014-12-20,1600,6863,NA,6,5,7,3711,0,0,0,NA,0,935,VIA DE LA VALLE,EL CAMINIO REAL,72,E,N,B,-,N,NA,NA,NA,NA,NA,NA,NA,NA,NA,N,3,0,1,2,A,-,-,NA,NA,M,H,G,A,A,H,-,A,D,0,NA,Y,NA,NA,Y,NA,-,-,0,1,0,0,0,0,1,0,0,-,-,NA,NA,SAN DIEGO,SAN DIEGO,-117.23024977,32.98275542
6750386,2014,2015-01-29,3711,2014-12-16,0920,6784,NA,2,5,7,3711,0,0,0,NA,0,524,WEST BROADWAY,W BROADWAY 400,20,S,N,A,-,N,NA,NA,NA,NA,NA,NA,NA,NA,NA,N,4,0,1,2,A,-,08,22107,NA,N,E,I,A,A,H,-,A,D,0,NA,Y,NA,NA,Y,NA,L,04,0,0,1,0,0,0,0,0,0,-,-,NA,NA,SAN DIEGO,SAN DIEGO,NA,NA
6750795,2014,2015-02-09,9650,2014-12-17,0430,020422,NA,3,3,6,3706,0,1,1,NA,2,023,RT 15,EL NORTE,1056,S,N,C,-,Y,NA,NA,15,NA,NA,NA,NA,NA,NA,Y,3,0,1,2,A,-,01,23152,A,N,E,C,A,B,H,-,D,D,0,NA,NA,NA,NA,Y,Y,D,22,0,1,0,0,0,0,0,0,0,-,-,33.13443,-117.10487,SAN DIEGO,ESCONDIDO,-117.10498373,33.13443529
6751589,2014,2015-02-10,3706,2014-12-22,1640,ES0455,NA,1,5,6,3706,0,0,0,NA,0,044,EAST VALLEY PKWY,HARDING ST,80,W,N,A,-,N,NA,NA,NA,NA,NA,NA,NA,NA,NA,Y,3,0,1,2,A,-,03,22350,NA,N,C,C,A,A,H,-,A,D,0,NA,NA,NA,NA,Y,NA,A,01,0,1,0,0,0,0,0,0,0,-,-,NA,NA,SAN DIEGO,ESCONDIDO,-117.06379927,33.13196607
6752474,2014,2015-02-05,3701,2014-12-11,2140,5429,102,4,5,5,3701,0,0,0,NA,0,007,LA COSTA AV,SAXONY RD,0,NA,Y,B,-,N,NA,NA,NA,NA,NA,NA,NA,NA,NA,Y,4,0,1,2,A,-,12,21453,A,N,D,C,A,A,H,-,C,A,0,NA,NA,NA,NA,Y,NA,A,07,0,0,1,0,0,0,0,0,0,-,-,NA,NA,SAN DIEGO,CARLSBAD,-117.28725002,33.08718003
6752633,2014,2015-02-05,3706,2014-12-23,1810,ES0406,NA,2,5,6,3706,0,0,0,NA,0,045,WASHINGTON AV,ROCK SPRINGS RD,0,NA,Y,A,-,N,NA,NA,NA,NA,NA,NA,NA,NA,NA,Y,4,0,2,2,A,-,09,21801,A,N,A,-,A,A,H,-,C,D,0,NA,NA,NA,NA,Y,NA,A,01,0,0,2,0,0,0,0,0,0,-,-,NA,NA,SAN DIEGO,ESCONDIDO,-117.09600004,33.12319006
6752900,2014,2015-01-27,9650,2014-11-15,2244,18931,NA,6,3,9,3700,0,1,1,NA,2,021,RT 15,LILAC RD,1056,N,N,A,-,Y,NA,NA,15,NA,NA,NA,NA,NA,NA,N,3,0,3,2,A,-,08,22107,NA,F,C,C,A,A,H,-,D,D,0,NA,NA,NA,NA,Y,NA,A,01,0,1,2,0,0,0,0,0,0,-,-,33.30679,-117.15042,SAN DIEGO,UNINCORPORATED,-117.15057936,33.30677503
6753927,2014,2015-02-11,9645,2014-12-30,1510,017499,NA,2,2,6,3702,0,1,1,NA,2,001,RT 5,L ST,20,N,N,C,-,Y,NA,NA,5,NA,NA,NA,NA,NA,NA,N,4,0,1,1,A,-,08,22107,NA,N,E,I,A,B,H,-,A,D,0,NA,NA,Y,NA,Y,NA,C,02,0,0,1,0,0,0,0,0,1,-,-,32.61532,-117.09091,SAN DIEGO,CHULA VISTA,-117.09115049,32.61529176
6755367,2014,2015-02-06,9650,2014-12-06,1610,17263,NA,6,2,6,3706,0,3,5,NA,2,231,BEAR VALLEY PKY,BOYLE AV,696,S,N,A,-,N,NA,NA,NA,NA,NA,NA,NA,NA,NA,Y,4,0,1,2,A,-,05,21460,A,F,B,C,A,A,H,-,A,D,0,NA,NA,NA,NA,Y,NA,A,01,0,0,1,0,0,0,0,0,0,-,-,33.12161,-117.04826,SAN DIEGO,ESCONDIDO,-117.04861578,33.12049125
6755376,2014,2015-02-09,9650,2014-12-09,1634,15654,NA,2,2,9,3700,0,1,3,NA,1,028,RT 76,ADAMS DR,25,W,N,A,-,Y,NA,NA,76,NA,NA,NA,NA,NA,NA,Y,3,0,3,2,A,-,09,21801,A,N,A,C,A,A,H,-,A,D,0,NA,NA,NA,NA,Y,NA,A,01,0,1,2,0,0,0,0,0,0,-,-,33.34056,-117.01291,SAN DIEGO,UNINCORPORATED,-117.01291661,33.34053844
6755571,2014,2016-06-16,9645,2014-12-23,0855,16156,NA,2,1,7,3711,0,1,1,NA,2,010,RT 8,COLLEGE AV,1850,W,N,A,-,Y,SD,11,8,-,-,7.99,H,-,E,Y,4,0,1,3,A,-,03,22350,NA,N,C,C,A,A,H,-,A,D,1,NA,NA,NA,NA,Y,NA,A,01,0,0,1,0,0,0,0,0,0,-,-,32.77907,-117.07216,SAN DIEGO,SAN DIEGO,-117.07232595,32.77916333
6757082,2014,2015-02-04,3709,2014-12-29,0001,347,NA,1,5,5,3709,0,0,0,NA,0,021,EAST 8TH ST,J ST,0,NA,Y,A,-,N,NA,NA,NA,NA,NA,NA,NA,NA,NA,N,4,0,1,2,A,-,04,21703,NA,F,B,C,A,A,H,-,B,D,0,NA,NA,Y,NA,Y,NA,C,02,0,0,1,0,0,0,0,0,1,-,-,NA,NA,SAN DIEGO,NATIONAL CITY,-117.09664007,32.67871012
6758717,2014,2015-02-02,9680,2014-12-13,0805,16139,NA,6,1,9,3700,0,1,3,NA,1,017,RT 67,SLAUGHTERHOUSE RD,2112,N,N,B,-,Y,NA,NA,67,NA,NA,NA,NA,NA,NA,Y,3,0,1,1,A,-,03,22350,NA,N,E,I,A,B,H,-,A,D,0,NA,NA,NA,NA,Y,NA,D,22,0,1,0,0,0,0,0,0,0,-,-,32.92443,-116.94567,SAN DIEGO,UNINCORPORATED,-116.94549331,32.92440526
6760672,2014,2015-02-10,9645,2014-12-10,0725,018146,NA,3,1,7,3711,0,1,1,NA,2,021,RT 15,EL CAJON BL,50,S,N,A,-,Y,NA,NA,15,NA,NA,NA,NA,NA,NA,Y,4,0,1,3,A,-,03,22350,NA,N,C,C,A,A,H,-,A,D,0,NA,NA,NA,NA,Y,NA,A,01,0,0,1,0,0,0,0,0,0,-,-,32.75469,-117.10878,SAN DIEGO,SAN DIEGO,-117.10860802,32.75469066
6761853,2014,2016-06-11,9650,2014-12-04,1715,014886,NA,4,2,5,3701,0,1,1,NA,2,005,RT 5,PALOMAR AIRPORT RD,300,N,N,A,-,Y,SD,11,5,-,R,47.2,H,-,N,Y,3,0,2,2,A,-,01,23152,A,N,C,C,A,A,H,-,D,D,1,NA,NA,NA,Y,Y,Y,D,22,0,1,1,0,0,0,0,0,0,-,-,33.12371,-117.32259,SAN DIEGO,CARLSBAD,-117.32327047,33.12437963
6763297,2014,2015-02-03,9650,2014-12-05,0105,18931,NA,5,3,9,3700,0,1,3,NA,2,065,RT 76,NORTH RIVER RD,1056,W,N,B,-,Y,NA,NA,76,NA,NA,NA,NA,NA,NA,Y,3,0,1,1,A,-,01,23152,A,N,F,A,A,A,H,-,D,D,0,NA,NA,NA,NA,Y,Y,A,01,0,1,0,0,0,0,0,0,0,-,-,33.26318,-117.23681,SAN DIEGO,UNINCORPORATED,-117.23699202,33.26315876
6765118,2014,2015-02-03,9680,2014-12-05,1620,16822,NA,5,2,9,3700,0,2,4,NA,1,095,SAN VICENTE RD,WILDCAT CANYON RD,3696,E,N,A,-,N,NA,NA,NA,NA,NA,NA,NA,NA,NA,Y,4,0,1,2,A,-,05,21460,A,N,B,C,A,A,H,-,B,D,0,NA,NA,NA,NA,Y,NA,A,07,0,0,1,0,0,0,0,0,0,-,-,33.00118,-116.83416,SAN DIEGO,UNINCORPORATED,-116.83380612,33.00135847
6765128,2014,2015-02-02,9645,2014-12-15,1652,18697,NA,1,2,7,3711,0,1,1,NA,2,003,RT 5,PACIFIC HWY,1050,S,N,B,-,Y,NA,NA,5,NA,NA,NA,NA,NA,NA,Y,4,0,1,2,A,-,03,22350,NA,N,B,C,A,A,H,-,C,D,0,NA,NA,Y,NA,Y,NA,C,02,0,0,1,0,0,0,0,0,1,-,-,32.73141,-117.17144,SAN DIEGO,SAN DIEGO,-117.17150253,32.73135669
6765156,2014,2015-02-02,9645,2014-12-17,0840,18393,NA,3,1,7,3711,0,1,1,NA,2,009,RT 805,OCEAN VIEW BL,100,S,N,B,-,Y,NA,NA,805,NA,NA,NA,NA,NA,NA,Y,4,0,3,5,A,-,07,21658,A,N,C,C,A,B,H,-,A,D,0,NA,NA,NA,NA,Y,NA,A,01,0,0,3,0,0,0,0,0,0,-,-,32.70454,-117.09491,SAN DIEGO,SAN DIEGO,-117.09500671,32.70450523
6765176,2014,2015-02-02,9645,2014-12-11,0753,18149,NA,4,1,7,3711,0,1,1,NA,2,011,RT 805,RT 8,1050,S,N,A,-,Y,NA,NA,805,NA,NA,NA,NA,NA,NA,N,4,0,1,2,A,-,07,21658,A,N,B,C,A,A,H,-,A,D,0,NA,NA,Y,NA,Y,NA,A,01,0,0,1,0,0,0,0,0,1,-,-,32.76919,-117.12983,SAN DIEGO,SAN DIEGO,-117.12992884,32.76913268
6765253,2014,2015-02-02,3711,2014-12-17,1659,6052,NA,3,5,7,3711,0,0,0,NA,0,241,MIRAMAR WY,KEARNY VILLA RD,0,NA,Y,A,-,N,NA,NA,NA,NA,NA,NA,NA,NA,NA,Y,3,0,3,2,A,-,03,22350,NA,N,C,C,A,A,H,-,C,D,0,NA,NA,NA,NA,Y,NA,-,NA,0,1,2,0,0,0,0,0,0,-,-,NA,NA,SAN DIEGO,SAN DIEGO,-117.11665002,32.88056007
6765693,2014,2015-02-04,9645,2014-12-13,1830,19033,NA,6,2,7,3711,0,1,1,NA,2,017,RT 15,POWAY RD,1538,N,N,A,-,Y,NA,NA,15,NA,NA,NA,NA,NA,NA,Y,3,0,1,3,A,-,07,21658,A,N,B,C,A,A,H,-,C,D,0,NA,NA,Y,NA,Y,NA,D,22,0,1,0,0,0,0,0,0,1,-,-,32.95369,-117.10261,SAN DIEGO,SAN DIEGO,-117.10246052,32.95358667
6766534,2014,2015-02-17,3706,2014-12-28,1020,ES0459,NA,7,5,6,3706,0,0,0,NA,0,044,LINCOLN AV,HARDING ST,0,NA,Y,A,-,N,NA,NA,NA,NA,NA,NA,NA,NA,NA,Y,4,0,1,2,A,-,09,21802,A,N,D,C,A,A,H,-,A,A,0,NA,NA,NA,Y,Y,NA,F,26,0,0,1,0,0,0,0,0,0,-,-,NA,NA,SAN DIEGO,ESCONDIDO,-117.07037005,33.14055003
6766538,2014,2015-02-11,3706,2014-12-16,1115,ES0342,NA,2,5,6,3706,0,0,0,NA,0,041,N BROADWAY,ESPANAS GLEN,0,NA,Y,A,-,N,NA,NA,NA,NA,NA,NA,NA,NA,NA,Y,3,0,1,3,A,-,09,21804,A,N,A,C,A,A,H,-,A,D,0,NA,NA,NA,NA,Y,NA,D,22,0,1,0,0,0,0,0,0,0,-,-,NA,NA,SAN DIEGO,ESCONDIDO,-117.08847002,33.13743004
6767044,2014,2015-02-05,3711,2014-12-27,1755,7160,NA,6,5,7,3711,0,0,0,NA,0,433,60TH ST,AKINS,0,NA,Y,A,-,N,NA,NA,NA,NA,NA,NA,NA,NA,NA,N,4,0,1,2,A,-,09,21802,A,N,D,C,A,A,H,-,C,A,0,NA,NA,NA,NA,Y,NA,-,NA,0,0,1,0,0,0,0,0,0,-,-,NA,NA,SAN DIEGO,SAN DIEGO,-117.06801013,32.7096801
6767149,2014,2015-02-04,3705,2014-12-25,0025,EC0328,NA,4,5,5,3705,0,0,0,NA,0,008,MOLLISON,E MAIN,379,S,N,A,-,N,NA,NA,NA,NA,NA,NA,NA,NA,NA,N,4,0,1,2,A,-,09,21804,A,N,B,C,A,A,H,-,C,D,0,NA,NA,NA,NA,Y,NA,A,01,0,0,1,0,0,0,0,0,0,-,-,NA,NA,SAN DIEGO,EL CAJON,-116.95098,32.79495
6767252,2014,2015-02-03,3711,2014-12-24,2245,6560,50,3,5,7,3711,0,0,0,NA,0,627,6TH AV,6TH AV 3795,0,NA,N,A,-,N,NA,NA,NA,NA,NA,NA,NA,NA,NA,N,3,0,1,1,D,-,00,NA,NA,N,H,A,A,A,H,-,C,D,0,NA,Y,NA,NA,Y,NA,-,-,0,1,0,0,0,0,1,0,0,-,-,NA,NA,SAN DIEGO,SAN DIEGO,-117.1595192,32.74668011
6767322,2014,2016-06-18,9680,2014-12-16,2150,018907,NA,2,2,9,3700,0,1,3,NA,1,022,RT 54,HILTON HEAD RD,0,NA,Y,B,-,Y,SD,11,54,-,T,11.995,I,5,E,Y,4,0,1,2,A,-,12,21453,A,N,D,C,A,A,H,-,C,A,0,NA,NA,NA,NA,Y,NA,A,07,0,0,1,0,0,0,0,0,0,-,-,32.7464,-116.9273,SAN DIEGO,UNINCORPORATED,-116.92765686,32.74611378
6767396,2014,2015-02-04,3706,2014-12-17,0720,ES0355,NA,3,5,6,3706,0,0,0,NA,0,043,EL NORTE PKWY,KATY PL,0,NA,Y,A,-,N,NA,NA,NA,NA,NA,NA,NA,NA,NA,N,4,0,1,1,A,-,08,22107,NA,N,E,I,A,B,H,-,A,D,0,NA,NA,NA,NA,Y,NA,A,01,0,0,1,0,0,0,0,0,0,-,-,NA,NA,SAN DIEGO,ESCONDIDO,-117.12360003,33.15397006
6768902,2015,2017-01-14,9645,2015-04-03,0630,016766,NA,5,1,7,3711,0,1,1,NA,2,017,RT 15,RT 52,250,N,N,A,-,Y,SD,11,15,-,R,10.645,R,2,N,N,3,0,1,1,A,-,08,22107,NA,N,F,A,A,A,H,-,B,D,1,NA,NA,Y,NA,Y,NA,C,02,0,1,0,0,0,0,0,0,1,TO,-,NA,NA,SAN DIEGO,SAN DIEGO,-117.1200429,32.84278978
6773367,2014,2015-02-18,3710,2014-12-24,0300,OC1363,NA,3,5,6,3710,0,0,0,NA,0,016,DOUGLAS DR,MISSION,78,S,N,A,-,N,NA,NA,NA,NA,NA,NA,NA,NA,NA,N,4,0,2,2,A,-,03,22350,NA,N,C,C,A,A,H,-,A,A,0,NA,NA,NA,NA,Y,NA,A,01,0,0,2,0,0,0,0,0,0,-,-,NA,NA,SAN DIEGO,OCEANSIDE,-117.32605,33.22760629
6775037,2015,2015-03-02,3711,2015-01-04,2242,7152,SANDI,7,5,7,3711,0,0,0,NA,0,445,IMPERIAL AV,47TH ST,130,W,N,A,-,N,NA,NA,NA,NA,NA,NA,NA,NA,NA,Y,4,0,1,2,A,-,00,27103,NA,M,B,C,A,A,H,-,C,A,0,NA,NA,NA,NA,Y,Y,-,-,0,0,1,0,0,0,0,0,0,-,-,NA,NA,SAN DIEGO,SAN DIEGO,-117.09412117,32.70415
6776995,2014,2015-02-24,3705,2014-12-04,1750,EC0304,NA,4,5,5,3705,0,0,0,NA,0,007,EAST MAIN ST,PEPPER DR,291,S,N,A,-,N,NA,NA,NA,NA,NA,NA,NA,NA,NA,Y,3,0,1,2,A,-,09,21801,A,N,D,C,A,A,H,-,C,D,0,NA,NA,Y,NA,Y,NA,A,07,0,1,0,0,0,0,0,0,1,-,-,NA,NA,SAN DIEGO,EL CAJON,-116.91729721,32.81410252
6778000,2015,2015-02-19,9650,2015-01-05,0640,15273,NA,1,1,9,3700,0,2,4,NA,2,061,EAST MISSION RD,MACADAMIA DR,250,W,N,A,-,N,NA,NA,NA,NA,NA,NA,NA,NA,NA,Y,2,0,2,2,A,-,05,21460,A,N,A,C,A,A,H,-,A,D,0,NA,NA,NA,NA,Y,NA,A,01,1,0,1,0,0,0,0,0,0,-,-,NA,NA,SAN DIEGO,UNINCORPORATED,-117.20570317,33.39462873
6778412,2014,2015-02-13,9650,2014-12-31,1645,015654,NA,3,2,9,3700,0,3,5,NA,2,170,ESTRELITA DR,CHERIMOYA DR,0,NA,Y,A,-,N,NA,NA,NA,NA,NA,NA,NA,NA,NA,Y,3,0,3,2,A,-,09,21800,A,F,D,C,A,A,H,-,D,D,0,NA,NA,NA,NA,Y,NA,A,01,0,1,2,0,0,0,0,0,0,-,-,33.17008,-117.20405,SAN DIEGO,UNINCORPORATED,-117.2039501,33.17006001
6778942,2014,2015-02-12,3702,2014-12-28,0200,CV1032,NA,7,5,6,3702,0,0,0,NA,0,014,TELEGRAPH CANYON RD,RT 805,0,NA,Y,A,-,Y,NA,NA,NA,NA,NA,NA,NA,NA,NA,Y,4,0,1,2,A,-,01,23153,A,N,D,C,A,A,H,-,C,A,0,NA,NA,NA,NA,Y,Y,A,01,0,0,1,0,0,0,0,0,0,-,-,NA,NA,SAN DIEGO,CHULA VISTA,-117.04389003,32.62902003
6779012,2014,2015-01-23,3700,2014-09-24,2054,SH1908,NA,3,5,5,3781,0,0,0,NA,0,518,MISSION GORGE RD,CARLTON HILLS BL,211,E,N,A,-,N,NA,NA,NA,NA,NA,NA,NA,NA,NA,Y,4,0,1,2,A,-,03,22350,NA,N,C,C,A,A,H,-,C,A,0,NA,NA,NA,NA,Y,NA,A,01,0,0,1,0,0,0,0,0,0,-,-,NA,NA,SAN DIEGO,SANTEE,-116.99510418,32.83859733
6779094,2014,2016-06-16,9680,2014-12-28,0750,018104,NA,7,1,5,3708,0,1,1,NA,2,081,RT 8,LAKE MURRAY BL,113,E,N,A,-,Y,SD,11,8,-,-,9.56,H,-,E,Y,3,0,1,1,A,-,01,23152,A,M,E,J,A,A,H,-,A,D,1,NA,NA,NA,NA,Y,Y,A,01,0,1,0,0,0,0,0,0,0,-,-,32.77447,-117.04696,SAN DIEGO,LA MESA,-117.04655186,32.77435307
6779597,2014,2015-02-11,3700,2014-12-04,0825,SH2126,NA,4,5,5,3713,0,0,0,NA,0,312,HACIENDA DR,CARRIAGE CIR,105,E,N,B,-,N,NA,NA,NA,NA,NA,NA,NA,NA,NA,Y,4,0,1,1,A,-,03,22350,NA,N,E,I,A,B,H,-,A,D,0,NA,NA,NA,NA,Y,NA,A,01,0,0,1,0,0,0,0,0,0,-,-,NA,NA,SAN DIEGO,VISTA,-117.27206091,33.18874764
6780530,2014,2015-01-26,3705,2014-11-06,1551,EC0304,NA,4,5,5,3705,0,0,0,NA,0,010,ALLEY WEST OF LINCOLN AV,LINCOLN AV 100,0,NA,N,A,-,N,NA,NA,NA,NA,NA,NA,NA,NA,NA,N,4,0,1,2,A,-,05,21650,1,F,B,G,A,A,H,-,A,D,0,NA,Y,NA,NA,Y,Y,L,04,0,0,1,0,0,0,1,0,0,-,-,NA,NA,SAN DIEGO,EL CAJON,NA,NA
6780873,2014,2015-01-29,3702,2014-10-13,1348,CV0986,NA,1,5,6,3702,0,0,0,NA,0,022,L ST,4TH AV,95,E,N,A,-,N,NA,NA,NA,NA,NA,NA,NA,NA,NA,N,4,0,3,3,A,-,03,22350,NA,N,C,C,A,A,H,-,A,A,0,NA,NA,NA,NA,Y,NA,A,01,0,0,3,0,0,0,0,0,0,-,-,NA,NA,SAN DIEGO,CHULA VISTA,-117.07560783,32.61953108
6781574,2015,2016-04-07,3706,2015-01-03,0446,ES0473,NA,6,5,6,3706,0,0,0,NA,0,042,WEST VALLEY PKWY,CENTRE CITY PKWY,0,NA,Y,A,-,N,NA,NA,NA,NA,NA,NA,NA,NA,NA,N,4,0,1,2,A,-,12,21453,A,N,D,C,A,A,H,-,C,A,0,NA,NA,NA,NA,Y,NA,A,01,0,0,1,0,0,0,0,0,0,-,-,NA,NA,SAN DIEGO,ESCONDIDO,-117.08737011,33.11996005
6783180,2014,2016-06-11,9650,2014-12-29,1714,17743,NA,1,2,5,3701,0,1,1,NA,2,005,RT 5,POINSETTIA LN,715,N,N,A,-,Y,SD,11,5,-,R,45.71,H,-,S,Y,4,0,2,2,A,-,03,22350,NA,N,C,C,A,A,H,-,C,D,1,NA,NA,NA,NA,Y,NA,A,01,0,0,2,0,0,0,0,0,0,-,-,33.08619,-117.29939,SAN DIEGO,CARLSBAD,-117.31187813,33.1051573
6783868,2016,2016-07-14,3700,2016-06-24,2306,SH3183,NA,5,5,5,3713,0,0,0,NA,0,313,579 MAR VISTA DR,MAR VISTA DR,0,NA,Y,A,-,N,NA,NA,NA,NA,NA,NA,NA,NA,NA,Y,4,0,1,1,A,-,01,23152,A,N,E,I,A,A,H,-,D,D,0,NA,NA,NA,NA,Y,Y,-,NA,0,0,1,0,0,0,0,0,0,-,-,NA,NA,SAN DIEGO,VISTA,-117.23486245,33.18125748
6785254,2015,2015-03-03,3711,2015-01-11,0014,7007,SANDI,7,5,7,3711,0,0,0,NA,0,934,TORREY CIR,TORREY CIR 4695,0,NA,N,C,-,N,NA,NA,NA,NA,NA,NA,NA,NA,NA,Y,4,0,2,1,A,-,03,22350,NA,N,E,I,A,B,H,-,C,D,0,NA,NA,NA,NA,Y,NA,-,NA,0,0,2,0,0,0,0,0,0,-,-,NA,NA,SAN DIEGO,SAN DIEGO,-117.21360999,32.91842
6785303,2015,2015-02-19,3711,2015-01-08,2004,6483,NA,4,5,7,3711,0,0,0,NA,0,824,EL CAJON BL,47TH ST,0,NA,Y,A,-,N,NA,NA,NA,NA,NA,NA,NA,NA,NA,N,3,0,1,2,A,-,09,21801,A,N,D,G,A,A,H,-,C,A,0,NA,Y,NA,NA,Y,NA,-,NA,0,1,0,0,0,0,1,0,0,-,-,NA,NA,SAN DIEGO,SAN DIEGO,-117.09327001,32.75591003
6785405,2015,2016-10-04,9645,2015-01-05,0650,19257,NA,1,1,7,3711,0,1,1,NA,2,011,RT 805,UNIVERSITY AV,5280,S,N,A,-,Y,SD,11,805,-,-,16.95,H,-,N,Y,4,0,1,2,A,-,03,22350,NA,N,C,C,A,A,H,-,A,D,1,NA,NA,NA,NA,Y,NA,A,01,0,0,1,0,0,0,0,0,0,-,-,32.73427,-117.11319,SAN DIEGO,SAN DIEGO,-117.127126,32.76265919
6785409,2015,2016-10-04,9645,2015-01-03,2015,20541,NA,6,2,6,3702,0,1,1,NA,2,009,RT 805,EAST L ST,260,N,N,A,-,Y,SD,11,805,-,-,6.86,H,-,S,Y,4,0,1,2,A,-,03,22350,NA,N,C,C,A,A,H,-,D,D,1,NA,NA,Y,NA,Y,NA,A,01,0,0,1,0,0,0,0,0,1,-,-,32.63229,-117.04575,SAN DIEGO,CHULA VISTA,-117.0516035,32.63782817
6787967,2015,2016-10-07,9645,2015-01-13,1725,014565,NA,2,2,7,3711,0,1,1,NA,2,007,RT 5,DEL MAR HEIGHTS RD,2112,N,N,A,-,Y,SD,11,5,-,R,34.53,H,-,N,N,4,0,3,3,A,-,03,22350,NA,N,C,C,A,A,H,-,D,D,1,NA,NA,NA,NA,Y,NA,A,01,0,0,3,0,0,0,0,0,0,-,-,32.95612,-117.24461,SAN DIEGO,SAN DIEGO,-117.24463574,32.95574469
6788350,2014,2015-02-09,3702,2014-12-12,2049,CV1083,NA,5,5,6,3702,0,0,0,NA,0,013,2ND AV,ALVARADO ST,105,N,N,C,-,N,NA,NA,NA,NA,NA,NA,NA,NA,NA,Y,4,0,1,1,C,-,18,NA,NA,N,A,I,A,B,H,-,C,D,0,NA,NA,NA,NA,Y,NA,-,-,0,0,1,0,0,0,0,0,0,-,-,NA,NA,SAN DIEGO,CHULA VISTA,-117.07372973,32.63707221
6788602,2015,2016-10-07,3709,2015-01-27,1459,418,NA,2,5,5,3709,0,0,0,NA,0,020,WEST 8TH ST,RT 5,0,NA,Y,A,-,Y,SD,11,5,-,R,10.955,R,4,S,Y,3,0,1,2,A,-,09,21801,A,N,D,C,A,A,H,-,A,D,0,NA,NA,Y,NA,Y,NA,D,22,0,1,0,0,0,0,0,0,1,-,SO,NA,NA,SAN DIEGO,NATIONAL CITY,-117.11091676,32.67257068