CASE_ID,ACCIDENT_YEAR,PROC_DATE,JURIS,COLLISION_DATE,COLLISION_TIME,OFFICER_ID,REPORTING_DISTRICT,DAY_OF_WEEK,CHP_SHIFT,POPULATION,CNTY_CITY_LOC,SPECIAL_COND,BEAT_TYPE,CHP_BEAT_TYPE,CITY_DIVISION_LAPD,CHP_BEAT_CLASS,BEAT_NUMBER,PRIMARY_RD,SECONDARY_RD,DISTANCE,DIRECTION,INTERSECTION,WEATHER_1,WEATHER_2,STATE_HWY_IND,CALTRANS_COUNTY,CALTRANS_DISTRICT,STATE_ROUTE,ROUTE_SUFFIX,POSTMILE_PREFIX,POSTMILE,LOCATION_TYPE,RAMP_INTERSECTION,SIDE_OF_HWY,TOW_AWAY,COLLISION_SEVERITY,NUMBER_KILLED,NUMBER_INJURED,PARTY_COUNT,PRIMARY_COLL_FACTOR,PCF_CODE_OF_VIOL,PCF_VIOL_CATEGORY,PCF_VIOLATION,PCF_VIOL_SUBSECTION,HIT_AND_RUN,TYPE_OF_COLLISION,MVIW,PED_ACTION,ROAD_SURFACE,ROAD_COND_1,ROAD_COND_2,LIGHTING,CONTROL_DEVICE,CHP_ROAD_TYPE,PEDESTRIAN_ACCIDENT,BICYCLE_ACCIDENT,MOTORCYCLE_ACCIDENT,TRUCK_ACCIDENT,NOT_PRIVATE_PROPERTY,ALCOHOL_INVOLVED,STWD_VEHTYPE_AT_FAULT,CHP_VEHTYPE_AT_FAULT,COUNT_SEVERE_INJ,COUNT_VISIBLE_INJ,COUNT_COMPLAINT_PAIN,COUNT_PED_KILLED,COUNT_PED_INJURED,COUNT_BICYCLIST_KILLED,COUNT_BICYCLIST_INJURED,COUNT_MC_KILLED,COUNT_MC_INJURED,PRIMARY_RAMP,SECONDARY_RAMP,LATITUDE,LONGITUDE,COUNTY,CITY,POINT_X,POINT_Y
8008470,2016,2016-06-21,3702,2016-06-01,0959,CV0949,NA,3,5,6,3702,0,0,0,NA,0,013,3RD AV,H ST,0,NA,Y,B,-,N,NA,NA,NA,NA,NA,NA,NA,NA,NA,Y,3,0,4,2,A,-,09,21801,A,N,A,C,A,A,H,-,A,A,0,NA,NA,NA,NA,Y,NA,A,01,0,1,3,0,0,0,0,0,0,-,-,NA,NA,SAN DIEGO,CHULA VISTA,-117.07723,32.63440008
8009878,2016,2016-04-11,3701,2016-03-26,0902,5444,37,6,5,5,3701,0,0,0,NA,0,002,CARLSBAD BL,REDWOOD AV,20,N,N,A,-,N,NA,NA,NA,NA,NA,NA,NA,NA,NA,N,4,0,1,2,A,-,03,22350,NA,N,C,C,A,A,H,-,A,D,0,NA,NA,NA,NA,Y,NA,A,01,0,0,1,0,0,0,0,0,0,-,-,33.14834,-117.34602,SAN DIEGO,CARLSBAD,-117.34592464,33.14821641
8012851,2016,2016-04-13,3700,2016-03-20,2114,SH0029,NA,7,5,5,3713,0,0,0,NA,0,319,SOUTH MELROSE DR,BUENA VISTA DR,12,N,N,A,-,N,NA,NA,NA,NA,NA,NA,NA,NA,NA,Y,4,0,1,2,A,-,01,23152,A,N,C,C,A,A,H,-,D,A,0,NA,NA,NA,NA,Y,Y,A,01,0,0,1,0,0,0,0,0,0,-,-,NA,NA,SAN DIEGO,VISTA,-117.24738889,33.16703878
8016342,2016,2016-04-15,3711,2016-04-01,1722,8447,SDPD,5,5,7,3711,0,0,0,NA,0,723,OTONO ST,DEL SOL,3,N,N,A,-,N,NA,NA,NA,NA,NA,NA,NA,NA,NA,N,4,0,1,2,A,-,09,21802,A,N,-,C,A,A,H,-,B,A,0,NA,NA,NA,NA,Y,NA,A,01,0,0,1,0,0,0,0,0,0,-,-,NA,NA,SAN DIEGO,SAN DIEGO,-117.05228153,32.57357811
8017761,2016,2016-04-29,3700,2016-02-03,0755,SH7709,NA,3,5,4,3780,0,0,0,NA,0,416,SCRIPPS POWAY PKWY,PARKWAY CENTRE DR,52,E,N,A,-,N,NA,NA,NA,NA,NA,NA,NA,NA,NA,N,3,0,2,3,A,-,03,22350,NA,N,C,C,A,A,H,-,A,A,0,NA,NA,NA,Y,Y,NA,F,26,0,1,1,0,0,0,0,0,0,-,-,NA,NA,SAN DIEGO,POWAY,-117.0364511,32.93842
8017948,2016,2016-04-29,3702,2016-03-09,0830,CV1071,NA,3,5,6,3702,0,0,0,NA,0,014,1ST AV,E ST,0,S,N,A,-,N,NA,NA,NA,NA,NA,NA,NA,NA,NA,N,4,0,1,2,A,-,06,21750,NA,M,D,C,A,A,H,-,A,A,0,NA,NA,NA,NA,Y,NA,-,99,0,0,1,0,0,0,0,0,0,-,-,NA,NA,SAN DIEGO,CHULA VISTA,-117.07310009,32.64703008
8017960,2016,2016-04-25,3702,2016-03-12,2028,CV1107,NA,6,5,6,3702,0,0,0,NA,0,032,OTAY LAKES RD,LANE AV,39,W,N,A,-,N,NA,NA,NA,NA,NA,NA,NA,NA,NA,Y,4,0,1,2,A,-,09,21453,B,N,D,C,A,A,H,-,A,A,0,NA,NA,NA,NA,Y,NA,A,07,0,0,1,0,0,0,0,0,0,-,-,NA,NA,SAN DIEGO,CHULA VISTA,-116.96129193,32.64963229
8017980,2016,2016-04-25,3702,2016-03-16,0814,CV0833,NA,3,5,6,3702,0,0,0,NA,0,032,OTAY LAKES RD,AVENIDA DEL REY,0,NA,Y,A,-,N,NA,NA,NA,NA,NA,NA,NA,NA,NA,Y,4,0,1,2,A,-,03,22350,NA,N,C,C,A,A,H,-,A,A,0,NA,NA,NA,NA,Y,NA,A,01,0,0,1,0,0,0,0,0,0,-,-,NA,NA,SAN DIEGO,CHULA VISTA,-117.01461007,32.65202007
8020924,2016,2016-04-15,3711,2016-03-29,1753,5972,NA,2,5,7,3711,0,0,0,NA,0,234,BERNARDO HEIGHTS PKWY,AVENIDA VENUSTO,41,E,N,A,-,N,NA,NA,NA,NA,NA,NA,NA,NA,NA,Y,2,0,2,2,A,-,12,21453,A,N,A,C,A,A,H,-,B,A,0,NA,NA,NA,NA,Y,NA,A,01,2,0,0,0,0,0,0,0,0,-,-,NA,NA,SAN DIEGO,SAN DIEGO,-117.07564615,33.00739161
8022846,2016,2017-02-10,3702,2016-02-10,0420,CV1113,NA,3,5,6,3702,0,0,0,NA,0,024,MAIN ST,RT 805,0,NA,Y,A,-,Y,SD,11,805,-,-,3.522,R,4,N,N,4,0,2,2,A,-,12,21453,A,N,D,C,A,A,H,-,C,A,0,NA,NA,NA,NA,Y,Y,A,01,0,0,2,0,0,0,0,0,0,-,-,NA,NA,SAN DIEGO,CHULA VISTA,-117.03616754,32.59283763
8023047,2016,2016-04-22,3700,2016-02-14,1206,SH3284,NA,7,5,4,3780,0,0,0,NA,0,412,POWAY RD,MILLARDS RD,714,W,N,A,-,N,NA,NA,NA,NA,NA,NA,NA,NA,NA,Y,3,0,3,2,A,-,05,21460,A,N,A,C,A,A,H,-,A,D,0,NA,NA,NA,NA,Y,NA,-,NA,0,2,1,0,0,0,0,0,0,-,-,NA,NA,SAN DIEGO,POWAY,-117.0080126,32.97261817
8023702,2016,2016-04-29,3711,2016-04-16,1310,7461,SAN D,6,5,7,3711,0,0,0,NA,0,315,CAMINO DEL RIO N,CAMINO DEL RIO 1368,0,NA,Y,A,-,N,NA,NA,NA,NA,NA,NA,NA,NA,NA,Y,4,0,2,2,A,-,09,21801,A,N,D,C,A,A,H,-,A,A,0,NA,NA,NA,NA,Y,NA,A,01,0,0,2,0,0,0,0,0,0,-,-,32.767,-117.1495,SAN DIEGO,SAN DIEGO,-117.1494627,32.76691348
8024994,2016,2016-05-17,3711,2016-05-07,0900,7331,NA,6,5,7,3711,0,0,0,NA,0,521,G ST,16TH ST,18,W,N,B,C,N,NA,NA,NA,NA,NA,NA,NA,NA,NA,Y,4,0,1,2,D,-,00,NA,NA,N,D,C,A,B,H,-,A,A,0,NA,NA,NA,NA,Y,NA,-,-,0,0,1,0,0,0,0,0,0,-,-,NA,NA,SAN DIEGO,SAN DIEGO,-117.14954832,32.71261066
8026524,2016,2016-08-24,3706,2016-03-26,1536,1603,ESCON,6,5,6,3706,0,0,0,NA,0,055,VALLEY PKWY,W 11TH AV,10,N,N,A,-,N,NA,NA,NA,NA,NA,NA,NA,NA,NA,N,4,0,1,2,A,-,03,22350,NA,N,C,C,A,A,H,-,A,A,0,NA,NA,NA,NA,Y,NA,A,07,0,0,1,0,0,0,0,0,0,-,-,NA,NA,SAN DIEGO,ESCONDIDO,-117.10456876,33.1071257
8026633,2016,2016-04-26,3706,2016-04-05,0105,466,ESCON,2,5,6,3706,0,0,0,NA,0,052,2ND AV,ESCONDIDO BL,0,NA,Y,A,-,N,NA,NA,NA,NA,NA,NA,NA,NA,NA,Y,4,0,1,2,A,-,12,21453,A,F,D,C,A,A,H,-,C,A,0,NA,NA,NA,NA,Y,NA,A,01,0,0,1,0,0,0,0,0,0,-,-,NA,NA,SAN DIEGO,ESCONDIDO,-117.08355012,33.11939007
8027871,2016,2016-04-27,3711,2016-04-16,1410,8261,NA,6,5,7,3711,0,0,0,NA,0,234,CAMINO DEL NORTE,BERNARDO CENTER DR,0,NA,Y,A,-,N,NA,NA,NA,NA,NA,NA,NA,NA,NA,N,4,0,1,2,A,-,04,21703,NA,N,C,C,A,A,H,-,A,A,0,NA,NA,NA,NA,Y,NA,A,01,0,0,1,0,0,0,0,0,0,-,-,NA,NA,SAN DIEGO,SAN DIEGO,-117.0924701,33.00517011
8027902,2016,2016-04-26,3711,2016-04-14,2150,7124,NA,4,5,7,3711,0,0,0,NA,0,447,EUCLID AV,MARILOU RD,21,S,N,A,-,N,NA,NA,NA,NA,NA,NA,NA,NA,NA,NA,3,0,1,2,A,-,11,21955,NA,N,G,B,D,A,H,-,C,D,0,Y,NA,NA,NA,Y,NA,N,60,0,1,0,0,1,0,0,0,0,-,-,NA,NA,SAN DIEGO,SAN DIEGO,-117.08492196,32.7222425
8028663,2016,2016-05-25,3711,2016-05-17,0705,HB3105,NA,2,5,7,3711,0,0,0,NA,0,503,NORTH HARBOR DR,SPANISH LANDING W,0,NA,Y,B,-,N,NA,NA,NA,NA,NA,NA,NA,NA,NA,Y,4,0,2,2,A,-,09,21453,C,N,D,C,A,A,H,-,A,A,0,NA,NA,NA,NA,Y,NA,A,01,0,0,2,0,0,0,0,0,0,-,-,NA,NA,SAN DIEGO,SAN DIEGO,-117.21370002,32.72857012
8031626,2016,2016-05-09,3710,2016-04-27,1715,OC1407,NA,3,5,6,3710,0,0,0,NA,0,006,N NEVADA,CIVIC CENTER,0,NA,Y,A,-,N,NA,NA,NA,NA,NA,NA,NA,NA,NA,Y,3,0,2,2,A,-,09,21802,A,N,D,C,A,A,A,-,A,A,0,NA,NA,NA,NA,Y,NA,A,01,0,1,1,0,0,0,0,0,0,-,-,NA,NA,SAN DIEGO,OCEANSIDE,-117.37871007,33.1989601
8032802,2016,2016-05-04,3711,2016-04-23,1700,7343,NA,6,5,7,3711,0,0,0,NA,0,323,COLLEGE AV,COLLEGE AV 6300,0,NA,-,A,-,N,NA,NA,NA,NA,NA,NA,NA,NA,NA,N,4,0,1,2,A,-,04,21703,NA,N,C,C,A,A,H,-,A,A,0,NA,NA,NA,NA,Y,NA,-,NA,0,0,1,0,0,0,0,0,0,-,-,NA,NA,SAN DIEGO,SAN DIEGO,-117.06668437,32.792505
8032866,2016,2016-05-04,3711,2016-04-21,0900,4691,NA,4,5,7,3711,0,0,0,NA,0,234,RANCHO BERNARDO RD,W BERNARDO RD,100,E,N,A,-,N,NA,NA,NA,NA,NA,NA,NA,NA,NA,Y,3,0,1,2,A,-,03,22350,A,N,C,C,A,-,H,-,A,A,0,NA,NA,NA,NA,Y,NA,-,NA,0,1,0,0,0,0,0,0,0,-,-,NA,NA,SAN DIEGO,SAN DIEGO,-117.08182551,33.02385045
8032867,2016,2016-05-04,3711,2016-04-25,0835,6045,NA,1,5,7,3711,0,0,0,NA,0,111,BALBOA AV,CHARGER BL,0,NA,Y,B,-,N,NA,NA,NA,NA,NA,NA,NA,NA,NA,Y,4,0,1,2,A,-,12,21453,A,N,B,C,A,A,H,-,A,A,0,NA,NA,NA,NA,Y,NA,-,NA,0,0,1,0,0,0,0,0,0,-,-,NA,NA,SAN DIEGO,SAN DIEGO,-117.16711,32.82059002
8032938,2016,2016-05-04,3711,2016-04-24,0950,5365,NA,7,5,7,3711,0,0,0,NA,0,124,LA JOLLA SCENIC DR N,LA JOLLA SCENIC WY,0,NA,Y,A,-,N,NA,NA,NA,NA,NA,NA,NA,NA,NA,Y,4,0,2,2,A,-,08,22107,NA,N,B,C,A,A,H,-,A,D,0,NA,NA,NA,NA,Y,NA,-,NA,0,0,2,0,0,0,0,0,0,-,-,NA,NA,SAN DIEGO,SAN DIEGO,-117.24050005,32.86946003
8032950,2016,2016-05-06,3711,2016-04-21,1057,6902,SANDI,4,5,7,3711,0,0,0,NA,0,821,COLLEGE AV,EL CAJON BL,0,NA,Y,A,-,N,NA,NA,NA,NA,NA,NA,NA,NA,NA,Y,4,0,1,3,A,-,03,22350,NA,N,C,C,A,A,H,-,A,A,0,NA,NA,NA,NA,Y,NA,-,NA,0,0,1,0,0,0,0,0,0,-,-,NA,NA,SAN DIEGO,SAN DIEGO,-117.06703001,32.76135001
8033333,2016,2016-05-06,3706,2016-04-23,1200,471,ESCON,6,5,6,3706,0,0,0,NA,0,043,SOUTH IRIS LN,EL NORTE PKWY,81,N,N,A,-,N,NA,NA,NA,NA,NA,NA,NA,NA,NA,N,3,0,1,1,C,-,18,NA,NA,N,E,I,A,A,A,-,A,A,0,NA,Y,NA,NA,Y,NA,-,-,0,1,0,0,0,0,1,0,0,-,-,NA,NA,SAN DIEGO,ESCONDIDO,-117.09800352,33.14438295
8033349,2016,2016-05-06,3706,2016-04-12,1149,342,ESCON,2,5,6,3706,0,0,0,NA,0,052,ESCONDIDO BL,2ND AV,0,NA,Y,A,-,N,NA,NA,NA,NA,NA,NA,NA,NA,NA,Y,3,0,2,2,A,-,12,21453,A,N,D,C,A,A,H,-,A,A,0,NA,NA,NA,NA,Y,NA,A,01,0,1,1,0,0,0,0,0,0,-,-,NA,NA,SAN DIEGO,ESCONDIDO,-117.08355012,33.11939007
8033920,2016,2016-05-10,3700,2016-04-26,1733,SH7146,NA,2,5,5,3712,0,0,0,NA,0,357,E BARHAM DR,E LA MOREE RD,536,E,N,A,-,N,NA,NA,NA,NA,NA,NA,NA,NA,NA,Y,3,0,1,3,A,-,03,22350,NA,N,C,C,A,A,H,-,A,D,0,NA,NA,NA,NA,Y,NA,A,01,0,1,0,0,0,0,0,0,0,-,-,NA,NA,SAN DIEGO,SAN MARCOS,-117.15230465,33.13548824
8035222,2016,2016-08-29,3711,2016-05-16,1546,7072,NA,1,5,7,3711,0,0,0,NA,0,115,NOBEL DR,DANICA MAE DR,1,E,N,B,-,N,NA,NA,NA,NA,NA,NA,NA,NA,NA,Y,3,0,1,2,A,-,08,22107,NA,N,D,C,A,A,H,-,A,D,0,NA,NA,NA,NA,Y,NA,-,NA,0,1,0,0,0,0,0,0,0,-,-,NA,NA,SAN DIEGO,SAN DIEGO,-117.22110693,32.86820911
8036197,2016,2016-05-03,3708,2016-04-13,1136,LM8233,NA,3,5,5,3708,0,0,0,NA,0,002,JACKSON DR,FLETCHER PKWY,53,S,N,A,-,N,NA,NA,NA,NA,NA,NA,NA,NA,NA,N,4,0,2,3,A,-,03,22350,NA,N,C,C,A,A,H,-,A,A,0,NA,NA,NA,NA,Y,NA,A,01,0,0,2,0,0,0,0,0,0,-,-,NA,NA,SAN DIEGO,LA MESA,-117.01818759,32.77748836
8037543,2016,2016-05-11,3711,2016-04-22,1454,7434,NA,5,5,7,3711,0,0,0,NA,0,825,KENSINGTON DR,ADAMS AV,16,S,N,A,-,N,NA,NA,NA,NA,NA,NA,NA,NA,NA,N,4,0,1,2,A,-,04,21703,NA,N,C,C,A,A,H,-,A,D,0,NA,NA,Y,NA,Y,NA,C,02,0,0,1,0,0,0,0,0,1,-,-,NA,NA,SAN DIEGO,SAN DIEGO,-117.10736,32.76321617
8037563,2016,2016-05-11,3711,2016-04-22,2012,4576,NA,5,5,7,3711,0,0,0,NA,0,122,HAINES ST,GRAND AV,0,NA,Y,B,-,N,NA,NA,NA,NA,NA,NA,NA,NA,NA,Y,2,0,4,2,A,-,09,21802,A,N,D,C,A,A,H,-,C,A,0,NA,NA,NA,NA,Y,Y,A,01,1,1,2,0,0,0,0,0,0,-,-,NA,NA,SAN DIEGO,SAN DIEGO,-117.24213003,32.79752005
8037641,2016,2016-05-11,3711,2016-04-27,2048,8447,SDPD,3,5,7,3711,0,0,0,NA,0,115,LA JOLLA VILLAGE DR,LEBON DR,343,E,N,A,-,N,NA,NA,NA,NA,NA,NA,NA,NA,NA,Y,4,0,1,4,A,-,08,22107,NA,N,B,E,A,A,H,-,C,D,0,NA,NA,NA,NA,Y,NA,A,01,0,0,1,0,0,0,0,0,0,-,-,NA,NA,SAN DIEGO,SAN DIEGO,-117.22263746,32.87042024
8037649,2016,2016-05-11,3711,2016-04-26,1710,4495,NA,2,5,7,3711,0,0,0,NA,0,828,LANDIS ST,CHAMOUNE AV,0,NA,Y,A,-,N,NA,NA,NA,NA,NA,NA,NA,NA,NA,N,4,0,1,2,A,-,10,21950,A,M,G,B,B,A,H,-,A,A,0,Y,NA,NA,NA,Y,NA,-,99,0,0,1,0,1,0,0,0,0,-,-,NA,NA,SAN DIEGO,SAN DIEGO,-117.09660001,32.74586008
8040402,2016,2017-02-14,3700,2016-03-05,1718,SH7236,NA,6,5,5,3782,0,0,0,NA,0,224,MANCHESTER AV,RT 5,22,E,N,A,-,Y,SD,11,5,-,R,38.58,R,4,N,Y,4,0,1,1,A,-,03,22350,NA,N,E,I,A,A,H,-,A,A,0,NA,NA,Y,NA,Y,NA,C,02,0,0,1,0,0,0,0,0,1,-,NF,NA,NA,SAN DIEGO,ENCINITAS,-117.26496767,33.01079153
8042163,2016,2016-06-01,3700,2016-04-23,1615,SH1725,NA,6,5,5,3712,0,0,0,NA,0,357,EAST MISSION RD,BOUGHER RD,598,E,N,A,-,N,NA,NA,NA,NA,NA,NA,NA,NA,NA,Y,3,0,2,1,A,-,03,22350,NA,N,E,I,A,A,H,-,A,D,0,NA,NA,NA,NA,Y,NA,A,01,0,1,1,0,0,0,0,0,0,-,-,NA,NA,SAN DIEGO,SAN MARCOS,-117.13497997,33.13901371
8042533,2016,2016-05-16,3700,2016-04-01,1825,SH0817,NA,5,5,5,3713,0,0,0,NA,0,309,NORTH MELROSE DR,OLIVE AV,200,S,N,A,-,N,NA,NA,NA,NA,NA,NA,NA,NA,NA,N,4,0,1,2,D,-,00,NA,NA,N,B,C,A,A,H,-,A,D,0,NA,NA,NA,NA,Y,NA,-,-,0,0,1,0,0,0,0,0,0,-,-,NA,NA,SAN DIEGO,VISTA,-117.25446507,33.20416164
8042608,2016,2016-05-17,3700,2016-04-15,1320,SH2439,NA,5,5,5,3713,0,0,0,NA,0,305,NORTH SANTA FE AV,W BOBIER DR,25,S,N,A,-,N,NA,NA,NA,NA,NA,NA,NA,NA,NA,Y,4,0,1,2,A,-,09,21453,B,N,D,C,A,A,H,-,A,A,0,NA,NA,NA,NA,Y,NA,A,07,0,0,1,0,0,0,0,0,0,-,-,NA,NA,SAN DIEGO,VISTA,-117.24499657,33.2210844
8042777,2016,2016-05-17,3701,2016-05-05,1824,5434,15,4,5,5,3701,0,0,0,NA,0,004,MARRON RD,EL CAMINIO REAL,474,E,N,B,-,N,NA,NA,NA,NA,NA,NA,NA,NA,NA,N,4,0,1,2,A,-,08,22107,NA,N,D,G,A,A,H,-,A,D,0,NA,Y,NA,NA,Y,NA,A,01,0,0,1,0,0,0,1,0,0,-,-,33.17778,-117.32555,SAN DIEGO,CARLSBAD,-117.32513101,33.17780861
8042781,2016,2016-05-17,3701,2016-05-03,1722,5413,101,2,5,5,3701,0,0,0,NA,0,007,BATIQUITOS DR,BLACK SWAN PL,0,NA,Y,A,-,N,NA,NA,NA,NA,NA,NA,NA,NA,NA,Y,4,0,2,3,A,-,09,21802,A,N,B,C,A,A,H,-,A,D,0,NA,NA,NA,NA,Y,NA,A,08,0,0,2,0,0,0,0,0,0,-,-,33.534,-117.172,SAN DIEGO,CARLSBAD,-117.28897002,33.09272005
8043033,2016,2016-05-23,3711,2016-05-10,1836,7420,NA,2,5,7,3711,0,0,0,NA,0,436,IMPERIAL AV,VIEWCREST,39,E,N,A,-,N,NA,NA,NA,NA,NA,NA,NA,NA,NA,N,4,0,1,2,A,-,09,21801,A,N,D,C,A,A,H,-,A,A,0,NA,NA,NA,NA,Y,NA,-,NA,0,0,1,0,0,0,0,0,0,-,-,NA,NA,SAN DIEGO,SAN DIEGO,-117.04489608,32.71684664
8043645,2016,2016-05-23,3710,2016-05-13,1926,OC1422,NA,5,5,6,3710,0,0,0,NA,0,022,MELROSE,THE DEPOT RD,48,N,N,A,-,N,NA,NA,NA,NA,NA,NA,NA,NA,NA,Y,4,0,1,2,A,-,12,21453,A,N,D,C,A,A,H,-,A,D,0,NA,NA,NA,NA,Y,NA,A,01,0,0,1,0,0,0,0,0,0,-,-,NA,NA,SAN DIEGO,OCEANSIDE,-117.26383680000001,33.24996612
8044515,2016,2016-05-26,3706,2016-05-11,2210,497,ESCON,3,5,6,3706,0,0,0,NA,0,042,BROADWAY,PARK AV,103,S,N,A,-,N,NA,NA,78,NA,NA,NA,NA,NA,NA,N,3,0,1,2,A,-,09,21804,A,N,H,G,A,A,H,-,C,D,0,NA,Y,NA,NA,Y,NA,L,04,0,1,0,0,0,0,1,0,0,-,-,33.12878,-117.08452,SAN DIEGO,ESCONDIDO,-117.08463335,33.12873072
8045009,2016,2016-05-27,3706,2016-05-01,1144,479,ESCND,7,5,6,3706,0,0,0,NA,0,055,9TH AV,REDWOOD ST,0,NA,Y,A,-,N,NA,NA,NA,NA,NA,NA,NA,NA,NA,Y,3,0,1,2,A,-,09,21802,A,N,D,C,A,A,H,-,A,A,0,NA,NA,NA,NA,Y,NA,A,07,0,1,0,0,0,0,0,0,0,-,-,33.11044,-117.08454,SAN DIEGO,ESCONDIDO,-117.08449007,33.11040008
8045671,2016,2016-05-26,3702,2016-04-14,2057,CV1079,NA,4,5,6,3702,0,0,0,NA,0,024,MAIN ST,FRESNO AV,48,E,N,A,-,N,NA,NA,NA,NA,NA,NA,NA,NA,NA,Y,3,0,1,2,A,-,08,22107,NA,N,D,G,A,A,H,-,C,D,0,NA,Y,NA,NA,Y,NA,L,04,0,1,0,0,0,0,1,0,0,-,-,NA,NA,SAN DIEGO,CHULA VISTA,-117.06657469,32.5947707
8046378,2016,2017-02-14,3702,2016-04-15,1730,CV1107,NA,5,5,6,3702,0,0,0,NA,0,042,OTAY LAKES RD,RT 125,90,E,N,A,-,Y,SD,11,125,-,-,3.846,R,4,N,N,4,0,1,2,A,-,03,22350,NA,N,C,C,A,A,H,-,A,D,0,NA,NA,Y,NA,Y,NA,A,01,0,0,1,0,0,0,0,0,1,-,NF,NA,NA,SAN DIEGO,CHULA VISTA,-116.9704899,32.64310098
8046658,2016,2016-05-17,3711,2016-05-04,1529,7402,NA,3,5,7,3711,0,0,0,NA,0,822,UNIVERSITY,UNIVERSITY  5550,57,N,N,A,-,N,NA,NA,NA,NA,NA,NA,NA,NA,NA,N,4,0,1,2,A,-,11,21950,B,N,G,G,A,A,H,-,A,D,0,NA,Y,NA,NA,Y,NA,L,04,0,0,1,0,0,0,1,0,0,-,-,NA,NA,SAN DIEGO,SAN DIEGO,NA,NA
8046678,2016,2016-05-17,3711,2016-05-06,1830,6811,SD,5,5,7,3711,0,0,0,NA,0,827,50TH ST,WIGHTMAN ST,300,N,N,A,-,N,NA,NA,NA,NA,NA,NA,NA,NA,NA,N,3,0,1,2,A,-,09,21804,NA,N,G,G,A,A,H,-,A,D,0,NA,Y,NA,NA,Y,NA,L,04,0,1,0,0,0,0,1,0,0,-,-,NA,NA,SAN DIEGO,SAN DIEGO,-117.08699082,32.7480717
8047618,2016,2016-05-24,3711,2016-05-15,0023,6146,NA,7,5,7,3711,0,0,0,NA,0,838,ORANGE AV,37TH ST,23,W,N,A,-,N,NA,NA,NA,NA,NA,NA,NA,NA,NA,Y,4,0,1,4,A,-,08,22107,NA,N,C,E,A,A,H,-,C,D,0,NA,NA,NA,NA,Y,Y,A,01,0,0,1,0,0,0,0,0,0,-,-,NA,NA,SAN DIEGO,SAN DIEGO,-117.11375454,32.75326118
8049925,2016,2016-06-09,3711,2016-05-25,1538,7460,NA,3,5,7,3711,0,0,0,NA,0,232,RANCHO CARMEL DR,CARMEL MOUNTAIN RD,0,NA,Y,B,-,N,NA,NA,NA,NA,NA,NA,NA,NA,NA,Y,3,0,3,2,A,-,12,21453,A,N,D,C,A,A,H,-,A,A,0,NA,NA,NA,NA,Y,NA,A,01,0,1,2,0,0,0,0,0,0,-,-,NA,NA,SAN DIEGO,SAN DIEGO,-117.08207007,32.97900001
8049936,2016,2017-02-18,3711,2016-05-27,0956,7423,NA,5,5,7,3711,0,0,0,NA,0,115,NOBEL DR,RT 5,75,E,N,B,-,Y,SD,11,5,-,R,28,R,4,N,N,4,0,1,2,A,-,12,21453,A,N,D,C,A,A,H,-,A,A,0,NA,NA,NA,NA,Y,NA,-,NA,0,0,1,0,0,0,0,0,0,-,NF,NA,NA,SAN DIEGO,SAN DIEGO,-117.22967593,32.86589777
8050397,2016,2016-06-29,3701,2016-05-30,1548,5479,22,1,5,5,3701,0,0,0,NA,0,004,CARLSBAD VILLAGE DR,VICTORIA AV,72,E,N,A,-,N,NA,NA,NA,NA,NA,NA,NA,NA,NA,Y,3,0,5,3,A,-,03,22350,NA,N,B,C,A,A,H,-,A,D,0,NA,NA,NA,NA,Y,Y,A,01,0,3,2,0,0,0,0,0,0,-,-,33.16657,-117.30575,SAN DIEGO,CARLSBAD,-117.30545195,33.16647732
8053127,2016,2016-06-13,3711,2016-05-18,2300,7154,NA,3,5,7,3711,0,0,0,NA,0,627,10TH AV,UNIVERSITY AV,0,NA,Y,A,-,N,NA,NA,NA,NA,NA,NA,NA,NA,NA,N,4,0,1,2,A,-,00,21952,A,M,G,B,B,A,H,-,C,A,0,Y,NA,NA,NA,Y,NA,-,NA,0,0,1,0,1,0,0,0,0,-,-,NA,NA,SAN DIEGO,SAN DIEGO,-117.15528008,32.74842002
8053428,2016,2016-06-10,3705,2016-05-22,1409,EC0337,NA,7,5,5,3705,0,0,0,NA,0,009,EAST MAIN,NORTH 1ST,127,E,N,A,-,N,NA,NA,NA,NA,NA,NA,NA,NA,NA,N,4,0,1,2,A,-,03,22350,NA,N,C,C,A,A,H,-,A,A,0,NA,NA,NA,NA,Y,NA,A,01,0,0,1,0,0,0,0,0,0,-,-,NA,NA,SAN DIEGO,EL CAJON,-116.94418821,32.79494
8055262,2016,2016-08-10,3711,2016-05-27,2026,6461,NA,5,5,7,3711,0,0,0,NA,0,113,CLAIREMONT DR,INDIAN WY,20,S,N,A,-,N,NA,NA,NA,NA,NA,NA,NA,NA,NA,Y,4,0,3,7,A,-,05,21651,C,N,A,C,A,A,H,-,C,-,0,NA,NA,NA,NA,Y,Y,-,NA,0,0,3,0,0,0,0,0,0,-,-,NA,NA,SAN DIEGO,SAN DIEGO,-117.20511476,32.82191952
8055282,2016,2016-06-08,3711,2016-05-26,0157,8192,NA,4,5,7,3711,0,0,0,NA,0,313,CALEDONIA DR,ARMOUR ST,282,S,N,B,-,N,NA,NA,NA,NA,NA,NA,NA,NA,NA,Y,3,0,1,2,A,-,08,22107,NA,N,B,E,A,A,H,-,D,D,0,NA,NA,NA,NA,Y,NA,A,01,0,1,0,0,0,0,0,0,0,-,-,NA,NA,SAN DIEGO,SAN DIEGO,-117.15768343,32.81945661
8055406,2016,2016-06-03,3700,2016-05-21,1622,SH7146,NA,6,5,5,3712,0,0,0,NA,0,359,WEST SAN MARCOS BL,S LAS POSAS RD,0,NA,Y,A,-,N,NA,NA,NA,NA,NA,NA,NA,NA,NA,Y,3,0,4,2,A,-,12,21453,A,N,A,C,A,A,H,-,A,A,0,NA,NA,NA,NA,Y,NA,A,07,0,4,0,0,0,0,0,0,0,-,-,NA,NA,SAN DIEGO,SAN MARCOS,-117.19394,33.13327007
8056120,2016,2016-06-08,3705,2016-05-09,1747,EC0337,NA,1,5,5,3705,0,0,0,NA,0,009,E MADISON,ROSELLE,105,W,N,A,-,N,NA,NA,NA,NA,NA,NA,NA,NA,NA,N,3,0,1,2,A,-,05,21650,1,N,D,G,A,A,H,-,A,D,0,NA,Y,NA,NA,Y,NA,L,04,0,1,0,0,0,0,1,0,0,-,-,NA,NA,SAN DIEGO,EL CAJON,-116.94112044,32.80016374