CASE_ID,ACCIDENT_YEAR,PROC_DATE,JURIS,COLLISION_DATE,COLLISION_TIME,OFFICER_ID,REPORTING_DISTRICT,DAY_OF_WEEK,CHP_SHIFT,POPULATION,CNTY_CITY_LOC,SPECIAL_COND,BEAT_TYPE,CHP_BEAT_TYPE,CITY_DIVISION_LAPD,CHP_BEAT_CLASS,BEAT_NUMBER,PRIMARY_RD,SECONDARY_RD,DISTANCE,DIRECTION,INTERSECTION,WEATHER_1,WEATHER_2,STATE_HWY_IND,CALTRANS_COUNTY,CALTRANS_DISTRICT,STATE_ROUTE,ROUTE_SUFFIX,POSTMILE_PREFIX,POSTMILE,LOCATION_TYPE,RAMP_INTERSECTION,SIDE_OF_HWY,TOW_AWAY,COLLISION_SEVERITY,NUMBER_KILLED,NUMBER_INJURED,PARTY_COUNT,PRIMARY_COLL_FACTOR,PCF_CODE_OF_VIOL,PCF_VIOL_CATEGORY,PCF_VIOLATION,PCF_VIOL_SUBSECTION,HIT_AND_RUN,TYPE_OF_COLLISION,MVIW,PED_ACTION,ROAD_SURFACE,ROAD_COND_1,ROAD_COND_2,LIGHTING,CONTROL_DEVICE,CHP_ROAD_TYPE,PEDESTRIAN_ACCIDENT,BICYCLE_ACCIDENT,MOTORCYCLE_ACCIDENT,TRUCK_ACCIDENT,NOT_PRIVATE_PROPERTY,ALCOHOL_INVOLVED,STWD_VEHTYPE_AT_FAULT,CHP_VEHTYPE_AT_FAULT,COUNT_SEVERE_INJ,COUNT_VISIBLE_INJ,COUNT_COMPLAINT_PAIN,COUNT_PED_KILLED,COUNT_PED_INJURED,COUNT_BICYCLIST_KILLED,COUNT_BICYCLIST_INJURED,COUNT_MC_KILLED,COUNT_MC_INJURED,PRIMARY_RAMP,SECONDARY_RAMP,LATITUDE,LONGITUDE,COUNTY,CITY,POINT_X,POINT_Y
8136602,2016,2016-10-10,3706,2016-09-29,1847,318,ESCON,4,5,6,3706,0,0,0,NA,0,055,VALLEY PKWY,AVENIDA DEL DIABLO,0,NA,Y,A,-,N,NA,NA,NA,NA,NA,NA,NA,NA,NA,Y,4,0,1,2,A,-,09,21801,A,N,A,C,A,A,H,-,B,A,0,NA,NA,NA,NA,Y,NA,A,01,0,0,1,0,0,0,0,0,0,-,-,NA,NA,SAN DIEGO,ESCONDIDO,-117.10538001,33.10313001
81368070,2020,2020-12-16,3701,2020-12-14,0746,CB5363,110,1,5,5,3701,0,0,0,NA,0,008,RANCHO SANTA FE RD,FIRE STATION 6 DY,369,S,N,A,-,N,NA,NA,NA,NA,NA,NA,NA,NA,NA,N,3,0,1,1,C,-,18,NA,NA,N,H,A,A,A,H,-,A,D,0,NA,Y,NA,NA,Y,NA,-,-,0,1,0,0,0,0,1,0,0,-,-,NA,NA,SAN DIEGO,CARLSBAD,-117.22474670410156,33.09364700317383
81372670,2020,2020-12-22,3706,2020-12-05,1126,510,Escon,6,5,6,3706,0,0,0,NA,0,042,BROADWAY,WASHINGTON AV,355,N,N,A,-,Y,NA,NA,78,NA,NA,NA,NA,NA,NA,N,4,0,1,2,A,-,04,21703,NA,N,C,C,A,A,H,-,A,D,0,NA,NA,NA,NA,Y,NA,A,08,0,0,1,0,0,0,0,0,0,-,-,33.12678146362305,-117.08412170410156,SAN DIEGO,ESCONDIDO,-117.0838623046875,33.1269645690918
81382939,2021,2021-01-07,3706,2021-01-03,1728,487,ESCON,7,5,6,3706,0,0,0,NA,0,044,MISSION AV,MILLS ST (E),91,E,N,A,-,N,NA,NA,NA,NA,NA,NA,NA,NA,NA,Y,4,0,1,3,A,-,01,23152,A,N,C,C,A,A,H,-,C,D,0,NA,NA,NA,NA,Y,Y,D,22,0,0,1,0,0,0,0,0,0,-,-,33.13948059082031,-117.06465911865234,SAN DIEGO,ESCONDIDO,-117.0645751953125,33.139549255371094
81392953,2021,2021-01-25,3706,2021-01-08,1119,465,ESCON,5,5,6,3706,0,0,0,NA,0,043,CENTRE CITY PY,NUTMEG ST,0,NA,Y,A,-,N,NA,NA,NA,NA,NA,NA,NA,NA,NA,Y,4,0,2,2,A,-,09,21802,A,N,D,C,A,A,H,-,A,D,0,NA,NA,NA,Y,Y,NA,A,01,0,0,2,0,0,0,0,0,0,-,-,33.1668815612793,-117.10514831542967,SAN DIEGO,ESCONDIDO,-117.10523986816406,33.166908264160156
8139453,2016,2017-05-04,3700,2016-11-18,1910,SH3172,NA,5,5,5,3782,0,0,0,NA,0,240,S COAST HWY 101,CHESTERFIELD DR,0,NA,Y,A,-,N,NA,NA,NA,NA,NA,NA,NA,NA,NA,N,2,0,1,2,A,-,11,21456,B,N,G,B,B,A,H,-,C,A,0,Y,NA,NA,NA,Y,NA,N,60,1,0,0,0,1,0,0,0,0,-,-,NA,NA,SAN DIEGO,ENCINITAS,-117.28233008,33.01903009
8139884,2016,2016-10-07,3700,2016-07-24,2025,SH0236,NA,7,5,5,3713,0,0,0,NA,0,316,UNIVERSITY DR,SYCAMORE AV,535,W,N,A,-,N,NA,NA,NA,NA,NA,NA,NA,NA,NA,N,4,0,1,2,A,-,10,21950,A,N,G,B,B,A,H,-,A,D,0,Y,NA,NA,NA,Y,NA,A,01,0,0,1,0,1,0,0,0,0,-,-,NA,NA,SAN DIEGO,VISTA,-117.21443159,33.17028617
81406450,2021,2021-02-11,3706,2021-02-05,0009,540,ESCON,5,5,6,3706,0,0,0,NA,0,055,09TH AV,AUTO PARK WY (W),0,NA,Y,A,-,N,NA,NA,NA,NA,NA,NA,NA,NA,NA,Y,3,0,1,1,A,-,03,22350,NA,N,E,I,A,A,H,-,D,A,0,NA,NA,NA,NA,Y,NA,A,01,0,1,0,0,0,0,0,0,0,-,-,33.10879135131836,-117.09813690185548,SAN DIEGO,ESCONDIDO,-117.098047,33.108735
8140720,2016,2017-02-11,3700,2016-04-24,1849,SH2405,NA,7,5,5,3781,0,0,0,NA,0,516,FANITA RD,RT 52,0,NA,Y,A,-,Y,SD,11,52,-,-,15.31,R,4,W,Y,4,0,1,2,A,-,09,21802,A,N,D,C,A,A,H,-,A,D,0,NA,NA,NA,NA,Y,NA,A,01,0,0,1,0,0,0,0,0,0,-,-,NA,NA,SAN DIEGO,SANTEE,-116.99744363,32.83680723
81412048,2021,2021-02-22,3701,2021-02-11,1808,CB5547,045,4,5,5,3701,0,0,0,NA,0,004,EL CAMINO REAL,WEST RANCH ST,1282,N,N,A,-,N,NA,NA,NA,NA,NA,NA,NA,NA,NA,Y,3,0,1,1,A,-,08,22107,NA,N,E,I,A,A,H,-,C,D,0,NA,NA,Y,NA,Y,NA,C,02,0,1,0,0,0,0,0,0,1,-,-,33.15211868286133,-117.30233764648438,SAN DIEGO,CARLSBAD,-117.30336761474608,33.15163040161133
8141329,2016,2016-10-11,3710,2016-09-10,1750,0874,NA,6,5,6,3710,0,0,0,NA,0,018,DOUGLAS DR,VIA MALAGUENA,129,N,N,A,-,N,NA,NA,NA,NA,NA,NA,NA,NA,NA,N,3,0,1,1,A,-,03,22350,NA,N,H,J,A,A,H,-,A,D,0,NA,NA,Y,NA,Y,NA,C,02,0,1,0,0,0,0,0,0,1,-,-,NA,NA,SAN DIEGO,OCEANSIDE,-117.30204327,33.27136622
8141355,2016,2016-10-11,3710,2016-09-14,0759,OC1253,NA,3,5,6,3710,0,0,0,NA,0,022,NORTH SANTA FE AV,ALAMOSA PARK DR,400,N,N,A,-,N,NA,NA,NA,NA,NA,NA,NA,NA,NA,Y,4,0,2,4,A,-,03,22350,NA,N,C,C,A,A,H,-,A,D,0,NA,NA,Y,NA,Y,NA,A,01,0,0,2,0,0,0,0,0,0,-,-,NA,NA,SAN DIEGO,OCEANSIDE,-117.27960791,33.24385027
8141363,2016,2017-02-18,3703,2016-09-23,1536,1314,NA,5,5,3,3703,0,0,0,NA,0,001,RT 282,PALM AV,0,NA,Y,A,-,Y,SD,11,282,-,-,0.29,H,-,E,Y,4,0,2,3,A,-,03,22350,NA,N,B,C,A,A,H,-,A,D,0,NA,Y,Y,NA,Y,NA,C,02,0,0,2,0,0,0,1,0,1,-,-,NA,NA,SAN DIEGO,CORONADO,-117.1793039,32.69634976
8141412,2016,2016-10-12,3705,2016-09-21,0855,EC0278,NA,3,5,5,3705,0,0,0,NA,0,010,MAGNOLIA,LEXINGTON,0,NA,Y,B,-,N,NA,NA,NA,NA,NA,NA,NA,NA,NA,Y,4,0,1,2,A,-,09,21801,A,N,D,C,A,A,H,-,A,A,0,NA,NA,NA,NA,Y,NA,A,07,0,0,1,0,0,0,0,0,0,-,-,NA,NA,SAN DIEGO,EL CAJON,-116.96229007,32.7927101
8141768,2016,2016-12-07,3711,2016-09-30,1930,7202,NA,5,5,7,3711,0,0,0,NA,0,433,IMPERIAL,65TH ST,0,NA,Y,-,-,N,NA,NA,NA,NA,NA,NA,NA,NA,NA,N,4,0,1,2,A,-,10,21950,A,N,G,B,B,A,-,-,-,A,0,Y,NA,NA,NA,Y,Y,-,NA,0,0,1,0,1,0,0,0,0,-,-,NA,NA,SAN DIEGO,SAN DIEGO,-117.05802008,32.71055002
8141803,2016,2016-10-13,3711,2016-09-29,0753,5985,NA,4,5,7,3711,0,0,0,NA,0,531,6TH AV,IVY ST,6,S,N,A,-,N,NA,NA,NA,NA,NA,NA,NA,NA,NA,N,4,0,2,3,A,-,03,22350,NA,N,C,C,A,A,H,-,A,D,0,NA,NA,NA,NA,Y,NA,A,07,0,0,2,0,0,0,0,0,0,-,-,NA,NA,SAN DIEGO,SAN DIEGO,-117.15942,32.72823356
8141936,2016,2016-10-13,3711,2016-10-02,1640,7077,SANDI,7,5,7,3711,0,0,0,NA,0,315,FRAZEE RD,HAZARD CENTER DR,0,N,N,A,-,N,NA,NA,NA,NA,NA,NA,NA,NA,NA,N,4,0,1,2,A,-,11,21456,B,N,G,B,B,A,H,-,A,A,0,Y,NA,NA,NA,Y,NA,-,-,0,0,1,0,1,0,0,0,0,-,-,NA,NA,SAN DIEGO,SAN DIEGO,-117.15635013,32.77079008
8141952,2016,2016-10-13,3711,2016-10-02,1402,7289,NA,7,5,7,3711,0,0,0,NA,0,611,CAMINO DEL RIO W,CAMINO DEL RIO W 3700,0,NA,Y,A,-,N,NA,NA,NA,NA,NA,NA,NA,NA,NA,NA,3,0,1,2,A,-,08,22107,NA,N,B,C,A,A,H,-,A,A,0,NA,NA,NA,NA,Y,NA,-,NA,0,1,0,0,0,0,0,0,0,-,-,NA,NA,SAN DIEGO,SAN DIEGO,-117.11413442999999,32.77791922
8141968,2016,2016-10-13,3711,2016-10-01,1716,4759,SANDI,6,5,7,3711,0,0,0,NA,0,122,CHALCEDONY ST,MISSION BL,3,W,N,-,-,N,NA,NA,NA,NA,NA,NA,NA,NA,NA,N,3,0,1,2,A,-,11,21950,B,N,D,G,A,-,-,-,-,D,0,NA,Y,NA,NA,Y,Y,-,-,0,1,0,0,0,0,1,0,0,-,-,NA,NA,SAN DIEGO,SAN DIEGO,-117.25692939,32.80119785
81423830,2021,2021-03-10,3706,2021-03-02,1900,483,ESCON,2,5,6,3706,0,0,0,NA,0,056,VALLEY PY,MIDWAY DR,0,NA,Y,A,-,N,NA,NA,NA,NA,NA,NA,NA,NA,NA,Y,4,0,1,2,A,-,01,23152,F,N,C,C,A,A,H,-,C,A,0,NA,NA,NA,NA,Y,Y,A,01,0,0,1,0,0,0,0,0,0,-,-,33.1375617980957,-117.05184173583984,SAN DIEGO,ESCONDIDO,-117.05181121826172,33.13751220703125
81438860,2020,2021-03-30,3706,2020-12-20,2151,445,Escon,7,5,6,3706,0,0,0,NA,0,041,BROADWAY,COUNTRY CLUB LN,0,NA,Y,A,-,N,NA,NA,NA,NA,NA,NA,NA,NA,NA,Y,1,2,0,2,A,-,12,21453,A,N,D,C,A,A,H,-,C,A,0,NA,NA,NA,NA,Y,Y,-,-,0,0,0,0,0,0,0,0,0,-,-,33.1609992980957,-117.09288024902344,SAN DIEGO,ESCONDIDO,-117.09288024902344,33.16099166870117
81449853,2021,2021-04-14,3706,2021-04-11,0303,530,ESCON,7,5,6,3706,0,0,0,NA,0,041,RINCON AV,CONWAY DR,682,W,N,A,-,N,NA,NA,NA,NA,NA,NA,NA,NA,NA,Y,3,0,1,1,A,-,08,22107,NA,N,E,I,A,A,H,-,D,D,0,NA,NA,NA,NA,Y,NA,A,01,0,1,0,0,0,0,0,0,0,-,-,33.1646614074707,-117.08393096923828,SAN DIEGO,ESCONDIDO,-117.08574676513672,33.16360092163086
8145860,2016,2016-12-27,3711,2016-10-04,1110,7323,NA,2,5,7,3711,0,0,0,NA,0,831,ORANGE AV,CHAMOUNE AV,0,NA,Y,A,-,N,NA,NA,NA,NA,NA,NA,NA,NA,NA,Y,3,0,1,2,A,-,04,21703,NA,N,C,C,A,A,H,-,A,D,0,NA,NA,NA,NA,Y,NA,A,01,0,1,0,0,0,0,0,0,0,-,-,NA,NA,SAN DIEGO,SAN DIEGO,-117.09657007,32.75313012
81460000,2021,2021-04-28,3701,2021-04-22,2355,CB5552,123,4,5,5,3701,0,0,0,NA,0,008,RANCHO SANTA FE RD,LA COSTA AV,0,NA,Y,B,-,N,NA,NA,NA,NA,NA,NA,NA,NA,NA,Y,4,0,1,2,A,-,01,23153,A,N,D,C,A,A,H,-,C,A,0,NA,NA,NA,NA,Y,Y,A,01,0,0,1,0,0,0,0,0,0,-,-,33.08148956298828,-117.2368621826172,SAN DIEGO,CARLSBAD,-117.23683166503906,33.081478118896484
81460002,2021,2021-04-28,3701,2021-04-25,0712,CB5427,044,7,5,5,3701,0,0,0,NA,0,005,EL CAMINO REAL,COLLEGE BL,757,N,N,A,-,N,NA,NA,NA,NA,NA,NA,NA,NA,NA,N,2,0,1,2,D,-,00,NA,NA,N,B,G,A,A,H,-,A,A,0,NA,Y,NA,NA,Y,NA,-,-,1,0,0,0,0,0,1,0,0,-,-,33.14308166503906,-117.28305053710938,SAN DIEGO,CARLSBAD,-117.28515625,33.14434814453125
8146116,2016,2016-10-18,3711,2016-10-04,1830,7159,NA,2,5,7,3711,0,0,0,NA,0,121,SUNSET CLIFFS BL,SUNSET CLIFFS BL 4600,6336,N,N,A,-,N,NA,NA,NA,NA,NA,NA,NA,NA,NA,Y,4,0,1,4,A,-,03,22350,NA,N,C,C,A,A,H,-,C,D,0,NA,NA,NA,NA,Y,NA,-,NA,0,0,1,0,0,0,0,0,0,-,-,NA,NA,SAN DIEGO,SAN DIEGO,NA,NA
8148064,2016,2016-10-18,3710,2016-09-09,0800,OC1421,NA,5,5,6,3710,0,0,0,NA,0,012,EL CAMINIO REAL,OCEANSIDE BL,200,N,N,A,-,N,NA,NA,NA,NA,NA,NA,NA,NA,NA,Y,4,0,1,4,A,-,03,22350,NA,N,C,C,A,A,H,-,A,A,0,NA,NA,NA,NA,Y,NA,A,01,0,0,1,0,0,0,0,0,0,-,-,NA,NA,SAN DIEGO,OCEANSIDE,-117.33274194,33.20229647
81481523,2021,2021-05-26,3706,2021-05-15,2241,0532,ESCON,6,5,6,3706,0,0,0,NA,0,041,FIG ST,MILLBROOK PL,0,NA,Y,A,-,N,NA,NA,NA,NA,NA,NA,NA,NA,NA,Y,3,0,3,3,A,-,03,22350,NA,N,D,C,A,A,H,-,C,D,0,NA,NA,NA,NA,Y,NA,A,07,0,3,0,0,0,0,0,0,0,-,-,33.13880157470703,-117.07982635498048,SAN DIEGO,ESCONDIDO,-117.07979583740234,33.138729095458984
8148601,2016,2017-02-06,3700,2016-09-29,1705,SH0817,NA,4,5,5,3712,0,0,0,NA,0,355,GRAND AV,S LAS POSAS RD,40,E,N,A,-,N,NA,NA,NA,NA,NA,NA,NA,NA,NA,N,4,0,1,2,D,-,00,NA,NA,N,C,C,A,A,H,-,A,A,0,NA,NA,NA,NA,Y,NA,-,-,0,0,1,0,0,0,0,0,0,-,-,NA,NA,SAN DIEGO,SAN MARCOS,-117.19153044,33.14289652
81488040,2021,2021-06-03,3706,2021-05-15,0915,545,ESCON,6,5,6,3706,0,0,0,NA,0,051,SAN PASQUAL RD,ZERMATT LN,100,W,N,A,-,N,NA,NA,NA,NA,NA,NA,NA,NA,NA,N,2,0,5,2,A,-,01,23152,F,N,A,C,A,A,H,-,A,D,0,NA,NA,NA,NA,Y,NA,A,01,1,2,2,0,0,0,0,0,0,-,-,33.07109832763672,-117.04638671875,SAN DIEGO,ESCONDIDO,-117.04588317871094,33.071510314941406
81490026,2021,2021-06-07,3706,2021-05-30,1230,511,ESCON,7,5,6,3706,0,0,0,NA,0,052,05TH AV,ORANGE ST,0,NA,Y,A,-,N,NA,NA,NA,NA,NA,NA,NA,NA,NA,N,3,0,1,1,A,-,08,22107,NA,N,F,A,A,A,H,-,A,D,0,NA,NA,Y,NA,Y,NA,C,02,0,1,0,0,0,0,0,0,1,-,-,33.11603927612305,-117.08300018310548,SAN DIEGO,ESCONDIDO,-117.083,33.116039
8151375,2016,2017-02-18,3703,2016-09-15,1515,1270,NA,4,5,3,3703,0,0,0,NA,0,001,ORANGE AV,5TH ST,14,N,N,A,-,Y,SD,11,75,-,-,19.48,H,-,S,N,4,0,1,2,A,-,03,22350,NA,N,C,C,A,A,H,-,A,D,0,NA,NA,NA,NA,Y,NA,A,01,0,0,1,0,0,0,0,0,0,-,-,NA,NA,SAN DIEGO,CORONADO,-117.17583527,32.69300543
8151496,2016,2016-10-27,3702,2016-09-20,1420,CV0652,NA,2,5,6,3702,0,0,0,NA,0,022,HILLTOP DR,PALOMAR ST,0,NA,Y,C,-,N,NA,NA,NA,NA,NA,NA,NA,NA,NA,Y,4,0,1,2,A,-,09,21801,A,N,A,C,A,B,H,-,A,A,0,NA,NA,NA,NA,Y,NA,A,01,0,0,1,0,0,0,0,0,0,-,-,NA,NA,SAN DIEGO,CHULA VISTA,-117.05419009,32.61021004
81515241,2021,2021-07-08,3706,2021-06-22,1605,458,ESCON,2,5,6,3706,0,0,0,NA,0,052,ESCONDIDO BL,VALLEY PY,0,NA,Y,A,-,N,NA,NA,NA,NA,NA,NA,NA,NA,NA,N,3,0,4,4,A,-,12,21453,A,N,D,C,A,A,H,-,A,A,0,NA,NA,NA,NA,Y,NA,D,22,0,1,3,0,0,0,0,0,0,-,-,33.12104034423828,-117.08516693115234,SAN DIEGO,ESCONDIDO,-117.08486175537108,33.12123489379883
8151678,2016,2016-10-26,3702,2016-09-25,1530,CV1098,NA,7,5,6,3702,0,0,0,NA,0,012,MARINA PKWY,G ST,469,N,N,A,-,N,NA,NA,NA,NA,NA,NA,NA,NA,NA,N,3,0,1,1,A,-,03,22350,NA,N,F,A,A,A,H,-,A,D,0,NA,NA,Y,NA,Y,NA,C,02,0,1,0,0,0,0,0,0,1,-,-,NA,NA,SAN DIEGO,CHULA VISTA,-117.10469035,32.63177045
8151778,2016,2016-12-07,3711,2016-10-14,1250,7536,NA,5,5,7,3711,0,0,0,NA,0,234,CAMINO DEL NORTE,CARMEL MOUNTAIN RD,53,W,N,A,-,N,NA,NA,NA,NA,NA,NA,NA,NA,NA,N,4,0,1,3,A,-,03,22350,NA,N,C,C,A,A,H,-,A,D,0,NA,NA,NA,Y,Y,NA,F,26,0,0,1,0,0,0,0,0,0,-,-,NA,NA,SAN DIEGO,SAN DIEGO,-117.07241883,32.99095594
81518628,2021,2021-07-13,3701,2021-07-10,0058,CB5512,37,6,5,5,3701,0,0,0,NA,0,002,CARLSBAD BL,CHERRY AV,24,N,N,A,-,N,NA,NA,NA,NA,NA,NA,NA,NA,NA,Y,3,0,3,2,A,-,01,23153,A,N,C,C,A,A,H,-,C,D,0,NA,NA,NA,NA,Y,Y,A,01,0,3,0,0,0,0,0,0,0,-,-,33.15026092529297,-117.34761810302734,SAN DIEGO,CARLSBAD,-117.34751129150392,33.15031433105469
8151957,2016,2016-10-27,3709,2016-10-07,1853,7273,NA,5,5,5,3709,0,0,0,NA,0,999,OLIVE AV,PLAZA BL,0,N,N,A,-,N,NA,NA,NA,NA,NA,NA,NA,NA,NA,N,4,0,1,2,A,-,03,22350,NA,M,C,C,A,A,H,-,C,D,0,NA,NA,NA,NA,Y,NA,-,99,0,0,1,0,0,0,0,0,0,-,-,NA,NA,SAN DIEGO,NATIONAL CITY,-117.07180013,32.6834101
8151977,2016,2016-12-02,3711,2016-10-12,0550,6931,SD,3,5,7,3711,0,0,0,NA,0,511,SOUTH 32ND ST,HARBOR DR,0,NA,Y,A,-,N,NA,NA,NA,NA,NA,NA,NA,NA,NA,Y,4,0,1,2,A,-,08,22107,NA,N,C,C,A,A,H,-,B,A,0,NA,NA,NA,NA,Y,NA,-,NA,0,0,1,0,0,0,0,0,0,-,-,NA,NA,SAN DIEGO,SAN DIEGO,-117.12543008,32.68584009
81528122,2021,2021-07-26,3701,2021-07-17,2100,CB5547,102,6,5,5,3701,0,0,0,NA,0,007,LA COSTA AV,I-5 LA COSTA NB ON RAMP,0,NA,Y,A,-,Y,NA,NA,NA,NA,NA,NA,NA,NA,NA,Y,3,0,2,2,A,-,00,21461,NA,N,D,C,A,A,H,-,C,A,0,NA,NA,NA,NA,Y,NA,I,11,0,1,1,0,0,0,0,0,0,-,-,33.08436965942383,-117.297119140625,SAN DIEGO,CARLSBAD,NA,NA
81533216,2021,2021-07-30,3706,2021-07-23,1227,1833,ESCON,5,5,6,3706,0,0,0,NA,0,041,CENTRE CITY PY,COUNTRY CLUB LN,0,NA,Y,A,-,N,NA,NA,NA,NA,NA,NA,NA,NA,NA,Y,3,0,2,2,A,-,12,21453,A,N,D,C,A,A,H,-,A,A,0,NA,NA,NA,NA,Y,NA,A,01,0,1,1,0,0,0,0,0,0,-,-,33.15816116333008,-117.10193634033205,SAN DIEGO,ESCONDIDO,-117.10214233398438,33.15814971923828
8153556,2016,2016-10-25,3706,2016-10-18,1629,322,ESCON,2,5,6,3706,0,0,0,NA,0,052,3RD AV,BROADWAY,0,NA,Y,A,-,N,NA,NA,NA,NA,NA,NA,NA,NA,NA,Y,3,0,1,2,A,-,09,21802,A,N,D,C,A,A,H,-,A,A,0,NA,NA,NA,NA,Y,NA,A,01,0,1,0,0,0,0,0,0,0,-,-,NA,NA,SAN DIEGO,ESCONDIDO,-117.08021013,33.11985001
8153662,2016,2016-10-26,3700,2016-09-27,2224,SH0236,NA,2,5,5,3713,0,0,0,NA,0,303,WARMLANDS AV,KINGS RD,170,S,N,A,-,N,NA,NA,NA,NA,NA,NA,NA,NA,NA,Y,4,0,1,4,A,-,05,21650,NA,N,C,C,A,A,H,-,C,D,0,NA,NA,NA,NA,Y,NA,A,01,0,0,1,0,0,0,0,0,0,-,-,NA,NA,SAN DIEGO,VISTA,-117.21314475,33.22244883
81542965,2021,2021-08-12,3706,2021-08-01,1148,510,ESCON,7,5,6,3706,0,0,0,NA,0,046,VALLEY PY,CITRUS AV,1309,W,N,A,-,N,NA,NA,NA,NA,NA,NA,NA,NA,NA,Y,4,0,1,2,A,-,08,22107,NA,N,B,C,A,A,H,-,A,D,0,NA,NA,NA,NA,Y,NA,A,01,0,0,1,0,0,0,0,0,0,-,-,33.1409797668457,-117.04424285888672,SAN DIEGO,ESCONDIDO,-117.04799652099608,33.1392936706543
8155596,2016,2016-11-02,3711,2016-10-19,1129,7233,NA,3,5,7,3711,0,0,0,NA,0,324,LAKE ARAGO AV,LAKE ANGELA DR,0,NA,Y,A,-,N,NA,NA,NA,NA,NA,NA,NA,NA,NA,Y,3,0,1,2,A,-,09,21800,A,N,D,C,A,A,H,-,A,D,0,NA,NA,NA,NA,Y,NA,-,NA,0,1,0,0,0,0,0,0,0,-,-,NA,NA,SAN DIEGO,SAN DIEGO,-117.0133001,32.7948801
8156389,2016,2016-11-01,3709,2016-10-20,0530,935,NCPD,4,5,5,3709,0,0,0,NA,0,024,HAFFLEY AV,BAY MARINA DR,778,N,N,A,-,N,NA,NA,NA,NA,NA,NA,NA,NA,NA,N,4,0,1,2,A,-,10,21950,A,N,G,B,D,A,H,-,C,D,0,Y,NA,NA,NA,Y,NA,N,60,0,0,1,0,1,0,0,0,0,-,-,NA,NA,SAN DIEGO,NATIONAL CITY,-117.11331466,32.66097513
81566039,2021,2021-09-09,3701,2021-09-03,1534,CB5497,067,5,5,5,3701,0,0,0,NA,0,002,CANNON RD,I-5 CANNON SB OFF RAMP,0,NA,Y,A,-,N,NA,NA,5,NA,NA,NA,NA,NA,NA,Y,3,0,2,2,A,-,12,21453,A,N,D,C,A,A,H,-,A,A,0,NA,NA,NA,NA,Y,NA,A,01,0,2,0,0,0,0,0,0,0,-,-,33.13418960571289,-117.33023834228516,SAN DIEGO,CARLSBAD,-117.32955169677734,33.13453674316406
8157029,2016,2016-11-02,3711,2016-10-21,1024,7081,NA,5,5,7,3711,0,0,0,NA,0,712,SYCAMORE RD,SYCAMORE RD 455,54,S,N,A,-,N,NA,NA,NA,NA,NA,NA,NA,NA,NA,Y,4,0,1,1,A,-,03,22350,NA,N,E,I,A,A,H,-,A,D,0,NA,NA,NA,NA,Y,NA,-,NA,0,0,1,0,0,0,0,0,0,-,-,NA,NA,SAN DIEGO,SAN DIEGO,NA,NA
81576284,2021,2021-09-22,3701,2021-09-03,0815,CB5518,013,5,5,5,3701,0,0,0,NA,0,003,CHESTNUT AV,MONROE ST,186,E,N,A,-,N,NA,NA,NA,NA,NA,NA,NA,NA,NA,N,4,0,1,3,A,-,08,22107,NA,M,C,G,A,A,H,-,A,D,0,NA,Y,NA,NA,Y,NA,-,99,0,0,1,0,0,0,1,0,0,-,-,33.161598205566406,-117.3263702392578,SAN DIEGO,CARLSBAD,-117.32579803466795,33.161643981933594
8157814,2016,2016-11-04,3711,2016-10-25,0658,7233,NA,2,5,7,3711,0,0,0,NA,0,324,LAKE MURRAY BL,BEAVER LAKE DR,0,NA,Y,B,-,N,NA,NA,NA,NA,NA,NA,NA,NA,NA,Y,4,0,2,2,A,-,08,22107,NA,N,D,C,A,A,H,-,A,D,0,NA,NA,NA,NA,Y,NA,-,NA,0,0,2,0,0,0,0,0,0,-,-,NA,NA,SAN DIEGO,SAN DIEGO,-117.01418007,32.7986701
8158068,2016,2016-11-07,3709,2016-10-17,1536,479,NATIO,1,5,5,3709,0,0,0,NA,0,021,EAST 4TH ST,EUCLID AV,0,NA,Y,A,-,N,NA,NA,NA,NA,NA,NA,NA,NA,NA,Y,4,0,2,2,A,-,09,21801,A,N,A,C,A,A,H,-,A,A,0,NA,NA,NA,NA,Y,Y,A,01,0,0,2,0,0,0,0,0,0,-,-,NA,NA,SAN DIEGO,NATIONAL CITY,-117.08369013,32.68619004
8158080,2016,2016-11-07,3706,2016-10-20,1625,318,ESCON,4,5,6,3706,0,0,0,NA,0,042,BROADWAY,MISSION AV,116,N,N,A,-,N,NA,NA,NA,NA,NA,NA,NA,NA,NA,N,4,0,4,5,A,-,21,22106,NA,N,G,B,F,A,H,-,A,D,0,Y,NA,NA,NA,Y,NA,A,01,0,0,4,0,4,0,0,0,0,-,-,NA,NA,SAN DIEGO,ESCONDIDO,-117.08547227,33.1306576
81591228,2021,2021-10-08,3706,2021-10-01,0800,458,ESCON,5,5,6,3706,0,0,0,NA,0,043,COUNTRY CLUB LN,NUTMEG ST,0,NA,Y,A,-,N,NA,NA,NA,NA,NA,NA,NA,NA,NA,Y,4,0,2,2,A,-,12,22450,A,N,D,C,A,A,H,-,A,A,0,NA,NA,NA,NA,Y,NA,A,01,0,0,2,0,0,0,0,0,0,-,-,33.15727996826172,-117.10928344726563,SAN DIEGO,ESCONDIDO,-117.10929107666016,33.157188415527344
81592260,2021,2021-10-11,3701,2021-09-10,1533,CB5499,032,5,5,5,3701,0,0,0,NA,0,003,EL FUERTE ST,GREENHAVEN DR,618,N,N,A,-,N,NA,NA,NA,NA,NA,NA,NA,NA,NA,N,3,0,1,3,A,-,09,21802,A,N,D,C,A,A,H,-,A,A,0,NA,NA,NA,NA,Y,NA,A,07,0,1,0,0,0,0,0,0,0,-,-,33.119789123535156,-117.24974822998048,SAN DIEGO,CARLSBAD,-117.2492904663086,33.12144470214844
8159734,2016,2016-11-07,3708,2016-10-24,1444,LM1225,NA,1,5,5,3708,0,0,0,NA,0,002,SPRING ST,FINLEY DR,0,NA,Y,B,-,N,NA,NA,NA,NA,NA,NA,NA,NA,NA,Y,4,0,1,2,A,-,09,21802,B,N,D,C,A,A,H,-,A,-,0,NA,NA,NA,NA,Y,NA,-,NA,0,0,1,0,0,0,0,0,0,-,-,NA,NA,SAN DIEGO,LA MESA,-117.01865011,32.76208007