CASE_ID,ACCIDENT_YEAR,PROC_DATE,JURIS,COLLISION_DATE,COLLISION_TIME,OFFICER_ID,REPORTING_DISTRICT,DAY_OF_WEEK,CHP_SHIFT,POPULATION,CNTY_CITY_LOC,SPECIAL_COND,BEAT_TYPE,CHP_BEAT_TYPE,CITY_DIVISION_LAPD,CHP_BEAT_CLASS,BEAT_NUMBER,PRIMARY_RD,SECONDARY_RD,DISTANCE,DIRECTION,INTERSECTION,WEATHER_1,WEATHER_2,STATE_HWY_IND,CALTRANS_COUNTY,CALTRANS_DISTRICT,STATE_ROUTE,ROUTE_SUFFIX,POSTMILE_PREFIX,POSTMILE,LOCATION_TYPE,RAMP_INTERSECTION,SIDE_OF_HWY,TOW_AWAY,COLLISION_SEVERITY,NUMBER_KILLED,NUMBER_INJURED,PARTY_COUNT,PRIMARY_COLL_FACTOR,PCF_CODE_OF_VIOL,PCF_VIOL_CATEGORY,PCF_VIOLATION,PCF_VIOL_SUBSECTION,HIT_AND_RUN,TYPE_OF_COLLISION,MVIW,PED_ACTION,ROAD_SURFACE,ROAD_COND_1,ROAD_COND_2,LIGHTING,CONTROL_DEVICE,CHP_ROAD_TYPE,PEDESTRIAN_ACCIDENT,BICYCLE_ACCIDENT,MOTORCYCLE_ACCIDENT,TRUCK_ACCIDENT,NOT_PRIVATE_PROPERTY,ALCOHOL_INVOLVED,STWD_VEHTYPE_AT_FAULT,CHP_VEHTYPE_AT_FAULT,COUNT_SEVERE_INJ,COUNT_VISIBLE_INJ,COUNT_COMPLAINT_PAIN,COUNT_PED_KILLED,COUNT_PED_INJURED,COUNT_BICYCLIST_KILLED,COUNT_BICYCLIST_INJURED,COUNT_MC_KILLED,COUNT_MC_INJURED,PRIMARY_RAMP,SECONDARY_RAMP,LATITUDE,LONGITUDE,COUNTY,CITY,POINT_X,POINT_Y
8476429,2017,2017-10-27,3711,2017-10-02,1957,6146,NA,1,5,7,3711,0,0,0,NA,0,451,COLLEGE GROVE DR,CHOLLAS LAKES REC,231,W,N,A,-,N,NA,NA,NA,NA,NA,NA,NA,NA,NA,Y,2,0,2,1,A,-,08,22107,NA,F,F,I,A,A,H,-,C,D,0,NA,NA,NA,NA,Y,NA,A,07,1,1,0,0,0,0,0,0,0,-,-,NA,NA,SAN DIEGO,SAN DIEGO,NA,NA
8476679,2017,2017-11-08,3700,2017-10-02,0818,SH7275,NA,1,5,5,3713,0,0,0,NA,0,307,EAST VISTA WY,FRANKLIN LN,298,S,N,A,-,N,NA,NA,NA,NA,NA,NA,NA,NA,NA,Y,4,0,1,3,A,-,04,21703,NA,N,C,C,A,A,H,-,A,D,0,NA,NA,NA,NA,Y,NA,-,NA,0,0,1,0,0,0,0,0,0,-,-,NA,NA,SAN DIEGO,VISTA,-117.23607689,33.2072427
8476788,2017,2017-10-23,3700,2017-10-04,1205,SH2439,NA,3,5,5,3713,0,0,0,NA,0,308,NORTH MELROSE DR,WEST VISTA WY,0,NA,Y,A,-,N,NA,NA,NA,NA,NA,NA,NA,NA,NA,Y,3,0,2,2,A,-,09,21453,C,N,D,C,A,A,H,-,A,A,0,NA,NA,NA,NA,Y,NA,A,07,0,1,1,0,0,0,0,0,0,-,-,NA,NA,SAN DIEGO,VISTA,-117.25467001,33.19553008
84768873,2025,2025-07-21,3706,2025-07-04,2117,592,NA,5,5,6,3706,0,0,0,NA,0,044,HARDING ST,MC KINLEY AV (E),0,NA,Y,A,-,N,NA,NA,NA,NA,NA,NA,NA,NA,NA,N,4,0,3,2,A,-,12,22450,A,F,D,C,A,A,H,-,C,D,0,NA,NA,NA,NA,Y,NA,A,01,0,0,3,0,0,0,0,0,0,-,-,33.135738372802734,-117.06654357910156,SAN DIEGO,ESCONDIDO,-117.06671905517578,33.135643005371094
84777701,2025,2025-07-28,3706,2025-07-24,724,424,NA,4,5,6,3706,0,0,0,NA,0,055,FELICITA AV,REDWOOD ST,0,NA,Y,A,-,N,NA,NA,NA,NA,NA,NA,NA,NA,NA,Y,3,0,1,2,A,-,09,21802,A,N,D,C,A,A,H,-,A,A,0,NA,NA,NA,NA,Y,NA,A,08,0,1,0,0,0,0,0,0,0,-,-,33.10160827636719,-117.0791473388672,SAN DIEGO,ESCONDIDO,-117.07862091064452,33.101837158203125
8478176,2017,2017-12-22,3711,2017-10-16,0811,7348,NA,1,5,7,3711,0,0,0,NA,0,627,WASHINGTON ST,5TH AV,5,N,N,A,-,N,NA,NA,NA,NA,NA,NA,NA,NA,NA,Y,4,0,1,2,A,-,08,22107,NA,N,C,C,A,A,H,-,A,A,0,NA,NA,NA,NA,Y,NA,-,NA,0,0,1,0,0,0,0,0,0,-,-,NA,NA,SAN DIEGO,SAN DIEGO,-117.16083,32.75
8478460,2017,2017-11-16,3711,2017-10-14,1456,7462,NA,6,5,7,3711,0,0,0,NA,0,524,5TH AV,ASH ST,0,NA,Y,A,-,N,NA,NA,NA,NA,NA,NA,NA,NA,NA,Y,4,0,1,2,A,-,12,21453,A,N,D,C,A,A,H,-,A,A,0,NA,NA,NA,NA,Y,NA,-,-,0,0,1,0,0,0,0,0,0,-,-,NA,NA,SAN DIEGO,SAN DIEGO,-117.16019006,32.71989002
8478468,2017,2017-12-06,3711,2017-10-15,1600,7431,SANDI,7,5,7,3711,0,0,0,NA,0,613,WEST POINT LOMA BL,ADRIAN ST,0,NA,Y,A,-,N,NA,NA,NA,NA,NA,NA,NA,NA,NA,N,4,0,2,2,D,-,00,NA,NA,N,C,C,A,A,H,-,A,A,0,NA,NA,NA,NA,Y,NA,-,-,0,0,2,0,0,0,0,0,0,-,-,NA,NA,SAN DIEGO,SAN DIEGO,-117.22648011,32.75281001
84785261,2025,2025-08-01,3706,2025-07-30,1016,455,NA,3,5,6,3706,0,0,0,NA,0,052,02ND AV,CENTRE CITY PY,0,NA,Y,A,-,N,NA,NA,NA,NA,NA,NA,NA,NA,NA,Y,3,0,2,2,A,-,12,21453,A,N,D,C,A,A,H,-,A,A,0,NA,NA,NA,NA,Y,NA,A,07,0,2,0,0,0,0,0,0,0,-,-,33.11796188354492,-117.08638763427734,SAN DIEGO,ESCONDIDO,NA,NA
8479084,2017,2017-10-31,3700,2017-09-09,1653,SH7690,NA,6,5,4,3780,0,0,0,NA,0,410,TWIN PEAKS RD,WOODCREEK RD,65,W,N,A,-,N,NA,NA,NA,NA,NA,NA,NA,NA,NA,Y,3,0,1,2,A,-,03,22350,NA,N,C,C,A,A,H,-,A,D,0,NA,NA,Y,NA,Y,NA,C,02,0,1,0,0,0,0,0,0,1,-,-,NA,NA,SAN DIEGO,POWAY,-117.0461241,32.97625727
8479353,2017,2017-10-30,3711,2017-10-17,1004,6946,NA,2,5,7,3711,0,0,0,NA,0,232,TED WILLIAMS,SHOAL CREEK,9,N,N,A,-,N,NA,NA,NA,NA,NA,NA,NA,NA,NA,N,3,0,1,2,A,-,08,22107,NA,N,B,C,A,A,H,-,A,A,0,NA,NA,NA,NA,Y,NA,-,NA,0,1,0,0,0,0,0,0,0,-,-,NA,NA,SAN DIEGO,SAN DIEGO,-117.08134988,32.96972789
8479399,2017,2017-11-14,3710,2017-09-14,1810,OC1421,NA,4,5,6,3710,0,0,0,NA,0,0B7,LAKE BL,EMERALD DR,30,W,N,A,-,N,NA,NA,NA,NA,NA,NA,NA,NA,NA,N,4,0,2,3,A,-,12,21453,A,N,D,C,A,A,H,-,A,A,0,NA,NA,NA,NA,Y,NA,D,22,0,0,2,0,0,0,0,0,0,-,-,33.17712,-117.27313,SAN DIEGO,OCEANSIDE,-117.27316771,33.17728204
8479854,2017,2017-11-09,3711,2017-10-23,1745,6786,NA,1,5,7,3711,0,0,0,NA,0,621,LINDA VISTA RD,GENESEE AV,100,N,N,A,-,N,NA,NA,NA,NA,NA,NA,NA,NA,NA,N,4,0,4,2,A,-,08,22107,NA,N,D,C,A,A,H,-,A,A,0,NA,NA,NA,NA,Y,NA,-,NA,0,0,4,0,0,0,0,0,0,-,-,NA,NA,SAN DIEGO,SAN DIEGO,-117.16577886,32.79177484
8480062,2017,2017-12-07,3711,2017-10-18,0724,7299,SD,3,5,7,3711,0,0,0,NA,0,615,ROSECRANS ST,JARVIS ST,0,NA,Y,A,-,N,NA,NA,NA,NA,NA,NA,NA,NA,NA,N,4,0,1,2,A,-,08,22107,NA,N,A,C,A,A,H,-,A,D,0,NA,NA,NA,NA,Y,NA,-,NA,0,0,1,0,0,0,0,0,0,-,-,NA,NA,SAN DIEGO,SAN DIEGO,-117.2268701,32.72739011
8480482,2017,2017-11-03,3711,2017-10-23,0740,6564,NA,1,5,7,3711,0,0,0,NA,0,431,HILLTOP DR,51ST ST,5,W,N,A,-,N,NA,NA,NA,NA,NA,NA,NA,NA,NA,Y,4,0,2,4,A,-,08,22107,NA,N,D,C,A,A,H,-,B,D,0,NA,NA,NA,NA,Y,NA,A,01,0,0,2,0,0,0,0,0,0,-,-,NA,NA,SAN DIEGO,SAN DIEGO,-117.0843862,32.715
84807788,2025,2025-08-19,3706,2025-08-15,123,577,NA,5,5,6,3706,0,0,0,NA,0,044,BEGONIA ST,WASHINGTON AV,60,N,N,A,-,N,NA,NA,NA,NA,NA,NA,NA,NA,NA,N,3,0,1,2,A,-,01,23152,A,M,C,E,A,A,H,-,C,D,0,NA,NA,NA,NA,Y,Y,A,07,0,1,0,0,0,0,0,0,0,-,-,33.13890075683594,-117.05812072753906,SAN DIEGO,ESCONDIDO,-117.05818939208984,33.13908386230469
84809617,2025,2025-08-20,3701,2025-08-09,1030,CB5564,NA,6,5,5,3701,0,0,0,NA,0,006,CARLSBAD BL,BREAKWATER RD,510,S,N,A,-,N,NA,NA,NA,NA,NA,NA,NA,NA,NA,N,2,0,2,2,A,-,03,22350,NA,N,H,G,A,A,H,-,A,D,0,NA,Y,NA,NA,Y,NA,L,04,1,1,0,0,0,0,2,0,0,-,-,33.10602951049805,-117.31980895996094,SAN DIEGO,CARLSBAD,-117.3194580078125,33.10462188720703
84820870,2025,2025-08-28,3701,2025-08-25,1408,CB5562,NA,1,5,5,3701,0,0,0,NA,0,003,CHESTNUT AV,ADAMS ST,221,W,N,A,-,N,NA,NA,NA,NA,NA,NA,NA,NA,NA,N,3,0,1,2,A,-,17,22517,NA,N,B,G,A,A,H,-,A,D,0,NA,Y,NA,NA,Y,NA,A,01,0,1,0,0,0,0,1,0,0,-,-,33.15835952758789,-117.33724975585938,SAN DIEGO,CARLSBAD,-117.33795166015624,33.15827941894531
8484172,2017,2017-11-15,3705,2017-08-15,2216,EC0357,NA,2,5,5,3705,0,0,0,NA,0,007,N 3RD,PEACH,443,S,N,A,-,N,NA,NA,NA,NA,NA,NA,NA,NA,NA,Y,3,0,4,2,A,-,08,22107,NA,N,C,C,A,A,H,-,C,D,0,NA,NA,NA,NA,Y,NA,A,01,0,4,0,0,0,0,0,0,0,-,-,NA,NA,SAN DIEGO,EL CAJON,-116.92694,32.80519682
84845475,2025,2025-09-16,3706,2025-09-03,2008,509,NA,3,5,6,3706,0,0,0,NA,0,044,LINCOLN AV,HARDING ST (E),0,NA,Y,A,-,N,NA,NA,NA,NA,NA,NA,NA,NA,NA,Y,3,0,3,2,A,-,03,22350,NA,N,C,C,A,A,A,-,C,D,0,NA,NA,NA,NA,Y,NA,A,01,0,3,0,0,0,0,0,0,0,-,-,33.13753890991211,-117.06800842285156,SAN DIEGO,ESCONDIDO,-117.07037353515624,33.14054870605469
84848978,2025,2025-09-18,3706,2025-09-09,2047,606,NA,2,5,6,3706,0,0,0,NA,0,045,VALLEY PY,I-15 NB ON RA,15,W,N,A,-,N,NA,NA,NA,NA,NA,NA,NA,NA,NA,Y,3,0,2,3,A,-,01,23152,A,F,C,C,A,A,H,-,B,A,0,NA,NA,NA,NA,Y,Y,A,01,0,2,0,0,0,0,0,0,0,-,-,33.116371154785156,-117.09751892089844,SAN DIEGO,ESCONDIDO,-117.09893035888672,33.115604400634766
8484900,2017,2017-12-07,3706,2017-11-04,2125,406,ESCON,6,5,6,3706,0,0,0,NA,0,052,FIG ST,OHIO AV,140,N,N,A,-,N,NA,NA,NA,NA,NA,NA,NA,NA,NA,Y,3,0,1,3,A,-,01,23152,A,M,B,E,A,A,H,-,C,D,0,NA,NA,NA,NA,Y,Y,A,07,0,1,0,0,0,0,0,0,0,-,-,33.12587,-117.07323,SAN DIEGO,ESCONDIDO,-117.07345583,33.12623717
8485521,2017,2018-06-14,3705,2017-09-27,1336,EC0337,NA,3,5,5,3705,0,0,0,NA,0,007,N 2ND,RT 8,0,NA,Y,A,-,Y,SD,11,8,-,-,17.494,R,4,W,Y,3,0,1,2,A,-,12,21453,A,N,D,C,A,A,H,-,A,A,0,NA,NA,NA,NA,Y,NA,D,22,0,1,0,0,0,0,0,0,0,-,WF,NA,NA,SAN DIEGO,EL CAJON,-116.93325309,32.80316619
84860698,2025,2025-09-26,3706,2025-09-18,1800,605,NA,4,5,6,3706,0,0,0,NA,0,044,MIDWAY DR,LINCOLN AV,14,E,N,A,-,N,NA,NA,NA,NA,NA,NA,NA,NA,NA,N,3,0,2,2,A,-,12,22450,A,N,D,C,A,A,H,-,A,A,0,NA,NA,NA,NA,Y,NA,A,01,0,2,0,0,0,0,0,0,0,-,-,33.1473388671875,-117.05880737304688,SAN DIEGO,ESCONDIDO,-117.05883026123048,33.14735794067383
84860699,2025,2025-09-26,3706,2025-09-19,1622,620,NA,5,5,6,3706,0,0,0,NA,0,055,CENTRE CITY PY,09TH AV,0,NA,Y,A,-,N,NA,NA,NA,NA,NA,NA,NA,NA,NA,N,3,0,1,2,A,-,12,21453,A,F,A,C,A,A,H,-,A,A,0,NA,NA,NA,NA,Y,NA,A,01,0,1,0,0,0,0,0,0,0,-,-,33.111881256103516,-117.08161926269533,SAN DIEGO,ESCONDIDO,NA,NA
8486890,2017,2017-12-04,3706,2017-10-27,1517,223,ESCON,5,5,6,3706,0,0,0,NA,0,041,CONWAY DR,LAKE FOREST ST,270,N,N,A,-,N,NA,NA,NA,NA,NA,NA,NA,NA,NA,Y,3,0,1,2,A,-,11,21954,A,N,G,B,D,A,H,-,A,D,0,Y,NA,NA,NA,Y,NA,N,60,0,1,0,0,1,0,0,0,0,-,-,33.16597,-117.08387,SAN DIEGO,ESCONDIDO,-117.08396059,33.1667232
8486946,2017,2017-12-05,3706,2017-10-26,1342,1603,ESCON,4,5,6,3706,0,0,0,NA,0,052,ESCONDIDO BL,10TH AV,140,N,N,A,-,N,NA,NA,NA,NA,NA,NA,NA,NA,NA,N,4,0,1,2,A,-,03,22350,NA,N,C,C,A,A,H,-,A,A,0,NA,NA,NA,NA,Y,NA,A,01,0,0,1,0,0,0,0,0,0,-,-,33.11221,-117.0785,SAN DIEGO,ESCONDIDO,-117.07868666,33.11253769
8487098,2017,2017-11-28,3711,2017-10-30,0140,8672,SANDI,1,5,7,3711,0,0,0,NA,0,611,HANCOCK ST,HANCOCK CIR 4015,61,W,N,A,-,N,NA,NA,NA,NA,NA,NA,NA,NA,NA,Y,3,0,1,2,A,-,08,22107,NA,N,C,E,A,A,H,-,C,D,0,NA,NA,NA,NA,Y,NA,-,-,0,1,0,0,0,0,0,0,0,-,-,NA,NA,SAN DIEGO,SAN DIEGO,NA,NA
8487105,2017,2017-11-17,3711,2017-10-28,1126,7233,NA,6,5,7,3711,0,0,0,NA,0,321,FRIARS RD,RIVERDALE ST,0,NA,Y,A,-,N,NA,NA,NA,NA,NA,NA,NA,NA,NA,N,3,0,1,2,A,-,09,21801,A,N,D,G,A,A,H,-,A,A,0,NA,Y,NA,NA,Y,NA,A,01,0,1,0,0,0,0,1,0,0,-,-,NA,NA,SAN DIEGO,SAN DIEGO,-117.09961011,32.79059007
84877036,2025,2025-10-08,3701,2025-10-03,815,CB5518,NA,5,5,5,3701,0,0,0,NA,0,003,MAGNOLIA AV,BRADY CR,150,E,N,A,-,N,NA,NA,NA,NA,NA,NA,NA,NA,NA,N,3,0,1,1,A,-,08,22107,NA,N,B,J,A,A,H,-,A,D,0,NA,Y,NA,NA,Y,NA,M,91,0,1,0,0,0,0,1,0,0,-,-,33.158138275146484,-117.33104705810548,SAN DIEGO,CARLSBAD,-117.33059692382813,33.1583137512207
84880411,2025,2025-10-10,3701,2025-10-07,1441,CB5587,NA,2,5,5,3701,0,0,0,NA,0,004,CARLSBAD VILLAGE DR,EL CAMINO REAL,0,NA,Y,A,-,N,NA,NA,NA,NA,NA,NA,NA,NA,NA,Y,3,0,3,4,A,-,12,21453,A,N,D,C,A,A,B,H,A,A,0,NA,NA,NA,NA,Y,NA,A,01,0,1,2,0,0,0,0,0,0,-,-,33.17171096801758,-117.32260894775392,SAN DIEGO,CARLSBAD,-117.32254028320313,33.17173385620117
8488211,2017,2017-11-22,3700,2017-09-21,0519,SH2573,NA,4,5,5,3782,0,0,0,NA,0,215,N EL CAMINIO REAL,VIA MOLENA,0,NA,Y,A,-,N,NA,NA,NA,NA,NA,NA,NA,NA,NA,Y,3,0,2,2,A,-,03,22350,NA,N,D,C,A,A,H,-,C,A,0,NA,NA,NA,NA,Y,NA,A,01,0,2,0,0,0,0,0,0,0,-,-,NA,NA,SAN DIEGO,ENCINITAS,-117.25991,33.04875002
8488580,2017,2017-12-13,3711,2017-11-04,0808,7605,SD,6,5,7,3711,0,0,0,NA,0,613,WEST POINT LOMA BL,GROTON ST,0,NA,Y,A,-,N,NA,NA,NA,NA,NA,NA,NA,NA,NA,N,4,0,1,2,A,-,10,21950,A,N,G,B,B,A,H,-,A,A,0,Y,NA,NA,NA,Y,NA,-,NA,0,0,1,0,1,0,0,0,0,-,-,NA,NA,SAN DIEGO,SAN DIEGO,-117.22194003,32.75434009
8489533,2017,2018-06-20,3700,2017-10-26,2350,SH0817,NA,4,5,5,3712,0,0,0,NA,0,357,SOUTH TWIN OAKS VALLEY RD,RT 78,18,S,N,A,-,Y,SD,11,78,-,-,12.788,R,4,E,N,4,0,1,2,A,-,09,21453,B,N,B,G,A,A,H,-,C,A,0,NA,Y,NA,NA,Y,NA,A,01,0,0,1,0,0,0,1,0,0,-,EF,NA,NA,SAN DIEGO,SAN MARCOS,-117.16585926,33.1369186
8489693,2017,2017-11-21,3708,2017-10-18,0045,LM1158,NA,3,5,5,3708,0,0,0,NA,0,002,GLEN ST,WASHINGTON ST,190,N,N,A,-,N,NA,NA,NA,NA,NA,NA,NA,NA,NA,Y,4,0,1,2,A,-,01,23152,A,N,C,E,A,A,H,-,C,D,0,NA,NA,NA,NA,Y,Y,A,07,0,0,1,0,0,0,0,0,0,-,-,NA,NA,SAN DIEGO,LA MESA,-117.00979684,32.77162843
84914271,2025,2025-11-06,3706,2025-10-29,809,526,NA,3,5,6,3706,0,0,0,NA,0,043,EL NORTE PY,I-15 NB,0,NA,Y,A,-,N,NA,NA,NA,NA,NA,NA,NA,NA,NA,N,4,0,1,2,A,-,04,21703,NA,N,C,C,A,A,H,-,A,A,0,NA,NA,NA,NA,Y,NA,D,22,0,0,1,0,0,0,0,0,0,-,-,33.14665985107422,-117.10440063476563,SAN DIEGO,ESCONDIDO,-117.10432434082033,33.14662170410156
8491790,2017,2017-12-14,3710,2017-10-30,1325,OC1360,032,1,5,6,3710,0,0,0,NA,0,006,IVEY RANCH RD,ALYSSUM WY,50,N,N,B,-,N,NA,NA,NA,NA,NA,NA,NA,NA,NA,Y,3,0,3,3,A,-,03,22350,NA,N,C,C,A,A,H,-,A,D,0,NA,NA,NA,NA,Y,NA,A,01,0,1,2,0,0,0,0,0,0,-,-,33.21827,-117.31007,SAN DIEGO,OCEANSIDE,-117.31014505,33.21834168
8492337,2017,2017-11-29,3705,2017-10-22,0954,EC0295,NA,7,5,5,3705,0,0,0,NA,0,009,S ANZA,E WASHINGTON,245,S,N,A,-,N,NA,NA,NA,NA,NA,NA,NA,NA,NA,Y,4,0,2,2,A,-,09,21804,A,N,D,C,A,A,H,-,A,D,0,NA,NA,NA,NA,Y,NA,A,01,0,0,2,0,0,0,0,0,0,-,-,NA,NA,SAN DIEGO,EL CAJON,-116.94819871,32.78697908
84928860,2025,2025-11-14,3701,2025-10-31,1652,CB5633,NA,5,5,5,3701,0,0,0,NA,0,008,CALLE TIMITEO,CAMINO PINTADO,0,NA,Y,A,-,N,NA,NA,NA,NA,NA,NA,NA,NA,NA,N,2,0,1,2,A,-,12,22450,A,N,D,G,A,A,H,-,A,A,0,NA,Y,NA,NA,Y,NA,M,91,1,0,0,0,0,0,1,0,0,-,-,33.07815933227539,-117.23696899414063,SAN DIEGO,CARLSBAD,-117.23689270019533,33.07823944091797
8493299,2017,2018-06-20,3710,2017-10-20,1928,OC1437,009,5,5,6,3710,0,0,0,NA,0,009,RT 76,MELROSE DR,180,E,N,A,-,Y,SD,11,76,-,R,7.63,H,-,W,Y,4,0,2,2,A,-,03,22350,NA,N,C,C,A,A,H,-,B,A,0,NA,NA,NA,NA,Y,NA,A,01,0,0,2,0,0,0,0,0,0,-,-,33.25163,-117.26503,SAN DIEGO,OCEANSIDE,-117.26716681,33.25108399
84936597,2025,2025-11-19,3706,2025-11-07,1700,623,NA,5,5,6,3706,0,0,0,NA,0,043,LINCOLN AV,ROCK SPRINGS RD,0,NA,Y,A,-,N,NA,NA,NA,NA,NA,NA,NA,NA,NA,Y,4,0,2,3,A,-,12,22450,A,N,D,C,A,A,H,-,B,D,0,NA,NA,NA,NA,Y,NA,A,01,0,0,2,0,0,0,0,0,0,-,-,33.12992858886719,-117.09906768798828,SAN DIEGO,ESCONDIDO,-117.09908294677734,33.12992858886719
84953431,2025,2025-12-02,3706,2025-11-28,1138,562,NA,5,5,6,3706,0,0,0,NA,0,042,WASHINGTON AV,BROADWAY,25,E,N,A,-,N,NA,NA,NA,NA,NA,NA,NA,NA,NA,N,4,0,2,3,A,-,04,21703,NA,N,C,C,A,A,H,-,A,A,0,NA,NA,NA,NA,Y,NA,A,07,0,0,2,0,0,0,0,0,0,-,-,33.126991271972656,-117.08374786376952,SAN DIEGO,ESCONDIDO,-117.08384704589844,33.12697982788086
8495494,2017,2017-12-08,3700,2017-11-01,2221,SH1725,NA,3,5,5,3712,0,0,0,NA,0,352,NORTH TWIN OAKS VALLEY DR,DEL ROY,1261,S,N,A,-,N,NA,NA,NA,NA,NA,NA,NA,NA,NA,Y,3,0,1,1,A,-,08,22107,NA,N,E,I,A,A,H,-,C,D,0,NA,NA,NA,NA,Y,NA,A,01,0,1,0,0,0,0,0,0,0,-,-,NA,NA,SAN DIEGO,SAN MARCOS,-117.16107,33.16353
8496553,2017,2017-11-18,3711,2017-10-24,1200,5313,NA,2,5,7,3711,0,0,0,NA,0,521,MARKET ST,17TH ST,0,NA,Y,A,-,N,NA,NA,NA,NA,NA,NA,NA,NA,NA,N,4,0,1,2,A,-,09,21802,A,N,D,C,A,A,H,-,A,A,0,NA,NA,NA,NA,Y,NA,A,01,0,0,1,0,0,0,0,0,0,-,-,NA,NA,SAN DIEGO,SAN DIEGO,-117.14855002,32.71154011
8496721,2017,2017-12-09,3711,2017-11-13,0720,7536,NA,1,5,7,3711,0,0,0,NA,0,521,PARK BL,PARK BL 1200,0,NA,N,A,-,N,NA,NA,NA,NA,NA,NA,NA,NA,NA,N,4,0,2,2,A,-,04,21703,NA,N,C,C,A,A,H,-,A,A,0,NA,NA,NA,NA,Y,NA,D,22,0,0,2,0,0,0,0,0,0,-,-,NA,NA,SAN DIEGO,SAN DIEGO,-117.15382397,32.71781838
8496733,2017,2017-12-09,3711,2017-11-12,1241,7652,NA,7,5,7,3711,0,0,0,NA,0,315,FRIARS RD,FRIARS RD 9200,0,NA,N,B,-,N,NA,NA,NA,NA,NA,NA,NA,NA,NA,N,3,0,1,2,A,-,-,NA,NA,N,C,C,A,A,H,-,A,A,0,NA,NA,Y,NA,Y,NA,C,02,0,1,0,0,0,0,0,0,1,-,-,NA,NA,SAN DIEGO,SAN DIEGO,-117.12908685,32.78305777
8496892,2017,2017-12-16,3700,2017-10-10,1831,SH7341,NA,2,5,4,3780,0,0,0,NA,0,416,METATE LN,MONTAUK ST,88,E,N,A,-,N,NA,NA,NA,NA,NA,NA,NA,NA,NA,N,4,0,1,2,A,-,01,23152,A,N,B,E,A,A,H,-,A,D,0,NA,NA,NA,NA,Y,Y,A,01,0,0,1,0,0,0,0,0,0,-,-,NA,NA,SAN DIEGO,POWAY,-117.05737612,32.94776839
8496914,2017,2018-02-17,3711,2017-11-14,1943,7614,SANDI,2,5,7,3711,0,0,0,NA,0,627,W ARBOR DR,W ARBOR DR 200,0,NA,N,A,-,N,NA,NA,NA,NA,NA,NA,NA,NA,NA,N,4,0,1,2,A,-,08,22107,NA,N,A,C,A,A,H,-,C,D,0,NA,NA,NA,NA,Y,NA,A,01,0,0,1,0,0,0,0,0,0,-,-,NA,NA,SAN DIEGO,SAN DIEGO,-117.16616213,32.75371381
8497678,2017,2017-12-05,3702,2017-09-28,1205,CV0506,NA,4,5,6,3702,0,0,0,NA,0,031,PASEO RANCHERO,CALLE SANTIAGO,0,NA,Y,A,-,N,NA,NA,NA,NA,NA,NA,NA,NA,NA,Y,3,0,2,2,A,-,09,21801,A,N,D,C,A,A,H,-,A,A,0,NA,NA,NA,NA,Y,NA,A,01,0,1,1,0,0,0,0,0,0,-,-,NA,NA,SAN DIEGO,CHULA VISTA,-117.0106101,32.63676007
8498669,2017,2017-12-07,3711,2017-11-25,0816,6702,NA,6,5,7,3711,0,0,0,NA,0,712,COTTONWOOD RD,COTTONWOOD RD 259,0,NA,Y,A,-,N,NA,NA,NA,NA,NA,NA,NA,NA,NA,Y,3,0,1,1,A,-,03,22350,NA,N,E,I,A,A,H,-,A,A,0,NA,NA,NA,NA,Y,NA,D,22,0,1,0,0,0,0,0,0,0,-,-,NA,NA,SAN DIEGO,SAN DIEGO,-117.04797506,32.55679105
8498673,2017,2017-12-28,3711,2017-11-25,1722,7553,NA,6,5,7,3711,0,0,0,NA,0,813,UNIVERSITY AV,UNIVERSITY AV 3152,0,NA,N,B,-,N,NA,NA,NA,NA,NA,NA,NA,NA,NA,N,3,0,1,2,A,I,10,21950,A,N,G,B,C,A,H,-,C,D,0,Y,NA,NA,NA,Y,NA,A,07,0,1,0,0,1,0,0,0,0,-,-,NA,NA,SAN DIEGO,SAN DIEGO,-117.12622583,32.74849085
8499698,2017,2017-12-06,3711,2017-11-14,1829,6959,NA,2,5,7,3711,0,0,0,NA,0,822,UNIVERSITY AV,UNIVERSITY SQUARE,6,E,N,A,-,N,NA,NA,NA,NA,NA,NA,NA,NA,NA,N,4,0,1,2,A,-,11,21456,B,N,D,B,B,A,H,-,C,A,0,Y,NA,NA,NA,Y,NA,N,60,0,0,1,0,1,0,0,0,0,-,-,NA,NA,SAN DIEGO,SAN DIEGO,-117.16388055,32.74827
8499720,2017,2017-12-07,3711,2017-11-17,2130,6788,NA,5,5,7,3711,0,0,0,NA,0,315,MISSION CENTER RD,CAM DEL RIO N,40,N,N,A,-,N,NA,NA,NA,NA,NA,NA,NA,NA,NA,N,4,0,1,2,A,-,04,21703,NA,N,C,C,A,A,H,-,C,A,0,NA,NA,NA,NA,Y,NA,A,01,0,0,1,0,0,0,0,0,0,-,-,NA,NA,SAN DIEGO,SAN DIEGO,-117.15336978,32.76697512
8499739,2017,2017-12-27,3711,2017-11-17,1130,7279,NA,5,5,7,3711,0,0,0,NA,0,432,MARKET ST,PITTA ST,0,NA,Y,A,-,N,NA,NA,NA,NA,NA,NA,NA,NA,NA,Y,4,0,1,3,A,-,08,22107,NA,N,D,C,A,A,H,-,A,D,0,NA,NA,NA,NA,Y,Y,-,-,0,0,1,0,0,0,0,0,0,-,-,NA,NA,SAN DIEGO,SAN DIEGO,-117.07276011,32.71006007
8499882,2017,2017-11-30,3711,2017-09-29,1951,6891,NA,5,5,7,3711,0,0,0,NA,0,124,GILMAN DR,GILMAN DR 8200,40,S,N,A,-,N,NA,NA,NA,NA,NA,NA,NA,NA,NA,Y,3,0,3,3,A,-,08,22100,B,N,D,C,A,A,H,-,C,D,0,NA,NA,NA,NA,Y,NA,-,NA,0,1,2,0,0,0,0,0,0,-,-,NA,NA,SAN DIEGO,SAN DIEGO,NA,NA
85005306,2025,2026-01-09,3706,2025-12-16,1718,424,NA,2,5,6,3706,0,0,0,NA,0,041,IRIS LN,RANCHO DE ORO RD,255,N,N,A,-,N,NA,NA,NA,NA,NA,NA,NA,NA,NA,N,2,0,1,2,A,-,11,21954,A,N,G,B,E,A,H,-,C,D,0,Y,NA,NA,NA,Y,Y,N,60,1,0,0,0,1,0,0,0,0,-,-,33.14931106567383,-117.09645080566406,SAN DIEGO,ESCONDIDO,-117.0961685180664,33.149967193603516