CASE_ID,ACCIDENT_YEAR,PROC_DATE,JURIS,COLLISION_DATE,COLLISION_TIME,OFFICER_ID,REPORTING_DISTRICT,DAY_OF_WEEK,CHP_SHIFT,POPULATION,CNTY_CITY_LOC,SPECIAL_COND,BEAT_TYPE,CHP_BEAT_TYPE,CITY_DIVISION_LAPD,CHP_BEAT_CLASS,BEAT_NUMBER,PRIMARY_RD,SECONDARY_RD,DISTANCE,DIRECTION,INTERSECTION,WEATHER_1,WEATHER_2,STATE_HWY_IND,CALTRANS_COUNTY,CALTRANS_DISTRICT,STATE_ROUTE,ROUTE_SUFFIX,POSTMILE_PREFIX,POSTMILE,LOCATION_TYPE,RAMP_INTERSECTION,SIDE_OF_HWY,TOW_AWAY,COLLISION_SEVERITY,NUMBER_KILLED,NUMBER_INJURED,PARTY_COUNT,PRIMARY_COLL_FACTOR,PCF_CODE_OF_VIOL,PCF_VIOL_CATEGORY,PCF_VIOLATION,PCF_VIOL_SUBSECTION,HIT_AND_RUN,TYPE_OF_COLLISION,MVIW,PED_ACTION,ROAD_SURFACE,ROAD_COND_1,ROAD_COND_2,LIGHTING,CONTROL_DEVICE,CHP_ROAD_TYPE,PEDESTRIAN_ACCIDENT,BICYCLE_ACCIDENT,MOTORCYCLE_ACCIDENT,TRUCK_ACCIDENT,NOT_PRIVATE_PROPERTY,ALCOHOL_INVOLVED,STWD_VEHTYPE_AT_FAULT,CHP_VEHTYPE_AT_FAULT,COUNT_SEVERE_INJ,COUNT_VISIBLE_INJ,COUNT_COMPLAINT_PAIN,COUNT_PED_KILLED,COUNT_PED_INJURED,COUNT_BICYCLIST_KILLED,COUNT_BICYCLIST_INJURED,COUNT_MC_KILLED,COUNT_MC_INJURED,PRIMARY_RAMP,SECONDARY_RAMP,LATITUDE,LONGITUDE,COUNTY,CITY,POINT_X,POINT_Y
8633580,2018,2018-06-20,3705,2018-05-10,1740,EC0337,NA,4,5,5,3705,0,0,0,NA,0,004,BALLARD,E WASHINGTON,0,NA,Y,A,-,N,NA,NA,NA,NA,NA,NA,NA,NA,NA,Y,4,0,1,2,A,-,09,21804,A,N,D,C,A,A,H,-,A,D,0,NA,NA,NA,NA,Y,NA,A,01,0,0,1,0,0,0,0,0,0,-,-,NA,NA,SAN DIEGO,EL CAJON,-116.94139862060548,32.78765106201172
8636592,2018,2018-06-26,3711,2018-05-29,0712,7620,NA,2,5,7,3711,0,0,0,NA,0,432,IMPERIAL AV,SAN JACINTO,300,W,N,B,-,N,NA,NA,NA,NA,NA,NA,NA,NA,NA,Y,4,0,1,5,C,-,18,NA,NA,N,B,E,A,A,H,-,A,A,0,NA,NA,NA,NA,Y,NA,-,-,0,0,1,0,0,0,0,0,0,-,-,NA,NA,SAN DIEGO,SAN DIEGO,-117.08348083496094,32.70521926879883
8637560,2018,2018-06-15,3701,2018-05-27,2212,CB5521,NA,7,5,5,3701,0,0,0,NA,0,006,PALOMAR AIRPORT RD,EL CAMINIO REAL,739,W,N,A,-,N,NA,NA,NA,NA,NA,NA,NA,NA,NA,Y,3,0,3,1,A,-,12,21453,A,N,E,I,A,A,H,-,C,A,0,NA,NA,NA,NA,Y,NA,A,01,0,3,0,0,0,0,0,0,0,-,-,NA,NA,SAN DIEGO,CARLSBAD,-117.26921081542967,33.12895965576172
8637939,2018,2018-06-27,3711,2018-06-07,1134,7460,SANDI,4,5,7,3711,0,0,0,NA,0,621,ULRIC ST,TAIT ST,0,NA,Y,A,-,N,NA,NA,NA,NA,NA,NA,NA,NA,NA,N,3,0,3,2,A,-,09,21453,C,M,A,C,A,A,H,-,A,A,0,NA,NA,NA,NA,Y,NA,A,01,0,3,0,0,0,0,0,0,0,-,-,32.78089904785156,-117.16950225830078,SAN DIEGO,SAN DIEGO,-117.1694107055664,32.78099060058594
8638935,2018,2018-08-20,3711,2018-06-02,1107,5985,NA,6,5,7,3711,0,0,0,NA,0,512,NATIONAL AV,SOUTH 28TH ST,150,E,N,A,-,Y,SD,11,5,-,R,13.432,R,4,N,Y,4,0,3,3,A,-,03,22350,NA,N,C,C,A,A,H,-,A,A,0,NA,NA,NA,NA,Y,NA,A,01,0,0,3,0,0,0,0,0,0,-,-,NA,NA,SAN DIEGO,SAN DIEGO,-117.13437652587892,32.69548797607422
8639634,2018,2018-06-26,3708,2018-05-12,0639,LM1174,NA,6,5,5,3708,0,0,0,NA,0,002,SPRING ST,ALLISON AV,0,NA,Y,C,-,N,NA,NA,NA,NA,NA,NA,NA,NA,NA,Y,4,0,1,2,A,-,03,22350,NA,N,C,C,A,B,H,-,A,A,0,NA,NA,NA,NA,Y,NA,A,01,0,0,1,0,0,0,0,0,0,-,-,NA,NA,SAN DIEGO,LA MESA,-117.02092742919922,32.76604080200195
8640983,2018,2018-07-05,3711,2018-06-12,1717,5515,NA,2,5,7,3711,0,0,0,NA,0,621,GENESEE AV,LINDA VISTA RD,24,E,N,A,-,N,NA,NA,NA,NA,NA,NA,NA,NA,NA,N,3,0,1,2,A,-,11,21955,NA,N,A,B,E,A,H,-,A,A,0,Y,NA,NA,NA,Y,Y,N,60,0,1,0,0,1,0,0,0,0,-,-,NA,NA,SAN DIEGO,SAN DIEGO,-117.16590881347656,32.791526794433594
8640988,2018,2018-06-29,3711,2018-06-04,2205,7552,NA,1,5,7,3711,0,0,0,NA,0,528,COLUMBIA ST,HAWTHORNE ST,6,S,N,A,-,N,NA,NA,NA,NA,NA,NA,NA,NA,NA,N,4,0,1,2,A,-,10,21950,A,N,G,B,B,A,H,-,D,A,0,Y,NA,NA,NA,Y,NA,A,01,0,0,1,0,1,0,0,0,0,-,-,NA,NA,SAN DIEGO,SAN DIEGO,-117.16863250732422,32.726654052734375
8641024,2018,2018-06-29,3711,2018-06-06,1405,5072,NA,3,5,7,3711,0,0,0,NA,0,441,SOUTH BOUNDARY ST,OCEAN VIEW BL,528,N,N,A,-,N,NA,NA,NA,NA,NA,NA,NA,NA,NA,N,3,0,1,2,A,-,11,21954,A,N,G,B,D,A,H,-,A,D,0,Y,NA,NA,NA,Y,NA,N,60,0,1,0,0,1,0,0,0,0,-,-,NA,NA,SAN DIEGO,SAN DIEGO,-117.10668182373048,32.7005615234375
8641406,2018,2018-07-10,3702,2018-06-09,2147,CV1230,NA,6,5,6,3702,0,0,0,NA,0,011,H ST,2ND AV,250,W,N,A,-,N,NA,NA,NA,NA,NA,NA,NA,NA,NA,Y,3,0,1,2,A,-,01,23152,A,N,E,E,A,A,H,-,C,A,0,NA,NA,NA,NA,Y,Y,A,01,0,1,0,0,0,0,0,0,0,-,-,NA,NA,SAN DIEGO,CHULA VISTA,-117.07389068603516,32.635345458984375
8641603,2018,2018-06-22,3710,2018-06-03,1815,OC1465,13,7,5,6,3710,0,0,0,NA,0,005,VISTA WY,OLSON WY,0,NA,Y,A,-,N,NA,NA,NA,NA,NA,NA,NA,NA,NA,N,4,0,1,2,A,-,12,21453,A,N,D,C,A,A,H,-,A,A,0,NA,NA,NA,NA,Y,NA,A,01,0,0,1,0,0,0,0,0,0,-,-,33.18315124511719,-117.33789825439452,SAN DIEGO,OCEANSIDE,-117.33798217773438,33.18302917480469
8641628,2018,2018-06-22,3711,2018-06-01,0841,7704,NA,5,5,7,3711,0,0,0,NA,0,438,PARADISE VALLEY RD,PARKLAND WY,0,NA,Y,A,-,N,NA,NA,NA,NA,NA,NA,NA,NA,NA,Y,4,0,1,2,D,-,00,NA,NA,N,D,C,A,A,H,-,A,D,0,NA,NA,NA,NA,Y,NA,-,-,0,0,1,0,0,0,0,0,0,-,-,NA,NA,SAN DIEGO,SAN DIEGO,-117.05110168457033,32.68783187866211
8641679,2018,2018-06-21,3711,2018-06-09,1750,4491,NA,6,5,7,3711,0,0,0,NA,0,122,INGRAHAM,LAW ST,0,NA,Y,A,-,N,NA,NA,NA,NA,NA,NA,NA,NA,NA,Y,3,0,1,2,A,-,03,22350,NA,N,C,-,A,A,H,-,A,A,0,NA,NA,NA,NA,Y,NA,-,NA,0,1,0,0,0,0,0,0,0,-,-,NA,NA,SAN DIEGO,SAN DIEGO,-117.24260711669922,32.80537033081055
8643406,2018,2018-06-27,3710,2018-05-28,1340,OC1001,3710,1,5,6,3710,0,0,0,NA,0,005,VISTA WY,OLSON WY,157,E,N,A,-,N,NA,NA,NA,NA,NA,NA,NA,NA,NA,Y,3,0,2,2,A,-,09,21801,A,N,D,C,A,A,H,-,A,D,0,NA,NA,NA,NA,Y,NA,A,07,0,1,1,0,0,0,0,0,0,-,-,33.18315124511719,-117.33789825439452,SAN DIEGO,OCEANSIDE,-117.33747863769533,33.1830940246582
8643573,2018,2018-06-28,3705,2018-06-04,1621,EC0324,NA,1,5,5,3705,0,0,0,NA,0,001,PALM,MARSHALL,0,NA,Y,A,-,N,NA,NA,NA,NA,NA,NA,NA,NA,NA,N,4,0,1,2,A,-,10,21950,A,N,B,B,B,A,H,-,A,A,0,Y,NA,NA,NA,Y,NA,D,22,0,0,1,0,1,0,0,0,0,-,-,NA,NA,SAN DIEGO,EL CAJON,-116.97550964355467,32.79132843017578
8643610,2018,2018-06-28,3711,2018-05-07,1420,7367,NA,1,5,7,3711,0,0,0,NA,0,451,54TH ST,PIROTTE DR,200,N,N,A,-,N,NA,NA,NA,NA,NA,NA,NA,NA,NA,Y,3,0,2,1,A,-,03,22350,NA,M,E,I,A,A,H,-,A,A,0,NA,NA,NA,NA,Y,NA,-,NA,0,1,1,0,0,0,0,0,0,-,-,NA,NA,SAN DIEGO,SAN DIEGO,-117.0805206298828,32.72883987426758
8643700,2018,2018-07-05,3705,2018-06-11,1417,0278,NA,1,5,5,3705,0,0,0,NA,0,004,WASHINGTON,AVOCADO,0,NA,Y,A,-,N,NA,NA,NA,NA,NA,NA,NA,NA,NA,Y,3,0,2,3,A,-,09,21800,D,N,D,C,A,A,H,-,A,A,0,NA,NA,NA,NA,Y,NA,A,01,0,1,1,0,0,0,0,0,0,-,-,NA,NA,SAN DIEGO,EL CAJON,-116.95767211914063,32.78765106201172
8643771,2018,2018-07-10,3711,2018-06-10,1330,7269,NA,7,5,7,3711,0,0,0,NA,0,443,43RD ST,BETA ST,0,NA,Y,A,-,N,NA,NA,NA,NA,NA,NA,NA,NA,NA,N,4,0,1,3,A,-,04,21703,NA,N,C,C,A,A,H,-,A,D,0,NA,NA,NA,NA,Y,NA,A,01,0,0,1,0,0,0,0,0,0,-,-,NA,NA,SAN DIEGO,SAN DIEGO,-117.10244750976563,32.69063949584961
8643788,2018,2018-06-29,3711,2018-06-17,1609,7083,NA,7,5,7,3711,0,0,0,NA,0,315,FRIARS RD,FRIARS RD  7500,6,S,N,A,-,N,NA,NA,NA,NA,NA,NA,NA,NA,NA,N,3,0,1,1,A,-,03,22350,NA,N,E,I,A,A,H,-,A,A,0,NA,Y,NA,NA,Y,Y,L,04,0,1,0,0,0,0,1,0,0,-,-,NA,NA,SAN DIEGO,SAN DIEGO,NA,NA
8645720,2018,2018-07-18,3702,2018-05-17,1700,CV1141,NA,4,5,6,3702,0,0,0,NA,0,021,MAIN ST,HOLLISTER ST,10,W,N,A,-,N,NA,NA,NA,NA,NA,NA,NA,NA,NA,N,4,0,2,2,A,-,03,22350,NA,N,C,C,A,A,H,-,A,D,0,NA,NA,NA,NA,Y,NA,D,22,0,0,2,0,0,0,0,0,0,-,-,NA,NA,SAN DIEGO,CHULA VISTA,-117.08415222167967,32.59484100341797
8646002,2018,2018-07-12,3701,2018-06-01,2043,CB5325,NA,5,5,5,3701,0,0,0,NA,0,001,CARLSBAD BL,STATE ST,30,S,N,B,-,N,NA,NA,NA,NA,NA,NA,NA,NA,NA,Y,3,0,1,1,A,-,01,23152,B,N,E,I,A,A,H,-,C,A,0,NA,NA,NA,NA,Y,Y,A,01,0,1,0,0,0,0,0,0,0,-,-,NA,NA,SAN DIEGO,CARLSBAD,-117.3543701171875,33.165611267089844
8647049,2018,2018-07-10,3711,2018-06-19,0730,5450,NA,2,5,7,3711,0,0,0,NA,0,323,RIDGE MANOR AV,CAMINO LARGO,0,NA,Y,B,-,N,NA,NA,NA,NA,NA,NA,NA,NA,NA,N,4,0,1,2,A,-,09,21802,A,N,D,C,A,A,H,-,A,D,0,NA,NA,NA,NA,Y,NA,A,01,0,0,1,0,0,0,0,0,0,-,-,NA,NA,SAN DIEGO,SAN DIEGO,-117.06028747558594,32.798709869384766
8647278,2018,2018-07-12,3700,2018-05-13,1223,SH7341,NA,7,5,4,3780,0,0,0,NA,0,414,POMERADO RD,OAK KNOLL RD,0,NA,Y,A,-,N,NA,NA,NA,NA,NA,NA,NA,NA,NA,Y,4,0,1,2,A,-,12,21453,A,N,D,C,A,A,H,-,A,A,0,NA,NA,NA,NA,Y,NA,A,01,0,0,1,0,0,0,0,0,0,-,-,NA,NA,SAN DIEGO,POWAY,-117.06256103515624,32.95003890991211
8648039,2018,2018-07-27,3705,2018-02-01,0040,EC0344,NA,4,5,5,3705,0,0,0,NA,0,002,JAMACHA,MAIN,0,NA,Y,A,-,N,NA,NA,NA,NA,NA,NA,NA,NA,NA,Y,1,1,0,2,A,-,12,21453,A,N,D,C,A,A,H,-,C,A,0,NA,NA,NA,NA,Y,NA,D,22,0,0,0,0,0,0,0,0,0,-,-,NA,NA,SAN DIEGO,EL CAJON,-116.93575286865234,32.79541015625
8648264,2018,2018-10-25,3700,2018-05-12,1108,SH7236,NA,6,5,5,3712,0,0,0,NA,0,352,EAST MISSION RD,MISSION HILLS CT,600,W,N,A,-,N,NA,NA,NA,NA,NA,NA,NA,NA,NA,Y,1,1,0,3,A,-,03,22349,A,N,G,B,F,A,H,-,A,D,0,Y,NA,NA,NA,Y,NA,A,01,0,0,0,1,0,0,0,0,0,-,-,NA,NA,SAN DIEGO,SAN MARCOS,-117.1478271484375,33.14514923095703
8648299,2018,2018-10-25,3711,2018-08-21,2005,5600,NA,2,5,7,3711,0,0,0,NA,0,242,CAMINO RUIZ,NEW SALEM ST,332,S,N,A,-,N,NA,NA,NA,NA,NA,NA,NA,NA,NA,Y,1,1,1,2,A,-,11,21954,A,N,G,B,D,A,H,-,D,D,0,Y,NA,Y,NA,Y,NA,N,60,1,0,0,1,0,0,0,0,1,-,-,NA,NA,SAN DIEGO,SAN DIEGO,-117.14398193359376,32.91477966308594
8648301,2018,2020-05-22,3711,2018-09-16,2038,6146,NA,7,5,7,3711,0,0,0,NA,0,123,WEST MISSION BAY DR,QUIVIRA RD,870,W,N,A,-,N,NA,NA,NA,NA,NA,NA,NA,NA,NA,Y,1,1,0,2,A,-,11,21950,B,N,G,B,D,A,H,-,C,D,0,Y,NA,NA,NA,Y,NA,N,60,0,0,0,1,0,0,0,0,0,-,-,NA,NA,SAN DIEGO,SAN DIEGO,-117.24040222167967,32.76655960083008
8648309,2017,2018-11-01,3702,2017-11-30,1651,CV0991,NA,4,5,6,3702,0,0,0,NA,0,012,H ST,OAKLAWN AV,100,E,N,A,-,N,NA,NA,NA,NA,NA,NA,NA,NA,NA,N,1,1,0,2,A,-,11,21954,A,N,G,B,E,A,H,-,C,D,0,Y,NA,NA,Y,Y,Y,N,60,0,0,0,1,0,0,0,0,0,-,-,NA,NA,SAN DIEGO,CHULA VISTA,-117.09233491,32.63016146
8648499,2018,2020-05-26,3701,2018-07-07,1215,CB5342,NA,6,5,5,3701,0,0,0,NA,0,006,CARLSBAD BL,SOLAMAR DR,1569,S,N,A,-,N,NA,NA,NA,NA,NA,NA,NA,NA,NA,Y,1,1,2,4,A,-,08,22107,NA,N,B,C,A,A,H,-,A,D,0,NA,NA,Y,NA,Y,Y,C,02,2,0,0,0,0,0,0,1,2,-,-,NA,NA,SAN DIEGO,CARLSBAD,-117.3253936767578,33.116676330566406
8648568,2018,2019-02-01,3711,2018-02-23,1114,6764,NA,5,5,7,3711,0,0,0,NA,0,111,MOUNT ALIFAN DR,BALBOA AV,0,NA,Y,A,-,N,NA,NA,NA,NA,NA,NA,NA,NA,NA,Y,1,1,0,2,A,-,12,21453,A,N,D,C,A,A,H,-,A,A,0,NA,NA,NA,NA,Y,NA,A,01,0,0,0,0,0,0,0,0,0,-,-,NA,NA,SAN DIEGO,SAN DIEGO,-117.17613983154295,32.820228576660156
8648701,2019,2021-05-25,3711,2019-02-06,2337,SD6146,NA,3,5,7,3711,0,0,0,NA,0,511,MAIN ST,SOUTH 32ND ST,157,W,N,A,-,N,NA,NA,NA,NA,NA,NA,NA,NA,NA,Y,1,1,0,1,A,-,03,22350,NA,N,F,A,A,A,H,-,D,D,0,NA,NA,Y,NA,Y,Y,C,02,0,0,0,0,0,0,0,1,0,-,-,NA,NA,SAN DIEGO,SAN DIEGO,-117.12572479248048,32.69265365600586
8648996,2018,2018-07-11,3711,2018-03-04,1700,7367,3711,7,5,7,3711,0,0,0,NA,0,431,EUCLID AV,EUCLID AV 1300,39,E,N,A,-,N,NA,NA,NA,NA,NA,NA,NA,NA,NA,Y,4,0,2,2,A,-,09,21801,NA,N,B,C,A,A,H,-,A,A,0,NA,NA,NA,NA,Y,NA,-,NA,0,0,2,0,0,0,0,0,0,-,-,NA,NA,SAN DIEGO,SAN DIEGO,NA,NA
8649259,2018,2018-07-30,3711,2018-07-01,1920,6345,SD,7,5,7,3711,0,0,0,NA,0,243,MIRAMAR RD,KEARNY MESA RD,0,NA,Y,A,-,N,NA,NA,NA,NA,NA,NA,NA,NA,NA,N,4,0,3,2,A,-,12,21453,A,N,D,C,A,A,H,-,A,A,0,NA,NA,NA,NA,Y,NA,A,07,0,0,3,0,0,0,0,0,0,-,-,NA,NA,SAN DIEGO,SAN DIEGO,-117.11840057373048,32.893741607666016
8649650,2018,2018-10-24,3711,2018-07-11,1634,5652,SANDI,3,5,7,3711,0,0,0,NA,0,234,WEST BERNARDO DR,RT 15,28,E,N,A,-,Y,SD,11,15,-,M,25.854,R,4,S,Y,4,0,1,2,A,-,03,22350,NA,N,C,C,A,A,H,-,A,A,0,NA,NA,NA,NA,Y,NA,-,NA,0,0,1,0,0,0,0,0,0,-,SF,NA,NA,SAN DIEGO,SAN DIEGO,-117.07264709472656,33.05353927612305
8650493,2018,2018-09-07,3711,2018-08-15,1334,6276,NA,3,5,7,3711,0,0,0,NA,0,524,6TH AV,G ST,130,S,N,A,-,N,NA,NA,NA,NA,NA,NA,NA,NA,NA,N,3,0,1,2,A,-,08,22107,NA,N,-,C,A,A,H,-,A,A,0,NA,NA,NA,NA,Y,NA,-,NA,0,1,0,0,0,0,0,0,0,-,-,NA,NA,SAN DIEGO,SAN DIEGO,-117.15924072265624,32.712215423583984
8650530,2018,2018-09-10,3711,2018-07-30,2256,6967,NA,1,5,7,3711,0,0,0,NA,0,813,MISSISSIPPI,MYRTLE AV,258,N,N,A,-,N,NA,NA,NA,NA,NA,NA,NA,NA,NA,Y,3,0,2,3,A,-,08,22107,NA,N,B,E,A,A,H,-,C,D,0,NA,NA,NA,NA,Y,NA,A,01,0,2,0,0,0,0,0,0,0,-,-,NA,NA,SAN DIEGO,SAN DIEGO,-117.14114379882813,32.742645263671875
8651552,2018,2018-10-02,3708,2018-08-14,0733,LM1259,NA,2,5,5,3708,0,0,0,NA,0,001,UNIVERSITY AV,BALTIMORE DR,166,E,N,A,-,N,NA,NA,NA,NA,NA,NA,NA,NA,NA,N,4,0,1,2,A,-,10,21952,NA,N,G,B,F,A,H,-,A,D,0,Y,NA,NA,NA,Y,NA,D,22,0,0,1,0,1,0,0,0,0,-,-,NA,NA,SAN DIEGO,LA MESA,-117.0234603881836,32.767791748046875
8652007,2018,2018-10-04,3711,2018-08-20,1355,6168,NA,1,5,7,3711,0,0,0,NA,0,243,MIRAMAR RD,CABOT,3,E,N,A,-,N,NA,NA,NA,NA,NA,NA,NA,NA,NA,Y,3,0,2,2,A,-,03,22350,NA,N,C,C,A,A,H,-,A,A,0,NA,NA,NA,NA,Y,NA,-,NA,0,2,0,0,0,0,0,0,0,-,-,NA,NA,SAN DIEGO,SAN DIEGO,-117.14276885986328,32.88978576660156
8656891,2018,2018-09-12,3702,2018-06-25,0205,CV1218,NA,1,5,6,3702,0,0,0,NA,0,031,PASEO DEL REY,EAST J ST,0,NA,Y,A,-,N,NA,NA,NA,NA,NA,NA,NA,NA,NA,Y,3,0,4,3,D,-,00,NA,NA,N,D,C,A,A,H,-,C,A,0,NA,NA,NA,NA,Y,NA,-,-,0,2,2,0,0,0,0,0,0,-,-,NA,NA,SAN DIEGO,CHULA VISTA,-117.02819061279295,32.632179260253906
8658212,2018,2018-10-05,3711,2018-07-26,1755,5672,NA,4,5,7,3711,0,0,0,NA,0,313,AERO DR,RUFFIN RD,0,NA,Y,A,-,N,NA,NA,NA,NA,NA,NA,NA,NA,NA,N,3,0,1,2,A,-,12,21453,A,N,C,C,A,A,H,-,A,A,0,NA,NA,NA,NA,Y,NA,-,NA,0,1,0,0,0,0,0,0,0,-,-,NA,NA,SAN DIEGO,SAN DIEGO,-117.12973785400392,32.809879302978516
8658330,2018,2018-08-16,3711,2018-07-21,1650,4897,NA,6,5,7,3711,0,0,0,NA,0,123,WEST MISSION BAY DR,SEA WORLD DR,473,N,N,A,-,N,NA,NA,NA,NA,NA,NA,NA,NA,NA,Y,3,0,1,2,A,-,03,22350,NA,N,C,C,A,A,H,-,A,D,0,NA,NA,Y,NA,Y,NA,C,02,0,1,0,0,0,0,0,0,1,-,-,NA,NA,SAN DIEGO,SAN DIEGO,-117.2314224243164,32.76225662231445
8659634,2018,2018-07-24,3711,2018-07-05,1545,7236,NA,4,5,7,3711,0,0,0,NA,0,321,TWAIN AV,FAIRMOUNT AV,365,W,N,A,-,N,NA,NA,NA,NA,NA,NA,NA,NA,NA,N,3,0,1,2,A,-,03,22350,NA,N,C,C,A,A,H,-,A,D,0,NA,NA,Y,NA,Y,NA,C,02,0,1,0,0,0,0,0,0,1,-,-,NA,NA,SAN DIEGO,SAN DIEGO,-117.10153198242188,32.78501892089844
8659856,2018,2018-07-13,3711,2018-06-20,1221,5600,NA,3,5,7,3711,0,0,0,NA,0,828,DWIGHT ST,LANTANA DR,263,W,N,A,-,N,NA,NA,NA,NA,NA,NA,NA,NA,NA,N,2,0,1,2,A,-,11,21954,A,N,G,-,A,A,H,-,A,D,0,NA,NA,NA,NA,Y,NA,N,60,1,0,0,0,0,0,0,0,0,-,-,NA,NA,SAN DIEGO,SAN DIEGO,-117.09130096435548,32.743778228759766
8659897,2018,2018-07-23,3706,2018-06-21,0855,1846,ESCON,4,5,6,3706,0,0,0,NA,0,043,GOLDEN CIRCLE DR,FELICE DR,308,N,N,A,-,N,NA,NA,NA,NA,NA,NA,NA,NA,NA,Y,3,0,1,2,A,-,08,22107,NA,N,A,E,A,A,H,-,A,D,0,NA,NA,NA,NA,Y,NA,A,01,0,1,0,0,0,0,0,0,0,-,-,33.160400390625,-117.12718200683594,SAN DIEGO,ESCONDIDO,-117.12725067138672,33.16112518310547
8659935,2018,2018-07-19,3711,2018-07-01,0256,7315,3711,7,5,7,3711,0,0,0,NA,0,832,UNIVERSITY AV,MARLBOROUGH,15,W,N,A,-,N,NA,NA,NA,NA,NA,NA,NA,NA,NA,Y,4,0,2,2,A,-,12,21453,A,N,D,C,A,A,H,-,C,A,0,NA,NA,NA,NA,Y,NA,-,NA,0,0,2,0,0,0,0,0,0,-,-,NA,NA,SAN DIEGO,SAN DIEGO,-117.1057357788086,32.74967956542969
8660520,2018,2018-07-20,3701,2018-06-30,0739,CB5393,NA,6,5,5,3701,0,0,0,NA,0,005,FARADAY AV,WHIPTAIL LOOP WEST,528,W,N,A,-,N,NA,NA,NA,NA,NA,NA,NA,NA,NA,Y,4,0,1,1,A,-,03,22350,NA,N,E,I,A,A,H,-,A,D,0,NA,NA,NA,NA,Y,NA,A,01,0,0,1,0,0,0,0,0,0,-,-,NA,NA,SAN DIEGO,CARLSBAD,-117.25676727294922,33.13847732543945
8661323,2018,2018-07-19,3706,2018-06-18,1646,1603,ESCON,1,5,6,3706,0,0,0,NA,0,052,FELICITA AV,CENTRE CITY PKWY,178,W,N,A,-,N,NA,NA,NA,NA,NA,NA,NA,NA,NA,Y,4,0,2,2,A,-,09,21804,A,N,B,C,A,A,H,-,A,D,0,NA,NA,NA,NA,Y,NA,A,08,0,0,2,0,0,0,0,0,0,-,-,33.10337829589844,-117.07559967041016,SAN DIEGO,ESCONDIDO,-117.07616424560548,33.10308837890625
8664289,2018,2018-07-31,3701,2018-07-05,0921,CB5522,NA,4,5,5,3701,0,0,0,NA,0,006,AVENIDA ENCINAS,EMBARCADERO LN,172,W,N,A,-,N,NA,NA,NA,NA,NA,NA,NA,NA,NA,Y,3,0,1,2,A,-,01,23152,F,N,B,E,A,A,H,-,A,D,0,NA,NA,NA,NA,Y,NA,A,01,0,1,0,0,0,0,0,0,0,-,-,NA,NA,SAN DIEGO,CARLSBAD,-117.31942749023438,33.11069107055664
8664587,2018,2018-08-06,3710,2018-06-21,1340,OC1185,030,4,5,6,3710,0,0,0,NA,0,007,MARVIN ST,THUNDER DR,257,W,N,A,-,N,NA,NA,NA,NA,NA,NA,NA,NA,NA,Y,3,0,1,2,A,-,03,22350,NA,N,F,E,A,A,H,-,A,D,0,NA,NA,NA,NA,Y,NA,A,01,0,1,0,0,0,0,0,0,0,-,-,33.19506072998047,-117.28832244873048,SAN DIEGO,OCEANSIDE,-117.28899383544922,33.195045471191406
8664738,2018,2018-10-24,3711,2018-07-10,0700,4691,NA,2,5,7,3711,0,0,0,NA,0,246,SCRIPPS POWAY PKWY,RT 15,0,NA,Y,A,-,Y,SD,11,15,-,M,17.118,R,4,N,N,3,0,1,2,A,-,10,21950,A,N,G,B,B,A,H,-,A,A,0,Y,NA,NA,NA,Y,NA,-,NA,0,1,0,0,1,0,0,0,0,-,NF,NA,NA,SAN DIEGO,SAN DIEGO,-117.11193084716795,32.933956146240234
8666440,2018,2018-08-29,3711,2018-07-14,1338,7265,NA,6,5,7,3711,0,0,0,NA,0,627,WEST WASHINGTON ST,DOVE ST,10,E,N,A,-,N,NA,NA,NA,NA,NA,NA,NA,NA,NA,N,3,0,1,3,A,-,09,21801,A,N,D,C,A,A,H,-,A,A,0,NA,NA,NA,NA,Y,NA,-,NA,0,1,0,0,0,0,0,0,0,-,-,NA,NA,SAN DIEGO,SAN DIEGO,-117.16861724853516,32.74991989135742
8666653,2018,2018-07-25,3710,2018-06-22,1225,OC1282,003,5,5,6,3710,0,0,0,NA,0,002,PACIFIC ST,TYSON ST,12,W,N,A,-,N,NA,NA,NA,NA,NA,NA,NA,NA,NA,Y,4,0,1,2,A,-,09,21800,A,N,A,C,A,A,H,-,A,D,0,NA,NA,NA,NA,Y,NA,D,22,0,0,1,0,0,0,0,0,0,-,-,33.19108963012695,-117.380859375,SAN DIEGO,OCEANSIDE,-117.38069152832033,33.19108581542969
8668540,2018,2018-08-07,3700,2018-05-02,0527,SH0097,NA,3,5,5,3782,0,0,0,NA,0,220,ENCINITAS BL,RT 101,0,NA,Y,A,-,N,NA,NA,NA,NA,NA,NA,NA,NA,NA,Y,3,0,1,1,A,-,03,22350,NA,N,F,J,A,A,H,-,B,A,0,NA,NA,NA,NA,Y,NA,A,01,0,1,0,0,0,0,0,0,0,-,-,NA,NA,SAN DIEGO,ENCINITAS,-117.29415893554688,33.04875183105469
8669260,2018,2018-08-14,3711,2018-07-19,1215,5747,NA,4,5,7,3711,0,0,0,NA,0,611,HANCOCK ST,CHANNEL WY,275,E,N,A,-,N,NA,NA,NA,NA,NA,NA,NA,NA,NA,N,3,0,1,2,A,-,09,21804,A,N,A,C,A,A,H,-,A,D,0,NA,NA,NA,NA,Y,NA,A,01,0,1,0,0,0,0,0,0,0,-,-,NA,NA,SAN DIEGO,SAN DIEGO,-117.21565246582033,32.75767135620117
8669577,2018,2018-08-15,3700,2018-06-26,2154,SH1147,NA,2,5,5,3782,0,0,0,NA,0,221,SOUTH VULCAN AV,G ST,243,S,N,A,-,N,NA,NA,NA,NA,NA,NA,NA,NA,NA,Y,3,0,2,2,A,-,01,23152,B,N,C,E,A,A,H,-,D,D,0,NA,NA,NA,NA,Y,Y,A,07,0,2,0,0,0,0,0,0,0,-,-,NA,NA,SAN DIEGO,ENCINITAS,-117.2920150756836,33.04146957397461