CASE_ID,ACCIDENT_YEAR,PROC_DATE,JURIS,COLLISION_DATE,COLLISION_TIME,OFFICER_ID,REPORTING_DISTRICT,DAY_OF_WEEK,CHP_SHIFT,POPULATION,CNTY_CITY_LOC,SPECIAL_COND,BEAT_TYPE,CHP_BEAT_TYPE,CITY_DIVISION_LAPD,CHP_BEAT_CLASS,BEAT_NUMBER,PRIMARY_RD,SECONDARY_RD,DISTANCE,DIRECTION,INTERSECTION,WEATHER_1,WEATHER_2,STATE_HWY_IND,CALTRANS_COUNTY,CALTRANS_DISTRICT,STATE_ROUTE,ROUTE_SUFFIX,POSTMILE_PREFIX,POSTMILE,LOCATION_TYPE,RAMP_INTERSECTION,SIDE_OF_HWY,TOW_AWAY,COLLISION_SEVERITY,NUMBER_KILLED,NUMBER_INJURED,PARTY_COUNT,PRIMARY_COLL_FACTOR,PCF_CODE_OF_VIOL,PCF_VIOL_CATEGORY,PCF_VIOLATION,PCF_VIOL_SUBSECTION,HIT_AND_RUN,TYPE_OF_COLLISION,MVIW,PED_ACTION,ROAD_SURFACE,ROAD_COND_1,ROAD_COND_2,LIGHTING,CONTROL_DEVICE,CHP_ROAD_TYPE,PEDESTRIAN_ACCIDENT,BICYCLE_ACCIDENT,MOTORCYCLE_ACCIDENT,TRUCK_ACCIDENT,NOT_PRIVATE_PROPERTY,ALCOHOL_INVOLVED,STWD_VEHTYPE_AT_FAULT,CHP_VEHTYPE_AT_FAULT,COUNT_SEVERE_INJ,COUNT_VISIBLE_INJ,COUNT_COMPLAINT_PAIN,COUNT_PED_KILLED,COUNT_PED_INJURED,COUNT_BICYCLIST_KILLED,COUNT_BICYCLIST_INJURED,COUNT_MC_KILLED,COUNT_MC_INJURED,PRIMARY_RAMP,SECONDARY_RAMP,LATITUDE,LONGITUDE,COUNTY,CITY,POINT_X,POINT_Y
8976448,2019,2019-11-27,3706,2019-10-30,1629,318,ESCON,3,5,6,3706,0,0,0,NA,0,046,EL NORTE PKWY,CITRUS ST,221,E,N,A,-,N,NA,NA,NA,NA,NA,NA,NA,NA,NA,Y,4,0,1,2,A,-,07,21658,A,N,B,C,A,A,H,-,A,D,0,NA,NA,NA,NA,Y,NA,A,01,0,0,1,0,0,0,0,0,0,-,-,33.151390075683594,-117.0543975830078,SAN DIEGO,ESCONDIDO,-117.05068206787108,33.14952087402344
8976621,2019,2019-11-21,3702,2019-09-06,1420,CV0968,NA,5,5,6,3702,0,0,0,NA,0,022,4TH AV,NICKMAN ST,63,N,N,A,-,N,NA,NA,NA,NA,NA,NA,NA,NA,NA,Y,3,0,2,2,A,-,03,22350,NA,N,C,C,A,A,H,-,A,A,0,NA,NA,NA,NA,Y,NA,A,07,0,1,1,0,0,0,0,0,0,-,-,NA,NA,SAN DIEGO,CHULA VISTA,-117.07376098632813,32.613983154296875
8977284,2019,2019-11-15,3700,2019-08-16,2350,SH0817,NA,5,5,5,3712,0,0,0,NA,0,351,W BORDEN RD,COMET CIRCLE,655,W,N,A,-,N,NA,NA,NA,NA,NA,NA,NA,NA,NA,Y,3,0,1,1,A,-,08,22107,NA,N,E,I,A,A,H,-,C,D,0,NA,NA,NA,NA,Y,NA,A,01,0,1,0,0,0,0,0,0,0,-,-,NA,NA,SAN DIEGO,SAN MARCOS,-117.17745971679688,33.15485382080078
8977427,2019,2019-11-15,3711,2019-08-23,1555,HB5874,NA,5,5,7,3711,0,0,0,NA,0,503,NORTH HARBOR DR,SCOTT ST,0,NA,Y,A,-,N,NA,NA,NA,NA,NA,NA,NA,NA,NA,Y,3,0,1,1,A,-,09,21453,C,N,F,A,A,A,H,-,A,A,0,NA,NA,Y,NA,Y,NA,C,02,0,1,0,0,0,0,0,0,1,-,-,NA,NA,SAN DIEGO,SAN DIEGO,-117.22679901123048,32.72562026977539
8977946,2019,2019-11-21,3709,2019-10-22,1841,NC0515,NA,2,5,5,3709,0,0,0,NA,0,021,EAST PLAZA BL,N AV,19,S,N,A,-,N,NA,NA,NA,NA,NA,NA,NA,NA,NA,N,4,0,3,2,A,-,03,22350,NA,N,C,C,A,A,H,-,C,A,0,NA,NA,NA,NA,Y,NA,A,01,0,0,3,0,0,0,0,0,0,-,-,NA,NA,SAN DIEGO,NATIONAL CITY,-117.09185791015624,32.676849365234375
8978244,2019,2019-12-05,3711,2019-10-30,0658,6104,NA,3,5,7,3711,0,0,0,NA,0,823,UNIVERSITY AV,COLLEGE AV,26,W,N,A,-,N,NA,NA,NA,NA,NA,NA,NA,NA,NA,N,4,0,1,2,A,-,03,22350,NA,N,C,C,A,A,H,-,A,A,0,NA,NA,NA,NA,Y,NA,A,01,0,0,1,0,0,0,0,0,0,-,-,NA,NA,SAN DIEGO,SAN DIEGO,-117.06456756591795,32.75286102294922
8980199,2019,2019-11-21,3701,2019-10-28,0832,5434,127,1,5,5,3701,0,0,0,NA,0,008,RANCHO SANTA FE RD,CALLE ACERVO,0,NA,Y,A,-,N,NA,NA,NA,NA,NA,NA,NA,NA,NA,NA,3,0,1,2,A,-,11,21950,B,N,G,B,B,A,H,-,A,A,0,Y,NA,NA,NA,Y,NA,N,60,0,1,0,0,1,0,0,0,0,-,-,33.061279296875,-117.24051666259766,SAN DIEGO,CARLSBAD,-117.24062347412108,33.061279296875
8980540,2019,2019-12-18,3705,2019-10-26,0814,EC0219,NA,6,5,5,3705,0,0,0,NA,0,001,S MAGNOLIA AV,DOUGLAS AV,0,NA,Y,A,-,N,NA,NA,NA,NA,NA,NA,NA,NA,NA,Y,4,0,1,2,A,-,12,21453,A,N,D,C,A,A,H,-,A,A,0,NA,NA,NA,NA,Y,NA,A,01,0,0,1,0,0,0,0,0,0,-,-,NA,NA,SAN DIEGO,EL CAJON,-116.96231842041016,32.79383087158203
8981335,2019,2020-01-10,3709,2019-11-26,1807,NC0498,NA,2,5,5,3709,0,0,0,NA,0,023,SWEETWATER RD,FAIRLOMAS RD,0,NA,Y,A,-,N,NA,NA,NA,NA,NA,NA,NA,NA,NA,Y,4,0,2,2,A,-,08,22107,NA,N,D,C,A,A,H,-,C,D,0,NA,NA,NA,NA,Y,NA,A,01,0,0,2,0,0,0,0,0,0,-,-,NA,NA,SAN DIEGO,NATIONAL CITY,-117.06224822998048,32.65861892700195
8981355,2019,2020-07-09,3709,2019-11-28,1644,NC0494,NA,4,5,5,3709,0,0,0,NA,0,024,NATIONAL CITY BL,RT 54,0,NA,Y,C,-,Y,SD,11,54,-,-,0.518,R,4,W,Y,4,0,2,2,A,-,12,21453,A,F,D,C,A,B,H,-,C,A,0,NA,NA,NA,NA,Y,NA,-,NA,0,0,2,0,0,0,0,0,0,-,-,NA,NA,SAN DIEGO,NATIONAL CITY,-117.09617614746094,32.65386199951172
8981688,2019,2019-12-06,3711,2019-10-28,2220,SD6621,NA,1,5,7,3711,0,0,0,NA,0,112,MOUNT ACADIA BL,MOUNT ACADIA BL 3500,0,NA,N,A,-,N,NA,NA,NA,NA,NA,NA,NA,NA,NA,N,4,0,1,2,A,-,08,22107,NA,N,B,E,A,A,H,-,C,A,0,NA,NA,NA,NA,Y,Y,A,01,0,0,1,0,0,0,0,0,0,-,-,NA,NA,SAN DIEGO,SAN DIEGO,-117.183883,32.804899
8982317,2019,2019-11-26,3700,2019-11-06,1719,SH4586,NA,3,5,5,3713,0,0,0,NA,0,313,SOUTH MELROSE DR,COUNTY COMPLEX,400,N,N,A,-,N,NA,NA,NA,NA,NA,NA,NA,NA,NA,Y,4,0,1,2,A,-,03,22350,NA,N,C,C,A,A,H,-,A,A,0,NA,NA,NA,NA,Y,NA,A,01,0,0,1,0,0,0,0,0,0,-,-,NA,NA,SAN DIEGO,VISTA,-117.25387573242188,33.19152069091797
8984029,2019,2019-11-26,3706,2019-11-06,1752,223,ESCON,3,5,6,3706,0,0,0,NA,0,042,CENTRE CITY PKWY,VALLEY PKWY,0,NA,Y,A,-,N,NA,NA,NA,NA,NA,NA,NA,NA,NA,Y,4,0,1,3,A,-,12,21453,A,N,D,C,A,A,H,-,C,A,0,NA,NA,NA,NA,Y,NA,A,01,0,0,1,0,0,0,0,0,0,-,-,33.11983108520508,-117.08760833740234,SAN DIEGO,ESCONDIDO,-117.08737182617188,33.11996078491211
8984155,2019,2020-01-21,3708,2019-10-27,0253,LM1158,NA,7,5,5,3708,0,0,0,NA,0,999,SPRING ST,RT 94,0,NA,Y,A,-,Y,SD,11,94,-,-,13.618,R,4,W,Y,4,0,4,2,A,-,12,21453,A,F,D,C,A,A,H,-,E,A,0,NA,NA,NA,NA,Y,NA,A,01,0,0,4,0,0,0,0,0,0,-,-,NA,NA,SAN DIEGO,LA MESA,-116.96061706542967,32.74565887451172
8985119,2019,2020-06-26,3706,2019-10-05,1948,1860,ESCON,6,5,6,3706,0,0,0,NA,0,053,DEL LAGO BL,VIA RANCHO PKWY,37,N,N,A,-,Y,SD,11,15,-,M,26.99,R,4,S,N,4,0,3,2,A,-,21,22106,NA,F,A,C,A,A,H,-,C,A,0,NA,NA,NA,NA,Y,NA,A,01,0,0,3,0,0,0,0,0,0,-,-,NA,NA,SAN DIEGO,ESCONDIDO,-117.0696029663086,33.06958770751953
8985542,2019,2020-10-06,3703,2019-11-14,1859,1232,NA,4,5,3,3703,0,0,0,NA,0,003,ATTU AV,RT 75,0,NA,Y,A,-,Y,SD,11,75,-,-,15.135,I,6,N,N,3,0,1,2,A,-,09,21803,A,N,D,G,A,A,H,-,C,A,0,NA,Y,NA,NA,Y,NA,L,04,0,1,0,0,0,0,1,0,0,-,-,NA,NA,SAN DIEGO,CORONADO,-117.14443206787108,32.64085388183594
8986281,2019,2020-01-23,3711,2019-11-02,0952,6812,NA,6,5,7,3711,0,0,0,NA,0,121,MISSION BL,SAN RAFAEL PL,0,NA,Y,A,-,N,NA,NA,NA,NA,NA,NA,NA,NA,NA,N,3,0,1,2,A,-,10,21950,A,N,G,B,B,A,H,-,A,D,0,Y,NA,NA,NA,Y,NA,I,11,0,1,0,0,1,0,0,0,0,-,-,NA,NA,SAN DIEGO,SAN DIEGO,-117.25357055664063,32.787139892578125
8986321,2019,2019-12-02,3711,2019-10-18,1330,170,NA,5,5,7,3711,0,0,0,NA,0,111,MESA COLLEGE DR,MESA COLLEGE CIR,0,NA,Y,A,-,N,NA,NA,NA,NA,NA,NA,NA,NA,NA,N,4,0,1,1,B,-,22,NA,NA,N,F,A,A,A,H,-,A,A,0,NA,NA,Y,NA,Y,NA,C,02,0,0,1,0,0,0,0,0,1,-,-,32.80421829223633,-117.16403198242188,SAN DIEGO,SAN DIEGO,-117.16393280029295,32.80426025390625
8986419,2019,2020-01-24,3711,2019-11-03,1241,SD6481,NA,7,5,7,3711,0,0,0,NA,0,441,S 38TH ST,IMPERIAL AV,0,NA,Y,A,-,N,NA,NA,NA,NA,NA,NA,NA,NA,NA,N,4,0,1,2,A,-,08,22107,NA,N,D,C,A,A,H,-,A,D,0,NA,NA,NA,NA,Y,NA,A,01,0,0,1,0,0,0,0,0,0,-,-,NA,NA,SAN DIEGO,SAN DIEGO,-117.112548828125,32.70484161376953
8986503,2019,2019-12-11,3700,2019-09-14,1026,SH0287,NA,6,5,2,3704,0,0,0,NA,0,295,DEL MAR HEIGHTS RD,CAMINO DEL MAR,110,E,N,A,-,N,NA,NA,NA,NA,NA,NA,NA,NA,NA,N,2,0,1,1,A,-,03,22350,NA,N,H,A,A,A,H,-,A,A,0,NA,Y,NA,NA,Y,NA,L,04,1,0,0,0,0,0,1,0,0,-,-,NA,NA,SAN DIEGO,DEL MAR,-117.26058197021484,32.9482307434082
8986773,2019,2020-01-28,3711,2019-11-05,1220,SD6193,NA,2,5,7,3711,0,0,0,NA,0,725,CALIENTE AV,OTAY MESA RD,90,S,N,A,-,N,NA,NA,NA,NA,NA,NA,NA,NA,NA,N,4,0,1,2,A,-,03,22350,NA,N,C,C,A,A,H,-,A,A,0,NA,NA,NA,NA,Y,NA,A,01,0,0,1,0,0,0,0,0,0,-,-,NA,NA,SAN DIEGO,SAN DIEGO,-117.01419830322266,32.568084716796875
8987493,2019,2020-01-22,3708,2019-11-02,1349,1275,NA,6,5,5,3708,0,0,0,NA,0,002,SPRING ST,UNIVERSITY AV,21,S,N,A,-,N,NA,NA,NA,NA,NA,NA,NA,NA,NA,N,4,0,1,2,A,-,03,22350,NA,N,C,C,A,A,H,-,A,A,0,NA,NA,NA,NA,Y,NA,A,07,0,0,1,0,0,0,0,0,0,-,-,NA,NA,SAN DIEGO,LA MESA,-117.02169799804688,32.76736068725586
8987773,2019,2020-01-23,3711,2019-11-01,1620,SD7938,NA,5,5,7,3711,0,0,0,NA,0,312,ESMERALDAS DR,MOLLENDO BL,0,NA,Y,A,-,N,NA,NA,NA,NA,NA,NA,NA,NA,NA,N,3,0,1,2,A,-,12,22450,A,N,D,C,A,A,H,-,A,A,0,NA,NA,Y,NA,Y,NA,A,01,0,1,0,0,0,0,0,0,1,-,-,NA,NA,SAN DIEGO,SAN DIEGO,-117.09964752197266,32.82693099975586
8987791,2019,2019-12-04,3708,2019-10-08,0004,LM1259,NA,2,5,5,3708,0,0,0,NA,0,003,ALVARADO RD,COMANCHE DR,1535,W,N,A,-,N,NA,NA,NA,NA,NA,NA,NA,NA,NA,Y,4,0,1,1,A,-,08,22107,NA,N,D,I,A,A,H,-,C,D,0,NA,NA,NA,NA,Y,NA,A,01,0,0,1,0,0,0,0,0,0,-,-,NA,NA,SAN DIEGO,LA MESA,-117.03639221191406,32.77297592163086
8987795,2019,2019-12-04,3708,2019-10-20,1126,LM1283,NA,7,5,5,3708,0,0,0,NA,0,004,AMAYA DR,AMAYA CT,0,NA,Y,A,-,N,NA,NA,NA,NA,NA,NA,NA,NA,NA,N,4,0,2,2,A,-,12,21453,A,N,D,C,A,A,H,-,A,A,0,NA,NA,NA,NA,Y,NA,A,01,0,0,2,0,0,0,0,0,0,-,-,NA,NA,SAN DIEGO,LA MESA,-117.00135040283205,32.78617858886719
8987938,2019,2019-11-27,3700,2019-07-10,1744,SH3208,NA,3,5,4,3707,0,0,0,NA,0,702,10TH ST,CYPRESS AV,7,S,N,A,-,N,NA,NA,NA,NA,NA,NA,NA,NA,NA,N,3,0,1,2,A,-,05,21650,NA,F,G,G,A,A,H,-,A,D,0,NA,Y,NA,NA,Y,NA,-,99,0,1,0,0,0,0,1,0,0,-,-,NA,NA,SAN DIEGO,IMPERIAL BEACH,-117.11182403564452,32.587039947509766
8988659,2019,2020-01-15,3710,2019-11-17,1957,OC1095,NA,7,5,6,3710,0,0,0,NA,0,021,COLLEGE BL,VIA CUPENO,0,NA,Y,A,-,N,NA,NA,NA,NA,NA,NA,NA,NA,NA,Y,4,0,2,2,A,-,09,21453,C,N,D,C,A,A,H,-,C,A,0,NA,NA,NA,NA,Y,NA,A,01,0,0,2,0,0,0,0,0,0,-,-,NA,NA,SAN DIEGO,OCEANSIDE,-117.29122161865234,33.24687194824219
8988712,2019,2020-01-29,3706,2019-11-27,2109,473,ESCON,3,5,6,3706,0,0,0,NA,0,042,FIG ST,WASHINGTON AV,0,NA,Y,A,-,N,NA,NA,NA,NA,NA,NA,NA,NA,NA,Y,4,0,2,2,A,-,12,21453,A,F,D,C,A,B,H,-,C,A,0,NA,NA,NA,Y,Y,Y,F,26,0,0,2,0,0,0,0,0,0,-,-,33.12928009033203,-117.07585144042967,SAN DIEGO,ESCONDIDO,-117.0756378173828,33.12953186035156
8990223,2019,2020-01-13,3705,2019-11-17,1120,EC0398,NA,7,5,5,3705,0,0,0,NA,0,004,W WASHINGTON,S JOHNSON,0,NA,Y,A,-,N,NA,NA,NA,NA,NA,NA,NA,NA,NA,Y,4,0,1,2,A,-,12,21453,A,N,D,C,A,A,H,-,A,A,0,NA,NA,NA,Y,Y,NA,A,01,0,0,1,0,0,0,0,0,0,-,-,NA,NA,SAN DIEGO,EL CAJON,-116.97091674804688,32.78765869140625
8990418,2019,2020-01-13,3710,2019-11-13,1727,OC1481,NA,3,5,6,3710,0,0,0,NA,0,021,COLLEGE BL,VIA CUPENO,0,NA,Y,A,-,N,NA,NA,NA,NA,NA,NA,NA,NA,NA,Y,4,0,1,2,A,-,09,21453,C,N,D,C,A,A,H,-,C,A,0,NA,NA,NA,NA,Y,NA,A,01,0,0,1,0,0,0,0,0,0,-,-,NA,NA,SAN DIEGO,OCEANSIDE,-117.29122161865234,33.24687194824219
8992186,2019,2020-01-16,3711,2019-11-08,1600,SD7290,NA,5,5,7,3711,0,0,0,NA,0,314,MISSION CENTER RD,MISSION CENTER RD  7100,0,NA,Y,A,-,N,NA,NA,NA,NA,NA,NA,NA,NA,NA,N,4,0,1,2,A,-,08,22107,NA,M,B,G,A,A,H,-,A,D,0,NA,Y,NA,NA,Y,NA,L,04,0,0,1,0,0,0,1,0,0,-,-,NA,NA,SAN DIEGO,SAN DIEGO,NA,NA
8992199,2019,2020-02-07,3711,2019-11-12,1954,SD7900,NA,2,5,7,3711,0,0,0,NA,0,071,E PARK AV,E HALL AV,0,NA,Y,A,-,N,NA,NA,NA,NA,NA,NA,NA,NA,NA,N,2,0,1,2,A,-,10,21950,A,N,G,B,B,A,H,-,C,A,0,Y,NA,NA,NA,Y,NA,A,01,1,0,0,0,1,0,0,0,0,-,-,NA,NA,SAN DIEGO,SAN DIEGO,-117.04412078857422,32.55458068847656
8992406,2019,2020-01-15,3711,2019-11-16,1400,SD5918,NA,6,5,7,3711,0,0,0,NA,0,437,PARADISE VALLEY RD,BRIARWOOD RD,800,W,N,A,-,N,NA,NA,NA,NA,NA,NA,NA,NA,NA,N,4,0,1,2,B,-,22,NA,NA,N,C,C,A,A,H,-,A,A,0,NA,NA,NA,NA,Y,NA,A,01,0,0,1,0,0,0,0,0,0,-,-,NA,NA,SAN DIEGO,SAN DIEGO,-117.03932189941406,32.691287994384766
8992465,2019,2020-01-13,3711,2019-11-17,0722,SD8192,NA,7,5,7,3711,0,0,0,NA,0,813,LINCOLN AV,30TH ST,35,E,N,A,-,N,NA,NA,NA,NA,NA,NA,NA,NA,NA,Y,4,0,2,2,A,-,03,22350,NA,N,C,C,A,A,H,-,A,A,0,NA,NA,NA,NA,Y,Y,A,01,0,0,2,0,0,0,0,0,0,-,-,NA,NA,SAN DIEGO,SAN DIEGO,-117.13004302978516,32.75033187866211
8992731,2019,2020-01-18,3711,2019-11-08,0834,SD8192,NA,5,5,7,3711,0,0,0,NA,0,813,EL CAJON BL,KANSAS ST,10,W,N,A,-,N,NA,NA,NA,NA,NA,NA,NA,NA,NA,N,3,0,1,2,A,-,11,21955,NA,N,G,B,D,A,H,-,A,A,0,Y,NA,NA,NA,Y,NA,N,60,0,1,0,0,1,0,0,0,0,-,-,NA,NA,SAN DIEGO,SAN DIEGO,-117.13145446777344,32.755401611328125
8992884,2019,2020-01-22,3711,2019-11-06,1852,SD7854,NA,3,5,7,3711,0,0,0,NA,0,721,PALM AV,16TH ST,0,NA,N,A,-,N,NA,NA,NA,NA,NA,NA,NA,NA,NA,N,4,0,3,3,A,-,04,21703,NA,N,C,C,A,A,H,-,C,A,0,NA,NA,NA,NA,Y,NA,A,01,0,0,3,0,0,0,0,0,0,-,-,NA,NA,SAN DIEGO,SAN DIEGO,-117.09950256347656,32.58393859863281
8993440,2019,2019-12-11,3700,2019-10-23,1930,SH0238,NA,3,5,4,3780,0,0,0,NA,0,414,POWAY RD,FRANCINE TER,105,E,N,A,-,N,NA,NA,NA,NA,NA,NA,NA,NA,NA,N,4,0,1,2,A,-,03,22350,NA,N,C,C,A,A,H,-,C,D,0,NA,NA,NA,NA,Y,NA,A,01,0,0,1,0,0,0,0,0,0,-,-,NA,NA,SAN DIEGO,POWAY,-117.07008361816406,32.9500617980957
8993822,2019,2019-12-18,3700,2019-10-22,1131,SH7236,NA,2,5,5,3712,0,0,0,NA,0,361,SOUTH TWIN OAKS VALLEY RD,CRAVEN RD,0,NA,Y,A,-,N,NA,NA,NA,NA,NA,NA,NA,NA,NA,Y,4,0,2,2,A,-,12,21453,A,N,D,C,A,A,H,-,A,A,0,NA,NA,NA,NA,Y,NA,D,22,0,0,2,0,0,0,0,0,0,-,-,NA,NA,SAN DIEGO,SAN MARCOS,-117.16544342041016,33.12725830078125
8993960,2019,2020-01-16,3711,2019-11-15,0718,6946,NA,5,5,7,3711,0,0,0,NA,0,241,SCRIPPS LAKE DR,TREENA ST,0,NA,-,-,-,N,NA,NA,NA,NA,NA,NA,NA,NA,NA,Y,4,0,1,2,B,-,22,NA,NA,N,B,C,A,A,H,-,A,D,0,NA,NA,NA,NA,Y,NA,A,01,0,0,1,0,0,0,0,0,0,-,-,NA,NA,SAN DIEGO,SAN DIEGO,-117.11382293701172,32.91032028198242
8993976,2019,2020-01-16,3711,2019-11-15,1711,7873,NA,5,5,7,3711,0,0,0,NA,0,512,30TH ST,OCEAN VIEW BL,0,NA,Y,A,-,N,NA,NA,NA,NA,NA,NA,NA,NA,NA,N,4,0,2,2,A,-,09,21801,A,N,D,C,A,A,H,-,C,A,0,NA,NA,NA,NA,Y,NA,A,07,0,0,2,0,0,0,0,0,0,-,-,NA,NA,SAN DIEGO,SAN DIEGO,-117.1295166015625,32.701171875
8994243,2019,2019-12-12,3700,2019-10-08,1740,0595,NA,2,5,5,3782,0,0,0,NA,0,206,NORTH EL CAMINO REAL,LEUCADIA BL,0,NA,Y,A,-,N,NA,NA,NA,NA,NA,NA,NA,NA,NA,Y,3,0,1,2,A,-,01,23152,F,N,D,C,A,A,H,-,A,A,0,NA,NA,NA,NA,Y,NA,A,01,0,1,0,0,0,0,0,0,0,-,-,NA,NA,SAN DIEGO,ENCINITAS,-117.26239776611328,33.06768035888672
8995969,2019,2020-01-07,3711,2019-11-24,1440,SD6629,NA,7,5,7,3711,0,0,0,NA,0,437,SKYLINE DR,DEEROCK PL,105,W,N,A,-,N,NA,NA,NA,NA,NA,NA,NA,NA,NA,N,4,0,2,2,A,-,03,22350,NA,M,B,C,A,A,H,-,A,A,0,NA,NA,NA,NA,Y,Y,-,99,0,0,2,0,0,0,0,0,0,-,-,NA,NA,SAN DIEGO,SAN DIEGO,-117.03524017333984,32.70228576660156
8996469,2019,2020-01-03,3700,2019-11-25,1015,SH0113,NA,1,5,5,3713,0,0,0,NA,0,310,VISTA VILLAGE DR,NORTH SANTA FE AV,0,NA,Y,A,-,N,NA,NA,NA,NA,NA,NA,NA,NA,NA,N,4,0,1,2,A,-,12,21453,A,N,D,G,A,A,H,-,A,A,0,NA,Y,NA,NA,Y,NA,D,22,0,0,1,0,0,0,1,0,0,-,-,NA,NA,SAN DIEGO,VISTA,-117.243896484375,33.20240020751953
8997051,2019,2020-02-08,3702,2019-10-09,0700,CV1269,NA,3,5,6,3702,0,0,0,NA,0,042,EAST PALOMAR ST,VISTA SONRISA AVE,80,E,N,B,-,N,NA,NA,NA,NA,NA,NA,NA,NA,NA,Y,3,0,1,3,A,-,03,22350,NA,N,B,E,A,A,H,-,A,D,0,NA,NA,NA,NA,Y,NA,A,01,0,1,0,0,0,0,0,0,0,-,-,NA,NA,SAN DIEGO,CHULA VISTA,-116.9823989868164,32.631378173828125
8998010,2019,2020-01-25,3711,2019-11-02,0115,SD6955,NA,6,5,7,3711,0,0,0,NA,0,431,EUCLID AV,CASTANA ST,375,N,N,-,-,N,NA,NA,NA,NA,NA,NA,NA,NA,NA,N,4,0,1,5,A,-,07,21658,A,N,-,-,A,-,-,-,-,-,0,NA,NA,NA,NA,Y,NA,-,NA,0,0,1,0,0,0,0,0,0,-,-,NA,NA,SAN DIEGO,SAN DIEGO,-117.08506011962892,32.70695877075195
8998300,2019,2019-12-12,3702,2019-10-11,1604,1268,NA,5,5,6,3702,0,0,0,NA,0,024,MAIN ST,HILLTOP DR,301,W,N,A,-,N,NA,NA,NA,NA,NA,NA,NA,NA,NA,Y,4,0,1,2,D,-,00,NA,NA,N,D,C,A,A,H,-,A,D,0,NA,NA,Y,NA,Y,NA,-,-,0,0,1,0,0,0,0,0,1,-,-,NA,NA,SAN DIEGO,CHULA VISTA,-117.0525131225586,32.5947151184082
8998366,2019,2020-01-29,3702,2019-11-18,1822,1266,NA,1,5,6,3702,0,0,0,NA,0,023,TELEGRAPH CANYON RD,EAST H ST,189,E,N,A,-,N,NA,NA,NA,NA,NA,NA,NA,NA,NA,N,4,0,2,2,A,-,03,22350,NA,N,C,C,A,A,H,-,C,A,0,NA,NA,NA,NA,Y,NA,A,01,0,0,2,0,0,0,0,0,0,-,-,NA,NA,SAN DIEGO,CHULA VISTA,NA,NA
9001353,2019,2019-12-19,3702,2019-09-15,2500,CV1260,NA,7,5,6,3702,0,0,0,NA,0,031,HERITAGE RD,TELEGRAPH CANYON RD,0,NA,Y,A,-,N,NA,NA,NA,NA,NA,NA,NA,NA,NA,Y,4,0,2,3,A,-,01,23152,A,M,D,C,A,A,H,-,C,A,0,NA,NA,NA,NA,Y,Y,A,01,0,0,2,0,0,0,0,0,0,-,-,NA,NA,SAN DIEGO,CHULA VISTA,-117.00811004638672,32.62540054321289
90020796,2015,2015-10-19,9645,2015-09-21,1645,017297,NA,1,2,7,3711,0,1,1,NA,2,005,I-5 S/B,SEA WORLD DR,1056,S,N,B,-,Y,NA,NA,5,NA,NA,NA,NA,NA,S,Y,4,0,1,3,A,-,03,22350,NA,N,C,C,A,A,H,-,A,D,0,NA,NA,NA,NA,Y,NA,A,07,0,0,1,0,0,0,0,0,0,-,-,32.76255,-117.20477,SAN DIEGO,SAN DIEGO,-117.2048751,32.76252339
90022642,2015,2015-10-19,9680,2015-09-18,1530,018672,NA,5,2,9,3700,0,3,5,NA,2,005,FARMER RD,WYNOLA RD,9504,N,N,A,-,N,NA,NA,NA,NA,NA,NA,NA,NA,NA,Y,4,0,1,2,A,-,08,22107,NA,N,E,I,A,A,H,-,A,D,0,NA,NA,NA,Y,Y,NA,F,26,0,0,1,0,0,0,0,0,0,-,-,33.12791,-116.60121,SAN DIEGO,UNINCORPORATED,-116.6038,33.10334
90024112,2015,2015-10-19,9650,2015-09-27,0900,015503,NA,7,1,9,3700,0,1,1,NA,2,003,I-5 N/B,LAS PULGAS RD,6336,S,N,A,-,Y,NA,NA,5,NA,NA,NA,NA,NA,N,Y,4,0,1,2,A,-,03,22350,NA,N,C,C,A,A,C,-,A,D,0,NA,NA,NA,Y,Y,NA,A,01,0,0,1,0,0,0,0,0,0,-,-,33.27943,-117.44754,SAN DIEGO,UNINCORPORATED,-117.44756959,33.27940748
90025488,2015,2015-10-19,9650,2015-09-26,0640,015295,NA,6,1,9,3700,0,2,4,NA,1,027,VALLEY CENTER ROAD SOUTHBOUND,LAKE WOHLFORD ROAD,7920,N,N,A,-,N,NA,NA,NA,NA,NA,NA,NA,NA,NA,Y,3,0,3,1,A,-,08,22107,NA,N,F,A,A,A,H,-,A,D,0,NA,NA,NA,NA,Y,NA,A,07,0,3,0,0,0,0,0,0,0,-,-,33.18194,-117.02417,SAN DIEGO,UNINCORPORATED,-117.02369987,33.18078232
90029622,2015,2015-10-19,9645,2015-09-28,0950,020737,NA,1,1,7,3711,0,1,3,NA,2,002,SR-905 W/B,I-805,2800,E,N,A,-,Y,NA,NA,905,NA,NA,NA,NA,NA,W,N,4,0,1,2,A,-,07,21658,A,F,B,C,A,A,H,-,A,D,0,NA,NA,NA,NA,Y,NA,-,99,0,0,1,0,0,0,0,0,0,-,-,32.56832,-117.03091,SAN DIEGO,SAN DIEGO,-117.03090941,32.56833181
90029641,2015,2015-10-19,9680,2015-10-02,1250,015578,NA,5,1,9,3700,0,3,5,NA,2,002,AUSTIN DR.,VIA ORANGE WAY,1056,E,N,A,-,N,NA,NA,NA,NA,NA,NA,NA,NA,NA,Y,3,0,3,2,A,-,09,21804,A,N,D,C,A,A,H,-,A,D,0,NA,NA,NA,NA,Y,NA,A,01,0,1,2,0,0,0,0,0,0,-,-,32.73146,-116.96587,SAN DIEGO,UNINCORPORATED,-116.96581191,32.73146724