CASE_ID,ACCIDENT_YEAR,PROC_DATE,JURIS,COLLISION_DATE,COLLISION_TIME,OFFICER_ID,REPORTING_DISTRICT,DAY_OF_WEEK,CHP_SHIFT,POPULATION,CNTY_CITY_LOC,SPECIAL_COND,BEAT_TYPE,CHP_BEAT_TYPE,CITY_DIVISION_LAPD,CHP_BEAT_CLASS,BEAT_NUMBER,PRIMARY_RD,SECONDARY_RD,DISTANCE,DIRECTION,INTERSECTION,WEATHER_1,WEATHER_2,STATE_HWY_IND,CALTRANS_COUNTY,CALTRANS_DISTRICT,STATE_ROUTE,ROUTE_SUFFIX,POSTMILE_PREFIX,POSTMILE,LOCATION_TYPE,RAMP_INTERSECTION,SIDE_OF_HWY,TOW_AWAY,COLLISION_SEVERITY,NUMBER_KILLED,NUMBER_INJURED,PARTY_COUNT,PRIMARY_COLL_FACTOR,PCF_CODE_OF_VIOL,PCF_VIOL_CATEGORY,PCF_VIOLATION,PCF_VIOL_SUBSECTION,HIT_AND_RUN,TYPE_OF_COLLISION,MVIW,PED_ACTION,ROAD_SURFACE,ROAD_COND_1,ROAD_COND_2,LIGHTING,CONTROL_DEVICE,CHP_ROAD_TYPE,PEDESTRIAN_ACCIDENT,BICYCLE_ACCIDENT,MOTORCYCLE_ACCIDENT,TRUCK_ACCIDENT,NOT_PRIVATE_PROPERTY,ALCOHOL_INVOLVED,STWD_VEHTYPE_AT_FAULT,CHP_VEHTYPE_AT_FAULT,COUNT_SEVERE_INJ,COUNT_VISIBLE_INJ,COUNT_COMPLAINT_PAIN,COUNT_PED_KILLED,COUNT_PED_INJURED,COUNT_BICYCLIST_KILLED,COUNT_BICYCLIST_INJURED,COUNT_MC_KILLED,COUNT_MC_INJURED,PRIMARY_RAMP,SECONDARY_RAMP,LATITUDE,LONGITUDE,COUNTY,CITY,POINT_X,POINT_Y
90429784,2017,2017-04-07,9645,2017-03-24,1020,017723,NA,5,1,5,3709,0,1,3,NA,2,008,SR-54 E/B,2ND AVE,370,W,N,A,-,Y,NA,NA,54,NA,NA,NA,NA,NA,E,N,3,0,1,3,A,-,08,22107,NA,N,B,C,A,A,H,-,A,D,0,NA,NA,NA,NA,Y,NA,D,22,0,1,0,0,0,0,0,0,0,-,-,32.6573,-117.0827,SAN DIEGO,NATIONAL CITY,-117.08274085,32.65742463
90429975,2017,2017-04-24,9650,2017-03-30,1335,017328,NA,4,1,5,3712,0,1,3,NA,2,019,SR-78 E/B,LAS POSAS RD.,600,E,N,A,-,Y,NA,NA,78,NA,NA,NA,NA,NA,E,Y,3,0,1,3,A,-,17,23114,A,N,H,C,A,A,H,-,A,D,0,NA,NA,NA,NA,Y,NA,D,22,0,1,0,0,0,0,0,0,0,-,-,33.14261,-117.18928,SAN DIEGO,SAN MARCOS,-117.18930024,33.14257315
90430138,2017,2017-04-10,9650,2017-04-05,1610,015830,NA,3,2,5,3713,0,1,3,NA,2,017,SR-78 W/B,EMERALD DR,686,E,N,A,-,Y,NA,NA,78,NA,NA,NA,NA,NA,W,Y,4,0,1,2,A,-,03,22350,NA,N,C,C,A,A,H,-,A,D,0,NA,NA,NA,NA,Y,NA,A,01,0,0,1,0,0,0,0,0,0,-,-,33.19037,-117.27501,SAN DIEGO,VISTA,-117.27497671,33.19030153
90431566,2017,2017-04-11,9680,2017-04-02,1540,019729,NA,7,2,9,3700,0,3,5,NA,2,007,SR-78 E/B,SAN FELIPE RD,10032,E,N,A,-,Y,NA,NA,78,NA,NA,NA,NA,NA,E,Y,3,0,1,1,A,-,08,22107,NA,N,F,A,A,A,H,-,A,D,0,NA,NA,Y,NA,Y,NA,C,02,0,1,0,0,0,0,0,0,1,-,-,33.11282,-116.44486,SAN DIEGO,UNINCORPORATED,-116.44486728,33.11283533
9043225,2020,2020-05-29,3700,2020-02-03,1624,SH0505,NA,1,5,5,3712,0,0,0,NA,0,359,WEST SAN MARCOS BL,S BENT AV,100,E,N,A,-,N,NA,NA,NA,NA,NA,NA,NA,NA,NA,Y,3,0,4,4,A,-,03,22350,NA,N,C,C,A,A,H,-,A,D,0,NA,NA,NA,NA,Y,NA,A,08,0,3,1,0,0,0,0,0,0,-,-,NA,NA,SAN DIEGO,SAN MARCOS,-117.18171691894533,33.13652420043945
90432738,2017,2017-04-12,9680,2017-04-01,2047,018672,NA,6,2,9,3700,0,2,4,NA,2,072,MONTEZUMA VALLEY ROAD,SAN FELIPE ROAD,1056,E,N,A,-,N,NA,NA,NA,NA,NA,NA,NA,NA,NA,Y,3,0,1,1,A,-,13,22515,A,N,H,A,A,A,H,-,D,D,0,NA,NA,NA,NA,Y,NA,D,22,0,1,0,0,0,0,0,0,0,-,-,33.22076,-116.60079,SAN DIEGO,UNINCORPORATED,-116.60150517,33.22056607
90435258,2017,2017-04-17,9650,2017-04-12,1456,015446,NA,3,2,5,3701,0,1,1,NA,2,005,I-5 FWY SOUTHBOUND,TAMARACK AVE,1000,N,N,A,-,Y,NA,NA,NA,NA,NA,NA,NA,NA,NA,N,4,0,1,2,A,-,03,22350,NA,N,C,C,A,A,H,-,A,D,0,NA,NA,NA,NA,Y,NA,A,01,0,0,1,0,0,0,0,0,0,-,-,33.15191,-117.33755,SAN DIEGO,CARLSBAD,-117.33797255,33.15455452
90435726,2017,2017-04-17,9645,2017-04-05,1457,018678,NA,3,2,7,3711,0,1,3,NA,2,006,SR-94 E/B,EUCLID AVENUE O/C,1250,E,N,A,-,Y,NA,NA,94,NA,NA,NA,NA,NA,E,Y,4,0,2,2,A,-,08,22107,NA,N,E,I,A,A,H,-,A,D,0,NA,NA,NA,NA,Y,NA,D,22,0,0,2,0,0,0,0,0,0,-,-,32.71984,-117.08164,SAN DIEGO,SAN DIEGO,-117.08143926,32.71957582
90437616,2017,2017-04-19,9645,2017-04-07,0152,020479,NA,5,3,7,3711,0,1,1,NA,2,017,I-15 S/B,MIRAMAR RD,750,N,N,A,-,Y,NA,NA,15,NA,NA,NA,NA,NA,S,Y,3,0,1,2,A,-,03,22350,NA,F,C,C,A,A,H,-,C,D,0,NA,NA,NA,NA,Y,NA,A,01,0,1,0,0,0,0,0,0,0,-,-,32.89903,-117.11664,SAN DIEGO,SAN DIEGO,-117.11655212,32.89903266
90438631,2017,2017-04-20,9680,2017-04-11,1939,021501,NA,2,2,9,3700,0,3,5,NA,2,002,CENTRAL AVE,TROY STREET,0,NA,Y,A,-,N,NA,NA,NA,NA,NA,NA,NA,NA,NA,Y,4,0,1,2,A,-,12,22450,A,N,D,C,A,A,H,-,C,A,0,NA,NA,NA,NA,Y,Y,A,01,0,0,1,0,0,0,0,0,0,-,-,32.7367,-117.01021,SAN DIEGO,UNINCORPORATED,-117.01022006,32.73668009
90438928,2017,2017-04-20,9680,2017-04-13,2152,016415,NA,4,2,5,3705,0,1,3,NA,2,016,SR-67 SOUTHBOUND TO BROADWAY,BROADWAY,528,N,N,A,-,Y,NA,NA,67,NA,NA,NA,R,NA,S,Y,4,0,2,3,A,-,01,23152,F,N,C,C,A,A,H,-,C,A,0,NA,NA,NA,NA,Y,NA,A,01,0,0,2,0,0,0,0,0,0,-,-,32.8099,-116.9623,SAN DIEGO,EL CAJON,-116.9623,32.8099
90439055,2017,2017-04-20,9645,2017-04-13,1700,021600,NA,4,2,7,3711,0,1,1,NA,2,017,I-15 N/B,MERCY RD U/C,800,S,N,B,-,Y,NA,NA,15,NA,NA,NA,NA,NA,N,Y,4,0,1,2,A,-,03,22350,NA,N,C,C,A,A,H,-,A,D,0,NA,NA,NA,NA,Y,NA,A,01,0,0,1,0,0,0,0,0,0,-,-,32.9342,-117.11172,SAN DIEGO,SAN DIEGO,-117.11184728,32.93423879
9043983,2020,2020-05-27,3711,2020-02-02,0215,5651,NA,7,5,7,3711,0,0,0,NA,0,312,CLAIREMONT MESA BL,RUEDA DR,634,E,N,A,-,N,NA,NA,NA,NA,NA,NA,NA,NA,NA,N,3,0,1,1,A,-,03,22350,NA,N,E,I,A,A,H,-,C,D,0,NA,NA,NA,NA,Y,Y,A,01,0,1,0,0,0,0,0,0,0,-,-,NA,NA,SAN DIEGO,SAN DIEGO,-117.07708740234376,32.82526779174805
90439865,2017,2017-04-24,9650,2017-04-21,1225,013636,NA,5,1,5,3701,0,1,1,NA,2,005,I-5 S/B,TAMARACK AVE,1056,N,N,A,-,Y,NA,NA,NA,NA,NA,NA,NA,NA,NA,Y,4,0,1,2,A,-,07,21658,A,N,F,A,A,A,H,-,A,D,0,NA,NA,Y,NA,Y,NA,A,01,0,0,1,0,0,0,0,0,1,-,-,NA,NA,SAN DIEGO,CARLSBAD,-117.33804686,33.15469464
90440051,2017,2017-04-24,9650,2017-04-07,2025,017328,NA,5,2,9,3700,0,2,4,NA,2,061,S. MISSION RD.,AMMUNITION RD,0,NA,Y,A,-,N,NA,NA,NA,NA,NA,NA,NA,NA,NA,N,4,0,1,2,A,-,10,21950,A,F,G,B,B,A,H,-,C,A,0,Y,NA,NA,NA,Y,NA,A,01,0,0,1,0,1,0,0,0,0,-,-,NA,NA,SAN DIEGO,UNINCORPORATED,-117.25230002,33.37113008
90440676,2017,2017-04-24,9680,2017-04-15,1805,019822,NA,6,2,5,3705,0,1,1,NA,2,082,I-8 E/B,2ND ST,75,E,N,A,-,Y,NA,NA,8,NA,NA,NA,NA,NA,E,Y,4,0,1,2,A,-,03,22350,NA,N,C,C,A,A,H,-,A,D,0,NA,NA,NA,NA,Y,NA,A,01,0,0,1,0,0,0,0,0,0,-,-,32.80304,-116.93457,SAN DIEGO,EL CAJON,-116.93457025,32.80294999
90441760,2017,2017-04-25,9645,2017-04-18,1745,017270,NA,2,2,7,3711,0,1,1,NA,2,007,I-5 N/B,CARMEL VALLEY ROAD,420,N,N,A,-,Y,NA,NA,5,NA,NA,NA,NA,NA,N,Y,4,0,1,2,A,-,03,22350,NA,N,C,C,A,A,H,-,A,D,0,NA,NA,NA,NA,Y,NA,A,01,0,0,1,0,0,0,0,0,0,-,-,32.9602,-117.2454,SAN DIEGO,SAN DIEGO,-117.24557678,32.96014644
90443104,2017,2017-04-27,9645,2017-04-14,0630,017723,NA,5,1,7,3711,0,1,1,NA,2,010,I-8 W/B,I-805,2112,E,N,A,-,Y,NA,NA,8,NA,NA,NA,NA,NA,W,Y,4,0,1,2,A,-,03,22350,NA,N,C,C,A,A,H,-,A,D,0,NA,NA,NA,NA,Y,NA,D,22,0,0,1,0,0,0,0,0,0,-,-,32.7745,-117.1256,SAN DIEGO,SAN DIEGO,-117.1256143,32.77452559
90445696,2017,2017-05-01,9650,2017-04-15,1050,016275,NA,6,1,9,3700,0,2,4,NA,2,063,RECHE RD,GIRD RD,0,NA,Y,A,-,N,NA,NA,NA,NA,NA,NA,NA,NA,NA,Y,4,0,2,2,A,-,12,21453,A,N,D,C,A,A,H,-,A,D,0,NA,NA,NA,NA,Y,NA,A,01,0,0,2,0,0,0,0,0,0,-,-,33.3621,-117.20434,SAN DIEGO,UNINCORPORATED,-117.20379004,33.36183012
90448837,2017,2017-05-04,9645,2017-04-24,1615,017499,NA,1,2,7,3711,0,1,3,NA,2,002,SR-905 EASTBOUND,SIEMPRE VIVA RD. O/C,500,S,N,A,-,Y,NA,NA,905,NA,NA,NA,NA,NA,E,N,4,0,1,3,A,-,03,22350,NA,N,C,C,A,A,H,-,A,D,0,NA,NA,NA,NA,Y,NA,D,22,0,0,1,0,0,0,0,0,0,-,-,32.55293,-116.93927,SAN DIEGO,SAN DIEGO,-116.93918284,32.55294578
90449535,2017,2017-05-04,9680,2017-04-25,0835,015008,NA,2,1,9,3700,0,2,4,NA,1,013,WILDCAT CANYON RD,WILLOW RD,8976,N,N,A,-,N,NA,NA,NA,NA,NA,NA,NA,NA,NA,Y,4,0,1,1,A,-,08,22107,NA,N,E,I,A,A,H,-,A,D,0,NA,NA,NA,NA,Y,NA,A,01,0,0,1,0,0,0,0,0,0,-,-,32.89223,-116.89104,SAN DIEGO,UNINCORPORATED,-116.89110373,32.89171066
90450322,2017,2017-05-08,9645,2017-05-02,0725,014909,NA,2,1,7,3711,0,1,1,NA,2,007,I-5 S/B,DEL MAR HEIGHTS,2640,N,N,A,-,Y,NA,NA,5,NA,NA,NA,NA,NA,S,Y,3,0,2,2,A,-,03,22350,NA,N,C,C,A,A,H,-,A,D,0,NA,NA,NA,NA,Y,NA,A,07,0,2,0,0,0,0,0,0,0,-,-,32.9568,-117.2452,SAN DIEGO,SAN DIEGO,-117.24511267,32.95681388
90450362,2017,2017-05-08,9650,2017-05-01,1716,016516,NA,1,2,6,3706,0,1,1,NA,2,023,I-15 N/B,CENTRE CITY PKY,700,N,N,A,-,Y,NA,NA,NA,NA,NA,NA,NA,NA,NA,Y,3,0,2,3,A,-,03,22350,NA,N,C,C,A,A,H,-,A,D,0,NA,NA,NA,NA,Y,NA,A,01,0,1,1,0,0,0,0,0,0,-,-,33.08558,-117.07502,SAN DIEGO,ESCONDIDO,-117.07295044,33.08258188
90451063,2017,2017-05-08,9680,2017-04-28,1645,020049,NA,5,2,9,3700,0,3,5,NA,2,002,S. BARCELONA DRIVE,VIA DE ORO,15,S,N,A,-,N,NA,NA,NA,NA,NA,NA,NA,NA,NA,N,4,0,1,2,A,-,01,23152,A,N,C,C,A,A,H,-,A,D,0,NA,NA,NA,NA,Y,Y,A,01,0,0,1,0,0,0,0,0,0,-,-,32.73931,-116.9811,SAN DIEGO,UNINCORPORATED,-116.98108,32.73918892
90453960,2017,2017-05-11,9645,2017-04-23,0518,019291,NA,7,3,7,3711,0,1,1,NA,2,003,I-5 N/B,SR-15,1584,S,N,A,-,Y,NA,NA,5,NA,NA,NA,NA,NA,N,Y,3,0,4,2,A,-,07,21658,A,N,D,C,A,A,H,-,C,D,0,NA,NA,NA,NA,Y,NA,A,07,0,3,1,0,0,0,0,0,0,-,-,32.68985,-117.11711,SAN DIEGO,SAN DIEGO,-117.11713705,32.6898118
90454042,2017,2017-05-11,9645,2017-05-01,0135,021107,NA,1,3,9,3700,0,1,3,NA,2,008,SR-54 W/B,SWEETWATER ROAD,500,W,N,A,-,Y,NA,NA,54,NA,NA,NA,NA,NA,W,Y,4,0,3,2,A,-,03,22350,NA,N,C,C,A,A,H,-,C,D,0,NA,NA,NA,NA,Y,NA,D,22,0,0,3,0,0,0,0,0,0,-,-,32.68548,-117.02518,SAN DIEGO,UNINCORPORATED,-117.02517631,32.68547487
90455311,2017,2017-05-15,9650,2017-05-07,0040,018675,NA,7,3,9,3700,0,1,1,NA,2,021,I-15 S/B,CAMINO DEL REY,1056,N,N,C,-,Y,NA,NA,15,NA,NA,NA,NA,NA,S,Y,3,0,2,1,A,-,03,22350,NA,N,F,A,A,B,H,-,D,D,0,NA,NA,NA,NA,Y,NA,A,01,0,2,0,0,0,0,0,0,0,-,-,33.2709,-117.15729,SAN DIEGO,UNINCORPORATED,-117.15725206,33.27088261
90456212,2017,2017-05-15,9680,2017-05-06,1940,017224,NA,6,2,9,3700,0,3,5,NA,2,001,FIRST ST,PEPPER DR,290,S,N,B,-,N,NA,NA,NA,NA,NA,NA,NA,NA,NA,Y,4,0,1,1,A,-,01,23152,A,N,E,I,A,A,H,-,B,D,0,NA,NA,NA,NA,Y,Y,A,01,0,0,1,0,0,0,0,0,0,-,-,32.8206,-116.9477,SAN DIEGO,UNINCORPORATED,-116.9445905,32.82056585
90456749,2017,2017-05-16,9680,2017-05-07,1825,018979,NA,7,2,4,3720,0,1,3,NA,2,027,SR-94 W/B,BROADWAY,909,W,N,B,C,Y,NA,NA,94,NA,NA,NA,NA,NA,W,Y,4,0,3,2,A,-,03,22350,NA,N,C,C,A,B,H,-,A,D,0,NA,NA,NA,NA,Y,NA,A,01,0,0,3,0,0,0,0,0,0,-,-,32.74024,-117.05274,SAN DIEGO,LEMON GROVE,-117.05283598,32.74033982
90457439,2017,2017-05-17,9645,2017-05-06,1435,020180,NA,6,2,7,3711,0,1,1,NA,2,010,I-8 E/B TO I-15 N/B,I-15,250,E,N,B,C,Y,NA,NA,8,NA,NA,NA,R,NA,E,Y,2,0,1,1,A,-,03,22350,NA,N,F,A,A,B,H,-,A,D,0,NA,NA,Y,NA,Y,NA,C,02,1,0,0,0,0,0,0,0,1,-,-,32.7783,-117.11125,SAN DIEGO,SAN DIEGO,-117.11125,32.7783
90457773,2017,2017-05-17,9680,2017-05-08,0700,018104,NA,1,1,9,3700,0,2,4,NA,1,021,WILLOW GLEN DR,MUIRFIELD DR,553,W,N,B,-,N,NA,NA,NA,NA,NA,NA,NA,NA,NA,Y,4,0,4,5,A,-,05,21460,A,N,A,C,A,B,H,-,A,D,0,NA,NA,NA,NA,Y,NA,A,01,0,0,4,0,0,0,0,0,0,-,-,32.74313,-116.92584,SAN DIEGO,UNINCORPORATED,-116.92562382,32.74310682
90457810,2017,2017-05-17,9680,2017-05-08,0940,021588,NA,1,1,9,3700,0,2,4,NA,1,013,WILDCAT CANYON ROAD,MUTH VALLEY ROAD,3696,S,N,A,-,N,NA,NA,NA,NA,NA,NA,NA,NA,NA,Y,4,0,1,2,A,-,01,23152,F,N,E,I,A,A,H,-,A,D,0,NA,NA,NA,NA,Y,Y,A,01,0,0,1,0,0,0,0,0,0,-,-,32.8904,-116.8912,SAN DIEGO,UNINCORPORATED,-116.89129957,32.88965998
90458094,2017,2017-05-17,9680,2017-05-09,0032,017460,NA,2,3,9,3700,0,3,5,NA,2,006,I-8 (E/B),CARRIZO CREEK,528,W,N,A,-,Y,NA,NA,8,NA,NA,NA,NA,NA,NA,Y,4,0,1,1,A,-,08,22107,NA,N,F,I,A,A,H,-,D,D,0,NA,NA,NA,NA,Y,NA,A,01,0,0,1,0,0,0,0,0,0,-,-,32.64873,-116.19278,SAN DIEGO,UNINCORPORATED,-116.19279654,32.64868619
90458410,2017,2017-05-18,9645,2017-05-08,0755,013111,NA,1,1,7,3711,0,1,1,NA,2,019,I-15 SOUTHBOUND,CARMEL MOUNTAIN ROAD O/C,325,N,N,A,-,Y,NA,NA,15,NA,NA,NA,NA,NA,S,Y,4,0,1,2,A,-,03,22350,A,N,C,C,A,A,H,-,A,D,0,NA,NA,Y,NA,Y,NA,C,02,0,0,1,0,0,0,0,0,1,-,-,32.97975,-117.0861,SAN DIEGO,SAN DIEGO,-117.08610395,32.97975248
90458834,2017,2017-05-18,9680,2017-05-12,1555,020116,NA,5,2,9,3700,0,2,4,NA,1,020,AVOCADO BLVD,MADRID WAY,0,NA,Y,A,-,N,NA,NA,NA,NA,NA,NA,NA,NA,NA,Y,4,0,1,2,A,-,09,21802,A,N,D,C,A,A,H,-,A,A,0,NA,NA,NA,NA,Y,NA,D,22,0,0,1,0,0,0,0,0,0,-,-,32.74611,-116.96363,SAN DIEGO,UNINCORPORATED,-116.96377007,32.7458901
90459951,2017,2017-05-22,9645,2017-04-20,0745,014922,NA,4,1,7,3711,0,1,1,NA,2,009,I-805 NORTHBOUND,47TH ST. UNDERCROSSING,800,N,N,A,-,Y,NA,NA,805,NA,NA,NA,NA,NA,N,Y,2,0,1,2,A,-,07,21658,A,N,C,C,A,A,H,-,A,D,0,NA,NA,Y,NA,Y,NA,A,01,1,0,0,0,0,0,0,0,1,-,-,32.69302,-117.09505,SAN DIEGO,SAN DIEGO,-117.09473468,32.69302147
90460070,2017,2017-05-22,9645,2017-05-18,1820,017524,NA,4,2,7,3711,0,1,1,NA,2,015,I-805 S/B,MIRA MESA BLVD. U/C,528,N,N,A,-,Y,NA,NA,805,NA,NA,NA,NA,NA,S,Y,4,0,1,4,A,-,07,21658,A,N,D,C,A,A,H,-,A,D,0,NA,NA,NA,NA,Y,NA,D,22,0,0,1,0,0,0,0,0,0,-,-,32.89317,-117.21232,SAN DIEGO,SAN DIEGO,-117.21224115,32.8933163
90461875,2017,2017-05-23,9645,2017-04-02,0545,021680,NA,7,3,7,3711,0,1,1,NA,2,015,I-805 NORTHBOUND,MIRAMAR ROAD OVER CROSS,2112,N,N,A,-,Y,NA,NA,805,NA,NA,NA,NA,NA,N,Y,3,0,1,1,A,-,08,22107,NA,N,F,A,A,A,H,-,D,D,0,NA,NA,NA,NA,Y,Y,A,01,0,1,0,0,0,0,0,0,0,-,-,32.87078,-117.1956,SAN DIEGO,SAN DIEGO,-117.1956827,32.87070082
9046245,2020,2020-03-02,3702,2020-01-22,2149,CV1266,NA,3,5,6,3702,0,0,0,NA,0,032,EAST H ST,AUBURN AV,0,NA,Y,A,-,N,NA,NA,NA,NA,NA,NA,NA,NA,NA,Y,4,0,2,2,A,-,09,21800,B,N,D,C,A,A,H,-,C,A,0,NA,NA,NA,NA,Y,NA,D,22,0,0,2,0,0,0,0,0,0,-,-,NA,NA,SAN DIEGO,CHULA VISTA,-116.99288940429688,32.646461486816406
9043554,2020,2020-05-27,3711,2020-02-09,2345,SD7800,NA,7,5,7,3711,0,0,0,NA,0,721,PALM AV,16TH ST,0,NA,Y,C,-,N,NA,NA,NA,NA,NA,NA,NA,NA,NA,Y,4,0,1,5,A,-,08,22107,NA,N,D,C,A,B,H,-,C,A,0,NA,NA,NA,NA,Y,Y,A,01,0,0,1,0,0,0,0,0,0,-,-,NA,NA,SAN DIEGO,SAN DIEGO,-117.09950256347656,32.58393859863281
90409819,2017,2017-03-10,9680,2017-03-04,1227,014949,NA,6,1,9,3700,0,3,5,NA,2,004,HARRIS RANCH RD,SR-94,1584,N,N,A,-,N,NA,NA,NA,NA,NA,NA,NA,NA,NA,Y,3,0,1,1,A,-,08,22107,NA,N,E,I,A,A,H,-,A,D,0,NA,NA,NA,NA,Y,NA,A,07,0,1,0,0,0,0,0,0,0,-,-,32.70214,-116.48948,SAN DIEGO,UNINCORPORATED,-116.5801768,32.60308372
90407359,2017,2017-03-07,9680,2017-02-28,1820,018979,NA,2,2,9,3700,0,2,4,NA,1,020,AVOCADO BLVD,MADRID WAY,0,NA,Y,A,-,N,NA,NA,NA,NA,NA,NA,NA,NA,NA,Y,4,0,1,2,A,-,09,21802,A,N,D,C,A,A,H,-,C,A,0,NA,NA,NA,NA,Y,NA,A,07,0,0,1,0,0,0,0,0,0,-,-,32.74585,-116.9637,SAN DIEGO,UNINCORPORATED,-116.96377007,32.7458901
90405374,2017,2017-03-03,9645,2017-02-28,1625,017524,NA,2,2,7,3711,0,1,1,NA,2,011,I-805 S/B,LANDIS ST. O/C,20,S,N,A,-,Y,NA,NA,805,NA,NA,NA,NA,NA,S,N,4,0,1,2,A,-,03,22350,NA,N,C,C,A,A,H,-,A,D,0,NA,NA,NA,NA,Y,NA,A,01,0,0,1,0,0,0,0,0,0,-,-,32.74492,-117.11974,SAN DIEGO,SAN DIEGO,-117.11965986,32.74498729
9040130,2019,2020-02-20,3700,2019-12-07,2230,0289,NA,6,5,5,3782,0,0,0,NA,0,215,VIA MORELLA,VIA MOLENA,43,S,N,B,-,N,NA,NA,NA,NA,NA,NA,NA,NA,NA,Y,2,0,1,2,A,-,01,23153,A,F,E,G,A,B,H,-,C,D,0,NA,Y,NA,NA,Y,Y,D,22,1,0,0,0,0,0,1,0,0,-,-,NA,NA,SAN DIEGO,ENCINITAS,-117.26593780517578,33.04830551147461
9046252,2020,2020-02-21,3708,2020-01-07,1313,LM8294,NA,2,5,5,3708,0,0,0,NA,0,003,LAKE MURRAY BL,PARKWAY DR,0,NA,Y,A,-,N,NA,NA,NA,NA,NA,NA,NA,NA,NA,N,4,0,1,2,A,-,03,22350,NA,M,C,C,A,A,H,-,A,A,0,NA,NA,NA,NA,Y,NA,-,-,0,0,1,0,0,0,0,0,0,-,-,NA,NA,SAN DIEGO,LA MESA,-117.04534912109376,32.77505111694336
90463551,2017,2017-05-25,9680,2017-05-18,1515,020049,NA,4,2,9,3700,0,2,4,NA,1,025,SWEETWATER RD,SAINT GEORGE SAINT,0,NA,Y,A,-,N,NA,NA,NA,NA,NA,NA,NA,NA,NA,Y,4,0,1,3,A,-,09,21801,A,N,D,C,A,A,H,-,A,A,0,NA,NA,NA,NA,Y,NA,A,01,0,0,1,0,0,0,0,0,0,-,-,32.71217,-117.01262,SAN DIEGO,UNINCORPORATED,-117.012672,32.712183
90463651,2017,2017-05-25,9645,2017-05-15,0810,016156,NA,1,1,7,3711,0,1,1,NA,2,019,I-15 S/B,CARMEL MOUNTAIN ROAD,1584,N,N,B,-,Y,NA,NA,15,NA,NA,NA,NA,NA,S,Y,4,0,1,2,A,-,03,22350,NA,N,C,C,A,A,H,-,A,D,0,NA,NA,NA,NA,Y,NA,A,01,0,0,1,0,0,0,0,0,0,-,-,32.9842,-117.08371,SAN DIEGO,SAN DIEGO,-117.08355971,32.98413932
90465219,2017,2017-05-26,9645,2017-04-17,0705,021680,NA,1,1,7,3711,0,1,1,NA,2,010,I-8 WESTBOUND TO I-15 SOUTHBOUND,I-15 OVERCROSS,500,W,N,A,-,Y,NA,NA,8,NA,NA,NA,R,NA,W,Y,3,0,1,1,A,-,03,22350,NA,N,F,A,A,A,H,-,A,D,0,NA,NA,Y,NA,Y,NA,C,02,0,1,0,0,0,0,0,0,1,-,-,32.77912,-117.11383,SAN DIEGO,SAN DIEGO,-117.11383,32.77912
90465371,2017,2017-05-26,9645,2017-05-16,1710,017499,NA,2,2,6,3702,0,1,1,NA,2,009,I-805 SOUTHBOUND,BONITA RD. U/C,900,N,N,A,-,Y,NA,NA,805,NA,NA,NA,NA,NA,S,Y,4,0,3,2,A,-,03,22350,NA,N,C,C,A,A,H,-,A,D,0,NA,NA,NA,NA,Y,NA,A,08,0,0,3,0,0,0,0,0,0,-,-,32.64947,-117.0647,SAN DIEGO,CHULA VISTA,-117.06465849,32.64955735
90465888,2017,2017-05-29,9650,2017-05-20,1725,020673,NA,6,2,5,3712,0,1,3,NA,2,019,SR-78 EASTBOUND,SAN MARCOS BLVD.,2000,W,N,A,-,Y,NA,NA,78,NA,NA,NA,NA,NA,E,Y,3,0,1,2,A,-,03,22350,NA,N,F,A,A,A,H,-,A,D,0,NA,NA,Y,NA,Y,NA,C,02,0,1,0,0,0,0,0,0,1,-,-,33.13974,-117.18193,SAN DIEGO,SAN MARCOS,-117.18192726,33.13974776
90467561,2017,2017-05-30,9650,2017-04-29,1938,015906,NA,6,2,9,3700,0,3,5,NA,1,212,LILAC ROAD,CUMBRES RD,243,W,N,A,-,N,NA,NA,NA,NA,NA,NA,NA,NA,NA,Y,2,0,1,1,A,-,01,23152,A,N,E,I,A,A,H,-,D,D,0,NA,NA,NA,NA,Y,Y,D,22,1,0,0,0,0,0,0,0,0,-,-,33.25258,-117.06365,SAN DIEGO,UNINCORPORATED,-117.0638066,33.25256829
90469221,2017,2017-06-01,9650,2017-05-16,1340,015906,NA,2,1,5,3712,0,1,3,NA,2,019,SR-78 W/B,WOODLAND PKY,1584,W,N,A,-,Y,NA,NA,78,NA,NA,NA,NA,NA,W,Y,4,0,5,3,A,-,03,22350,NA,N,C,C,A,A,H,-,A,D,0,NA,NA,NA,NA,Y,NA,A,01,0,0,5,0,0,0,0,0,0,-,-,33.13951,-117.146,SAN DIEGO,SAN MARCOS,-117.1459992,33.13953799
90469226,2017,2017-07-21,9650,2017-05-13,1705,020488,NA,6,2,5,3712,0,1,3,NA,2,019,SR-78 E/B,NORDAHL RD.,3000,W,N,A,-,Y,NA,NA,78,NA,NA,NA,NA,NA,E,Y,4,0,1,3,A,-,17,21658,NA,N,C,C,A,A,H,-,A,D,0,NA,NA,NA,NA,Y,NA,A,07,0,0,1,0,0,0,0,0,0,-,-,33.1339,-117.12583,SAN DIEGO,SAN MARCOS,-117.1258244,33.13391395
90470008,2017,2017-06-02,9650,2017-05-26,1723,015081,NA,5,2,9,3700,0,3,5,NA,2,070,LOMAS SANTA FE DR,HIGHLAND DR,0,NA,Y,A,-,N,NA,NA,NA,NA,NA,NA,NA,NA,NA,Y,3,0,2,2,A,-,09,21800,A,N,D,C,A,A,H,-,A,A,0,NA,NA,NA,NA,Y,NA,A,01,0,1,1,0,0,0,0,0,0,-,-,32.99601,-117.23869,SAN DIEGO,UNINCORPORATED,-117.23871013,32.99596003