CASE_ID,ACCIDENT_YEAR,PROC_DATE,JURIS,COLLISION_DATE,COLLISION_TIME,OFFICER_ID,REPORTING_DISTRICT,DAY_OF_WEEK,CHP_SHIFT,POPULATION,CNTY_CITY_LOC,SPECIAL_COND,BEAT_TYPE,CHP_BEAT_TYPE,CITY_DIVISION_LAPD,CHP_BEAT_CLASS,BEAT_NUMBER,PRIMARY_RD,SECONDARY_RD,DISTANCE,DIRECTION,INTERSECTION,WEATHER_1,WEATHER_2,STATE_HWY_IND,CALTRANS_COUNTY,CALTRANS_DISTRICT,STATE_ROUTE,ROUTE_SUFFIX,POSTMILE_PREFIX,POSTMILE,LOCATION_TYPE,RAMP_INTERSECTION,SIDE_OF_HWY,TOW_AWAY,COLLISION_SEVERITY,NUMBER_KILLED,NUMBER_INJURED,PARTY_COUNT,PRIMARY_COLL_FACTOR,PCF_CODE_OF_VIOL,PCF_VIOL_CATEGORY,PCF_VIOLATION,PCF_VIOL_SUBSECTION,HIT_AND_RUN,TYPE_OF_COLLISION,MVIW,PED_ACTION,ROAD_SURFACE,ROAD_COND_1,ROAD_COND_2,LIGHTING,CONTROL_DEVICE,CHP_ROAD_TYPE,PEDESTRIAN_ACCIDENT,BICYCLE_ACCIDENT,MOTORCYCLE_ACCIDENT,TRUCK_ACCIDENT,NOT_PRIVATE_PROPERTY,ALCOHOL_INVOLVED,STWD_VEHTYPE_AT_FAULT,CHP_VEHTYPE_AT_FAULT,COUNT_SEVERE_INJ,COUNT_VISIBLE_INJ,COUNT_COMPLAINT_PAIN,COUNT_PED_KILLED,COUNT_PED_INJURED,COUNT_BICYCLIST_KILLED,COUNT_BICYCLIST_INJURED,COUNT_MC_KILLED,COUNT_MC_INJURED,PRIMARY_RAMP,SECONDARY_RAMP,LATITUDE,LONGITUDE,COUNTY,CITY,POINT_X,POINT_Y
90534019,2017,2017-08-25,9680,2017-08-18,1945,019910,NA,5,2,9,3700,0,2,4,NA,1,020,AVOCADO BLVD,CALLE VERDE,35,N,N,A,-,N,NA,NA,NA,NA,NA,NA,NA,NA,NA,N,4,0,1,2,A,-,03,22350,NA,N,C,C,A,A,H,-,C,A,0,NA,NA,NA,NA,Y,NA,D,22,0,0,1,0,0,0,0,0,0,-,-,32.74845,-116.96208,SAN DIEGO,UNINCORPORATED,-116.962,32.74839585
90534715,2017,2017-11-29,9650,2017-08-14,0920,016485,NA,1,1,9,3700,0,3,5,NA,2,230,MARY LN,PRINCE ST,412,W,N,A,-,N,NA,NA,NA,NA,NA,NA,NA,NA,NA,Y,2,0,1,1,A,-,03,22350,NA,N,E,I,A,A,H,-,A,D,0,NA,NA,Y,NA,Y,NA,C,02,1,0,0,0,0,0,0,0,1,-,-,33.07767,-117.0512,SAN DIEGO,UNINCORPORATED,-117.05132456,33.07770754
90537404,2017,2017-08-30,9645,2017-08-09,1825,017133,NA,3,2,7,3711,0,1,3,NA,2,006,SR-94 W/B,SR-94 E/B TO SR-15 NB,75,E,N,A,-,Y,NA,NA,94,NA,NA,NA,NA,NA,W,Y,4,0,2,2,A,-,03,22350,NA,N,C,C,A,A,H,-,A,D,0,NA,NA,NA,NA,Y,NA,A,07,0,0,2,0,0,0,0,0,0,-,-,32.71744,-117.11659,SAN DIEGO,SAN DIEGO,-117.11657182,32.71733491
90537479,2017,2017-09-12,9680,2017-08-22,0744,015070,NA,2,1,9,3700,0,1,3,NA,1,024,SR-94 E/B,SR-54,1056,W,N,B,-,Y,NA,NA,NA,NA,NA,NA,NA,NA,NA,N,4,0,1,2,A,-,03,22350,NA,N,C,C,A,A,H,-,A,D,0,NA,NA,NA,NA,Y,NA,A,01,0,0,1,0,0,0,0,0,0,-,-,32.73443,-116.94663,SAN DIEGO,UNINCORPORATED,-116.94592685,32.73934512
90537572,2017,2017-08-31,9645,2017-08-12,1535,020180,NA,6,2,7,3711,0,1,3,NA,2,014,SR-52 W/B,I-805,2112,W,N,A,-,Y,NA,NA,52,NA,NA,NA,NA,NA,W,Y,3,0,3,2,A,-,07,21658,A,N,B,C,A,A,H,-,A,D,0,NA,NA,NA,NA,Y,NA,D,22,0,2,1,0,0,0,0,0,0,-,-,32.84698,-117.18485,SAN DIEGO,SAN DIEGO,-117.18485115,32.84698873
90539370,2017,2017-09-04,9645,2017-08-25,0600,015270,NA,5,1,7,3711,0,1,1,NA,2,015,I-805 NORTHBOUND,SR-52,309,S,N,A,-,Y,NA,NA,805,NA,NA,NA,NA,NA,N,Y,4,0,2,2,A,-,03,22350,NA,N,C,C,A,A,H,-,A,D,0,NA,NA,NA,NA,Y,NA,A,07,0,0,2,0,0,0,0,0,0,-,-,32.84616,-117.1772,SAN DIEGO,SAN DIEGO,-117.17709151,32.84622359
90539675,2017,2017-09-04,9645,2017-05-30,0935,016474,NA,2,1,7,3711,0,3,5,NA,2,222,SR-905 WESTBOUND,U.S. / MEXICO INT'L BORDER,41,N,N,B,-,Y,NA,NA,905,NA,NA,NA,NA,NA,W,N,4,0,1,2,A,-,08,22107,NA,N,B,C,A,A,H,-,A,A,0,NA,NA,Y,NA,Y,NA,C,02,0,0,1,0,0,0,0,0,1,-,-,32.54972,-116.93841,SAN DIEGO,SAN DIEGO,-116.93823504,32.55026052
90539760,2017,2017-09-04,9650,2017-08-23,1030,013452,NA,3,1,9,3700,0,3,5,NA,2,006,GREEN CANYON ROAD,WINTER HAVEN ROAD,5280,E,N,A,-,N,NA,NA,NA,NA,NA,NA,NA,NA,NA,N,3,0,1,2,A,-,08,22107,NA,N,B,C,A,A,H,-,A,D,0,NA,NA,NA,NA,Y,NA,A,01,0,1,0,0,0,0,0,0,0,-,-,33.36087,-117.21677,SAN DIEGO,UNINCORPORATED,-117.2142,33.35144
90541089,2017,2017-09-05,9680,2017-08-25,1755,018356,NA,5,2,5,3708,0,1,1,NA,2,081,I-8 W/B,GROSSMONT BLVD,1056,E,N,A,-,Y,NA,NA,8,NA,NA,NA,NA,NA,W,Y,4,0,2,2,A,-,03,22350,NA,N,C,C,A,A,H,-,A,D,0,NA,NA,NA,NA,Y,NA,A,01,0,0,2,0,0,0,0,0,0,-,-,32.77908,-116.9873,SAN DIEGO,LA MESA,-116.98729956,32.77909205
90541195,2017,2017-09-05,9650,2017-09-05,1330,015788,NA,2,1,5,3782,0,1,1,NA,2,007,I-5 S/B,LEUCADIA BLVD,2640,N,N,A,-,Y,NA,NA,5,NA,NA,NA,NA,NA,S,Y,4,0,2,2,A,-,03,22350,NA,N,C,C,A,A,H,-,A,D,0,NA,NA,NA,NA,Y,NA,A,01,0,0,2,0,0,0,0,0,0,-,-,33.07252,-117.29483,SAN DIEGO,ENCINITAS,-117.2946578,33.07257165
90541370,2017,2017-09-06,9645,2017-06-09,2253,020165,NA,5,3,7,3711,0,1,1,NA,2,010,I-8 WESTBOUND,WARING ROAD,1500,E,N,A,-,Y,NA,NA,8,NA,NA,NA,NA,NA,W,Y,4,0,2,2,A,-,01,23152,A,N,C,C,A,A,H,-,C,D,0,NA,NA,NA,NA,Y,Y,A,01,0,0,2,0,0,0,0,0,0,-,-,32.78045,-117.08087,SAN DIEGO,SAN DIEGO,-117.08087161,32.78044086
90541493,2017,2017-09-06,9645,2017-08-24,0655,015847,NA,4,1,7,3711,0,1,1,NA,2,010,I-8 W/B,PRESIDIO PARK,500,W,N,A,-,Y,NA,NA,8,NA,NA,NA,NA,NA,W,Y,4,0,1,2,A,-,03,22350,NA,N,C,C,A,A,H,-,A,D,0,NA,NA,NA,NA,Y,NA,A,01,0,0,1,0,0,0,0,0,0,-,-,32.76027,-117.19008,SAN DIEGO,SAN DIEGO,-117.19010462,32.76012321
90541639,2017,2017-09-06,9645,2017-08-25,1930,021601,NA,5,2,7,3711,0,1,1,NA,2,009,I-805 S/B,MARKET STREET,500,N,N,A,-,Y,NA,NA,805,NA,NA,NA,NA,NA,S,N,4,0,3,2,A,-,03,22350,NA,N,C,C,A,A,H,-,C,D,0,NA,NA,NA,NA,Y,NA,A,01,0,0,3,0,0,0,0,0,0,-,-,32.71186,-117.10127,SAN DIEGO,SAN DIEGO,-117.10125199,32.71187719
90542033,2017,2017-09-06,9645,2017-09-05,0725,013111,NA,2,1,7,3711,0,1,3,NA,2,022,SR-56 WESTBOUND,RANCHO PENASQUITOS BLVD,424,W,N,A,-,Y,NA,NA,56,NA,NA,NA,NA,NA,W,N,4,0,1,2,A,-,03,22350,NA,N,C,C,A,A,H,-,A,D,0,NA,NA,NA,NA,Y,NA,A,07,0,0,1,0,0,0,0,0,0,-,-,32.95774,-117.11649,SAN DIEGO,SAN DIEGO,-117.11649498,32.95775527
90542181,2017,2017-09-06,9680,2017-08-28,1235,015008,NA,1,1,9,3700,0,1,3,NA,1,017,SR-67 S/B,LAKESIDE AVE,200,S,N,A,-,Y,NA,NA,67,NA,NA,NA,NA,NA,S,Y,3,0,1,1,A,-,03,22350,NA,N,E,I,A,A,H,-,A,D,0,NA,NA,NA,NA,Y,NA,A,07,0,1,0,0,0,0,0,0,0,-,-,32.87136,-116.92373,SAN DIEGO,UNINCORPORATED,-116.92363304,32.87138307
90544066,2017,2017-09-11,9650,2017-09-01,1625,020747,NA,5,2,5,3712,0,1,3,NA,2,019,SR-78 W/B,LAS POSAS RD,1200,E,N,A,-,Y,NA,NA,78,NA,NA,NA,NA,NA,W,Y,4,0,1,2,A,-,03,22350,NA,N,C,C,A,A,H,-,A,D,0,NA,NA,NA,NA,Y,NA,D,22,0,0,1,0,0,0,0,0,0,-,-,33.14188,-117.18743,SAN DIEGO,SAN MARCOS,-117.18741072,33.141933710000004
9054445,2020,2020-05-28,3711,2020-02-09,1200,SD7991,NA,7,5,7,3711,0,0,0,NA,0,116,CALLE NEIL,COWLEY WY,177,W,N,C,-,N,NA,NA,NA,NA,NA,NA,NA,NA,NA,N,4,0,2,2,B,-,22,NA,NA,N,D,C,A,B,H,-,A,D,0,NA,NA,NA,NA,Y,NA,A,07,0,0,2,0,0,0,0,0,0,-,-,NA,NA,SAN DIEGO,SAN DIEGO,-117.19454193115234,32.80039978027344
90544552,2017,2017-09-11,9645,2017-08-29,0645,015494,NA,2,1,7,3711,0,1,1,NA,2,011,I-805 N/B,ADAMS AVE,800,N,N,B,-,Y,NA,NA,805,NA,NA,NA,NA,NA,N,Y,2,0,1,2,A,-,03,22350,NA,N,C,C,A,A,H,-,A,D,0,NA,NA,Y,NA,Y,NA,C,02,1,0,0,0,0,0,0,0,1,-,-,32.76505,-117.12811,SAN DIEGO,SAN DIEGO,-117.1279281,32.76512453
9054515,2020,2020-05-28,3700,2020-02-17,2032,3913,NA,1,5,5,3712,0,0,0,NA,0,349,SAN ELIJO RD,ELFIN FOREST RD,0,NA,Y,A,-,N,NA,NA,NA,NA,NA,NA,NA,NA,NA,Y,4,0,1,2,A,-,12,21453,A,N,D,C,A,A,H,-,C,A,0,NA,NA,NA,NA,Y,NA,A,01,0,0,1,0,0,0,0,0,0,-,-,NA,NA,SAN DIEGO,SAN MARCOS,-117.20066833496094,33.09832000732422
90547134,2017,2017-09-13,9645,2017-07-08,0011,019010,NA,6,3,7,3711,0,1,1,NA,2,003,I-5 NORTHBOUND,SOUTH 32ND STREET,170,S,N,A,-,Y,NA,NA,5,NA,NA,NA,NA,NA,N,Y,1,1,1,2,A,-,05,21651,B,N,A,C,A,A,H,-,C,D,0,NA,NA,NA,Y,Y,NA,A,01,1,0,0,0,0,0,0,0,0,-,-,32.6944,-117.12513,SAN DIEGO,SAN DIEGO,-117.12512226,32.69444279
90547937,2017,2017-09-14,9650,2017-09-01,1625,017328,NA,5,2,9,3700,0,3,5,NA,1,160,W. LILAC RD.,ANNA MARIE LN.,98,E,N,A,-,N,NA,NA,NA,NA,NA,NA,NA,NA,NA,Y,2,0,1,1,A,-,08,22107,NA,N,E,I,A,A,H,-,A,D,0,NA,NA,Y,NA,Y,NA,C,02,1,0,0,0,0,0,0,0,1,-,-,33.29481,-117.19541,SAN DIEGO,UNINCORPORATED,-117.1954054,33.2947193
9054805,2020,2020-05-20,3711,2020-02-13,1700,6063,NA,4,5,7,3711,0,0,0,NA,0,113,MORAGA AV,MONAIR DR,75,S,N,A,-,N,NA,NA,NA,NA,NA,NA,NA,NA,NA,N,4,0,1,2,A,-,09,21801,A,M,D,C,A,A,H,-,A,D,0,NA,NA,NA,NA,Y,NA,-,NA,0,0,1,0,0,0,0,0,0,-,-,NA,NA,SAN DIEGO,SAN DIEGO,-117.21097564697266,32.80857849121094
90548135,2017,2017-09-14,9680,2017-09-08,0810,015962,NA,5,1,9,3700,0,3,5,NA,2,001,DUNBAR LN,OLDE HIGHWAY 80,0,NA,Y,A,-,N,NA,NA,NA,NA,NA,NA,NA,NA,NA,Y,4,0,1,2,A,-,09,21802,B,N,D,C,A,A,H,-,A,A,0,NA,NA,NA,NA,Y,NA,A,01,0,0,1,0,0,0,0,0,0,-,-,32.85812,-116.81981,SAN DIEGO,UNINCORPORATED,-116.8194915,32.85819
90548254,2017,2017-09-14,9645,2017-09-06,1428,019496,NA,3,2,7,3711,0,1,1,NA,2,009,I-805 S/B,IMPERIAL AVE.,500,N,N,A,-,Y,NA,NA,805,NA,NA,NA,NA,NA,S,Y,4,0,1,3,A,-,03,22350,NA,N,C,C,A,A,H,-,A,D,0,NA,NA,NA,NA,Y,NA,A,01,0,0,1,0,0,0,0,0,0,-,-,32.70829,-117.0979,SAN DIEGO,SAN DIEGO,-117.097889,32.70830089
90548628,2017,2017-09-15,9645,2017-08-03,1140,017723,NA,4,1,7,3711,0,1,3,NA,2,006,SR-94 E/B,SR-94 W/B TO SR-15 S/B,1150,W,N,A,-,Y,NA,NA,94,NA,NA,NA,NA,NA,E,Y,3,0,2,1,A,-,08,22107,NA,N,F,A,A,A,H,-,A,D,0,NA,NA,NA,NA,Y,NA,A,01,0,1,1,0,0,0,0,0,0,-,-,32.7157,-117.1225,SAN DIEGO,SAN DIEGO,-117.122477,32.71558663
90549419,2017,2017-11-29,9645,2017-09-06,1530,020066,NA,3,2,7,3711,0,1,1,NA,2,017,I-15 S/B,SR-52,500,N,N,A,-,Y,NA,NA,15,NA,NA,NA,NA,NA,S,Y,3,0,1,3,A,-,08,22107,NA,N,B,C,A,A,H,-,A,D,0,NA,NA,Y,NA,Y,NA,C,02,0,1,0,0,0,0,0,0,1,-,-,32.84522,-117.11896,SAN DIEGO,SAN DIEGO,-117.11902894,32.84526494
90549905,2017,2017-09-18,9645,2017-08-29,0201,020265,NA,2,3,9,3700,0,3,5,NA,2,018,BONITA RD.,ACACIA AVE.,500,E,N,A,-,N,NA,NA,NA,NA,NA,NA,NA,NA,NA,Y,3,0,1,1,A,-,08,22107,NA,N,E,I,A,A,H,-,C,D,0,NA,NA,NA,NA,Y,NA,A,07,0,1,0,0,0,0,0,0,0,-,-,32.66686,-117.02297,SAN DIEGO,UNINCORPORATED,-117.02315226,32.66679267
90550534,2017,2017-09-19,9645,2017-09-11,1650,016864,NA,1,2,7,3711,0,1,3,NA,2,006,SR-94 E/B,SR-15,900,W,N,A,-,Y,NA,NA,94,NA,NA,NA,NA,NA,E,Y,4,0,2,3,A,-,03,22350,NA,N,C,C,A,A,H,-,A,D,0,NA,NA,NA,NA,Y,NA,D,22,0,0,2,0,0,0,0,0,0,-,-,32.71562,-117.12299,SAN DIEGO,SAN DIEGO,-117.12296388,32.71548859
90553062,2017,2017-09-21,9645,2017-09-11,1620,021651,NA,1,2,7,3711,0,1,3,NA,2,020,SR-56 E/B FROM EL CAMINO REAL,EL CAMINO REAL,300,E,N,A,-,Y,NA,NA,56,NA,NA,NA,R,NA,E,Y,4,0,1,2,A,-,03,22350,NA,N,C,C,A,A,H,-,A,A,0,NA,NA,NA,NA,Y,NA,A,01,0,0,1,0,0,0,0,0,0,-,-,32.93474,-117.23494,SAN DIEGO,SAN DIEGO,-117.23494,32.93474
90553209,2017,2017-09-21,9645,2017-07-21,1045,019712,NA,5,1,7,3711,0,1,1,NA,2,010,I-8 W/B,I-5,1000,E,N,A,-,Y,NA,NA,8,NA,NA,NA,NA,NA,W,Y,3,0,1,2,A,-,03,22350,NA,N,C,C,A,A,H,-,A,D,0,NA,NA,NA,NA,Y,NA,A,01,0,1,0,0,0,0,0,0,0,-,-,32.76028,-117.19834,SAN DIEGO,SAN DIEGO,-117.19832664,32.76019983
90554083,2017,2017-09-22,9680,2017-09-16,0915,017621,NA,6,1,9,3700,0,1,3,NA,1,091,SR-78,MAGNOLIA AVE,340,E,N,B,-,Y,NA,NA,78,NA,NA,NA,NA,NA,NA,Y,2,0,1,2,A,-,05,21460,A,N,D,C,A,A,H,-,A,D,0,NA,NA,Y,NA,Y,NA,C,02,1,0,0,0,0,0,0,0,1,-,-,33.05113,-116.8437,SAN DIEGO,UNINCORPORATED,-116.84369996,33.05113498
90554208,2017,2017-09-22,9680,2017-09-17,0630,017460,NA,7,1,9,3700,0,1,1,NA,2,086,I-8 W/B,CARRIZO GORGE RD,1056,W,N,A,-,Y,NA,NA,8,NA,NA,NA,NA,NA,W,Y,3,0,2,1,A,-,08,22107,NA,N,E,I,A,A,H,-,A,D,0,NA,NA,NA,NA,Y,NA,A,01,0,1,1,0,0,0,0,0,0,-,-,32.63778,-116.16861,SAN DIEGO,UNINCORPORATED,-116.16864028,32.63772418
90555383,2017,2017-09-25,9680,2017-09-15,0013,021756,NA,5,3,9,3700,0,3,5,NA,2,002,KENORA DR,SUMMERFIELD STREET,33,S,N,A,-,N,NA,NA,NA,NA,NA,NA,NA,NA,NA,Y,3,0,1,4,A,-,08,22107,NA,N,C,E,A,A,H,-,C,D,0,NA,NA,NA,NA,Y,NA,A,08,0,1,0,0,0,0,0,0,0,-,-,32.74433,-116.98851,SAN DIEGO,UNINCORPORATED,-116.98843,32.744289620000004
90555436,2017,2017-09-25,9680,2017-09-19,1800,018356,NA,2,2,5,3705,0,1,1,NA,2,082,I-8 E/B,MOLLISON AVE,200,E,N,A,-,Y,NA,NA,8,NA,NA,NA,NA,NA,E,N,4,0,1,2,A,-,03,22350,NA,N,C,C,A,A,H,-,A,D,0,NA,NA,NA,NA,Y,NA,D,22,0,0,1,0,0,0,0,0,0,-,-,32.80297,-116.95021,SAN DIEGO,EL CAJON,-116.95021008,32.802955
90556487,2017,2017-09-27,9650,2017-09-18,1145,015081,NA,1,1,9,3700,0,1,1,NA,2,001,I-5 N/B,CRISTIANITOS RD,1056,S,N,A,-,Y,NA,NA,5,NA,NA,NA,NA,NA,N,Y,4,0,1,3,A,-,03,22350,NA,N,C,C,A,A,H,-,A,D,0,NA,NA,NA,NA,Y,NA,A,01,0,0,1,0,0,0,0,0,0,-,-,33.39354,-117.59168,SAN DIEGO,UNINCORPORATED,-117.59163052,33.39357792
90556535,2017,2017-09-27,9680,2017-09-16,1840,020249,NA,6,2,9,3700,0,2,4,NA,1,014,WINTER GARDENS BLVD,WINTERCREST DRIVE,187,N,N,A,-,N,NA,NA,NA,NA,NA,NA,NA,NA,NA,Y,2,0,1,2,A,-,06,21755,NA,M,B,C,A,A,H,-,B,D,0,NA,NA,Y,NA,Y,NA,C,02,1,0,0,0,0,0,0,0,1,-,-,32.85264,-116.93134,SAN DIEGO,UNINCORPORATED,-116.931196,32.85261199
90557022,2017,2017-09-27,9680,2017-09-20,2035,019910,NA,3,2,9,3700,0,3,5,NA,2,002,CENTRAL AVE,TROY ST,177,S,N,A,-,N,NA,NA,NA,NA,NA,NA,NA,NA,NA,N,4,0,3,2,A,-,05,21460,A,N,D,C,A,A,H,-,C,D,0,NA,NA,NA,NA,Y,NA,A,07,0,0,3,0,0,0,0,0,0,-,-,32.73603,-117.01019,SAN DIEGO,UNINCORPORATED,-117.01022473,32.73619524
90557184,2017,2017-09-27,9645,2017-09-21,1215,016061,NA,4,1,7,3711,0,1,1,NA,2,017,I-15 N/B,POWAY RD.,500,S,N,A,-,Y,NA,NA,NA,NA,NA,NA,NA,NA,NA,Y,4,0,3,3,A,-,03,22350,NA,N,C,C,A,A,H,-,A,D,0,NA,NA,NA,NA,Y,NA,A,01,0,0,3,0,0,0,0,0,0,-,-,32.94547,-117.10927,SAN DIEGO,SAN DIEGO,-117.10668834,32.94681207
90558050,2017,2017-09-28,9680,2017-09-21,1422,017621,NA,4,2,9,3700,0,1,3,NA,1,090,SR-67 (MAIN ST.),13TH ST,52,S,N,B,-,Y,NA,NA,67,NA,NA,NA,NA,NA,NA,Y,2,0,2,2,A,-,09,21801,A,N,D,C,A,A,H,-,A,D,0,NA,NA,NA,NA,Y,NA,A,01,1,1,0,0,0,0,0,0,0,-,-,33.03936,-116.87357,SAN DIEGO,UNINCORPORATED,-116.87352838,33.03928407
9055904,2020,2020-05-19,3705,2020-02-27,0903,EC0219,NA,4,5,5,3705,0,0,0,NA,0,001,EMERALD AV,W LEXINGTON AV,73,S,N,A,-,N,NA,NA,NA,NA,NA,NA,NA,NA,NA,Y,4,0,1,3,A,-,07,21658,A,N,C,E,A,A,H,-,A,A,0,NA,NA,NA,NA,Y,NA,A,07,0,0,1,0,0,0,0,0,0,-,-,NA,NA,SAN DIEGO,EL CAJON,-116.96878051757813,32.792171478271484
90560952,2017,2017-10-02,9645,2017-08-04,1810,021600,NA,5,2,7,3711,0,1,1,NA,2,027,I-15 S/B,ADAMS AVE.,200,N,N,A,-,Y,NA,NA,15,NA,NA,NA,NA,NA,S,Y,3,0,1,2,A,-,08,22107,NA,F,B,C,A,A,H,-,A,D,0,NA,NA,NA,NA,Y,NA,-,31,0,1,0,0,0,0,0,0,0,-,-,32.76382,-117.10944,SAN DIEGO,SAN DIEGO,-117.10958077,32.76381158
90564615,2017,2017-10-06,9680,2017-09-29,0720,018801,NA,5,1,9,3700,0,3,5,NA,2,002,QUARRY RD,ALPHA AVE,165,W,N,A,-,N,NA,NA,NA,NA,NA,NA,NA,NA,NA,N,4,0,1,2,A,-,03,22350,NA,N,C,C,A,A,H,-,A,D,0,NA,NA,NA,NA,Y,NA,A,01,0,0,1,0,0,0,0,0,0,-,-,32.70112,-117.00698,SAN DIEGO,UNINCORPORATED,-117.00698,32.70112
90564997,2017,2017-10-06,9650,2017-09-24,2200,021747,NA,7,3,9,3700,0,1,1,NA,2,021,I-15 NORTHBOUND FROM SR-76 EASTBOUND,SR-76 E/B,180,S,N,A,-,Y,NA,NA,15,NA,NA,NA,R,NA,N,Y,4,0,1,2,A,-,01,23152,A,N,B,C,A,A,H,-,D,D,0,NA,NA,NA,NA,Y,Y,A,07,0,0,1,0,0,0,0,0,0,-,-,33.33065,-117.15888,SAN DIEGO,UNINCORPORATED,-117.15888,33.33065
90565089,2017,2017-10-06,9650,2017-09-29,1830,019191,NA,5,2,9,3700,0,1,1,NA,2,022,I-15 N/B,MISSION ROAD,3960,N,N,A,-,Y,NA,NA,15,NA,NA,NA,NA,NA,N,Y,4,0,1,2,A,-,07,21658,A,N,B,C,A,A,H,-,B,D,0,NA,NA,NA,NA,Y,NA,A,07,0,0,1,0,0,0,0,0,0,-,-,33.39893,-117.17081,SAN DIEGO,UNINCORPORATED,-117.17073066,33.39888037
90565287,2017,2017-10-09,9650,2017-10-02,0830,019126,NA,1,1,9,3700,0,2,4,NA,2,063,RECHE RD,GIRD RD,898,W,N,A,-,N,NA,NA,NA,NA,NA,NA,NA,NA,NA,Y,3,0,2,3,A,-,03,22350,NA,N,C,C,A,A,H,-,A,D,0,NA,NA,NA,NA,Y,NA,D,22,0,2,0,0,0,0,0,0,0,-,-,33.36301,-117.20673,SAN DIEGO,UNINCORPORATED,-117.20635878,33.36257714
90566669,2017,2017-10-10,9645,2017-08-19,1940,021651,NA,6,2,7,3711,0,1,3,NA,2,006,I-805 N/B FROM SR-94 W/B,FEDERAL BLVD U/C,1000,N,N,A,-,Y,NA,NA,NA,NA,NA,NA,NA,NA,NA,Y,4,0,1,2,A,-,07,21658,A,F,E,I,A,A,H,-,D,D,0,NA,NA,NA,NA,Y,NA,A,08,0,0,1,0,0,0,0,0,0,-,-,32.81879,-117.22375,SAN DIEGO,SAN DIEGO,-117.10246834,32.7232251
90566757,2017,2017-10-10,9680,2017-10-01,1850,020500,NA,7,2,9,3700,0,1,3,NA,1,051,SR-79 S/B,WOODRIDGE LN,150,S,N,A,-,Y,NA,NA,79,NA,NA,NA,NA,NA,S,N,3,0,1,1,A,-,03,22350,NA,N,F,A,A,A,H,-,D,A,0,NA,NA,Y,NA,Y,NA,C,02,0,1,0,0,0,0,0,0,1,-,-,33.385,-116.788,SAN DIEGO,UNINCORPORATED,-116.78798736,33.38490931
90568413,2017,2017-10-11,9680,2017-09-30,2020,020116,NA,6,2,9,3700,0,3,5,NA,2,002,LEMON AVE,BANCROFT DR,528,E,N,A,-,N,NA,NA,NA,NA,NA,NA,NA,NA,NA,Y,3,0,1,1,A,-,03,22350,NA,N,E,I,A,A,H,-,C,D,0,NA,NA,NA,NA,Y,NA,A,01,0,1,0,0,0,0,0,0,0,-,-,32.76823,-116.99503,SAN DIEGO,UNINCORPORATED,-116.99929894,32.76823648
90568539,2017,2017-10-11,9680,2017-10-04,1449,018427,NA,3,2,5,3708,0,1,1,NA,2,081,I-8 W/B,SEVERIN DR,1090,E,N,A,-,Y,NA,NA,8,NA,NA,NA,NA,NA,W,N,4,0,1,2,A,-,03,22350,NA,N,C,C,A,A,H,-,A,D,0,NA,NA,NA,NA,Y,NA,A,01,0,0,1,0,0,0,0,0,0,-,-,32.77932,-116.99352,SAN DIEGO,LA MESA,-116.99352044,32.77931178
90568645,2017,2017-10-12,9650,2017-09-21,2147,016103,NA,4,2,9,3700,0,3,5,NA,2,231,BEAR VALLEY PKY,SUNSET DR,1056,N,N,A,-,N,NA,NA,NA,NA,NA,NA,NA,NA,NA,Y,2,0,1,2,A,-,01,23152,A,N,E,I,A,A,H,-,C,D,0,NA,NA,NA,NA,Y,Y,A,01,1,0,0,0,0,0,0,0,0,-,-,33.09583,-117.0591,SAN DIEGO,UNINCORPORATED,-117.05929909,33.09662266
90570473,2017,2017-10-16,9645,2017-09-26,2310,021731,NA,2,3,6,3702,0,1,1,NA,2,009,I-805 N/B,TELEGRAPH CANYON RD U/C,1500,N,N,A,-,Y,NA,NA,805,NA,NA,NA,NA,NA,N,Y,4,0,1,2,A,-,01,23152,A,N,C,C,A,A,H,-,C,D,0,NA,NA,NA,NA,Y,Y,D,22,0,0,1,0,0,0,0,0,0,-,-,32.63323,-117.0458,SAN DIEGO,CHULA VISTA,-117.04579422,32.63323348
90571962,2017,2017-10-18,9645,2017-09-26,1855,019445,NA,2,2,9,3700,0,1,3,NA,2,008,SR-54 W/B,BRIARWOOD RD O/C,2750,E,N,A,-,Y,NA,NA,54,NA,NA,NA,NA,NA,W,Y,4,0,2,2,A,-,07,21658,A,N,B,C,A,A,H,-,C,D,0,NA,NA,NA,NA,Y,NA,A,07,0,0,2,0,0,0,0,0,0,-,-,32.68652,-117.02366,SAN DIEGO,UNINCORPORATED,-117.02364872,32.68650391
90573128,2017,2017-10-18,9650,2017-10-07,1230,016485,NA,6,1,9,3700,0,1,1,NA,2,003,I-5 S/B,LAS PULGAS RD,10560,S,N,A,-,Y,NA,NA,NA,NA,NA,NA,NA,NA,NA,N,4,0,1,2,A,-,03,22350,NA,N,C,C,A,A,H,-,A,D,0,NA,NA,NA,NA,Y,NA,A,01,0,0,1,0,0,0,0,0,0,-,-,33.16298,-117.26405,SAN DIEGO,UNINCORPORATED,-117.44473812,33.27524709
90574882,2017,2017-10-20,9645,2017-10-10,0720,017498,NA,2,1,5,3709,0,1,1,NA,2,001,I-5 NORTHBOUND,MILE OF CARS WAY UNDER CROSS,3696,S,N,A,-,Y,NA,NA,5,NA,NA,NA,NA,NA,N,N,3,0,1,2,A,-,07,21658,A,N,C,C,A,A,H,-,A,D,0,NA,NA,Y,NA,Y,NA,A,01,0,1,0,0,0,0,0,0,1,-,-,32.65473,-117.10552,SAN DIEGO,NATIONAL CITY,-117.10559844,32.6546962