CASE_ID,ACCIDENT_YEAR,PROC_DATE,JURIS,COLLISION_DATE,COLLISION_TIME,OFFICER_ID,REPORTING_DISTRICT,DAY_OF_WEEK,CHP_SHIFT,POPULATION,CNTY_CITY_LOC,SPECIAL_COND,BEAT_TYPE,CHP_BEAT_TYPE,CITY_DIVISION_LAPD,CHP_BEAT_CLASS,BEAT_NUMBER,PRIMARY_RD,SECONDARY_RD,DISTANCE,DIRECTION,INTERSECTION,WEATHER_1,WEATHER_2,STATE_HWY_IND,CALTRANS_COUNTY,CALTRANS_DISTRICT,STATE_ROUTE,ROUTE_SUFFIX,POSTMILE_PREFIX,POSTMILE,LOCATION_TYPE,RAMP_INTERSECTION,SIDE_OF_HWY,TOW_AWAY,COLLISION_SEVERITY,NUMBER_KILLED,NUMBER_INJURED,PARTY_COUNT,PRIMARY_COLL_FACTOR,PCF_CODE_OF_VIOL,PCF_VIOL_CATEGORY,PCF_VIOLATION,PCF_VIOL_SUBSECTION,HIT_AND_RUN,TYPE_OF_COLLISION,MVIW,PED_ACTION,ROAD_SURFACE,ROAD_COND_1,ROAD_COND_2,LIGHTING,CONTROL_DEVICE,CHP_ROAD_TYPE,PEDESTRIAN_ACCIDENT,BICYCLE_ACCIDENT,MOTORCYCLE_ACCIDENT,TRUCK_ACCIDENT,NOT_PRIVATE_PROPERTY,ALCOHOL_INVOLVED,STWD_VEHTYPE_AT_FAULT,CHP_VEHTYPE_AT_FAULT,COUNT_SEVERE_INJ,COUNT_VISIBLE_INJ,COUNT_COMPLAINT_PAIN,COUNT_PED_KILLED,COUNT_PED_INJURED,COUNT_BICYCLIST_KILLED,COUNT_BICYCLIST_INJURED,COUNT_MC_KILLED,COUNT_MC_INJURED,PRIMARY_RAMP,SECONDARY_RAMP,LATITUDE,LONGITUDE,COUNTY,CITY,POINT_X,POINT_Y
90708217,2018,2018-04-18,9645,2018-04-11,0912,016766,NA,3,1,7,3711,0,1,3,NA,2,012,SR-52 W/B,I-5,1320,E,N,A,-,Y,NA,NA,52,NA,NA,NA,NA,NA,W,Y,4,0,1,3,A,-,03,22350,NA,N,C,C,A,A,H,-,A,D,0,NA,NA,NA,NA,Y,NA,A,01,0,0,1,0,0,0,0,0,0,-,-,32.839111328125,-117.22770690917967,SAN DIEGO,SAN DIEGO,-117.22774505615234,32.839290618896484
90708222,2018,2018-04-18,9680,2018-04-09,0745,015061,NA,1,1,5,3705,0,1,1,NA,2,082,I-8 W/B,MAGNOLIA AVE,528,W,N,B,-,Y,NA,NA,8,NA,NA,NA,NA,NA,W,Y,3,0,2,2,A,-,08,22107,NA,N,D,C,A,A,H,-,A,D,0,NA,NA,NA,NA,Y,NA,A,01,0,2,0,0,0,0,0,0,0,-,-,32.803131103515625,-116.9660415649414,SAN DIEGO,EL CAJON,-116.9660415649414,32.803138732910156
90709897,2018,2018-04-20,9645,2018-04-14,1915,017953,NA,6,2,7,3711,0,1,3,NA,2,022,SR-56 E/B,CARMEL VALLEY ROAD O/C,1848,E,N,A,-,Y,NA,NA,56,NA,NA,NA,NA,NA,E,Y,4,0,1,1,A,-,01,23152,A,N,E,I,A,A,H,-,B,D,0,NA,NA,NA,NA,Y,Y,A,01,0,0,1,0,0,0,0,0,0,-,-,32.9539794921875,-117.188720703125,SAN DIEGO,SAN DIEGO,-117.18880462646484,32.95412826538086
90710276,2018,2018-04-23,9650,2018-04-20,0907,020673,NA,5,1,9,3700,0,1,1,NA,2,022,I-15 SOUTHBOUND,PALA MESA DR.,3350,N,N,A,-,Y,NA,NA,NA,NA,NA,NA,NA,NA,NA,Y,3,0,1,3,A,-,08,22107,NA,N,C,C,A,A,H,-,A,D,0,NA,NA,NA,NA,Y,NA,A,07,0,1,0,0,0,0,0,0,0,-,-,33.210208892822266,-117.09329223632813,SAN DIEGO,UNINCORPORATED,-117.1591339111328,33.35044860839844
90712571,2018,2018-04-25,9645,2018-03-26,1530,018950,NA,1,2,6,3702,0,1,1,NA,2,009,I-805 S/B TO PALM AVENUE,PALM AVENUE O/C,1278,N,N,A,-,Y,NA,NA,805,NA,NA,NA,R,NA,S,Y,3,0,1,1,A,-,03,22350,NA,N,F,A,A,A,H,-,A,D,0,NA,NA,Y,NA,Y,NA,C,02,0,1,0,0,0,0,0,0,1,-,-,32.58694076538086,-117.03701782226563,SAN DIEGO,CHULA VISTA,-117.03701782226563,32.58694076538086
90713433,2018,2018-04-26,9645,2018-03-25,0326,021617,NA,7,3,7,3711,0,1,1,NA,2,010,I-8 E/B,COLLEGE AVE O/C,720,W,N,A,-,Y,NA,NA,8,NA,NA,NA,NA,NA,E,Y,3,0,3,2,A,-,01,23152,A,N,A,C,A,A,H,-,C,D,0,NA,NA,NA,NA,Y,Y,A,01,0,1,2,0,0,0,0,0,0,-,-,32.77909851074219,-117.06680297851563,SAN DIEGO,SAN DIEGO,-117.06681060791016,32.779319763183594
9071376,2020,2020-10-20,3700,2020-02-15,1239,SH5126,NA,6,5,4,3720,0,0,0,NA,0,602,LEMON GROVE AV,RT 94,230,N,N,A,-,Y,SD,11,94,-,-,8.82,R,4,E,N,3,0,1,2,A,-,05,21651,A,N,D,C,A,A,H,-,A,A,0,NA,NA,Y,NA,Y,NA,A,07,0,1,0,0,0,0,0,0,1,-,EF,NA,NA,SAN DIEGO,LEMON GROVE,-117.03375244140624,32.74544143676758
90715593,2018,2018-04-27,9680,2018-04-24,1410,020780,NA,2,2,5,3708,0,1,3,NA,2,028,SR-125 S/B,SPRING ST,2640,N,N,A,-,Y,NA,NA,125,NA,NA,NA,NA,NA,S,N,4,0,1,2,A,-,03,22350,NA,N,C,C,A,A,H,-,A,D,0,NA,NA,NA,NA,Y,NA,I,09,0,0,1,0,0,0,0,0,0,-,-,32.75931930541992,-117.00476837158205,SAN DIEGO,LA MESA,-117.00474548339844,32.75928497314453
90715644,2018,2018-04-27,9680,2018-04-19,1840,021828,NA,4,2,9,3700,0,2,4,NA,1,026,(SR-54) JAMACHA RD,HILLSDALE RD,0,NA,Y,A,-,N,NA,NA,54,NA,NA,NA,NA,NA,NA,Y,4,0,1,2,A,-,12,21453,A,N,D,C,A,A,H,-,A,A,0,NA,NA,NA,NA,Y,NA,A,01,0,0,1,0,0,0,0,0,0,-,-,32.76892852783203,-116.92783355712892,SAN DIEGO,UNINCORPORATED,-116.92789459228516,32.7689323425293
90715768,2018,2018-04-30,9650,2018-04-15,1600,021463,NA,7,2,5,3713,0,1,3,NA,2,017,SR-78 E/B,MELROSE DR,1850,W,N,A,-,Y,NA,NA,78,NA,NA,NA,NA,NA,E,N,4,0,1,2,A,-,03,22350,NA,F,C,C,A,A,H,-,A,D,0,NA,NA,NA,NA,Y,NA,A,01,0,0,1,0,0,0,0,0,0,-,-,33.19417953491211,-117.2605209350586,SAN DIEGO,VISTA,-117.2605209350586,33.19413757324219
90716364,2018,2018-04-30,9645,2018-04-06,2350,021359,NA,5,3,9,3700,0,3,5,NA,2,018,PROCTOR VALLEY ROAD E/B,AGUA VISTA DRIVE,1584,E,N,A,-,N,NA,NA,NA,NA,NA,NA,NA,NA,NA,Y,2,0,1,1,A,-,03,22350,NA,M,E,I,A,A,H,-,D,D,0,NA,NA,NA,NA,Y,NA,A,01,1,0,0,0,0,0,0,0,0,-,-,32.65855026245117,-116.93714904785156,SAN DIEGO,UNINCORPORATED,-116.93730926513672,32.65871810913086
9071964,2020,2020-05-20,3711,2020-02-19,2257,SD7700,NA,3,5,7,3711,0,0,0,NA,0,521,PARK BL,PARK BL 1100,0,NA,N,-,-,N,NA,NA,NA,NA,NA,NA,NA,NA,NA,N,4,0,1,1,A,-,17,21228,A,N,-,-,A,A,H,-,C,-,0,NA,NA,NA,NA,Y,NA,-,NA,0,0,1,0,0,0,0,0,0,-,-,NA,NA,SAN DIEGO,SAN DIEGO,NA,NA
90719919,2018,2018-05-04,9645,2018-04-28,1445,021873,NA,6,2,9,3700,0,3,5,NA,2,018,BONITA RD.,WILLOW ST,100,E,N,A,-,N,NA,NA,NA,NA,NA,NA,NA,NA,NA,Y,4,0,1,2,A,-,03,22350,NA,N,C,C,A,A,H,-,A,D,0,NA,NA,NA,NA,Y,NA,A,01,0,0,1,0,0,0,0,0,0,-,-,32.653419494628906,-117.04769134521484,SAN DIEGO,UNINCORPORATED,-117.04055786132813,32.65818786621094
90722800,2018,2018-05-09,9645,2018-05-08,0930,014804,NA,2,1,7,3711,0,1,3,NA,2,023,SR-163 (S/B),WASHINGTON STREET O/C,1056,N,N,B,-,Y,NA,NA,163,NA,NA,NA,NA,NA,NA,N,4,0,1,2,A,-,04,21703,NA,N,C,C,A,A,H,-,A,D,0,NA,NA,NA,NA,Y,NA,D,22,0,0,1,0,0,0,0,0,0,-,-,32.753971099853516,-117.15850067138672,SAN DIEGO,SAN DIEGO,-117.15843963623048,32.753997802734375
90723644,2018,2018-05-10,9645,2018-05-01,1450,020165,NA,2,2,7,3711,0,1,1,NA,2,005,I-5 S/B,CLAIREMONT DRIVE,150,N,N,A,-,Y,NA,NA,5,NA,NA,NA,NA,NA,S,Y,3,0,1,4,A,-,07,21658,A,N,B,C,A,A,H,-,A,D,0,NA,NA,NA,NA,Y,NA,A,01,0,1,0,0,0,0,0,0,0,-,-,32.7930793762207,-117.20791625976563,SAN DIEGO,SAN DIEGO,-117.20783233642578,32.79310989379883
90725019,2018,2018-05-14,9645,2018-05-03,1745,016864,NA,4,2,7,3711,0,1,1,NA,2,015,I-805 S/B,CLAIREMONT MESA BLVD,1056,S,N,A,-,Y,NA,NA,805,NA,NA,NA,NA,NA,S,Y,4,0,1,2,A,-,07,21658,A,N,B,C,A,A,H,-,A,D,0,NA,NA,Y,NA,Y,NA,A,01,0,0,1,0,0,0,0,0,1,-,-,32.83074951171875,-117.1679229736328,SAN DIEGO,SAN DIEGO,-117.1680145263672,32.8306884765625
90725271,2018,2018-05-14,9645,2018-05-03,1555,020165,NA,4,2,7,3711,0,1,3,NA,2,023,SR-163 S/B,ROBINSON AVENUE,350,S,N,A,-,Y,NA,NA,163,NA,NA,NA,NA,NA,S,Y,4,0,2,3,A,-,03,22350,NA,F,C,C,A,A,H,-,A,D,0,NA,NA,NA,NA,Y,NA,-,99,0,0,2,0,0,0,0,0,0,-,-,32.74409866333008,-117.15647888183594,SAN DIEGO,SAN DIEGO,-117.15639495849608,32.74409866333008
90728274,2018,2018-05-17,9645,2018-05-07,1440,018950,NA,1,2,7,3711,0,1,1,NA,2,015,I-805 S/B,GOVERNOR DRIVE,1056,N,N,A,-,Y,NA,NA,805,NA,NA,NA,NA,NA,S,N,4,0,1,2,A,-,03,22350,NA,N,C,C,A,A,H,-,A,D,0,NA,NA,NA,NA,Y,NA,A,07,0,0,1,0,0,0,0,0,0,-,-,32.8631591796875,-117.18865203857422,SAN DIEGO,SAN DIEGO,-117.18872833251952,32.86308670043945
90728711,2018,2018-05-17,9650,2018-05-10,1644,015868,NA,4,2,9,3700,0,3,5,NA,1,212,OLD HIGHWAY 395,CAMINO DEL REY,1795,N,N,A,-,N,NA,NA,NA,NA,NA,NA,NA,NA,NA,Y,2,0,1,2,A,-,09,21804,A,N,D,C,A,A,H,-,A,D,0,NA,NA,Y,NA,Y,NA,A,01,1,0,0,0,0,0,0,0,1,-,-,33.27117919921875,-117.15489196777344,SAN DIEGO,UNINCORPORATED,-117.15493774414063,33.271156311035156
9073030,2020,2020-05-18,3700,2020-01-24,1021,SH0141,NA,5,5,5,3712,0,0,0,NA,0,355,DESCANSO AV,SOUTH RANCHO SANTA FE RD,0,NA,Y,A,-,N,NA,NA,NA,NA,NA,NA,NA,NA,NA,Y,4,0,3,3,A,-,12,21453,A,N,D,C,A,A,H,-,A,A,0,NA,NA,NA,NA,Y,NA,A,01,0,0,3,0,0,0,0,0,0,-,-,NA,NA,SAN DIEGO,SAN MARCOS,-117.19893646240234,33.14902114868164
90731535,2018,2018-05-22,9680,2018-05-15,1945,020780,NA,2,2,9,3700,0,1,3,NA,1,024,SR-94 W/B,HONEY SPRINGS RD,0,NA,Y,A,-,Y,NA,NA,94,NA,NA,NA,NA,NA,W,Y,3,0,1,2,A,-,09,21802,A,N,D,C,A,A,H,-,D,A,0,NA,NA,NA,Y,Y,NA,F,26,0,1,0,0,0,0,0,0,0,-,-,32.66981887817383,-116.82527160644533,SAN DIEGO,UNINCORPORATED,-116.82525634765624,32.669830322265625
9073158,2020,2020-05-19,3711,2020-02-28,1540,SD7831,NA,5,5,7,3711,0,0,0,NA,0,526,3RD AV,3RD AV 1420,0,NA,Y,A,-,N,NA,NA,NA,NA,NA,NA,NA,NA,NA,N,3,0,1,2,D,-,00,NA,NA,M,B,G,A,A,H,-,A,-,0,NA,Y,NA,NA,Y,NA,-,-,0,1,0,0,0,0,1,0,0,-,-,NA,NA,SAN DIEGO,SAN DIEGO,-117.162068,32.720136
9073207,2020,2020-06-23,3711,2020-03-01,2200,SD8816,NA,7,5,7,3711,0,0,0,NA,0,122,GRAND AV,BAYARD ST,0,NA,Y,A,-,N,NA,NA,NA,NA,NA,NA,NA,NA,NA,Y,3,0,5,3,A,-,09,21801,A,N,A,C,A,-,-,-,C,A,0,NA,NA,NA,NA,Y,NA,A,01,0,2,3,0,0,0,0,0,0,-,-,NA,NA,SAN DIEGO,SAN DIEGO,-117.25308227539063,32.79513168334961
90732290,2018,2018-05-23,9680,2018-05-19,1137,015962,NA,6,1,9,3700,0,2,4,NA,1,031,SUNRISE HWY,OLDE HIGHWAY 80,2112,N,N,A,-,N,NA,NA,NA,NA,NA,NA,NA,NA,NA,N,4,0,1,1,A,-,08,22107,NA,N,F,A,A,A,H,-,A,D,0,NA,NA,Y,NA,Y,NA,C,02,0,0,1,0,0,0,0,0,1,-,-,32.8200798034668,-116.50888824462892,SAN DIEGO,UNINCORPORATED,-116.5100326538086,32.818172454833984
90733465,2018,2018-05-24,9680,2018-05-16,1237,014420,NA,3,1,9,3700,0,1,1,NA,2,082,I-8 W/B,LOS COCHES RD,837,E,N,A,-,Y,NA,NA,8,NA,NA,NA,NA,NA,W,Y,3,0,2,2,A,-,21,22106,NA,M,D,C,A,A,H,-,A,D,0,NA,NA,Y,NA,Y,NA,C,02,0,2,0,0,0,0,0,0,1,-,-,32.82822036743164,-116.90120697021484,SAN DIEGO,UNINCORPORATED,-116.90129089355467,32.828330993652344
9073599,2020,2020-08-10,3711,2020-05-02,1238,SD4892,NA,6,5,7,3711,0,0,0,NA,0,613,WORDEN ST,VOLTAIRE,0,NA,Y,A,-,N,NA,NA,NA,NA,NA,NA,NA,NA,NA,N,3,0,1,2,A,-,10,21950,A,N,D,G,A,A,H,-,A,D,0,NA,Y,NA,NA,Y,NA,A,01,0,1,0,0,0,0,1,0,0,-,-,NA,NA,SAN DIEGO,SAN DIEGO,-117.23030853271484,32.74094009399414
90736595,2018,2018-05-29,9645,2018-05-08,1755,018250,NA,2,2,7,3711,0,1,3,NA,2,014,SR-52 E/B,SR-163 N/B,50,E,N,A,-,Y,NA,NA,NA,NA,NA,NA,NA,NA,NA,Y,3,0,1,4,A,-,07,21658,A,N,B,C,A,A,H,-,A,D,0,NA,NA,Y,NA,Y,NA,A,01,0,1,0,0,0,0,0,0,1,-,-,38.840938568115234,-117.1332778930664,SAN DIEGO,SAN DIEGO,NA,NA
90738167,2018,2018-05-31,9645,2018-05-21,1525,017499,NA,1,2,7,3711,0,1,1,NA,2,001,I-5 NORTHBOUND,VESTA ST.,1056,N,N,B,-,Y,NA,NA,5,NA,NA,NA,NA,NA,N,Y,3,0,1,2,A,-,03,22350,NA,N,C,C,A,A,H,-,A,D,0,NA,NA,NA,NA,Y,NA,A,01,0,1,0,0,0,0,0,0,0,-,-,32.68925094604492,-117.11607360839844,SAN DIEGO,SAN DIEGO,-117.11615753173828,32.68912124633789
90739089,2018,2018-06-01,9680,2018-04-28,1126,014676,NA,6,1,5,3705,0,1,1,NA,2,082,I-8 E/B TO 2ND ST.,2ND ST.,100,W,N,A,-,Y,NA,NA,8,NA,NA,NA,R,NA,E,Y,4,0,1,2,C,-,18,NA,NA,N,D,C,A,A,H,-,A,A,0,NA,NA,NA,NA,Y,NA,-,-,0,0,1,0,0,0,0,0,0,-,-,32.80270004272461,-116.93614196777344,SAN DIEGO,EL CAJON,-116.93614196777344,32.80270004272461
90742215,2018,2018-06-06,9680,2018-05-28,1230,021501,NA,1,1,9,3700,0,1,3,NA,1,051,SR-79,OAK HEIGHTS RD,197,N,N,A,-,Y,NA,NA,79,NA,NA,NA,NA,NA,NA,Y,3,0,1,2,A,-,17,21711,NA,N,E,I,A,A,H,-,A,D,0,NA,NA,NA,NA,Y,NA,E,22,0,1,0,0,0,0,0,0,0,-,-,33.06924819946289,-116.58943176269533,SAN DIEGO,UNINCORPORATED,-116.58943939208984,33.06924057006836
9074241,2020,2020-07-24,3711,2020-03-21,1144,SD7371,NA,6,5,7,3711,0,0,0,NA,0,841,BONILLA DR,UNIVERSITY AV,0,NA,Y,A,-,N,NA,NA,NA,NA,NA,NA,NA,NA,NA,N,3,0,1,3,A,-,-,NA,NA,N,A,E,A,A,H,-,A,D,0,NA,NA,NA,NA,Y,NA,A,01,0,1,0,0,0,0,0,0,0,-,-,NA,NA,SAN DIEGO,SAN DIEGO,-117.05995178222656,32.75421142578125
9074425,2020,2020-11-10,3706,2020-05-02,1419,480,ESCON,6,5,6,3706,0,0,0,NA,0,046,VALLEY PKWY,CITRUS AV,0,NA,Y,A,-,N,NA,NA,NA,NA,NA,NA,NA,NA,NA,Y,4,0,4,3,A,-,03,22350,NA,N,C,C,A,A,H,-,A,A,0,NA,NA,NA,NA,Y,NA,A,01,0,0,4,0,0,0,0,0,0,-,-,33.1409797668457,-117.04424285888672,SAN DIEGO,ESCONDIDO,-117.04425048828124,33.14099884033203
9074433,2020,2020-11-10,3706,2020-05-03,1300,539,ESCON,7,5,6,3706,0,0,0,NA,0,044,ROSE ST,WASHINGTON AV,0,NA,Y,A,-,N,NA,NA,NA,NA,NA,NA,NA,NA,NA,Y,4,0,1,2,A,-,12,21453,A,N,D,C,A,A,H,-,A,A,0,NA,NA,NA,NA,Y,NA,A,01,0,0,1,0,0,0,0,0,0,-,-,33.13724136352539,-117.06095123291016,SAN DIEGO,ESCONDIDO,-117.06089782714844,33.137290954589844
90744353,2018,2018-06-26,9645,2018-06-02,1430,020165,NA,6,2,7,3711,0,1,1,NA,2,010,I-8 W/B,PRESIDIO PARK OVER-CROSSING,500,W,N,A,-,Y,NA,NA,8,NA,NA,NA,NA,NA,W,Y,3,0,3,4,A,-,07,21658,A,N,B,C,A,A,H,-,A,D,0,NA,NA,NA,NA,Y,NA,A,07,0,1,2,0,0,0,0,0,0,-,-,32.76026916503906,-117.19087982177734,SAN DIEGO,SAN DIEGO,-117.19087982177734,32.76025390625
90744750,2018,2018-06-11,9650,2018-06-07,0712,016984,NA,4,1,9,3700,0,1,1,NA,2,022,I-15 N/B,MISSION RD,2640,N,N,B,-,Y,NA,NA,NA,NA,NA,NA,NA,NA,NA,Y,4,0,1,2,A,-,07,21658,A,F,E,I,A,A,H,-,A,D,0,NA,NA,NA,NA,Y,NA,A,01,0,0,1,0,0,0,0,0,0,-,-,33.39468002319336,-117.17186737060548,SAN DIEGO,UNINCORPORATED,-117.10418701171876,33.12451171875
90745175,2018,2018-06-11,9680,2018-06-02,2150,020884,NA,6,2,9,3700,0,1,3,NA,1,024,SR-94,LUCKY SIX TRUCK TRL,531,E,N,A,-,Y,NA,NA,94,NA,NA,NA,NA,NA,NA,Y,4,0,1,1,A,-,08,22107,NA,N,E,I,A,A,H,-,D,D,0,NA,NA,NA,NA,Y,NA,A,07,0,0,1,0,0,0,0,0,0,-,-,32.624271392822266,-116.75238800048828,SAN DIEGO,UNINCORPORATED,-116.75240325927734,32.624210357666016
90746037,2018,2018-06-12,9645,2018-06-06,1412,018428,NA,3,2,7,3711,0,1,3,NA,2,006,SR-94 W/B,FEDERAL BLVD. U/C,80,E,N,A,-,Y,NA,NA,94,NA,NA,NA,NA,NA,W,Y,3,0,1,1,A,-,03,22350,NA,N,F,A,A,A,H,-,A,D,0,NA,NA,Y,NA,Y,NA,C,02,0,1,0,0,0,0,0,0,1,-,-,32.72758865356445,-117.07086181640624,SAN DIEGO,SAN DIEGO,-117.07083892822266,32.727535247802734
90746322,2018,2018-06-12,9645,2018-06-07,0749,018149,NA,4,1,7,3711,0,1,1,NA,2,010,I-8 W/B TO I-805 N/B,I-8,550,N,N,A,-,Y,NA,NA,NA,NA,NA,NA,NA,NA,NA,Y,3,0,1,2,A,-,07,21658,A,N,B,C,A,A,H,-,A,D,0,NA,NA,Y,NA,Y,NA,A,01,0,1,0,0,0,0,0,0,1,-,-,32.776058197021484,-117.13462829589844,SAN DIEGO,SAN DIEGO,NA,NA
90746444,2018,2018-06-12,9645,2018-06-08,1609,019496,NA,5,2,5,3709,0,1,3,NA,2,008,SR-54 E/B,HIGHLAND AVE.,1000,W,N,A,-,Y,NA,NA,54,NA,NA,NA,NA,NA,E,N,4,0,1,3,A,-,03,22350,NA,F,C,C,A,A,H,-,A,D,0,NA,NA,NA,NA,Y,NA,D,22,0,0,1,0,0,0,0,0,0,-,-,32.652488708496094,-117.09510803222656,SAN DIEGO,NATIONAL CITY,-117.09513854980467,32.652587890625
90746854,2018,2018-06-12,9650,2018-06-05,0645,017743,NA,2,1,9,3700,0,3,5,NA,1,212,CIRCLE R DR.,OLD HIGHWAY 395,0,NA,Y,A,-,N,NA,NA,NA,NA,NA,NA,NA,NA,NA,Y,4,0,4,2,A,-,09,21802,A,N,D,C,A,A,H,-,A,A,0,NA,NA,NA,NA,Y,NA,A,07,0,0,4,0,0,0,0,0,0,-,-,33.255348205566406,-117.15422821044922,SAN DIEGO,UNINCORPORATED,-117.1542510986328,33.254940032958984
9074718,2020,2020-08-20,3711,2020-03-02,1050,SD7992,NA,1,5,7,3711,0,0,0,NA,0,528,KETTNER BL,WEST GRAPE ST,0,NA,Y,A,-,N,NA,NA,NA,NA,NA,NA,NA,NA,NA,N,3,0,1,2,A,-,08,38314,NA,N,G,B,B,A,H,-,A,A,0,Y,NA,NA,NA,Y,NA,-,NA,0,1,0,0,1,0,0,0,0,-,-,NA,NA,SAN DIEGO,SAN DIEGO,-117.16985321044922,32.72513961791992
90748627,2018,2018-06-14,9650,2018-06-13,1050,013570,NA,3,1,6,3710,0,1,3,NA,2,015,SR-78 W/B,I-5,1500,E,N,A,-,Y,NA,NA,78,NA,NA,NA,NA,NA,W,Y,4,0,1,1,A,-,08,22107,NA,N,E,I,A,A,H,-,A,D,0,NA,NA,NA,NA,Y,NA,A,01,0,0,1,0,0,0,0,0,0,-,-,33.179588317871094,-117.3476333618164,SAN DIEGO,OCEANSIDE,-117.34754943847656,33.179447174072266
90748837,2018,2018-06-15,9645,2018-06-13,1700,017104,NA,3,2,7,3711,0,1,1,NA,2,019,I-15 N/B (ESCONDIDO FREEWAY),W. BERNARDO DRIVE,25,N,N,A,-,Y,NA,NA,15,NA,NA,NA,NA,NA,N,Y,4,0,2,2,A,-,03,22350,NA,N,C,C,A,A,H,-,A,D,0,NA,NA,NA,NA,Y,NA,A,01,0,0,2,0,0,0,0,0,0,-,-,33.05580139160156,-117.07129669189452,SAN DIEGO,SAN DIEGO,-117.0713119506836,33.055809020996094
90750164,2018,2018-06-18,9650,2018-06-09,1955,021463,NA,6,2,9,3700,0,3,5,NA,2,070,SAN DIEGUITO RD,CIRCA DEL SUR,0,NA,Y,A,-,N,NA,NA,NA,NA,NA,NA,NA,NA,NA,Y,4,0,2,2,A,-,03,22350,NA,N,C,C,A,A,H,-,C,D,0,NA,NA,NA,NA,Y,NA,A,01,0,0,2,0,0,0,0,0,0,-,-,33.000099182128906,-117.17902374267578,SAN DIEGO,UNINCORPORATED,-117.18728637695313,32.99668884277344
9075127,2020,2020-06-23,3711,2020-03-03,1525,SD8861,NA,2,5,7,3711,0,0,0,NA,0,526,1ST AV,W CEDAR ST,206,N,N,A,-,N,NA,NA,NA,NA,NA,NA,NA,NA,NA,Y,4,0,2,3,A,-,08,22107,NA,N,B,C,A,A,H,-,A,D,0,NA,NA,NA,NA,Y,NA,A,01,0,0,2,0,0,0,0,0,0,-,-,NA,NA,SAN DIEGO,SAN DIEGO,-117.16388702392578,32.722572326660156
9075210,2020,2020-06-19,3711,2020-03-07,0950,SD7419,NA,6,5,7,3711,0,0,0,NA,0,234,BERNARDO HEIGHTS PKWY,PASEO LUCIDO,400,S,N,A,-,N,NA,NA,NA,NA,NA,NA,NA,NA,NA,Y,4,0,1,1,A,-,08,22107,NA,N,A,I,A,A,H,-,A,D,0,NA,NA,NA,NA,Y,NA,A,01,0,0,1,0,0,0,0,0,0,-,-,NA,NA,SAN DIEGO,SAN DIEGO,-117.0761489868164,33.01244354248047
9075229,2020,2020-06-19,3711,2020-03-01,1851,SD6461,NA,7,5,7,3711,0,0,0,NA,0,111,CLAIREMONT MESA BL,GENESEE AV,0,NA,Y,-,-,N,NA,NA,NA,NA,NA,NA,NA,NA,NA,N,4,0,2,2,A,-,03,22350,NA,N,C,C,A,B,H,-,C,A,0,NA,NA,NA,NA,Y,NA,A,01,0,0,2,0,0,0,0,0,0,-,-,NA,NA,SAN DIEGO,SAN DIEGO,-117.19490051269533,32.83449172973633
90752683,2018,2018-06-21,9645,2018-06-14,1900,016137,NA,4,2,9,3700,0,3,5,NA,2,024,RANCHO BERNARDO RD,TOWN SQUARE PARKWAY,0,NA,Y,A,-,N,NA,NA,NA,NA,NA,NA,NA,NA,NA,Y,3,0,1,2,A,-,12,21453,A,N,D,C,A,A,H,-,A,A,0,NA,NA,NA,NA,Y,NA,A,01,0,1,0,0,0,0,0,0,0,-,-,33.02090072631836,-117.11150360107422,SAN DIEGO,UNINCORPORATED,-117.11167144775392,33.020790100097656
9075274,2020,2020-07-06,3711,2020-03-05,1338,SD7758,NA,4,5,7,3711,0,0,0,NA,0,712,BEYER BL,ALAQUINAS DR,440,E,N,A,-,N,NA,NA,NA,NA,NA,NA,NA,NA,NA,N,4,0,1,2,A,-,08,22107,NA,N,D,C,A,A,H,-,A,D,0,NA,NA,NA,NA,Y,NA,A,01,0,0,1,0,0,0,0,0,0,-,-,NA,NA,SAN DIEGO,SAN DIEGO,-117.04311370849608,32.55828857421875
90752963,2018,2018-06-21,9680,2018-06-13,1002,015061,NA,3,1,5,3705,0,1,1,NA,2,082,I-8 W/B,MOLLISON AVE.,750,E,N,A,-,Y,NA,NA,8,NA,NA,NA,NA,NA,W,Y,4,0,1,2,A,-,03,22350,NA,N,C,C,A,A,H,-,A,D,0,NA,NA,NA,NA,Y,NA,A,01,0,0,1,0,0,0,0,0,0,-,-,32.803218841552734,-116.94834899902344,SAN DIEGO,EL CAJON,-116.94834899902344,32.80315399169922
90753765,2018,2018-06-22,9645,2018-06-15,1530,020479,NA,5,2,7,3711,0,1,1,NA,2,027,I-15 S/B,FRIARS RD,700,N,N,A,-,Y,NA,NA,15,NA,NA,NA,NA,NA,S,Y,3,0,1,2,A,-,03,22350,NA,N,C,C,A,A,H,-,A,D,0,NA,NA,NA,NA,Y,NA,A,07,0,1,0,0,0,0,0,0,0,-,-,32.789939880371094,-117.11335754394533,SAN DIEGO,SAN DIEGO,-117.1135025024414,32.78999710083008