CASE_ID,ACCIDENT_YEAR,PROC_DATE,JURIS,COLLISION_DATE,COLLISION_TIME,OFFICER_ID,REPORTING_DISTRICT,DAY_OF_WEEK,CHP_SHIFT,POPULATION,CNTY_CITY_LOC,SPECIAL_COND,BEAT_TYPE,CHP_BEAT_TYPE,CITY_DIVISION_LAPD,CHP_BEAT_CLASS,BEAT_NUMBER,PRIMARY_RD,SECONDARY_RD,DISTANCE,DIRECTION,INTERSECTION,WEATHER_1,WEATHER_2,STATE_HWY_IND,CALTRANS_COUNTY,CALTRANS_DISTRICT,STATE_ROUTE,ROUTE_SUFFIX,POSTMILE_PREFIX,POSTMILE,LOCATION_TYPE,RAMP_INTERSECTION,SIDE_OF_HWY,TOW_AWAY,COLLISION_SEVERITY,NUMBER_KILLED,NUMBER_INJURED,PARTY_COUNT,PRIMARY_COLL_FACTOR,PCF_CODE_OF_VIOL,PCF_VIOL_CATEGORY,PCF_VIOLATION,PCF_VIOL_SUBSECTION,HIT_AND_RUN,TYPE_OF_COLLISION,MVIW,PED_ACTION,ROAD_SURFACE,ROAD_COND_1,ROAD_COND_2,LIGHTING,CONTROL_DEVICE,CHP_ROAD_TYPE,PEDESTRIAN_ACCIDENT,BICYCLE_ACCIDENT,MOTORCYCLE_ACCIDENT,TRUCK_ACCIDENT,NOT_PRIVATE_PROPERTY,ALCOHOL_INVOLVED,STWD_VEHTYPE_AT_FAULT,CHP_VEHTYPE_AT_FAULT,COUNT_SEVERE_INJ,COUNT_VISIBLE_INJ,COUNT_COMPLAINT_PAIN,COUNT_PED_KILLED,COUNT_PED_INJURED,COUNT_BICYCLIST_KILLED,COUNT_BICYCLIST_INJURED,COUNT_MC_KILLED,COUNT_MC_INJURED,PRIMARY_RAMP,SECONDARY_RAMP,LATITUDE,LONGITUDE,COUNTY,CITY,POINT_X,POINT_Y
9219612,2020,2021-02-23,3700,2020-12-23,1958,SH0055,NA,3,5,4,3720,0,0,0,NA,0,602,MASSACHUSETTS AV,WESTVIEW PL,0,NA,Y,A,-,N,NA,NA,NA,NA,NA,NA,NA,NA,NA,Y,2,0,1,2,A,-,01,23152,F,N,D,C,A,A,H,-,C,D,0,NA,NA,NA,NA,Y,NA,A,01,1,0,0,0,0,0,0,0,0,-,-,NA,NA,SAN DIEGO,LEMON GROVE,-117.04286193847656,32.74103927612305
92196220,2023,2023-10-11,9650,2023-10-01,1354,020673,NA,7,1,9,3700,0,3,5,NA,1,212,SOUTH GRADE RD.,E. GRADE RD.,26400,S,N,A,-,N,NA,NA,NA,NA,NA,NA,NA,NA,NA,Y,2,0,1,1,A,-,03,22350,NA,N,E,I,A,A,H,-,A,A,0,NA,NA,Y,NA,Y,NA,C,02,1,0,0,0,0,0,0,0,1,-,-,33.30503845214844,-116.8786392211914,SAN DIEGO,UNINCORPORATED,-116.8888702392578,33.298851013183594
92196699,2023,2023-10-11,9645,2023-10-03,830,018344,NA,2,1,7,3711,0,1,1,NA,2,013,I-805 N/B,KEARNY VILLA RD O/C,100,N,N,A,-,Y,SD,NA,805,NA,NA,20.238,H,NA,R,N,3,0,1,2,A,-,07,21658,A,N,B,C,A,A,H,-,A,A,0,NA,NA,Y,NA,Y,NA,A,01,0,1,0,0,0,0,0,0,1,-,-,32.80413818359375,-117.15074920654295,SAN DIEGO,SAN DIEGO,-117.15079498291016,32.80413055419922
92197231,2023,2023-10-12,9650,2023-10-03,1916,020673,NA,2,2,5,3701,0,1,1,NA,2,005,I-5 NORTHBOUND TO TAMARACK AVE.,TAMARACK AVE.,125,S,N,A,-,Y,NA,NA,NA,NA,NA,NA,NA,NA,NA,Y,2,0,3,2,A,-,01,23152,A,N,C,C,A,A,H,-,C,A,0,NA,NA,NA,NA,Y,Y,A,01,1,1,1,0,0,0,0,0,0,-,-,33.15205001831055,-117.33566284179688,SAN DIEGO,CARLSBAD,-117.33566284179688,33.15205001831055
92197535,2023,2023-10-12,9645,2023-10-06,1455,018951,NA,5,2,7,3711,0,1,3,NA,2,023,STATE ROUTE 163 NB,WASHINGTON STREET,200,N,N,A,-,Y,SD,NA,163,NA,NA,3.003,H,NA,R,N,3,0,1,1,A,-,03,22350,NA,N,E,I,A,A,H,-,A,D,0,NA,NA,Y,NA,Y,NA,C,02,0,1,0,0,0,0,0,0,1,-,-,32.75326919555664,-117.15786743164063,SAN DIEGO,SAN DIEGO,-117.15782928466795,32.753292083740234
92200157,2023,2023-10-16,9650,2023-10-06,40,022911,NA,5,3,9,3700,0,1,1,NA,2,021,I-15 N/B TO SR-76,SR-76,441,S,N,A,-,Y,NA,NA,NA,NA,NA,NA,NA,NA,NA,Y,4,0,1,1,A,-,01,23152,F,N,E,I,A,A,H,-,C,D,0,NA,NA,NA,NA,Y,NA,A,07,0,0,1,0,0,0,0,0,0,-,-,33.33116912841797,-117.15735626220705,SAN DIEGO,UNINCORPORATED,-117.15735626220705,33.33116912841797
9220048,2020,2021-02-02,3705,2020-09-26,1337,EC0219,NA,6,5,5,3705,0,0,0,NA,0,002,BROADWAY,N MOLLISON AV,320,W,N,A,-,N,NA,NA,NA,NA,NA,NA,NA,NA,NA,NA,4,0,1,2,A,-,08,22107,NA,N,D,C,A,A,H,-,A,D,0,NA,NA,NA,NA,Y,NA,A,07,0,0,1,0,0,0,0,0,0,-,-,NA,NA,SAN DIEGO,EL CAJON,-116.95201110839844,32.807701110839844
92200722,2023,2023-10-17,9650,2023-10-05,1935,023467,NA,4,2,9,3700,0,1,3,NA,1,028,SR-76,RICE CANYON RD,2798,W,N,A,-,Y,SD,NA,76,NA,NA,18.828,H,NA,R,N,3,0,1,1,A,-,08,22107,NA,N,F,A,A,A,H,-,D,D,0,NA,NA,Y,NA,Y,NA,C,02,0,1,0,0,0,0,0,0,1,-,-,33.34122085571289,-117.13707733154295,SAN DIEGO,UNINCORPORATED,-117.13709259033205,33.34117126464844
92201106,2023,2023-10-17,9680,2023-10-06,10,023077,NA,5,3,9,3700,0,1,1,NA,2,086,INTERSTATE 8 E/B,KITCHEN CREEK ROAD,1584,W,N,A,-,Y,SD,NA,8,NA,R,51.719,H,NA,R,Y,3,0,1,1,A,-,08,22107,NA,N,F,A,A,A,H,-,D,D,0,NA,NA,NA,NA,Y,NA,A,01,0,1,0,0,0,0,0,0,0,-,-,32.720550537109375,-116.47467803955078,SAN DIEGO,UNINCORPORATED,-116.47463989257813,32.7205810546875
92201607,2023,2023-10-18,9650,2023-10-09,1933,020673,NA,1,2,9,3700,0,3,5,NA,2,006,S. MAIN AVE,AMMUNITION RD.,280,N,N,B,-,N,NA,NA,NA,NA,NA,NA,NA,NA,NA,N,3,0,1,2,A,-,11,21954,A,N,G,B,D,A,H,-,C,B,0,Y,NA,NA,NA,Y,NA,N,60,0,1,0,0,1,0,0,0,0,-,-,33.37200927734375,-117.25131988525392,SAN DIEGO,UNINCORPORATED,-117.25135803222656,33.37189865112305
92203648,2023,2023-10-19,9650,2023-10-11,535,015600,NA,3,3,9,3700,0,1,3,NA,1,028,SR-76,MAGEE RD,6864,E,N,A,-,N,NA,NA,NA,NA,NA,NA,NA,NA,NA,Y,3,0,1,1,A,-,08,22107,NA,N,E,I,A,A,H,-,A,D,0,NA,NA,NA,NA,Y,NA,D,22,0,1,0,0,0,0,0,0,0,-,-,33.3557014465332,-117.03627014160156,SAN DIEGO,UNINCORPORATED,-117.0362548828125,33.35572814941406
92204801,2023,2023-10-20,9645,2023-10-13,1724,022021,NA,5,2,7,3711,0,1,1,NA,2,015,I-805 S/B,NOBEL DRIVE,2300,S,N,A,-,Y,SD,NA,805,NA,NA,25.025,H,NA,L,Y,3,0,1,3,A,-,03,22350,NA,N,C,C,A,A,H,-,A,D,0,NA,NA,NA,NA,Y,NA,A,07,0,1,0,0,0,0,0,0,0,-,-,32.864601135253906,-117.19024658203124,SAN DIEGO,SAN DIEGO,-117.19020080566406,32.8646354675293
92206499,2023,2023-10-23,9650,2023-10-14,2045,021805,NA,6,2,9,3700,0,3,5,NA,2,190,ROCK SPRINGS RD,NORDAHL RD,0,NA,Y,A,-,N,NA,NA,NA,NA,NA,NA,NA,NA,NA,Y,4,0,2,2,A,-,09,21801,A,N,D,C,A,A,H,-,D,A,0,NA,NA,NA,NA,Y,NA,A,01,0,0,2,0,0,0,0,0,0,-,-,33.14128112792969,-117.11260986328124,SAN DIEGO,UNINCORPORATED,-117.11262512207033,33.141258239746094
92207154,2023,2023-10-24,9645,2023-10-17,1745,015676,NA,2,2,7,3711,0,1,1,NA,2,010,I-8 W/B,FAIRMOUNT AVENUE,450,E,N,A,-,Y,SD,NA,8,NA,NA,6.44,H,NA,L,Y,4,0,1,1,A,-,08,22107,NA,N,E,I,A,A,H,-,B,D,0,NA,NA,NA,NA,Y,NA,D,22,0,0,1,0,0,0,0,0,0,-,-,32.779788970947266,-117.09871673583984,SAN DIEGO,SAN DIEGO,-117.09868621826172,32.7796516418457
92207182,2023,2023-10-24,9645,2023-10-16,850,019054,NA,1,1,7,3711,0,1,1,NA,2,013,I-805 S/B,MURRAY RIDGE ROAD,1500,N,N,A,-,Y,SD,NA,805,NA,NA,18.831,H,NA,L,N,4,0,2,2,A,-,08,22107,NA,N,B,C,A,A,H,-,A,D,0,NA,NA,NA,NA,Y,NA,-,-,0,0,2,0,0,0,0,0,0,-,-,32.78511047363281,-117.14459991455078,SAN DIEGO,SAN DIEGO,-117.14478302001952,32.78490447998047
92208470,2023,2023-10-25,9680,2023-10-15,1830,017401,NA,7,2,9,3700,0,1,3,NA,1,052,SR-78,WYNOLA RD.,5280,E,N,A,-,Y,SD,NA,78,NA,NA,61.229,H,NA,R,N,3,0,1,1,A,-,03,22350,NA,N,F,I,A,A,H,-,D,D,0,NA,NA,Y,NA,Y,NA,-,-,0,1,0,0,0,0,0,0,1,-,-,33.09197998046875,-116.58245849609376,SAN DIEGO,UNINCORPORATED,-116.58245849609376,33.092002868652344
92209459,2023,2023-10-26,9645,2023-10-19,1715,022193,NA,4,2,7,3711,0,1,1,NA,2,010,I-8 E/B,I-805,100,W,N,A,-,Y,SD,NA,8,NA,NA,4.306,H,NA,R,N,4,0,1,4,A,-,08,22107,NA,N,C,C,A,A,H,-,C,D,0,NA,NA,NA,NA,Y,NA,-,-,0,0,1,0,0,0,0,0,0,-,-,32.771480560302734,-117.1331787109375,SAN DIEGO,SAN DIEGO,-117.13316345214844,32.77142333984375
92209552,2023,2023-10-26,9650,2023-10-14,1935,022588,NA,6,2,9,3700,0,1,3,NA,1,028,SR-76 W/B,ADAMS DR,500,E,N,A,-,Y,NA,NA,NA,NA,NA,NA,NA,NA,NA,Y,3,0,1,2,A,-,01,23152,A,N,C,C,A,A,H,-,D,D,0,NA,NA,Y,NA,Y,Y,C,02,0,1,0,0,0,0,0,0,1,-,-,33.340049743652344,-117.01244354248048,SAN DIEGO,UNINCORPORATED,-117.01234436035156,33.340362548828125
9220972,2021,2021-03-29,3711,2021-02-05,0015,SD7316,NA,5,5,7,3711,0,0,0,NA,0,242,NEW SALEM ST,NEW SALEM ST 8300,0,NA,N,A,-,N,NA,NA,NA,NA,NA,NA,NA,NA,NA,N,4,0,1,2,A,-,03,22350,NA,M,C,C,A,A,H,-,C,D,0,NA,NA,NA,NA,Y,NA,-,NA,0,0,1,0,0,0,0,0,0,-,-,NA,NA,SAN DIEGO,SAN DIEGO,-117.15557861328124,32.916202545166016
9220976,2021,2021-04-05,3711,2021-02-03,1940,SD1051,NA,3,5,7,3711,0,0,0,NA,0,032,ALVARADO CANYON,MISSION GORGE PL,1124,W,N,A,-,N,NA,NA,NA,NA,NA,NA,NA,NA,NA,Y,4,0,1,2,-,-,-,NA,NA,N,F,E,A,A,H,-,C,D,0,NA,NA,NA,NA,Y,Y,A,01,0,0,1,0,0,0,0,0,0,-,-,NA,NA,SAN DIEGO,SAN DIEGO,-117.09556579589844,32.78034210205078
9220979,2021,2021-03-25,3711,2021-02-01,0945,SD7069,NA,1,5,7,3711,0,0,0,NA,0,931,SORRENTO VALLEY BL,INDIGO BLOSSOM LN,0,NA,Y,B,-,N,NA,NA,NA,NA,NA,NA,NA,NA,NA,N,4,0,1,1,A,-,03,22350,NA,N,E,I,A,A,H,-,A,D,0,NA,NA,NA,NA,Y,NA,A,01,0,0,1,0,0,0,0,0,0,-,-,NA,NA,SAN DIEGO,SAN DIEGO,-117.19966888427734,32.912071228027344
92210849,2023,2023-10-27,3711,2023-08-17,1735,SD7049,NA,4,5,7,3711,0,0,0,NA,0,447,HOME AV,HOME AV 4100,0,NA,N,A,-,N,NA,NA,NA,NA,NA,NA,NA,NA,NA,N,3,0,1,2,A,-,03,22350,NA,N,C,C,A,A,H,-,A,D,0,NA,NA,NA,NA,Y,NA,-,-,0,1,0,0,0,0,0,0,0,-,-,NA,NA,SAN DIEGO,SAN DIEGO,NA,NA
92210857,2023,2023-10-27,3700,2023-07-31,706,SH0551,NA,1,5,4,3720,0,0,0,NA,0,601,COLLEGE AV,RT 94,0,NA,Y,A,-,Y,NA,NA,NA,NA,NA,NA,NA,NA,NA,N,4,0,1,2,A,-,12,21453,NA,N,D,C,A,A,H,-,A,A,0,NA,NA,NA,NA,Y,NA,-,-,0,0,1,0,0,0,0,0,0,-,-,NA,NA,SAN DIEGO,LEMON GROVE,-117.05083465576172,32.742034912109375
9221332,2020,2021-02-26,3702,2020-11-30,1217,CV1310,NA,1,5,6,3702,0,0,0,NA,0,012,H ST,RT 56,0,NA,Y,A,-,Y,SD,11,5,-,-,7.969,R,4,S,N,4,0,1,1,A,-,03,22350,NA,N,E,I,A,A,H,-,A,A,0,NA,NA,NA,NA,Y,NA,A,01,0,0,1,0,0,0,0,0,0,-,-,NA,NA,SAN DIEGO,CHULA VISTA,-117.0968780517578,32.631317138671875
92223104,2023,2023-10-31,9645,2023-10-05,10,019410,NA,4,3,7,3711,0,1,3,NA,2,025,SR-163,BALBOA AVE O/C,1100,N,N,B,-,Y,SD,NA,163,NA,NA,8.241,H,NA,R,Y,4,0,4,2,A,-,07,21658,A,N,B,C,A,A,H,-,C,D,0,NA,NA,NA,NA,Y,NA,A,07,0,0,4,0,0,0,0,0,0,-,-,32.824920654296875,-117.14511108398438,SAN DIEGO,SAN DIEGO,-117.14493560791016,32.824851989746094
92223497,2023,2023-10-31,9650,2023-10-18,1050,021406,NA,3,1,9,3700,0,1,1,NA,2,021,I-15 SOUTHBOUND,LAWRENCE WELK DR,1000,S,N,A,-,Y,SD,NA,15,NA,R,39.17,H,NA,L,Y,3,0,1,2,A,-,03,22350,NA,N,C,C,A,A,H,-,A,D,0,NA,NA,Y,NA,Y,NA,C,02,0,1,0,0,0,0,0,0,1,-,-,33.22972106933594,-117.14611053466795,SAN DIEGO,UNINCORPORATED,-117.14617919921876,33.229698181152344
92225661,2023,2023-11-01,9680,2023-10-24,1915,023332,NA,2,2,9,3700,0,3,5,NA,2,002,PARKBROOK STREET,CARLSBAD STREET,0,NA,Y,A,-,N,NA,NA,NA,NA,NA,NA,NA,NA,NA,N,4,0,1,2,A,-,08,22107,NA,N,C,E,A,A,H,-,C,D,0,NA,NA,NA,NA,Y,NA,A,08,0,0,1,0,0,0,0,0,0,-,-,32.702388763427734,-117.01625823974608,SAN DIEGO,UNINCORPORATED,-117.01625061035156,32.7023811340332
92226493,2023,2023-11-02,9680,2023-10-22,1125,020541,NA,7,1,5,3781,0,1,3,NA,2,028,SR-125 NORTHBOUND,MISSION GORGE RD,55,S,N,A,-,Y,SD,NA,125,NA,NA,22.281,H,NA,R,Y,4,0,4,2,A,-,01,23152,A,N,C,2,A,A,H,-,A,A,0,NA,NA,NA,NA,Y,Y,A,01,0,0,4,0,0,0,0,0,0,-,-,32.83829879760742,-117.00325012207033,SAN DIEGO,SANTEE,-117.00318145751952,32.83829879760742
9222711,2021,2021-03-25,3702,2021-01-14,1912,CV1254,NA,4,5,6,3702,0,0,0,NA,0,011,BROADWAY,DAVIDSON ST,0,NA,Y,A,-,N,NA,NA,NA,NA,NA,NA,NA,NA,NA,N,4,0,1,2,A,-,11,21950,B,N,G,B,D,A,H,-,C,A,0,Y,NA,NA,NA,Y,NA,N,60,0,0,1,0,1,0,0,0,0,-,-,NA,NA,SAN DIEGO,CHULA VISTA,-117.0928192138672,32.63957214355469
9222767,2021,2021-03-17,3711,2021-01-25,1641,SD6176,NA,1,5,7,3711,0,0,0,NA,0,437,ALSACIA ST,WOODMAN ST,18,W,N,B,-,N,NA,NA,NA,NA,NA,NA,NA,NA,NA,Y,3,0,2,2,A,-,09,21801,A,N,D,C,A,A,H,-,A,A,0,NA,NA,NA,NA,Y,NA,A,01,0,2,0,0,0,0,0,0,0,-,-,NA,NA,SAN DIEGO,SAN DIEGO,-117.0432586669922,32.68292236328125
92227900,2023,2023-11-03,9645,2023-10-26,100,018987,NA,4,3,7,3711,0,1,1,NA,2,019,I-15 NORTHBOUND,SR-56,1056,N,N,B,-,Y,SD,NA,15,NA,M,19.656,H,NA,R,N,4,0,1,1,A,-,01,23152,A,N,E,I,A,A,H,-,C,D,0,NA,NA,NA,NA,Y,Y,A,01,0,0,1,0,0,0,0,0,0,-,-,32.967159271240234,-117.09364318847656,SAN DIEGO,SAN DIEGO,-117.0935287475586,32.96710968017578
9222811,2021,2021-03-18,3710,2021-01-25,1957,OC1438,NA,1,5,6,3710,0,0,0,NA,0,011,CANYON DR,LOMITA ST,77,N,N,C,-,N,NA,NA,NA,NA,NA,NA,NA,NA,NA,Y,4,0,1,4,A,-,01,23152,F,N,B,E,A,B,H,-,C,D,0,NA,NA,NA,NA,Y,NA,A,01,0,0,1,0,0,0,0,0,0,-,-,NA,NA,SAN DIEGO,OCEANSIDE,-117.35623168945313,33.200439453125
92229231,2023,2023-11-06,9645,2023-10-26,1945,022479,NA,4,2,7,3711,0,1,3,NA,2,020,CAMPO RD.,VIA MERCADO,15,W,N,A,-,Y,SD,NA,94,NA,NA,13.762,H,NA,R,Y,3,0,1,2,A,-,08,22107,NA,N,B,C,A,A,H,-,C,A,0,NA,NA,NA,NA,Y,NA,A,01,0,1,0,0,0,0,0,0,0,-,-,32.74552917480469,-116.95815277099608,SAN DIEGO,SAN DIEGO,-116.95816802978516,32.7454948425293
92230892,2023,2023-11-08,9680,2023-11-01,1455,019475,NA,3,2,9,3700,0,1,1,NA,2,082,I-8 E/B TO MOLLISON,MOLLISON AVE,528,W,N,A,-,Y,SD,NA,8,NA,NA,16.369,H,NA,R,N,4,0,1,2,A,-,08,22107,NA,N,C,C,A,A,H,-,A,A,0,NA,NA,NA,NA,Y,NA,A,01,0,0,1,0,0,0,0,0,0,-,-,32.802799224853516,-116.95281219482422,SAN DIEGO,UNINCORPORATED,-116.95281219482422,32.802955627441406
9223183,2020,2021-02-20,3702,2020-12-20,1359,C1232,NA,7,5,6,3702,0,0,0,NA,0,024,2ND AV,QUINTARD ST,630,S,N,A,-,N,NA,NA,NA,NA,NA,NA,NA,NA,NA,N,3,0,1,2,A,-,11,21950,B,N,G,B,E,A,H,-,A,D,0,Y,NA,NA,NA,Y,NA,N,60,0,1,0,0,1,0,0,0,0,-,-,NA,NA,SAN DIEGO,CHULA VISTA,-117.06031799316406,32.60283279418945
92233133,2023,2023-11-13,9680,2023-10-31,1601,023298,NA,2,2,9,3700,0,1,1,NA,2,081,I-8 W/B,EL CAJON BOULEVARD,225,E,N,A,-,Y,SD,NA,8,NA,NA,13.724,H,NA,L,Y,3,0,2,3,A,-,08,22107,NA,N,C,2,A,A,D,-,A,D,0,NA,NA,NA,NA,Y,NA,A,01,0,1,1,0,0,0,0,0,0,-,-,32.782928466796875,-116.98123931884766,SAN DIEGO,UNINCORPORATED,-116.9811553955078,32.782894134521484
92233206,2023,2023-11-13,9680,2023-11-04,1335,021584,NA,6,1,9,3700,0,1,3,NA,1,052,STATE ROUTE 78,STATE ROUTE 79,8448,W,N,A,-,Y,SD,NA,78,NA,NA,49.437,H,NA,R,Y,3,0,1,1,A,-,08,22107,NA,N,F,A,A,A,H,-,A,D,0,NA,NA,NA,NA,Y,NA,D,22,0,1,0,0,0,0,0,0,0,-,-,33.09894943237305,-116.69857025146484,SAN DIEGO,UNINCORPORATED,-116.69851684570313,33.09891128540039
92233716,2023,2023-11-13,9680,2023-11-02,820,020780,NA,4,1,5,3708,0,1,1,NA,2,081,I-8 E/B,LAKE MURRAY BLVD,2640,E,N,A,-,Y,SD,NA,8,NA,NA,10.079,H,NA,R,Y,4,0,1,2,A,-,03,22350,NA,N,C,C,A,A,H,-,A,A,0,NA,NA,NA,Y,Y,NA,G,25,0,0,1,0,0,0,0,0,0,-,-,32.77293014526367,-117.03819274902344,SAN DIEGO,LA MESA,-117.03819274902344,32.77294158935547
92234238,2023,2023-11-13,9680,2023-11-05,1315,020165,NA,7,1,5,3708,0,1,3,NA,2,028,SR-125 NB,PANORAMA DRIVE,355,N,N,A,-,Y,SD,NA,125,NA,NA,13.9,H,NA,R,Y,4,0,1,2,A,-,03,22350,NA,N,C,C,A,A,H,-,A,D,0,NA,NA,NA,NA,Y,NA,A,01,0,0,1,0,0,0,0,0,0,-,-,32.757320404052734,-117.00700378417967,SAN DIEGO,LA MESA,-117.00700378417967,32.75732421875
92234663,2023,2023-11-13,9645,2023-10-31,1028,018697,NA,2,1,7,3711,0,1,1,NA,2,011,INTERSTATE 805 (N/B0,LINCOLN AVENUE,200,N,N,A,-,Y,SD,NA,805,NA,NA,16.116,H,NA,R,Y,4,0,1,2,A,-,03,22350,NA,N,C,C,A,A,H,-,A,D,0,NA,NA,NA,NA,Y,NA,A,07,0,0,1,0,0,0,0,0,0,-,-,32.75099182128906,-117.12342071533205,SAN DIEGO,SAN DIEGO,-117.12337493896484,32.750999450683594
92236591,2023,2023-12-19,9650,2023-11-08,1512,021698,NA,3,2,9,3700,0,3,5,NA,2,211,NORTH BROADWAY,ARCO DR,0,NA,Y,A,-,N,NA,NA,NA,NA,NA,NA,NA,NA,NA,Y,4,0,1,2,A,-,09,21802,B,N,D,C,A,A,H,-,A,A,0,NA,NA,NA,NA,Y,NA,A,07,0,0,1,0,0,0,0,0,0,-,-,33.18782043457031,-117.09169769287108,SAN DIEGO,UNINCORPORATED,-117.09169006347656,33.18777847290039
92237091,2023,2023-11-15,9680,2023-11-03,228,023240,NA,5,3,9,3700,0,1,3,NA,2,028,SB 125,JAMACHA BOULEVARD,567,N,N,A,-,Y,SD,NA,125,NA,NA,9.998,H,NA,L,Y,3,0,1,1,A,-,08,22107,NA,N,F,A,A,A,H,-,C,D,0,NA,NA,NA,NA,Y,NA,D,22,0,1,0,0,0,0,0,0,0,-,-,32.70574188232422,-117.01142120361328,SAN DIEGO,UNINCORPORATED,-117.0112762451172,32.70576095581055
92237998,2023,2023-11-16,9650,2023-11-07,1210,019979,NA,2,1,5,3712,0,1,3,NA,2,017,SR-78 WESTBOUND,RANCHO SANTA FE RD,200,W,N,A,-,Y,SD,NA,78,NA,NA,10.568,H,NA,L,N,4,0,1,2,A,-,03,22350,NA,N,C,C,A,A,H,-,A,D,0,NA,NA,NA,NA,Y,NA,A,01,0,0,1,0,0,0,0,0,0,-,-,33.150611877441406,-117.19876098632813,SAN DIEGO,SAN MARCOS,-117.19869995117188,33.15066146850586
92238087,2023,2023-11-16,9645,2023-11-04,357,020867,NA,6,3,7,3711,0,1,3,NA,2,025,SR-163 SOUTHBOUND,KEARNY VILLA RD. O/C,300,N,N,A,-,Y,SD,NA,163,NA,R,10.98,H,NA,L,Y,2,0,3,2,A,-,03,22350,NA,N,C,C,A,A,H,-,C,D,0,NA,NA,NA,NA,Y,NA,A,01,1,2,0,0,0,0,0,0,0,-,-,32.85601043701172,-117.1169662475586,SAN DIEGO,SAN DIEGO,-117.1169662475586,32.85600280761719
92238846,2023,2023-11-17,9650,2023-11-06,634,015600,NA,1,1,9,3700,0,1,1,NA,2,021,I-15 S/B,OLD HIGHWAY 395,1056,S,N,A,-,Y,SD,NA,15,NA,R,42.471,H,NA,L,N,4,0,1,2,A,-,03,22350,NA,N,C,C,A,A,H,-,A,D,0,NA,NA,Y,NA,Y,NA,C,02,0,0,1,0,0,0,0,0,1,-,-,33.275489807128906,-117.1546630859375,SAN DIEGO,UNINCORPORATED,-117.15472412109376,33.275516510009766
92239884,2023,2023-11-20,9680,2023-11-08,1550,023332,NA,3,2,9,3700,0,3,5,NA,2,002,HILLSDALE ROAD,WIND RIVER ROAD,380,W,N,A,-,N,NA,NA,NA,NA,NA,NA,NA,NA,NA,N,4,0,1,2,A,-,08,22107,NA,N,D,C,A,A,H,-,A,D,0,NA,NA,NA,NA,Y,NA,A,07,0,0,1,0,0,0,0,0,0,-,-,32.762088775634766,-116.91890716552734,SAN DIEGO,UNINCORPORATED,-116.91888427734376,32.76211929321289
92240655,2023,2024-04-11,9650,2023-09-20,0,020774,PALA,3,3,9,3700,0,1,3,NA,1,028,STATE ROUTE 76,PALA MISSION ROAD (EAST),110,W,N,A,-,Y,SD,NA,76,NA,NA,24.099,H,NA,R,Y,1,2,1,2,A,-,01,23152,F,N,A,C,A,A,H,-,D,D,0,NA,NA,NA,NA,Y,NA,A,07,1,0,0,0,0,0,0,0,0,-,-,33.364341735839844,-117.06710052490234,SAN DIEGO,UNINCORPORATED,-117.06710052490234,33.36432647705078
92241112,2023,2023-11-20,9645,2023-11-11,533,023306,NA,6,3,7,3711,0,1,1,NA,2,003,I-5 N/B,B STREET,325,N,N,B,-,Y,SD,NA,5,NA,R,15.376,H,NA,R,N,3,0,1,1,A,-,08,22107,NA,N,F,A,A,A,H,-,D,D,0,NA,NA,Y,NA,Y,NA,-,-,0,1,0,0,0,0,0,0,1,-,-,32.718631744384766,-117.1477279663086,SAN DIEGO,SAN DIEGO,-117.14765167236328,32.71863555908203
92241172,2023,2023-11-21,9680,2023-11-09,1800,023332,NA,4,2,5,3708,0,1,3,NA,2,028,SR-125 S/B,LEMON AVE,130,N,N,A,-,Y,SD,NA,125,NA,NA,14.787,H,NA,L,N,4,0,1,2,A,-,03,22350,NA,N,C,C,A,A,H,-,D,D,0,NA,NA,NA,NA,Y,NA,D,22,0,0,1,0,0,0,0,0,0,-,-,32.768978118896484,-117.00228118896484,SAN DIEGO,LA MESA,-117.00228881835938,32.76898193359375
92241835,2023,2023-11-21,9680,2023-11-09,735,019870,NA,4,1,9,3700,0,3,5,NA,2,003,ARNOLD WAY,ALPINE HEIGHTS RD,385,W,N,A,-,N,NA,NA,NA,NA,NA,NA,NA,NA,NA,N,3,0,1,1,A,-,03,22350,NA,N,F,I,A,A,H,-,A,D,0,NA,NA,Y,NA,Y,NA,C,02,0,1,0,0,0,0,0,0,1,-,-,32.83388137817383,-116.7827377319336,SAN DIEGO,UNINCORPORATED,-116.81068420410156,32.85100555419922