CASE_ID,ACCIDENT_YEAR,PROC_DATE,JURIS,COLLISION_DATE,COLLISION_TIME,OFFICER_ID,REPORTING_DISTRICT,DAY_OF_WEEK,CHP_SHIFT,POPULATION,CNTY_CITY_LOC,SPECIAL_COND,BEAT_TYPE,CHP_BEAT_TYPE,CITY_DIVISION_LAPD,CHP_BEAT_CLASS,BEAT_NUMBER,PRIMARY_RD,SECONDARY_RD,DISTANCE,DIRECTION,INTERSECTION,WEATHER_1,WEATHER_2,STATE_HWY_IND,CALTRANS_COUNTY,CALTRANS_DISTRICT,STATE_ROUTE,ROUTE_SUFFIX,POSTMILE_PREFIX,POSTMILE,LOCATION_TYPE,RAMP_INTERSECTION,SIDE_OF_HWY,TOW_AWAY,COLLISION_SEVERITY,NUMBER_KILLED,NUMBER_INJURED,PARTY_COUNT,PRIMARY_COLL_FACTOR,PCF_CODE_OF_VIOL,PCF_VIOL_CATEGORY,PCF_VIOLATION,PCF_VIOL_SUBSECTION,HIT_AND_RUN,TYPE_OF_COLLISION,MVIW,PED_ACTION,ROAD_SURFACE,ROAD_COND_1,ROAD_COND_2,LIGHTING,CONTROL_DEVICE,CHP_ROAD_TYPE,PEDESTRIAN_ACCIDENT,BICYCLE_ACCIDENT,MOTORCYCLE_ACCIDENT,TRUCK_ACCIDENT,NOT_PRIVATE_PROPERTY,ALCOHOL_INVOLVED,STWD_VEHTYPE_AT_FAULT,CHP_VEHTYPE_AT_FAULT,COUNT_SEVERE_INJ,COUNT_VISIBLE_INJ,COUNT_COMPLAINT_PAIN,COUNT_PED_KILLED,COUNT_PED_INJURED,COUNT_BICYCLIST_KILLED,COUNT_BICYCLIST_INJURED,COUNT_MC_KILLED,COUNT_MC_INJURED,PRIMARY_RAMP,SECONDARY_RAMP,LATITUDE,LONGITUDE,COUNTY,CITY,POINT_X,POINT_Y
92798046,2024,2024-07-26,9650,2024-07-21,1515,022739,NA,7,2,9,3700,0,1,1,NA,2,003,INTERSTATE 5 SOUTHBOUND,DONALD COOK ROAD,20,N,N,A,-,Y,SD,NA,5,NA,R,58.373,H,NA,L,N,3,0,4,5,A,-,03,22350,NA,N,C,C,A,A,H,-,A,D,0,NA,NA,NA,NA,Y,Y,A,01,0,1,3,0,0,0,0,0,0,-,-,33.256500244140625,-117.42539215087892,SAN DIEGO,UNINCORPORATED,-117.42543792724608,33.256473541259766
9279918,2021,2021-06-29,3700,2021-05-17,2250,SH2439,NA,1,5,5,3713,0,0,0,NA,0,305,WEST LOS ANGELES DR,GEORGIA LN,150,W,N,B,-,N,NA,NA,NA,NA,NA,NA,NA,NA,NA,Y,3,0,1,4,A,-,01,23152,A,M,C,E,A,A,H,-,C,D,0,NA,NA,NA,NA,Y,Y,A,01,0,1,0,0,0,0,0,0,0,-,-,NA,NA,SAN DIEGO,VISTA,-117.25116729736328,33.21318817138672
9280034,2021,2021-07-01,3711,2021-06-12,1320,SD1405,NA,6,5,7,3711,0,0,0,NA,0,822,UNIVERSITY AV,UNIVERSITY AV 5800,0,NA,N,A,F,N,NA,NA,NA,NA,NA,NA,NA,NA,NA,Y,4,0,1,2,A,-,01,23152,F,N,B,C,A,A,H,-,A,A,0,NA,NA,NA,NA,Y,NA,A,01,0,0,1,0,0,0,0,0,0,-,-,NA,NA,SAN DIEGO,SAN DIEGO,-117.16390228271484,32.74827194213867
9280441,2021,2021-06-30,3710,2021-06-04,1920,OC1443,NA,5,5,6,3710,0,0,0,NA,0,023,MELROSE DR,RT 76,16,S,N,A,-,Y,SD,11,76,-,R,7.756,I,6,E,N,4,0,1,2,A,-,21,22106,NA,F,H,C,A,A,H,-,B,A,0,NA,NA,NA,NA,Y,NA,A,07,0,0,1,0,0,0,0,0,0,-,-,NA,NA,SAN DIEGO,OCEANSIDE,-117.26504516601563,33.25163650512695
9282206,2021,2021-07-07,3702,2021-05-27,1357,CV0410,NA,4,5,6,3702,0,0,0,NA,0,013,I ST,GUAVA AV,0,NA,Y,A,-,N,NA,NA,NA,NA,NA,NA,NA,NA,NA,Y,4,0,1,2,A,-,09,21802,A,N,D,C,A,A,H,-,A,D,0,NA,NA,NA,NA,Y,NA,A,01,0,0,1,0,0,0,0,0,0,-,-,NA,NA,SAN DIEGO,CHULA VISTA,-117.08078002929688,32.62953567504883
9282213,2021,2021-10-02,3711,2021-06-28,0231,SD1310,NA,1,5,7,3711,0,0,0,NA,0,614,NEWPORT AV,NEWPORT AV 5000,0,NA,-,A,-,N,NA,NA,NA,NA,NA,NA,NA,NA,NA,N,3,0,1,2,C,-,18,NA,NA,N,G,B,E,A,-,-,C,D,0,Y,NA,NA,NA,Y,NA,-,-,0,1,0,0,1,0,0,0,0,-,-,NA,NA,SAN DIEGO,SAN DIEGO,-117.23526763916016,33.21126174926758
9282405,2021,2021-08-21,3711,2021-06-18,1029,SD6532,NA,5,5,7,3711,0,0,0,NA,0,511,NEWTON AV,SAMPSON ST,140,N,N,B,-,N,NA,NA,NA,NA,NA,NA,NA,NA,NA,N,3,0,1,2,A,-,08,22107,NA,N,H,I,A,A,H,-,A,D,0,NA,NA,NA,NA,Y,Y,A,01,0,1,0,0,0,0,0,0,0,-,-,NA,NA,SAN DIEGO,SAN DIEGO,-117.14122009277344,32.6966438293457
9282680,2021,2021-08-10,3711,2021-06-28,0147,SD7978,NA,1,5,7,3711,0,0,0,NA,0,122,GRAND AV,DAWES ST,0,NA,Y,A,-,N,NA,NA,NA,NA,NA,NA,NA,NA,NA,N,3,0,1,2,A,-,08,22100,B,N,D,C,A,A,H,-,C,D,0,NA,NA,NA,NA,Y,NA,A,01,0,1,0,0,0,0,0,0,0,-,-,NA,NA,SAN DIEGO,SAN DIEGO,-117.24945068359376,32.795928955078125
9282684,2021,2021-07-27,3711,2021-06-23,1655,SD7862,NA,3,5,7,3711,0,0,0,NA,0,315,FRIARS RD,FRAZEE RD,0,NA,Y,A,-,N,NA,NA,NA,NA,NA,NA,NA,NA,NA,Y,4,0,1,2,A,-,08,22107,NA,M,A,C,A,A,H,-,A,A,0,NA,NA,NA,NA,Y,NA,A,01,0,0,1,0,0,0,0,0,0,-,-,NA,NA,SAN DIEGO,SAN DIEGO,-117.1574935913086,32.772682189941406
9283414,2021,2021-07-14,3705,2021-05-15,1536,EC5356,NA,6,5,5,3705,0,0,0,NA,0,004,LEXIINGTON AV,CLAYDELLE AV,0,NA,Y,A,-,N,NA,NA,NA,NA,NA,NA,NA,NA,NA,Y,4,0,2,2,A,-,09,21802,A,N,D,C,A,A,H,-,A,A,0,NA,NA,NA,NA,Y,NA,A,01,0,0,2,0,0,0,0,0,0,-,-,NA,NA,SAN DIEGO,EL CAJON,-116.9587860107422,32.79270553588867
92850068,2024,2024-07-29,9645,2024-07-19,740,020161,NA,5,1,7,3711,0,1,1,NA,2,019,I-15 N/B,CARMEL MOUNTAIN ROAD,260,S,N,A,-,Y,SD,NA,15,NA,M,20.515,H,NA,R,Y,3,0,1,2,A,-,03,22350,NA,N,C,C,A,A,H,-,A,D,0,NA,NA,NA,NA,Y,NA,A,01,0,1,0,0,0,0,0,0,0,-,-,32.97806930541992,-117.08660125732422,SAN DIEGO,SAN DIEGO,-117.0866241455078,32.97808074951172
9285819,2021,2021-07-06,3711,2021-06-18,0148,SD7682,NA,5,5,7,3711,0,0,0,NA,0,627,UPAS ST,UPAS ST 1650,0,NA,-,A,-,N,NA,NA,NA,NA,NA,NA,NA,NA,NA,Y,4,0,1,2,A,-,08,22107,NA,N,C,E,A,A,H,-,C,B,0,NA,NA,NA,NA,Y,Y,A,01,0,0,1,0,0,0,0,0,0,-,-,NA,NA,SAN DIEGO,SAN DIEGO,-117.16400909423828,32.74080276489258
9286578,2021,2021-07-30,3711,2021-07-13,0835,SD5365,NA,2,5,7,3711,0,0,0,NA,0,124,TORREY PINES RD,LA JOLLA SHORES DR,300,E,N,B,-,N,NA,NA,NA,NA,NA,NA,NA,NA,NA,N,4,0,1,1,A,-,08,22107,NA,N,E,I,A,A,H,-,A,D,0,NA,Y,NA,NA,Y,NA,L,04,0,0,1,0,0,0,1,0,0,-,-,NA,NA,SAN DIEGO,SAN DIEGO,-117.25422668457033,32.85057067871094
9286581,2021,2021-10-01,3711,2021-07-13,1715,SD7478,NA,2,5,7,3711,0,0,0,NA,0,444,MARKET ST,MARKET ST 4200,0,NA,Y,A,-,N,NA,NA,NA,NA,NA,NA,NA,NA,NA,N,4,0,1,2,A,-,10,21950,A,N,G,B,B,A,H,-,A,A,0,Y,NA,NA,NA,Y,NA,A,01,0,0,1,0,1,0,0,0,0,-,-,NA,NA,SAN DIEGO,SAN DIEGO,-117.16378784179688,32.71141815185547
9287630,2021,2021-08-02,3711,2021-07-14,2314,SD1512,NA,3,5,7,3711,0,0,0,NA,0,612,LYTTON ST,TRUXTON RD,0,NA,Y,A,-,N,NA,NA,NA,NA,NA,NA,NA,NA,NA,N,3,0,1,2,A,-,11,21954,A,N,G,B,D,A,H,-,C,A,0,Y,NA,NA,NA,Y,Y,N,60,0,1,0,0,1,0,0,0,0,-,-,NA,NA,SAN DIEGO,SAN DIEGO,-117.20954895019533,32.7425651550293
92877631,2024,2024-07-29,9645,2024-07-20,1050,022814,NA,6,1,6,3702,0,1,3,NA,2,031,SR-125 SOUTHBOUND,CAMP GROUND ROAD,745,S,N,A,-,Y,SD,NA,125,NA,NA,7.254,H,NA,L,N,3,0,1,1,A,-,08,22107,NA,N,A,I,A,A,H,-,A,D,0,NA,NA,NA,NA,Y,NA,D,22,0,1,0,0,0,0,0,0,0,-,-,32.68212127685547,-116.9956283569336,SAN DIEGO,CHULA VISTA,-116.99567413330078,32.68233871459961
92878165,2024,2024-07-30,9650,2024-07-12,1720,023524,NA,5,2,5,3701,0,1,1,NA,2,005,INTERSTATE 5 N/B,CHINQUAPIN AVE,955,S,N,A,-,Y,SD,NA,5,NA,R,48.943,H,NA,R,Y,4,0,1,4,A,-,08,22107,NA,N,B,C,A,A,H,-,A,D,0,NA,NA,NA,NA,Y,NA,A,01,0,0,1,0,0,0,0,0,0,-,-,33.14778137207031,-117.3338623046875,SAN DIEGO,CARLSBAD,-117.33385467529295,33.14778137207031
9289612,2021,2021-07-27,3711,2021-06-19,1842,SD1423,NA,6,5,7,3711,0,0,0,NA,0,122,HORNBLEND ST,INGRAHAM ST,10,E,N,A,-,N,NA,NA,NA,NA,NA,NA,NA,NA,NA,N,3,0,1,2,B,-,22,NA,NA,N,D,D,A,A,H,-,A,A,0,NA,NA,Y,NA,Y,NA,A,01,0,1,0,0,0,0,0,0,1,-,-,NA,NA,SAN DIEGO,SAN DIEGO,-117.24053192138672,32.798828125
9289620,2021,2021-08-03,3711,2021-06-26,1458,SD8377,NA,6,5,7,3711,0,0,0,NA,0,521,11TH AV,C ST,1,S,N,A,-,N,NA,NA,NA,NA,NA,NA,NA,NA,NA,N,3,0,1,1,A,-,03,22350,NA,N,F,A,A,A,A,-,A,A,0,NA,NA,NA,NA,Y,NA,-,NA,0,1,0,0,0,0,0,0,0,-,-,NA,NA,SAN DIEGO,SAN DIEGO,-117.15470886230467,32.7167854309082
92898418,2024,2024-07-30,9645,2024-07-21,1145,022243,NA,7,1,7,3711,0,1,1,NA,2,011,I-805 N/B,ADAMS AVE,1000,S,N,A,-,Y,SD,NA,805,NA,NA,16.761,H,NA,R,Y,4,0,1,3,A,-,03,22350,NA,N,C,C,A,A,H,-,A,D,0,NA,NA,NA,NA,Y,NA,A,01,0,0,1,0,0,0,0,0,0,-,-,32.76002883911133,-117.12638092041016,SAN DIEGO,SAN DIEGO,-117.1264419555664,32.76001739501953
9293031,2021,2021-08-09,3710,2021-06-25,1118,OC1211,NA,5,5,6,3710,0,0,0,NA,0,028,COLLEGE BL,AVENIDA EMPRESA,300,N,N,A,-,N,NA,NA,NA,NA,NA,NA,NA,NA,NA,Y,3,0,2,2,A,-,07,21658,A,N,B,C,A,A,H,-,A,A,0,NA,NA,NA,NA,Y,NA,A,01,0,1,1,0,0,0,0,0,0,-,-,NA,NA,SAN DIEGO,OCEANSIDE,-117.29097747802734,33.22267532348633
9293110,2021,2021-08-26,3711,2021-07-17,1659,SD7766,NA,6,5,7,3711,0,0,0,NA,0,524,8TH AV,BROADWAY,0,NA,Y,A,-,N,NA,NA,NA,NA,NA,NA,NA,NA,NA,Y,3,0,3,2,A,-,12,21453,A,N,D,C,A,A,H,-,A,A,0,NA,NA,NA,NA,Y,NA,A,01,0,1,2,0,0,0,0,0,0,-,-,NA,NA,SAN DIEGO,SAN DIEGO,-117.15740966796876,32.715721130371094
9293129,2021,2021-09-01,3711,2021-07-04,0129,SD7563,NA,7,5,7,3711,0,0,0,NA,0,522,1ST AV,1ST AV 600,0,NA,N,A,-,N,NA,NA,NA,NA,NA,NA,NA,NA,NA,N,3,0,1,2,A,-,09,21800,A,M,A,C,A,A,H,-,C,A,0,NA,NA,Y,NA,Y,Y,D,22,0,1,0,0,0,0,0,0,1,-,-,NA,NA,SAN DIEGO,SAN DIEGO,-122.2555923461914,37.79983901977539
9293159,2021,2021-09-01,3711,2021-07-17,1420,SD1423,NA,6,5,7,3711,0,0,0,NA,0,124,SEA RIDGE DR,LINDA WY,0,NA,Y,A,-,N,NA,NA,NA,NA,NA,NA,NA,NA,NA,N,3,0,2,2,A,-,08,22107,NA,N,G,B,E,A,H,-,A,D,0,Y,Y,NA,NA,Y,NA,L,04,0,1,1,0,1,0,1,0,0,-,-,NA,NA,SAN DIEGO,SAN DIEGO,-117.2661590576172,32.80841827392578
9293162,2021,2021-08-31,3711,2021-07-19,1139,SD7945,NA,1,5,7,3711,0,0,0,NA,0,832,41ST ST,UNIVERSITY AV,0,NA,Y,A,-,N,NA,NA,NA,NA,NA,NA,NA,NA,NA,N,4,0,1,2,A,-,04,21703,NA,N,C,C,A,A,H,-,A,A,0,NA,NA,NA,NA,Y,Y,-,NA,0,0,1,0,0,0,0,0,0,-,-,NA,NA,SAN DIEGO,SAN DIEGO,-117.10694122314452,32.74968719482422
9294306,2021,2021-09-02,3711,2021-07-12,1531,SD1521,NA,1,5,7,3711,0,0,0,NA,0,124,VIA CAPRI,HIDDEN VALLEY RD,0,NA,Y,A,-,N,NA,NA,NA,NA,NA,NA,NA,NA,NA,N,4,0,1,2,A,-,05,21650,NA,N,B,C,A,A,H,-,A,D,0,NA,NA,NA,NA,Y,NA,A,01,0,0,1,0,0,0,0,0,0,-,-,NA,NA,SAN DIEGO,SAN DIEGO,-117.24897003173828,32.84497833251953
9294830,2021,2021-09-28,3708,2021-07-04,0847,LM1256,NA,7,5,5,3708,0,0,0,NA,0,003,LAKE MURRAY BL,KIOWA DR,0,NA,Y,A,-,N,NA,NA,NA,NA,NA,NA,NA,NA,NA,N,4,0,1,2,A,-,12,21453,A,F,D,G,A,B,H,-,A,A,0,NA,Y,NA,NA,Y,NA,-,NA,0,0,1,0,0,0,1,0,0,-,-,NA,NA,SAN DIEGO,LA MESA,-117.0405731201172,32.77933120727539
9295430,2021,2021-08-04,3700,2021-06-04,1919,SH3095,NA,5,5,5,3781,0,0,0,NA,0,502,WOODRUFF WY,CARLTON OAKS DR,122,N,N,A,-,N,NA,NA,NA,NA,NA,NA,NA,NA,NA,N,3,0,1,2,A,-,09,21804,A,N,D,G,A,A,H,-,A,D,0,NA,Y,NA,NA,Y,NA,L,04,0,1,0,0,0,0,1,0,0,-,-,NA,NA,SAN DIEGO,SANTEE,-117.001220703125,32.845157623291016
9295493,2021,2021-08-10,3702,2021-06-10,1110,CV1306,NA,4,5,6,3702,0,0,0,NA,0,012,LAGOON DR,BAY BL,150,W,N,A,-,N,NA,NA,NA,NA,NA,NA,NA,NA,NA,Y,3,0,1,1,A,-,08,22107,NA,N,E,I,A,A,H,-,A,D,0,NA,NA,NA,NA,Y,NA,A,01,0,1,0,0,0,0,0,0,0,-,-,NA,NA,SAN DIEGO,CHULA VISTA,-117.09967803955078,32.6357307434082
9296065,2021,2021-08-02,3700,2021-04-29,1718,SH0055,NA,4,5,4,3720,0,0,0,NA,0,604,MADERA ST,PRIMERA ST,400,N,N,A,-,N,NA,NA,NA,NA,NA,NA,NA,NA,NA,Y,4,0,1,2,A,-,03,22350,NA,F,C,E,A,A,H,-,A,D,0,NA,NA,NA,NA,Y,NA,A,01,0,0,1,0,0,0,0,0,0,-,-,NA,NA,SAN DIEGO,LEMON GROVE,-117.04779052734376,32.721534729003906
9296445,2021,2021-09-02,3700,2021-07-16,0011,SH0272,NA,5,5,5,3712,0,0,0,NA,0,351,CAMINO DEL SOL,CORTE GALANTE CT,341,E,N,A,-,N,NA,NA,NA,NA,NA,NA,NA,NA,NA,Y,4,0,1,2,A,-,08,22107,NA,N,B,E,A,A,-,-,D,D,0,NA,NA,NA,NA,Y,NA,A,01,0,0,1,0,0,0,0,0,0,-,-,NA,NA,SAN DIEGO,SAN MARCOS,-117.18701171875,33.15740966796875
9296672,2021,2021-09-08,3711,2021-08-05,0644,D6390,NA,4,5,7,3711,0,0,0,NA,0,447,47TH ST,47TH ST 1300,0,NA,N,A,-,N,NA,NA,NA,NA,NA,NA,NA,NA,NA,Y,3,0,1,2,A,-,08,22107,NA,N,A,E,A,A,H,-,A,D,0,NA,NA,NA,NA,Y,NA,A,01,0,1,0,0,0,0,0,0,0,-,-,NA,NA,SAN DIEGO,SAN DIEGO,-117.09369659423828,32.70414733886719
9297042,2021,2021-09-21,3711,2021-07-31,1416,SD7875,NA,6,5,7,3711,0,0,0,NA,0,443,ETA ST,N HIGHLAND AV,0,NA,Y,A,-,N,NA,NA,NA,NA,NA,NA,NA,NA,NA,N,4,0,1,2,A,-,08,22107,NA,N,A,C,A,A,H,-,A,D,0,NA,NA,NA,NA,Y,NA,A,01,0,0,1,0,0,0,0,0,0,-,-,NA,NA,SAN DIEGO,SAN DIEGO,-117.10198974609376,32.686702728271484
9297296,2021,2021-08-25,3711,2021-07-27,1735,SD6969,NA,2,5,7,3711,0,0,0,NA,0,234,BERNARDO CENTER DR,FAIRHOPE RD,0,NA,Y,A,-,N,NA,NA,NA,NA,NA,NA,NA,NA,NA,Y,4,0,1,2,A,-,03,22350,NA,N,B,C,A,A,H,-,A,D,0,NA,NA,NA,Y,Y,NA,A,01,0,0,1,0,0,0,0,0,0,-,-,NA,NA,SAN DIEGO,SAN DIEGO,-117.07498168945313,33.03155517578125
9297377,2021,2021-09-07,3710,2021-07-14,1342,OC1358,NA,3,5,6,3710,0,0,0,NA,0,027,COLLEGE BL,THUNDER DR,958,S,N,A,-,N,NA,NA,NA,NA,NA,NA,NA,NA,NA,Y,4,0,1,2,A,-,03,22350,NA,N,C,C,A,A,H,-,A,A,0,NA,NA,NA,Y,Y,NA,A,01,0,0,1,0,0,0,0,0,0,-,-,NA,NA,SAN DIEGO,OCEANSIDE,-117.29078674316406,33.19760513305664
9297499,2021,2021-08-27,3711,2021-07-10,2100,SD1078,NA,6,5,7,3711,0,0,0,NA,0,615,WILLOW ST,WILLOW ST 1484,0,NA,N,A,-,N,NA,NA,NA,NA,NA,NA,NA,NA,NA,Y,3,0,1,1,A,-,12,22450,NA,N,H,I,A,A,H,-,D,A,0,NA,NA,NA,NA,Y,NA,A,01,0,1,0,0,0,0,0,0,0,-,-,NA,NA,SAN DIEGO,SAN DIEGO,-117.22648620605467,32.73270797729492
9297861,2021,2021-08-12,3700,2021-07-12,2036,SH3183,NA,1,5,5,3713,0,0,0,NA,0,307,EAST VISTA WY,ANZA AV,0,NA,Y,B,-,N,NA,NA,NA,NA,NA,NA,NA,NA,NA,Y,4,0,2,2,A,-,12,21453,A,M,D,C,A,A,H,-,C,A,0,NA,NA,NA,NA,Y,NA,A,01,0,0,2,0,0,0,0,0,0,-,-,NA,NA,SAN DIEGO,VISTA,-117.23207092285156,33.211090087890625
9298664,2021,2021-10-09,3711,2021-08-01,1727,SD7347,NA,7,5,7,3711,0,0,0,NA,0,512,S 31ST ST,LOGAN AV,66,N,N,A,-,N,NA,NA,NA,NA,NA,NA,NA,NA,NA,Y,3,0,1,2,B,-,22,NA,NA,N,F,E,A,A,H,-,A,D,0,NA,NA,NA,NA,Y,NA,A,01,0,1,0,0,0,0,0,0,0,-,-,NA,NA,SAN DIEGO,SAN DIEGO,-117.12733459472656,32.69721984863281
9299191,2021,2021-09-01,3711,2021-07-31,2100,SD7943,NA,6,5,7,3711,0,0,0,NA,0,123,FIESTA ISLAND RD,FIESTA ISLAND RD 1600,0,NA,-,A,-,N,NA,NA,NA,NA,NA,NA,NA,NA,NA,Y,3,0,3,2,A,-,08,22107,NA,N,C,E,A,A,H,-,D,D,0,NA,NA,NA,NA,Y,Y,A,01,0,1,2,0,0,0,0,0,0,-,-,NA,NA,SAN DIEGO,SAN DIEGO,NA,NA
9301285,2021,2021-08-19,3711,2021-05-13,0100,SD8695,NA,4,5,7,3711,0,0,0,NA,0,122,MISSION BL,SAN LUIS OBISPO PL,150,S,N,A,-,N,NA,NA,NA,NA,NA,NA,NA,NA,NA,N,3,0,1,2,A,-,08,22107,NA,N,E,E,A,A,H,-,C,A,0,NA,NA,NA,NA,Y,NA,M,94,0,1,0,0,0,0,0,0,0,-,-,NA,NA,SAN DIEGO,SAN DIEGO,-117.25231170654295,32.775840759277344
9301558,2021,2021-10-01,3710,2021-08-13,1700,OC1211,NA,5,5,6,3710,0,0,0,NA,0,030,CELESTE DR,JACQUELINE LN,17,E,N,A,-,N,NA,NA,NA,NA,NA,NA,NA,NA,NA,N,3,0,1,2,A,-,09,21800,B,N,D,G,A,A,H,-,A,D,0,NA,Y,NA,NA,Y,NA,A,01,0,1,0,0,0,0,1,0,0,-,-,NA,NA,SAN DIEGO,OCEANSIDE,-117.28898620605467,33.188838958740234
9303917,2021,2021-10-04,3711,2021-08-26,1412,SD7448,NA,4,5,7,3711,0,0,0,NA,0,515,IMPERIAL AV,28TH ST,300,E,N,A,-,N,NA,NA,NA,NA,NA,NA,NA,NA,NA,Y,4,0,1,3,A,-,06,21750,NA,N,C,C,E,A,H,-,A,D,0,Y,NA,NA,NA,Y,NA,A,01,0,0,1,0,1,0,0,0,0,-,-,NA,NA,SAN DIEGO,SAN DIEGO,-117.1329345703125,32.706382751464844
93050857,2024,2024-07-31,9680,2024-07-20,733,017928,NA,6,1,9,3700,0,1,3,NA,1,091,SR-78,WEEKEND VILLA ROAD,2112,W,N,A,-,Y,SD,NA,78,NA,NA,32.553,H,NA,R,Y,4,0,2,2,A,-,03,22350,NA,N,C,C,A,A,H,-,A,D,0,NA,NA,NA,NA,Y,NA,A,01,0,0,2,0,0,0,0,0,0,-,-,33.07001876831055,-116.89285278320313,SAN DIEGO,UNINCORPORATED,-116.89285278320313,33.06998825073242
9306122,2021,2021-08-27,3702,2021-06-06,2000,CV1056,NA,7,5,6,3702,0,0,0,NA,0,031,BONITA RD,BILLY CASPER WAY,32,E,N,A,-,N,NA,NA,NA,NA,NA,NA,NA,NA,NA,Y,4,0,2,2,A,-,01,23152,A,N,C,C,A,A,H,-,C,A,0,NA,NA,NA,NA,Y,Y,D,22,0,0,2,0,0,0,0,0,0,-,-,NA,NA,SAN DIEGO,CHULA VISTA,-117.0336685180664,32.66060256958008
9310427,2021,2021-10-02,3711,2021-08-01,1927,SD7251,NA,7,5,7,3711,0,0,0,NA,0,825,FIRMOUNT AV,MISSION GORGE RD,0,NA,Y,-,-,N,NA,NA,NA,NA,NA,NA,NA,NA,NA,N,4,0,1,2,A,-,03,22350,NA,M,C,C,A,A,-,-,-,D,0,NA,NA,NA,NA,Y,NA,A,01,0,0,1,0,0,0,0,0,0,-,-,NA,NA,SAN DIEGO,SAN DIEGO,-117.10155487060548,32.78019714355469
9314192,2021,2021-10-16,3705,2021-08-07,1455,EX0383,NA,6,5,5,3705,0,0,0,NA,0,004,E LEXINGTON AV,BALLARD ST,321,W,N,A,-,N,NA,NA,NA,NA,NA,NA,NA,NA,NA,Y,4,0,1,4,A,-,03,22350,NA,N,C,C,A,A,H,-,A,D,0,NA,NA,NA,NA,Y,NA,A,01,0,0,1,0,0,0,0,0,0,-,-,NA,NA,SAN DIEGO,EL CAJON,-116.9424057006836,32.79265594482422
9314269,2021,2021-10-14,3711,2021-08-16,0907,SD1481,NA,1,5,7,3711,0,0,0,NA,0,833,CHAMOUNE AV,MYRTLE AV,0,NA,Y,A,-,N,NA,NA,NA,NA,NA,NA,NA,NA,NA,Y,4,0,1,2,A,-,-,NA,NA,M,D,C,A,A,H,-,A,C,0,NA,NA,NA,NA,Y,NA,-,NA,0,0,1,0,0,0,0,0,0,-,-,NA,NA,SAN DIEGO,SAN DIEGO,-117.09669494628906,32.74211883544922
9314403,2021,2021-10-14,3711,2021-08-03,1240,SD6259,NA,2,5,7,3711,0,0,0,NA,0,446,S EUCLID,LA PAZ,109,S,N,A,-,N,NA,NA,NA,NA,NA,NA,NA,NA,NA,Y,3,0,1,2,A,-,09,21801,A,N,D,C,A,A,D,-,A,D,0,NA,NA,NA,NA,Y,NA,A,01,0,1,0,0,0,0,0,0,0,-,-,NA,NA,SAN DIEGO,SAN DIEGO,-117.08509826660156,32.69776153564453
9316337,2021,2021-09-22,3711,2021-08-06,1704,HB6266,NA,5,5,7,3711,0,0,0,NA,0,503,NORTH HARBOR DR,HARBOR ISLAND DR,0,NA,N,A,-,N,NA,NA,NA,NA,NA,NA,NA,NA,NA,N,4,0,1,3,A,-,03,22350,NA,N,C,C,A,A,H,-,A,A,0,NA,NA,NA,NA,Y,NA,A,01,0,0,1,0,0,0,0,0,0,-,-,NA,NA,SAN DIEGO,SAN DIEGO,-117.1951904296875,32.72929382324219
9316364,2021,2021-09-18,3711,2021-08-24,1019,SD1564,NA,2,5,7,3711,0,0,0,NA,0,517,B ST,22ND ST,0,NA,Y,A,-,N,NA,NA,NA,NA,NA,NA,NA,NA,NA,Y,3,0,1,2,A,-,09,21802,A,N,B,A,A,A,H,-,A,D,0,NA,NA,NA,NA,Y,NA,A,01,0,1,0,0,0,0,0,0,0,-,-,NA,NA,SAN DIEGO,SAN DIEGO,-117.14404296875,32.71788787841797
9317184,2021,2021-09-23,3711,2021-08-19,2010,SD7288,NA,4,5,7,3711,0,0,0,NA,0,722,CORONADO AV,SATURN BL,0,NA,Y,A,-,N,NA,NA,NA,NA,NA,NA,NA,NA,NA,Y,4,0,2,2,A,-,12,21453,A,N,F,C,A,A,H,-,C,A,0,NA,NA,NA,NA,Y,NA,D,22,0,0,2,0,0,0,0,0,0,-,-,NA,NA,SAN DIEGO,SAN DIEGO,-117.09273529052734,32.576499938964844
9318178,2021,2021-10-02,3700,2021-08-31,0441,SH3157,NA,2,5,5,3713,0,0,0,NA,0,312,SOUTH MELROSE DR,HACIENDA CIR,0,NA,Y,A,-,N,NA,NA,NA,NA,NA,NA,NA,NA,NA,Y,2,0,1,2,D,-,00,NA,NA,N,B,C,A,A,H,-,C,A,0,NA,NA,NA,NA,Y,NA,-,-,1,0,0,0,0,0,0,0,0,-,-,NA,NA,SAN DIEGO,VISTA,-117.2536163330078,33.193702697753906
9318180,2021,2021-10-02,3700,2021-08-01,1950,SH7085,NA,7,5,5,3713,0,0,0,NA,0,312,POMELO DR,HACINEDA DR,285,S,N,B,-,N,NA,NA,NA,NA,NA,NA,NA,NA,NA,Y,4,0,1,3,A,-,03,22350,NA,N,C,C,A,A,H,-,B,D,0,NA,NA,NA,NA,Y,NA,A,01,0,0,1,0,0,0,0,0,0,-,-,NA,NA,SAN DIEGO,VISTA,-117.26421356201172,33.19245529174805
9319261,2021,2021-10-04,3711,2021-08-22,1246,SD1251,NA,7,5,7,3711,0,0,0,NA,0,111,ASHFORD ST,ASHFORD ST 3475,0,NA,-,B,-,N,NA,NA,NA,NA,NA,NA,NA,NA,NA,N,3,0,1,1,A,-,03,22350,NA,N,E,J,A,A,H,-,A,A,0,NA,NA,NA,NA,Y,NA,A,01,0,1,0,0,0,0,0,0,0,-,-,NA,NA,SAN DIEGO,SAN DIEGO,-117.1594009399414,32.80249786376953
9319262,2021,2021-10-04,3711,2021-08-23,1950,SD1506,NA,1,5,7,3711,0,0,0,NA,0,242,CAMINO RUIZ,CAMINO RUIZ 10600,0,NA,-,A,B,N,NA,NA,NA,NA,NA,NA,NA,NA,NA,Y,2,0,1,2,A,-,07,21658,A,N,C,C,A,A,H,-,B,A,0,NA,NA,Y,NA,Y,Y,C,02,1,0,0,0,0,0,0,0,1,-,-,NA,NA,SAN DIEGO,SAN DIEGO,NA,NA