CASE_ID,ACCIDENT_YEAR,PROC_DATE,JURIS,COLLISION_DATE,COLLISION_TIME,OFFICER_ID,REPORTING_DISTRICT,DAY_OF_WEEK,CHP_SHIFT,POPULATION,CNTY_CITY_LOC,SPECIAL_COND,BEAT_TYPE,CHP_BEAT_TYPE,CITY_DIVISION_LAPD,CHP_BEAT_CLASS,BEAT_NUMBER,PRIMARY_RD,SECONDARY_RD,DISTANCE,DIRECTION,INTERSECTION,WEATHER_1,WEATHER_2,STATE_HWY_IND,CALTRANS_COUNTY,CALTRANS_DISTRICT,STATE_ROUTE,ROUTE_SUFFIX,POSTMILE_PREFIX,POSTMILE,LOCATION_TYPE,RAMP_INTERSECTION,SIDE_OF_HWY,TOW_AWAY,COLLISION_SEVERITY,NUMBER_KILLED,NUMBER_INJURED,PARTY_COUNT,PRIMARY_COLL_FACTOR,PCF_CODE_OF_VIOL,PCF_VIOL_CATEGORY,PCF_VIOLATION,PCF_VIOL_SUBSECTION,HIT_AND_RUN,TYPE_OF_COLLISION,MVIW,PED_ACTION,ROAD_SURFACE,ROAD_COND_1,ROAD_COND_2,LIGHTING,CONTROL_DEVICE,CHP_ROAD_TYPE,PEDESTRIAN_ACCIDENT,BICYCLE_ACCIDENT,MOTORCYCLE_ACCIDENT,TRUCK_ACCIDENT,NOT_PRIVATE_PROPERTY,ALCOHOL_INVOLVED,STWD_VEHTYPE_AT_FAULT,CHP_VEHTYPE_AT_FAULT,COUNT_SEVERE_INJ,COUNT_VISIBLE_INJ,COUNT_COMPLAINT_PAIN,COUNT_PED_KILLED,COUNT_PED_INJURED,COUNT_BICYCLIST_KILLED,COUNT_BICYCLIST_INJURED,COUNT_MC_KILLED,COUNT_MC_INJURED,PRIMARY_RAMP,SECONDARY_RAMP,LATITUDE,LONGITUDE,COUNTY,CITY,POINT_X,POINT_Y
9586119,2023,2023-06-06,3708,2023-04-25,1000,LM1206,NA,2,5,5,3708,0,0,0,NA,0,001,WAITE DR,HARRIS ST,0,NA,Y,A,-,N,NA,NA,NA,NA,NA,NA,NA,NA,NA,N,4,0,1,2,A,-,12,22450,A,N,C,G,A,A,H,-,A,D,0,NA,Y,NA,NA,Y,NA,L,04,0,0,1,0,0,0,1,0,0,-,-,NA,NA,SAN DIEGO,LA MESA,-117.03931427001952,32.74628448486328
9586180,2023,2023-06-08,3711,2023-05-24,2243,SD1816,NA,3,5,7,3711,0,0,0,NA,0,433,64TH ST,64TH ST 715,3,W,N,B,-,N,NA,NA,NA,NA,NA,NA,NA,NA,NA,Y,4,0,1,2,A,-,08,22107,NA,M,A,C,A,A,H,-,D,D,0,NA,NA,NA,NA,Y,Y,D,22,0,0,1,0,0,0,0,0,0,-,-,NA,NA,SAN DIEGO,SAN DIEGO,NA,NA
9587163,2023,2023-08-29,3711,2023-08-04,2218,SD1236,NA,5,5,7,3711,0,0,0,NA,0,447,HOME AV,45TH ST,248,E,N,A,-,N,NA,NA,NA,NA,NA,NA,NA,NA,NA,Y,2,0,3,2,A,-,05,21460,C,N,D,C,A,A,H,-,C,D,0,NA,NA,Y,NA,Y,NA,A,07,1,2,0,0,0,0,0,0,1,-,-,NA,NA,SAN DIEGO,SAN DIEGO,-117.09674072265624,32.7314567565918
9587489,2023,2023-07-13,3711,2023-05-19,946,SD6532,NA,5,5,7,3711,0,0,0,NA,0,931,MIRAMAR RD,EASTGATE MALL,0,NA,Y,B,-,N,NA,NA,NA,NA,NA,NA,NA,NA,NA,Y,4,0,1,2,A,-,08,22107,NA,N,B,C,A,A,H,-,A,A,0,NA,NA,NA,Y,Y,NA,A,01,0,0,1,0,0,0,0,0,0,-,-,NA,NA,SAN DIEGO,SAN DIEGO,-117.18631744384766,32.87685775756836
9589349,2023,2023-06-08,3711,2023-05-30,1909,SD6000,NA,2,5,7,3711,0,0,0,NA,0,116,CLAIREMONT DR,DENVER ST,31,E,N,B,-,N,NA,NA,NA,NA,NA,NA,NA,NA,NA,N,4,0,1,2,A,-,03,22350,NA,M,C,C,A,A,H,-,A,A,0,NA,NA,NA,NA,Y,NA,-,99,0,0,1,0,0,0,0,0,0,-,-,NA,NA,SAN DIEGO,SAN DIEGO,-117.20320129394533,32.7904167175293
9589360,2023,2023-06-08,3711,2023-05-26,2057,SD1605,NA,5,5,7,3711,0,0,0,NA,0,122,LORING ST,CASS ST,0,NA,Y,A,-,N,NA,NA,NA,NA,NA,NA,NA,NA,NA,Y,4,0,1,2,A,-,12,22450,A,N,C,C,A,A,H,-,D,A,0,NA,NA,NA,NA,Y,Y,A,01,0,0,1,0,0,0,0,0,0,-,-,NA,NA,SAN DIEGO,SAN DIEGO,-117.25440216064452,32.80580139160156
9589844,2023,2023-07-25,3711,2023-06-12,632,SD7208,NA,1,5,7,3711,0,0,0,NA,0,241,SCRIPPS RANCH BL,SCRIPPS RANCH BL 10700,0,NA,Y,B,-,N,NA,NA,NA,NA,NA,NA,NA,NA,NA,Y,4,0,2,2,D,-,00,NA,NA,N,D,C,A,A,H,-,A,A,0,NA,NA,NA,NA,Y,NA,-,-,0,0,2,0,0,0,0,0,0,-,-,NA,NA,SAN DIEGO,SAN DIEGO,-117.10903167724608,32.90522384643555
9589865,2023,2023-08-02,3711,2023-06-09,955,SD7980,NA,5,5,7,3711,0,0,0,NA,0,242,MIRA MESA BL,RT 15,0,NA,Y,A,-,Y,SD,11,15,-,M,16.183,R,4,S,N,4,0,1,1,A,-,03,22350,NA,N,H,-,A,A,H,-,C,A,0,NA,NA,Y,NA,Y,NA,C,02,0,0,1,0,0,0,0,0,1,-,SF,NA,NA,SAN DIEGO,SAN DIEGO,-117.11583709716795,32.9206428527832
9589871,2023,2023-07-20,3711,2023-06-07,2040,SD1610,NA,3,5,7,3711,0,0,0,NA,0,315,FRIARS RD,FRAZEE RD,300,W,N,A,-,N,NA,NA,NA,NA,NA,NA,NA,NA,NA,Y,4,0,1,3,A,-,03,22350,NA,N,C,C,A,A,H,-,C,D,0,NA,NA,NA,NA,Y,NA,A,01,0,0,1,0,0,0,0,0,0,-,-,NA,NA,SAN DIEGO,SAN DIEGO,-117.15828704833984,32.77222442626953
9590427,2023,2023-06-29,3700,2023-04-04,1538,SH3684,NA,2,5,5,3713,0,0,0,NA,0,304,MARYLAND DR,OLIVE AV,91,N,N,A,-,N,NA,NA,NA,NA,NA,NA,NA,NA,NA,N,4,0,1,4,A,-,13,22515,A,N,B,E,A,A,H,-,A,D,0,NA,NA,NA,NA,Y,NA,A,01,0,0,1,0,0,0,0,0,0,-,-,NA,NA,SAN DIEGO,VISTA,-117.25966644287108,33.204933166503906
9590450,2023,2023-07-03,3702,2023-04-20,1507,CV1337,NA,4,5,6,3702,0,0,0,NA,0,041,LA MEDIA,TELEGRAPH CANYON RD,30,S,N,A,-,N,NA,NA,NA,NA,NA,NA,NA,NA,NA,N,3,0,1,1,A,-,03,22350,NA,N,H,I,A,A,G,-,A,A,0,NA,NA,Y,NA,Y,NA,C,02,0,1,0,0,0,0,0,0,1,-,-,NA,NA,SAN DIEGO,CHULA VISTA,-116.9903564453125,32.638572692871094
9590604,2023,2023-07-25,3711,2023-06-02,1905,SD7615,NA,5,5,7,3711,0,0,0,NA,0,432,LOS ALAMOS DR,LOS ALAMOS DR 200,0,NA,N,A,-,N,NA,NA,NA,NA,NA,NA,NA,NA,NA,N,4,0,1,2,A,-,08,22107,NA,N,B,C,A,A,H,-,A,D,0,NA,NA,NA,NA,Y,NA,A,01,0,0,1,0,0,0,0,0,0,-,-,NA,NA,SAN DIEGO,SAN DIEGO,NA,NA
9591542,2023,2023-07-18,3700,2023-05-03,1027,SH3871,NA,3,5,4,3780,0,0,0,NA,0,411,VICTORIA ESTATES LN,TWIN PEAKS RD,0,NA,Y,A,-,N,NA,NA,NA,NA,NA,NA,NA,NA,NA,N,4,0,1,2,A,-,05,21650,1,N,D,G,A,A,H,-,A,A,0,NA,Y,NA,NA,Y,NA,L,04,0,0,1,0,0,0,1,0,0,-,-,NA,NA,SAN DIEGO,POWAY,-117.03961181640624,32.976016998291016
9591798,2023,2023-07-17,3700,2023-06-02,1825,SH0876,NA,5,5,5,3713,0,0,0,NA,0,306,TOWNSITE DR,E INDIAN ROCK RD,0,NA,Y,B,-,N,NA,NA,NA,NA,NA,NA,NA,NA,NA,N,4,0,2,2,D,-,00,NA,NA,N,D,C,A,A,H,-,A,D,0,NA,NA,NA,NA,Y,NA,-,-,0,0,2,0,0,0,0,0,0,-,-,NA,NA,SAN DIEGO,VISTA,-117.23825073242188,33.21239471435547
9592034,2023,2023-06-19,3700,2023-05-27,1530,SH5543,NA,6,5,2,3704,0,0,0,NA,0,292,CAMINO DEL MAR,VIA DE LA VALLE,747,S,N,A,-,N,NA,NA,NA,NA,NA,NA,NA,NA,NA,Y,3,0,1,2,A,-,04,21703,NA,N,C,C,A,A,H,-,A,D,0,NA,NA,NA,NA,Y,NA,A,01,0,1,0,0,0,0,0,0,0,-,-,NA,NA,SAN DIEGO,DEL MAR,-117.26918792724608,32.97819900512695
9592655,2023,2023-06-28,3710,2023-06-08,830,OC1539,NA,4,5,6,3710,0,0,0,NA,0,011,CROUCH ST,APPLE ST,228,S,N,A,B,N,NA,NA,NA,NA,NA,NA,NA,NA,NA,N,3,0,1,2,A,-,09,21801,A,N,D,G,A,A,H,-,A,D,0,NA,Y,NA,NA,Y,NA,A,01,0,1,0,0,0,0,1,0,0,-,-,NA,NA,SAN DIEGO,OCEANSIDE,-117.35369873046876,33.19623565673828
9594839,2023,2023-07-11,3708,2023-05-26,1939,LM1309,NA,5,5,5,3708,0,0,0,NA,0,003,FLETCHER PKWY,OLD BALTIMORE RD,0,NA,Y,A,-,N,NA,NA,NA,NA,NA,NA,NA,NA,NA,Y,3,0,1,2,A,-,09,21804,A,N,D,C,A,A,H,-,B,A,0,NA,NA,NA,NA,Y,NA,A,01,0,1,0,0,0,0,0,0,0,-,-,NA,NA,SAN DIEGO,LA MESA,-117.0286102294922,32.77374267578125
9595117,2023,2023-07-25,3700,2023-06-24,2335,SH3468,NA,6,5,5,3782,0,0,0,NA,0,206,NORTH EL CAMINO REAL,LEUCADIA BL,0,NA,Y,A,-,N,NA,NA,NA,NA,NA,NA,NA,NA,NA,Y,4,0,3,2,A,-,01,23152,A,N,C,C,A,B,H,-,C,A,0,NA,NA,NA,NA,Y,Y,A,01,0,0,3,0,0,0,0,0,0,-,-,NA,NA,SAN DIEGO,ENCINITAS,-117.26239776611328,33.067684173583984
9596638,2023,2023-08-04,3705,2023-06-02,1225,EC0432,NA,5,5,5,3705,0,0,0,NA,0,002,BROADWAY,BALLANTYNE ST,0,NA,Y,A,-,N,NA,NA,NA,NA,NA,NA,NA,NA,NA,N,2,0,1,2,A,-,03,22350,NA,N,G,B,B,A,H,-,A,A,0,Y,NA,NA,NA,Y,Y,A,01,1,0,0,0,1,0,0,0,0,-,-,NA,NA,SAN DIEGO,EL CAJON,-116.95813751220705,32.807682037353516
9597057,2023,2023-08-08,3703,2023-07-08,1200,1312,3,6,5,3,3703,0,0,0,NA,0,003,10TH ST,C AV,147,W,N,A,-,N,NA,NA,NA,NA,NA,NA,NA,NA,NA,N,3,0,1,2,A,-,09,21804,A,N,H,G,A,A,H,-,A,D,0,NA,Y,NA,NA,Y,NA,A,01,0,1,0,0,0,0,1,0,0,-,-,32.68571853637695,-117.17978668212892,SAN DIEGO,CORONADO,-117.1790771484375,32.68558120727539
9597185,2023,2023-08-01,3710,2023-05-09,1306,OC1185,NA,2,5,6,3710,0,0,0,NA,0,037,PLAZA DR,COLLEGE BL,790,E,N,A,-,N,NA,NA,NA,NA,NA,NA,NA,NA,NA,Y,4,0,1,2,D,-,00,NA,NA,N,C,C,A,A,H,-,A,A,0,NA,NA,NA,NA,Y,NA,-,-,0,0,1,0,0,0,0,0,0,-,-,NA,NA,SAN DIEGO,OCEANSIDE,-117.29381561279295,33.18204116821289
9597457,2023,2023-08-07,3710,2023-06-29,2135,OC1529,NA,4,5,6,3710,0,0,0,NA,0,036,OCEANSIDE BL,TEMPLE HEIGHTS DR,15,W,N,A,-,N,NA,NA,NA,NA,NA,NA,NA,NA,NA,N,4,0,1,2,A,-,03,22350,NA,F,C,C,A,A,-,-,C,A,0,NA,NA,NA,NA,Y,NA,-,NA,0,0,1,0,0,0,0,0,0,-,-,NA,NA,SAN DIEGO,OCEANSIDE,-117.27065277099608,33.21668243408203
9597810,2023,2023-07-27,3710,2023-06-24,1515,OC1363,NA,6,5,6,3710,0,0,0,NA,0,018,CALLE MARIPOSA,CALLE SOLIMAR,0,NA,Y,A,-,N,NA,NA,NA,NA,NA,NA,NA,NA,NA,N,2,0,1,1,A,-,03,22350,NA,N,F,A,A,A,H,-,A,D,0,NA,NA,Y,NA,Y,NA,C,02,1,0,0,0,0,0,0,0,1,-,-,NA,NA,SAN DIEGO,OCEANSIDE,-117.30789947509766,33.247825622558594
9598482,2023,2023-08-07,3711,2023-07-01,956,SD7156,NA,6,5,7,3711,0,0,0,NA,0,518,FERN ST,DATE ST,0,NA,Y,A,-,N,NA,NA,NA,NA,NA,NA,NA,NA,NA,Y,3,0,1,2,A,-,09,21801,A,N,D,C,A,A,H,-,A,D,0,NA,NA,Y,NA,Y,NA,A,01,0,1,0,0,0,0,0,0,1,-,-,NA,NA,SAN DIEGO,SAN DIEGO,-117.12925720214844,32.723388671875
9598565,2023,2023-07-18,3700,2023-05-27,1538,SH4238,NA,6,5,4,3720,0,0,0,NA,0,602,NEW JERSEY AV,PACIFIC AV,0,NA,Y,A,-,N,NA,NA,NA,NA,NA,NA,NA,NA,NA,Y,4,0,2,2,A,-,12,22450,A,N,D,C,A,A,H,-,A,D,0,NA,NA,NA,Y,Y,NA,A,01,0,0,2,0,0,0,0,0,0,-,-,NA,NA,SAN DIEGO,LEMON GROVE,-117.0363998413086,32.741676330566406
9598810,2024,2024-04-03,3711,2024-01-07,1630,SD1993,NA,7,5,7,3711,0,0,0,NA,0,326,MONTEZUMA RD,COLLWOOD BL,3,N,N,A,G,N,NA,NA,NA,NA,NA,NA,NA,NA,NA,N,4,0,1,2,A,-,04,21703,NA,M,C,C,A,A,H,-,A,A,0,NA,NA,NA,NA,Y,NA,-,99,0,0,1,0,0,0,0,0,0,-,-,NA,NA,SAN DIEGO,SAN DIEGO,-117.08599853515624,32.77007293701172
9598814,2024,2024-04-03,3711,2024-01-07,940,SD7774,NA,7,5,7,3711,0,0,0,NA,0,434,IMPERIAL AV,VIEWCREST DR,0,NA,Y,A,-,N,NA,NA,NA,NA,NA,NA,NA,NA,NA,Y,3,0,2,2,A,-,09,21800,C,N,D,C,A,A,H,-,A,D,0,NA,NA,NA,NA,Y,NA,A,01,0,1,1,0,0,0,0,0,0,-,-,NA,NA,SAN DIEGO,SAN DIEGO,-117.04492950439452,32.71672821044922
9599748,2023,2023-08-09,3711,2023-07-03,1155,SD6418,NA,1,5,7,3711,0,0,0,NA,0,122,OLNEY ST,PACIFIC BEACH DR,0,NA,Y,A,-,N,NA,NA,NA,NA,NA,NA,NA,NA,NA,N,3,0,1,1,D,-,00,NA,NA,N,H,A,A,A,A,B,A,A,0,NA,Y,NA,NA,Y,NA,-,-,0,1,0,0,0,0,1,0,0,-,-,NA,NA,SAN DIEGO,SAN DIEGO,-117.22816467285156,32.79657745361328
9599749,2023,2023-08-09,3711,2023-07-12,2241,SD1536,NA,3,5,7,3711,0,0,0,NA,0,934,EAST OCEAN AIR DR,CARMEL MOUNTAIN RD,0,NA,Y,A,-,N,NA,NA,NA,NA,NA,NA,NA,NA,NA,Y,4,0,2,1,A,-,03,22350,NA,N,E,I,A,A,H,-,C,A,0,NA,NA,NA,NA,Y,Y,A,01,0,0,2,0,0,0,0,0,0,-,-,NA,NA,SAN DIEGO,SAN DIEGO,-117.21614074707033,32.92144012451172
9599851,2023,2023-08-10,3711,2023-07-09,1333,SD7694,NA,7,5,7,3711,0,0,0,NA,0,122,BAYSIDE WALK,WEST MISSION BAY DR,350,N,N,-,-,N,NA,NA,NA,NA,NA,NA,NA,NA,NA,N,3,0,1,1,A,-,08,22107,NA,N,H,G,A,-,-,-,-,-,0,NA,Y,NA,NA,Y,NA,L,04,0,1,0,0,0,0,1,0,0,-,-,NA,NA,SAN DIEGO,SAN DIEGO,-117.24966430664063,32.7728271484375
9599875,2023,2024-02-14,3711,2023-07-03,2030,SD1728,NA,1,5,7,3711,0,0,0,NA,0,614,EBERS ST,EBERS ST 1770,0,NA,Y,B,-,N,NA,NA,NA,NA,NA,NA,NA,NA,NA,Y,4,0,1,3,A,-,-,NA,NA,M,D,C,A,A,H,-,C,D,0,NA,NA,NA,NA,Y,NA,-,99,0,0,1,0,0,0,0,0,0,-,-,NA,NA,SAN DIEGO,SAN DIEGO,NA,NA
9599899,2023,2023-08-09,3711,2023-07-18,355,SD6862,NA,2,5,7,3711,0,0,0,NA,0,515,K ST,26TH ST,0,NA,Y,A,-,N,NA,NA,NA,NA,NA,NA,NA,NA,NA,N,3,0,2,2,A,-,12,22450,A,M,D,G,A,A,H,-,A,D,0,NA,Y,NA,NA,Y,NA,L,04,0,2,0,0,0,0,1,0,0,-,-,NA,NA,SAN DIEGO,SAN DIEGO,-117.13813018798828,32.708431243896484
9600515,2023,2023-08-08,3711,2023-07-05,2105,SD1193,NA,3,5,7,3711,0,0,0,NA,0,438,POTOMAC ST,FLINTRIDGE DR,269,W,N,A,-,N,NA,NA,NA,NA,NA,NA,NA,NA,NA,Y,3,0,3,7,A,-,08,38314,NA,N,B,E,A,A,H,-,C,D,0,NA,NA,NA,NA,Y,Y,A,01,0,1,2,0,0,0,0,0,0,-,-,NA,NA,SAN DIEGO,SAN DIEGO,-117.06938934326172,32.67662048339844
9600822,2023,2023-08-03,3711,2023-07-22,1858,SD1397,NA,6,5,7,3711,0,0,0,NA,0,614,VOLTAIRE ST,SUNSET CLIFFS BL,264,E,N,A,-,N,NA,NA,NA,NA,NA,NA,NA,NA,NA,N,3,0,3,2,A,-,06,21750,NA,N,A,C,A,A,H,-,A,D,0,NA,NA,NA,NA,Y,NA,A,01,0,3,0,0,0,0,0,0,0,-,-,NA,NA,SAN DIEGO,SAN DIEGO,-117.2424545288086,32.749488830566406
9600841,2023,2023-08-03,3711,2023-07-24,14,SD1513,NA,1,5,7,3711,0,0,0,NA,0,825,FAIRMOUNT AV,FAIRMOUNT AV 4600,0,NA,Y,B,-,N,NA,NA,NA,NA,NA,NA,NA,NA,NA,N,4,0,1,2,A,-,11,21954,A,N,B,B,E,A,H,-,D,D,0,Y,NA,NA,NA,Y,NA,N,60,0,0,1,0,1,0,0,0,0,-,-,NA,NA,SAN DIEGO,SAN DIEGO,-117.10155487060548,32.78019714355469
9601202,2023,2023-08-14,3700,2023-07-01,1937,SH0012,NA,6,5,5,3782,0,0,0,NA,0,210,N COAST HWY 101,PHOEBE ST,75,S,N,A,-,N,NA,NA,NA,NA,NA,NA,NA,NA,NA,N,3,0,1,1,A,-,03,22350,NA,N,H,-,A,A,H,-,B,D,0,NA,Y,NA,NA,Y,Y,L,04,0,1,0,0,0,0,1,0,0,-,-,NA,NA,SAN DIEGO,ENCINITAS,-117.30378723144533,33.0692138671875
9601588,2023,2023-09-05,3711,2023-08-20,840,SD7983,NA,7,5,7,3711,0,0,0,NA,0,826,EL CAJON BL,52ND ST,0,NA,Y,B,C,N,NA,NA,NA,NA,NA,NA,NA,NA,NA,N,3,0,1,2,A,-,12,21453,A,M,D,G,A,B,H,-,A,A,0,NA,Y,NA,NA,Y,NA,L,04,0,1,0,0,0,0,1,0,0,-,-,NA,NA,SAN DIEGO,SAN DIEGO,-117.08359527587892,32.75723648071289
9601695,2023,2023-09-07,3710,2023-08-25,722,OC1487,NA,5,5,6,3710,0,0,0,NA,0,035,COLLEGE BL,OCEANSIDE BL,546,N,N,A,-,N,NA,NA,NA,NA,NA,NA,NA,NA,NA,N,3,0,2,2,D,-,00,NA,NA,N,A,C,A,A,H,-,A,D,0,NA,NA,NA,NA,Y,NA,-,-,0,1,1,0,0,0,0,0,0,-,-,NA,NA,SAN DIEGO,OCEANSIDE,-117.28504180908205,33.20862579345703
9601836,2023,2023-09-14,3710,2023-08-23,734,OC1487,NA,3,5,6,3710,0,0,0,NA,0,017,NORTH RIVER RD,FESTIVAL DR,22,W,N,A,-,N,NA,NA,NA,NA,NA,NA,NA,NA,NA,N,3,0,3,3,A,-,08,22107,NA,N,A,C,A,A,H,-,A,D,0,NA,NA,NA,NA,Y,NA,A,01,0,1,2,0,0,0,0,0,0,-,-,NA,NA,SAN DIEGO,OCEANSIDE,-117.3171615600586,33.2452507019043
9602160,2023,2023-08-18,3700,2023-07-13,1754,SH0712,NA,4,5,4,3720,0,0,0,NA,0,606,SAN MIGUEL AV,MAIN ST,0,NA,Y,A,-,N,NA,NA,NA,NA,NA,NA,NA,NA,NA,N,4,0,1,2,A,-,09,21802,A,N,D,C,A,A,H,-,A,A,0,NA,NA,NA,NA,Y,NA,A,01,0,0,1,0,0,0,0,0,0,-,-,NA,NA,SAN DIEGO,LEMON GROVE,-117.03225708007813,32.73483657836914
9602904,2023,2023-08-11,3702,2023-07-17,1,CV1424,NA,1,5,6,3702,0,0,0,NA,0,024,SEQUOIA ST,POINT MUGU CT,52,W,N,A,-,N,NA,NA,NA,NA,NA,NA,NA,NA,NA,Y,3,0,1,4,A,-,01,23152,A,M,A,E,A,A,H,-,C,D,0,NA,NA,NA,NA,Y,Y,D,22,0,1,0,0,0,0,0,0,0,-,-,NA,NA,SAN DIEGO,CHULA VISTA,-117.02558135986328,32.602333068847656
9603116,2023,2023-07-27,3702,2023-06-07,1815,CV1368,NA,3,5,6,3702,0,0,0,NA,0,011,BROADWAY AV,SEA VALE ST,25,S,N,A,-,N,NA,NA,NA,NA,NA,NA,NA,NA,NA,Y,2,0,1,2,A,-,03,22350,NA,N,C,C,A,A,H,-,A,D,0,NA,NA,Y,NA,Y,NA,A,08,1,0,0,0,0,0,0,0,1,-,-,NA,NA,SAN DIEGO,CHULA VISTA,-117.09580993652344,32.64730453491211
9603356,2023,2023-08-07,3702,2023-06-14,2152,CV1429,NA,3,5,6,3702,0,0,0,NA,0,021,PALOMAR ST,ORANGE,7,E,N,A,-,N,NA,NA,NA,NA,NA,NA,NA,NA,NA,N,4,0,1,2,A,-,08,22107,NA,N,G,B,B,A,H,-,C,A,0,Y,NA,NA,NA,Y,NA,A,08,0,0,1,0,1,0,0,0,0,-,-,NA,NA,SAN DIEGO,CHULA VISTA,-117.07765197753906,32.60364532470703
9603526,2023,2023-08-10,3702,2023-07-01,1530,CV1352,NA,6,5,6,3702,0,0,0,NA,0,024,ANITA ST,FOURTH AV,333,E,N,A,-,N,NA,NA,NA,NA,NA,NA,NA,NA,NA,N,4,0,1,2,A,-,08,22107,NA,N,D,G,A,A,H,-,A,D,0,NA,Y,NA,NA,Y,NA,L,04,0,0,1,0,0,0,1,0,0,-,-,NA,NA,SAN DIEGO,CHULA VISTA,-117.0679931640625,32.59846115112305
9603995,2023,2023-08-14,3711,2023-07-17,1457,SD1026,NA,1,5,7,3711,0,0,0,NA,0,315,CAMINO DEL RIO S,CAMINO DEL RIO S 2800,50,N,N,A,-,N,NA,NA,NA,NA,NA,NA,NA,NA,NA,Y,3,0,2,2,A,-,08,22107,NA,N,D,C,A,A,H,-,A,D,0,NA,NA,NA,NA,Y,NA,A,01,0,1,1,0,0,0,0,0,0,-,-,NA,NA,SAN DIEGO,SAN DIEGO,-117.2047882080078,32.75542449951172
9604960,2024,2024-04-03,3711,2024-01-06,2140,SD1935,NA,6,5,7,3711,0,0,0,NA,0,243,MIRAMAR RD,CAMINO RUIZ,0,NA,N,A,-,N,NA,NA,NA,NA,NA,NA,NA,NA,NA,Y,2,0,2,2,A,-,08,22101,D,N,D,C,A,A,H,-,C,D,0,NA,NA,Y,NA,Y,Y,A,07,1,0,1,0,0,0,0,0,1,-,-,NA,NA,SAN DIEGO,SAN DIEGO,-117.13372802734376,32.89373016357422
9605295,2023,2024-02-16,3711,2023-12-15,1202,SD1634,NA,5,5,7,3711,0,0,0,NA,0,521,15TH ST,F ST,25,S,N,A,-,N,NA,NA,NA,NA,NA,NA,NA,NA,NA,N,4,0,1,4,A,-,03,22350,NA,N,C,C,A,A,H,-,A,A,0,NA,NA,NA,NA,Y,NA,A,01,0,0,1,0,0,0,0,0,0,-,-,NA,NA,SAN DIEGO,SAN DIEGO,-117.15038299560548,32.713600158691406
9605963,2023,2023-09-05,3700,2023-07-22,955,SD1703,NA,6,5,2,3704,0,0,0,NA,0,935,VIA DE LA VALLE,VIA DEL CANON,130,E,N,A,-,N,NA,NA,NA,NA,NA,NA,NA,NA,NA,N,3,0,1,1,C,-,18,NA,NA,N,E,A,A,A,G,-,A,D,0,NA,Y,NA,NA,Y,NA,-,-,0,1,0,0,0,0,1,0,0,-,-,NA,NA,SAN DIEGO,DEL MAR,-117.23339080810548,32.98175811767578
9606127,2023,2023-09-01,3706,2023-08-08,1700,SD5679,NA,2,5,6,3706,0,0,0,NA,0,235,OLD MILKY WY,SAN PASQUAL VALLEY RD,36,S,N,A,-,N,NA,NA,NA,NA,NA,NA,NA,NA,NA,N,4,0,1,2,A,-,04,21703,NA,N,C,C,A,A,H,-,A,A,0,NA,NA,Y,NA,Y,NA,D,22,0,0,1,0,0,0,0,0,1,-,-,NA,NA,SAN DIEGO,ESCONDIDO,-116.99076080322266,33.08623123168945
9606624,2023,2023-08-31,3711,2023-08-18,1435,SD1799,NA,5,5,7,3711,0,0,0,NA,0,325,MISSION GORGE RD,GOLFCREST DR,0,NA,Y,A,-,N,NA,NA,NA,NA,NA,NA,NA,NA,NA,Y,4,0,1,2,A,-,12,21453,A,N,D,C,A,A,H,-,A,A,0,NA,NA,NA,Y,Y,NA,F,26,0,0,1,0,0,0,0,0,0,-,-,NA,NA,SAN DIEGO,SAN DIEGO,-117.04711151123048,32.818084716796875
9606814,2023,2023-10-13,3711,2023-08-18,925,SD8672,NA,5,5,7,3711,0,0,0,NA,0,614,VOLTAIRE ST,FROUDE ST,3,W,N,A,-,N,NA,NA,NA,NA,NA,NA,NA,NA,NA,N,4,0,1,2,A,-,08,22107,NA,N,D,G,A,A,H,-,C,D,0,NA,Y,NA,NA,Y,NA,A,07,0,0,1,0,0,0,1,0,0,-,-,NA,NA,SAN DIEGO,SAN DIEGO,-117.23973083496094,32.74772644042969
9606817,2023,2023-10-05,3711,2023-08-18,1740,SD7520,NA,5,5,7,3711,0,0,0,NA,0,516,J ST,33RD ST,50,W,N,A,-,N,NA,NA,NA,NA,NA,NA,NA,NA,NA,N,3,0,1,2,A,-,11,21950,B,M,G,B,D,A,H,-,A,D,0,Y,NA,NA,NA,Y,Y,N,60,0,1,0,0,1,0,0,0,0,-,-,NA,NA,SAN DIEGO,SAN DIEGO,-117.12242889404295,32.71001434326172
9606827,2023,2023-10-05,3711,2023-08-14,1538,SD1489,NA,1,5,7,3711,0,0,0,NA,0,625,ROSECRANS ST,PACIFIC HWY,0,NA,Y,A,-,N,NA,NA,NA,NA,NA,NA,NA,NA,NA,N,4,0,1,2,A,-,10,21950,A,N,A,B,B,A,H,-,A,A,0,Y,NA,NA,NA,Y,NA,A,01,0,0,1,0,1,0,0,0,0,-,-,NA,NA,SAN DIEGO,SAN DIEGO,-117.20110321044922,32.75539016723633
9606870,2023,2023-09-05,3711,2023-08-23,805,SD7958,NA,3,5,7,3711,0,0,0,NA,0,813,30TH ST,NORTH PARK WY,0,NA,Y,A,-,N,NA,NA,NA,NA,NA,NA,NA,NA,NA,N,3,0,1,2,A,-,08,22107,NA,N,D,G,A,A,H,-,A,A,0,NA,Y,NA,NA,Y,NA,A,01,0,1,0,0,0,0,1,0,0,-,-,NA,NA,SAN DIEGO,SAN DIEGO,-117.1300811767578,32.747344970703125
9607889,2023,2023-10-26,3711,2023-09-11,1800,SD1685,NA,1,5,7,3711,0,0,0,NA,0,813,TEXAS ST,MADISON AV,0,NA,Y,A,-,N,NA,NA,NA,NA,NA,NA,NA,NA,NA,N,3,0,1,1,A,-,00,23103,A,N,H,A,A,A,H,-,B,D,0,NA,Y,NA,NA,Y,NA,-,NA,0,1,0,0,0,0,1,0,0,-,-,NA,NA,SAN DIEGO,SAN DIEGO,-117.13886260986328,32.760990142822266
9609303,2023,2023-08-31,3705,2023-07-19,2058,EC0413,NA,3,5,5,3705,0,0,0,NA,0,002,2ND ST,MAIN ST,10,E,N,A,-,N,NA,NA,NA,NA,NA,NA,NA,NA,NA,N,4,0,2,2,A,-,03,22350,NA,M,C,C,A,A,H,-,C,A,0,NA,NA,Y,NA,Y,Y,-,99,0,0,2,0,0,0,0,0,2,-,-,NA,NA,SAN DIEGO,EL CAJON,-116.93582153320313,32.79555130004883