CASE_ID,ACCIDENT_YEAR,PROC_DATE,JURIS,COLLISION_DATE,COLLISION_TIME,OFFICER_ID,REPORTING_DISTRICT,DAY_OF_WEEK,CHP_SHIFT,POPULATION,CNTY_CITY_LOC,SPECIAL_COND,BEAT_TYPE,CHP_BEAT_TYPE,CITY_DIVISION_LAPD,CHP_BEAT_CLASS,BEAT_NUMBER,PRIMARY_RD,SECONDARY_RD,DISTANCE,DIRECTION,INTERSECTION,WEATHER_1,WEATHER_2,STATE_HWY_IND,CALTRANS_COUNTY,CALTRANS_DISTRICT,STATE_ROUTE,ROUTE_SUFFIX,POSTMILE_PREFIX,POSTMILE,LOCATION_TYPE,RAMP_INTERSECTION,SIDE_OF_HWY,TOW_AWAY,COLLISION_SEVERITY,NUMBER_KILLED,NUMBER_INJURED,PARTY_COUNT,PRIMARY_COLL_FACTOR,PCF_CODE_OF_VIOL,PCF_VIOL_CATEGORY,PCF_VIOLATION,PCF_VIOL_SUBSECTION,HIT_AND_RUN,TYPE_OF_COLLISION,MVIW,PED_ACTION,ROAD_SURFACE,ROAD_COND_1,ROAD_COND_2,LIGHTING,CONTROL_DEVICE,CHP_ROAD_TYPE,PEDESTRIAN_ACCIDENT,BICYCLE_ACCIDENT,MOTORCYCLE_ACCIDENT,TRUCK_ACCIDENT,NOT_PRIVATE_PROPERTY,ALCOHOL_INVOLVED,STWD_VEHTYPE_AT_FAULT,CHP_VEHTYPE_AT_FAULT,COUNT_SEVERE_INJ,COUNT_VISIBLE_INJ,COUNT_COMPLAINT_PAIN,COUNT_PED_KILLED,COUNT_PED_INJURED,COUNT_BICYCLIST_KILLED,COUNT_BICYCLIST_INJURED,COUNT_MC_KILLED,COUNT_MC_INJURED,PRIMARY_RAMP,SECONDARY_RAMP,LATITUDE,LONGITUDE,COUNTY,CITY,POINT_X,POINT_Y
9609326,2023,2023-09-11,3702,2023-07-24,1055,CV1297,NA,1,5,6,3702,0,0,0,NA,0,021,BAY BL,L ST,1412,S,N,A,-,N,NA,NA,NA,NA,NA,NA,NA,NA,NA,N,3,0,1,2,A,-,03,22350,NA,F,C,G,A,A,H,-,A,D,0,NA,Y,NA,NA,Y,NA,-,99,0,1,0,0,0,0,1,0,0,-,-,NA,NA,SAN DIEGO,CHULA VISTA,-117.09205627441406,32.611087799072266
9609331,2023,2023-09-11,3702,2023-07-07,2134,CV1419,NA,5,5,6,3702,0,0,0,NA,0,021,5TH AV,SHY LN,127,S,N,A,-,N,NA,NA,NA,NA,NA,NA,NA,NA,NA,Y,4,0,1,2,A,-,01,23153,A,M,C,E,A,A,H,-,C,D,0,NA,NA,NA,NA,Y,Y,A,01,0,0,1,0,0,0,0,0,0,-,-,NA,NA,SAN DIEGO,CHULA VISTA,-117.07542419433594,32.60674285888672
9609341,2023,2023-09-05,3705,2023-07-15,1755,EC0431,NA,6,5,5,3705,0,0,0,NA,0,003,N 2ND ST,BROADWAY,0,NA,Y,A,-,N,NA,NA,NA,NA,NA,NA,NA,NA,NA,Y,4,0,2,2,A,-,12,21453,A,N,D,C,A,A,H,-,A,A,0,NA,NA,NA,NA,Y,NA,A,01,0,0,2,0,0,0,0,0,0,-,-,NA,NA,SAN DIEGO,EL CAJON,-116.935791015625,32.807708740234375
9609444,2023,2023-08-31,3702,2023-07-28,1720,CV0969,NA,5,5,6,3702,0,0,0,NA,0,021,BROADWAY,PALOMAR ST,525,N,N,A,-,N,NA,NA,NA,NA,NA,NA,NA,NA,NA,Y,4,0,2,2,A,-,08,22107,NA,N,B,C,A,A,H,-,A,A,0,NA,NA,NA,NA,Y,NA,A,08,0,0,2,0,0,0,0,0,0,-,-,NA,NA,SAN DIEGO,CHULA VISTA,-117.0792999267578,32.60478210449219
9609859,2023,2023-08-24,3700,2023-06-20,1258,SH0459,NA,2,5,4,3780,0,0,0,NA,0,411,MIDLAND RD,EDGEMOOR ST,388,S,N,A,-,N,NA,NA,NA,NA,NA,NA,NA,NA,NA,Y,4,0,2,6,A,-,07,21658,A,N,G,E,F,A,H,-,A,D,0,Y,NA,NA,NA,Y,NA,I,20,0,0,2,0,1,0,0,0,0,-,-,NA,NA,SAN DIEGO,POWAY,-117.03611755371094,32.966487884521484
9609952,2023,2023-10-11,3711,2023-08-05,1242,SD7824,NA,6,5,7,3711,0,0,0,NA,0,122,THOMAS AV,INGRAHAM ST,0,NA,N,A,-,N,NA,NA,NA,NA,NA,NA,NA,NA,NA,N,4,0,3,2,A,-,09,21802,B,N,D,C,A,A,H,-,A,A,0,NA,NA,NA,NA,Y,NA,A,07,0,0,3,0,0,0,0,0,0,-,-,NA,NA,SAN DIEGO,SAN DIEGO,-117.23995208740234,32.7968635559082
9609955,2023,2023-10-11,3711,2023-08-05,1851,SD5958,NA,6,5,7,3711,0,0,0,NA,0,232,CARMEL MOUNTAIN RD,CARMEL MOUNTAIN RD 11400,0,NA,N,A,-,N,NA,NA,NA,NA,NA,NA,NA,NA,NA,Y,3,0,1,1,A,-,03,22350,NA,N,E,I,A,A,H,-,A,A,0,NA,NA,NA,NA,Y,NA,A,01,0,1,0,0,0,0,0,0,0,-,-,NA,NA,SAN DIEGO,SAN DIEGO,-117.22828674316406,32.922271728515625
9609959,2023,2023-10-11,3711,2023-08-06,1745,SD7682,NA,7,5,7,3711,0,0,0,NA,0,447,EUCLID AV,CAMINITO CACHORRO,250,S,N,A,-,N,NA,NA,NA,NA,NA,NA,NA,NA,NA,Y,3,0,2,2,A,-,08,22107,NA,N,C,C,A,A,H,-,A,D,0,NA,NA,NA,NA,Y,NA,A,01,0,1,1,0,0,0,0,0,0,-,-,NA,NA,SAN DIEGO,SAN DIEGO,-117.08824920654295,32.733123779296875
9610268,2023,2023-08-31,3705,2023-07-01,2048,EC0431,NA,6,5,5,3705,0,0,0,NA,0,003,JAMACHA RD,E LEXINGTON AV,182,N,N,A,-,N,NA,NA,NA,NA,NA,NA,NA,NA,NA,Y,4,0,1,3,A,-,07,21658,A,N,C,E,A,A,H,-,C,D,0,NA,NA,NA,NA,Y,NA,A,01,0,0,1,0,0,0,0,0,0,-,-,NA,NA,SAN DIEGO,EL CAJON,-116.93404388427734,32.7928581237793
9610297,2023,2023-08-28,3705,2023-06-17,2037,EC0383,3705,6,5,5,3705,0,0,0,NA,0,EC0383,N MOLLISON AV,E MADISON AV,592,N,N,A,-,N,NA,NA,NA,NA,NA,NA,NA,NA,NA,N,3,0,1,2,A,-,11,21954,A,N,G,B,D,A,H,-,C,D,0,Y,NA,NA,NA,Y,NA,N,60,0,1,0,0,1,0,0,0,0,-,-,NA,NA,SAN DIEGO,EL CAJON,-116.95098114013672,32.80177307128906
9611664,2023,2023-09-11,3705,2023-07-09,2057,EC0407,NA,7,5,5,3705,0,0,0,NA,0,002,E PARK AV,BALLANTYNE ST,0,NA,Y,A,-,N,NA,NA,NA,NA,NA,NA,NA,NA,NA,Y,4,0,2,2,A,-,01,23153,F,N,D,C,A,A,H,-,C,A,0,NA,NA,NA,NA,Y,NA,A,01,0,0,2,0,0,0,0,0,0,-,-,NA,NA,SAN DIEGO,EL CAJON,-116.95768737792967,32.79801559448242
9612085,2023,2023-09-14,3710,2023-08-24,1540,OC1443,NA,4,5,6,3710,0,0,0,NA,0,025,OCEANSIDE BL,CENTER DR,39,E,N,A,-,N,NA,NA,NA,NA,NA,NA,NA,NA,NA,Y,4,0,4,2,A,-,03,22350,NA,F,C,C,A,A,H,-,A,A,0,NA,NA,NA,NA,Y,NA,A,07,0,0,4,0,0,0,0,0,0,-,-,NA,NA,SAN DIEGO,OCEANSIDE,NA,NA
9612686,2023,2023-09-07,3710,2023-08-02,2018,OC1552,NA,3,5,6,3710,0,0,0,NA,0,003,SOUTH PACIFIC ST,MARRON ST,0,NA,Y,A,-,N,NA,NA,NA,NA,NA,NA,NA,NA,NA,Y,4,0,2,2,A,-,03,22350,NA,N,C,C,A,A,H,-,C,D,0,NA,NA,NA,NA,Y,NA,D,22,0,0,2,0,0,0,0,0,0,-,-,NA,NA,SAN DIEGO,OCEANSIDE,-117.37471771240234,33.18391799926758
9613138,2023,2023-09-08,3709,2023-08-01,1540,NC0533,NA,2,5,5,3709,0,0,0,NA,0,024,HIGHLAND AV,HIGHLAND AV 2900,0,NA,-,A,-,N,NA,NA,NA,NA,NA,NA,NA,NA,NA,Y,4,0,2,2,A,-,04,21703,NA,N,C,C,A,A,H,-,A,A,0,NA,NA,NA,NA,Y,Y,A,01,0,0,2,0,0,0,0,0,0,-,-,NA,NA,SAN DIEGO,NATIONAL CITY,-117.0892333984375,32.65372085571289
9613693,2023,2023-09-08,3700,2023-07-25,1019,SH0521,NA,2,5,5,3712,0,0,0,NA,0,359,WEST SAN MARCOS BL,PARK PL,364,E,N,A,-,N,NA,NA,NA,NA,NA,NA,NA,NA,NA,Y,4,0,1,3,A,-,03,22350,NA,N,C,C,A,A,H,-,A,D,0,NA,NA,NA,NA,Y,NA,A,07,0,0,1,0,0,0,0,0,0,-,-,NA,NA,SAN DIEGO,SAN MARCOS,-117.18480682373048,33.135677337646484
9613812,2023,2023-09-26,3711,2023-08-17,728,SD1256,NA,4,5,7,3711,0,0,0,NA,0,438,POTOMAC ST,SEA BREEZE DR,0,NA,Y,A,-,N,NA,NA,NA,NA,NA,NA,NA,NA,NA,N,3,0,1,2,A,-,09,21801,A,N,A,C,A,A,H,-,A,C,0,NA,NA,NA,NA,Y,NA,A,01,0,1,0,0,0,0,0,0,0,-,-,NA,NA,SAN DIEGO,SAN DIEGO,-117.06300354003906,32.6795768737793
9613908,2023,2023-10-19,3711,2023-09-09,16,SD1712,NA,6,5,7,3711,0,0,0,NA,0,614,SUNSET CLIFFS BL,MUIR AV,54,N,N,A,-,N,NA,NA,NA,NA,NA,NA,NA,NA,NA,Y,4,0,1,5,A,-,08,22107,NA,N,B,E,A,A,H,-,C,A,0,NA,NA,NA,NA,Y,NA,A,01,0,0,1,0,0,0,0,0,0,-,-,NA,NA,SAN DIEGO,SAN DIEGO,-117.24356842041016,32.74940872192383
9614258,2023,2023-10-25,3711,2023-09-14,1659,SD1065,NA,4,5,7,3711,0,0,0,NA,0,521,PARK BL 1200,A ST 1100,0,NA,Y,A,-,N,NA,NA,NA,NA,NA,NA,NA,NA,NA,N,4,0,1,2,A,-,10,21950,A,N,G,B,B,A,H,-,A,A,0,Y,NA,NA,NA,Y,NA,A,01,0,0,1,0,1,0,0,0,0,-,-,NA,NA,SAN DIEGO,SAN DIEGO,-117.15384674072266,32.71887969970703
9614723,2023,2023-10-19,3711,2023-09-14,1712,SD7959,NA,4,5,7,3711,0,0,0,NA,0,528,W BEECH ST,KETTNER BL,3,W,N,A,-,N,NA,NA,NA,NA,NA,NA,NA,NA,NA,N,4,0,1,2,A,-,03,22350,NA,N,G,B,C,A,H,-,A,-,0,Y,NA,NA,NA,Y,NA,D,22,0,0,1,0,1,0,0,0,0,-,-,NA,NA,SAN DIEGO,SAN DIEGO,-117.16921997070313,32.72090148925781
9615659,2023,2023-08-29,3702,2023-08-08,1410,CV1004,NA,2,5,6,3702,0,0,0,NA,0,022,L ST,BROADWAY,120,W,N,A,-,N,NA,NA,NA,NA,NA,NA,NA,NA,NA,N,3,0,1,2,A,-,09,21804,A,N,D,C,A,A,H,-,A,D,0,NA,NA,Y,NA,Y,NA,C,02,0,1,0,0,0,0,0,0,1,-,-,NA,NA,SAN DIEGO,CHULA VISTA,-117.0844497680664,32.617061614990234
9615670,2023,2023-10-09,3705,2023-08-05,1819,EC0441,NA,6,5,5,3705,0,0,0,NA,0,001,MARSHALL,W MAIN,0,NA,Y,A,-,N,NA,NA,NA,NA,NA,NA,NA,NA,NA,N,4,0,2,2,A,-,12,21453,A,N,D,C,A,A,H,-,A,A,0,NA,NA,NA,NA,Y,NA,A,01,0,0,2,0,0,0,0,0,0,-,-,NA,NA,SAN DIEGO,EL CAJON,-116.9755401611328,32.79497528076172
9615772,2023,2023-09-28,3700,2023-08-24,759,SH0272,NA,4,5,5,3712,0,0,0,NA,0,353,WOODLAND PKWY,MANGO CT,174,S,N,A,-,N,NA,NA,NA,NA,NA,NA,NA,NA,NA,Y,3,0,1,2,A,-,09,21804,A,N,D,C,A,A,H,-,A,D,0,NA,NA,NA,NA,Y,NA,A,01,0,1,0,0,0,0,0,0,0,-,-,NA,NA,SAN DIEGO,SAN MARCOS,-117.13220977783205,33.15074157714844
9616332,2023,2023-10-18,3711,2023-09-22,1235,SD1685,NA,5,5,7,3711,0,0,0,NA,0,813,HAMILTON AV,LINCOLN AV,280,N,N,B,C,N,NA,NA,NA,NA,NA,NA,NA,NA,NA,N,4,0,2,3,A,-,21,22106,NA,N,D,C,A,B,H,-,A,D,0,NA,NA,NA,NA,Y,NA,A,01,0,0,2,0,0,0,0,0,0,-,-,NA,NA,SAN DIEGO,SAN DIEGO,-117.13634490966795,32.751068115234375
9616408,2023,2023-10-18,3711,2023-09-04,2112,SD4310,NA,1,5,7,3711,0,0,0,NA,0,822,UNIVERSITY AV,54TH ST,301,E,N,A,-,N,NA,NA,NA,NA,NA,NA,NA,NA,NA,N,3,0,1,2,A,-,11,21954,A,M,G,B,D,A,H,-,C,D,0,Y,NA,NA,NA,Y,Y,N,60,0,1,0,0,1,0,0,0,0,-,-,NA,NA,SAN DIEGO,SAN DIEGO,-117.07855987548828,32.74851608276367
9618576,2023,2024-01-25,3711,2023-11-15,1855,SD5958,NA,3,5,7,3711,0,0,0,NA,0,243,MIRAMAR RD,CAMINO RUIZ,1855,W,N,C,-,N,NA,NA,NA,NA,NA,NA,NA,NA,NA,Y,4,0,1,2,A,-,08,22107,NA,N,D,C,A,B,H,-,C,D,0,NA,NA,NA,NA,Y,NA,A,01,0,0,1,0,0,0,0,0,0,-,-,NA,NA,SAN DIEGO,SAN DIEGO,-117.13917541503906,32.89186477661133
9618713,2023,2024-01-20,3711,2023-11-17,525,SD1847,NA,5,5,7,3711,0,0,0,NA,0,112,GENESSE,BOYD AV,0,NA,Y,A,-,N,NA,NA,NA,NA,NA,NA,NA,NA,NA,Y,4,0,1,2,A,-,12,21453,A,N,D,C,A,A,H,-,B,A,0,NA,NA,NA,NA,Y,NA,A,01,0,0,1,0,0,0,0,0,0,-,-,NA,NA,SAN DIEGO,SAN DIEGO,-117.17774963378906,32.810752868652344
9618755,2023,2024-01-20,3711,2023-11-27,731,SD8503,NA,1,5,7,3711,0,0,0,NA,0,525,W G ST,W FRONT ST,0,NA,Y,A,-,N,NA,NA,NA,NA,NA,NA,NA,NA,NA,N,4,0,1,2,A,-,12,21453,A,N,D,C,A,A,H,-,A,A,0,NA,NA,NA,NA,Y,Y,A,01,0,0,1,0,0,0,0,0,0,-,-,NA,NA,SAN DIEGO,SAN DIEGO,-117.16471099853516,32.71254348754883
9618759,2023,2024-01-20,3711,2023-11-26,2013,SD7697,NA,7,5,7,3711,0,0,0,NA,0,832,FAIRMOUNT AV,EL CAJON BL,0,NA,Y,A,-,N,NA,NA,NA,NA,NA,NA,NA,NA,NA,Y,4,0,2,2,A,-,12,21453,A,N,D,C,A,A,H,-,C,A,0,NA,NA,NA,NA,Y,NA,A,07,0,0,2,0,0,0,0,0,0,-,-,NA,NA,SAN DIEGO,SAN DIEGO,-117.100830078125,32.755069732666016
9618777,2023,2023-12-12,3705,2023-07-19,917,EC0445,NA,3,5,5,3705,0,0,0,NA,0,004,E WASHINGTON AV,S MOLLISON AV,25,E,N,A,-,N,NA,NA,NA,NA,NA,NA,NA,NA,NA,N,4,0,1,2,A,-,00,20001,B,F,B,C,A,A,H,-,C,D,0,NA,NA,NA,NA,Y,NA,A,01,0,0,1,0,0,0,0,0,0,-,-,NA,NA,SAN DIEGO,EL CAJON,-116.9508819580078,32.78763961791992
9618784,2023,2023-12-11,3705,2023-08-29,1535,EC0279,NA,2,5,5,3705,0,0,0,NA,0,002,LEMON AV,WASHINGTON ST,3,N,N,A,-,N,NA,NA,NA,NA,NA,NA,NA,NA,NA,N,4,0,1,2,A,-,05,21650,1,N,A,G,A,A,H,-,A,A,0,NA,Y,NA,NA,Y,NA,L,04,0,0,1,0,0,0,1,0,0,-,-,NA,NA,SAN DIEGO,EL CAJON,-116.97303009033205,32.78766632080078
9618892,2023,2024-01-18,3711,2023-11-29,1547,SD1150,NA,3,5,7,3711,0,0,0,NA,0,112,GENESEE AV,DERRICK DR,125,S,N,B,-,N,NA,NA,NA,NA,NA,NA,NA,NA,NA,N,3,0,2,2,A,-,07,21658,A,N,B,C,A,A,H,-,A,D,0,NA,NA,NA,NA,Y,NA,A,01,0,1,1,0,0,0,0,0,0,-,-,NA,NA,SAN DIEGO,SAN DIEGO,-117.18384552001952,32.82261657714844
9619059,2023,2023-12-20,3700,2023-11-09,908,SH0432,NA,4,5,4,3707,0,0,0,NA,0,709,IMPERIAL BEACH BL,10TH ST,0,NA,Y,A,-,N,NA,NA,NA,NA,NA,NA,NA,NA,NA,N,4,0,1,2,A,-,09,21800,A,N,D,C,A,A,H,-,A,D,0,NA,NA,NA,NA,Y,NA,A,07,0,0,1,0,0,0,0,0,0,-,-,NA,NA,SAN DIEGO,IMPERIAL BEACH,-117.1118621826172,32.57655334472656
9619300,2023,2024-01-16,3700,2023-11-30,541,SH3078,NA,4,5,5,3713,0,0,0,NA,0,319,SOUTH MELROSE DR,LONGHORN DR,53,S,N,B,-,N,NA,NA,NA,NA,NA,NA,NA,NA,NA,Y,4,0,1,2,A,-,08,22107,NA,N,B,C,A,B,H,-,C,A,0,NA,NA,NA,NA,Y,NA,A,01,0,0,1,0,0,0,0,0,0,-,-,NA,NA,SAN DIEGO,VISTA,-117.24559783935548,33.16460037231445
9620066,2023,2024-01-30,3711,2023-12-08,1700,SD1798,NA,5,5,7,3711,0,0,0,NA,0,722,PALM AV,SATURN BL,0,NA,N,A,-,N,NA,NA,NA,NA,NA,NA,NA,NA,NA,N,4,0,1,2,A,-,04,21703,NA,N,C,C,A,A,H,-,B,D,0,NA,NA,NA,NA,Y,NA,A,08,0,0,1,0,0,0,0,0,0,-,-,NA,NA,SAN DIEGO,SAN DIEGO,-117.09262847900392,32.583744049072266
9620868,2023,2023-10-21,3710,2023-09-27,1710,OC1544,NA,3,5,6,3710,0,0,0,NA,0,007,S DITMAR ST,TOPEKA ST,0,NA,Y,A,-,N,NA,NA,NA,NA,NA,NA,NA,NA,NA,N,4,0,1,2,A,-,11,21954,A,N,D,B,D,A,H,-,A,A,0,Y,NA,NA,NA,Y,NA,N,60,0,0,1,0,1,0,0,0,0,-,-,NA,NA,SAN DIEGO,OCEANSIDE,-117.37655639648438,33.19508743286133
9621078,2023,2024-02-28,3708,2023-10-03,1905,LM1293,NA,2,5,5,3708,0,0,0,NA,0,004,FLETCHER PKWY,AMAYA DR,0,NA,Y,A,-,N,NA,NA,NA,NA,NA,NA,NA,NA,NA,N,4,0,1,2,A,-,12,21453,A,N,D,C,A,A,H,-,A,A,0,NA,NA,NA,NA,Y,NA,A,01,0,0,1,0,0,0,0,0,0,-,-,NA,NA,SAN DIEGO,LA MESA,-117.00316619873048,32.786800384521484
9621666,2023,2023-09-26,3700,2023-07-15,1813,SH3183,NA,6,5,5,3713,0,0,0,NA,0,305,NORTH SANTA FE AV,WEST LOS ANGELES DR,130,S,N,A,-,N,NA,NA,NA,NA,NA,NA,NA,NA,NA,Y,3,0,1,3,A,-,03,22350,NA,N,C,C,F,A,H,-,A,D,0,Y,NA,NA,NA,Y,NA,A,07,0,1,0,0,1,0,0,0,0,-,-,NA,NA,SAN DIEGO,VISTA,-117.24500274658205,33.211063385009766
9622963,2023,2024-01-10,3711,2023-10-27,623,SD7391,NA,5,5,7,3711,0,0,0,NA,0,243,MIRAMAR RD,MIRAMAR WY,433,E,N,A,-,N,NA,NA,NA,NA,NA,NA,NA,NA,NA,N,4,0,1,2,A,-,10,21950,A,N,G,B,C,-,-,-,C,D,0,Y,NA,NA,NA,Y,NA,A,01,0,0,1,0,1,0,0,0,0,-,-,NA,NA,SAN DIEGO,SAN DIEGO,-117.15863037109376,32.880619049072266
9622976,2023,2023-11-13,3711,2023-10-21,1442,SD7335,NA,6,5,7,3711,0,0,0,NA,0,113,BALBOA AV,CLAIREMONT DR,264,W,N,A,-,N,NA,NA,NA,NA,NA,NA,NA,NA,NA,Y,4,0,5,4,A,-,03,22350,NA,N,C,C,A,A,H,-,A,D,0,NA,NA,NA,NA,Y,NA,A,01,0,0,5,0,0,0,0,0,0,-,-,NA,NA,SAN DIEGO,SAN DIEGO,-117.2019271850586,32.81167984008789
9622979,2023,2024-01-10,3711,2023-10-13,700,SD1687,NA,5,5,7,3711,0,0,0,NA,0,622,PACIFIC HIGHWAY,PACIFIC HWY 5175,0,NA,N,A,-,N,NA,NA,NA,NA,NA,NA,NA,NA,NA,N,4,0,1,2,A,-,22,23123,5,N,C,C,A,A,H,-,A,D,0,NA,NA,NA,NA,Y,NA,A,01,0,0,1,0,0,0,0,0,0,-,-,NA,NA,SAN DIEGO,SAN DIEGO,-117.18054962158205,32.7389030456543
9623588,2023,2024-02-01,3710,2023-11-08,143,OC1468,NA,3,5,6,3710,0,0,0,NA,0,012,OCEANSIDE BL,STATE TREE DR,114,E,N,A,-,N,NA,NA,NA,NA,NA,NA,NA,NA,NA,Y,4,0,1,2,A,-,01,23153,A,F,B,C,A,A,H,-,C,A,0,NA,NA,NA,NA,Y,Y,A,07,0,0,1,0,0,0,0,0,0,-,-,NA,NA,SAN DIEGO,OCEANSIDE,-117.35857391357422,33.192413330078125
9624527,2023,2023-09-08,3702,2023-08-24,730,CV1473,NA,4,5,6,3702,0,0,0,NA,0,013,J ST,3RD AV,268,W,N,B,-,N,NA,NA,NA,NA,NA,NA,NA,NA,NA,N,3,0,1,2,A,-,08,22107,NA,N,B,G,A,A,H,-,A,D,0,NA,Y,NA,NA,Y,NA,A,01,0,1,0,0,0,0,1,0,0,-,-,NA,NA,SAN DIEGO,CHULA VISTA,-117.07530212402344,32.62724685668945
9625130,2023,2023-10-04,3711,2023-09-12,2100,SD1536,NA,2,5,7,3711,0,0,0,NA,0,931,VISTA SORRENTO PKWY,MIRA MESA BL,0,NA,Y,B,-,Y,SD,11,805,-,-,27.01,R,4,N,N,3,0,2,2,A,-,12,21453,A,N,D,C,A,A,H,-,C,A,0,NA,NA,NA,NA,Y,NA,A,01,0,1,1,0,0,0,0,0,0,-,-,NA,NA,SAN DIEGO,SAN DIEGO,-117.20518493652344,32.88999557495117
9625192,2023,2023-10-02,3710,2023-09-02,926,OC1487,NA,6,5,6,3710,0,0,0,NA,0,030,COLLEGE BL,THUNDER DR,3,S,N,C,-,N,NA,NA,NA,NA,NA,NA,NA,NA,NA,N,4,0,1,2,A,-,12,21453,A,N,A,C,A,B,H,-,A,A,0,NA,NA,NA,NA,Y,NA,D,22,0,0,1,0,0,0,0,0,0,-,-,NA,NA,SAN DIEGO,OCEANSIDE,-117.28846740722656,33.199344635009766
9626389,2023,2023-10-27,3700,2023-08-17,1545,SH3783,NA,4,5,5,3782,0,0,0,NA,0,242,SANTA FE DR,NARDO RD,147,E,N,A,-,N,NA,NA,NA,NA,NA,NA,NA,NA,NA,N,4,0,1,2,A,-,21,22106,NA,N,C,C,A,A,H,-,A,A,0,NA,NA,NA,NA,Y,NA,A,01,0,0,1,0,0,0,0,0,0,-,-,NA,NA,SAN DIEGO,ENCINITAS,-117.27674102783205,33.03626251220703
9626778,2023,2023-10-21,3711,2023-09-28,1402,SD7185,NA,4,5,7,3711,0,0,0,NA,0,327,MONTEZUMA RD,COLLEGE AV,86,W,N,A,-,N,NA,NA,NA,NA,NA,NA,NA,NA,NA,N,4,0,1,2,A,-,03,22350,NA,N,C,C,A,A,H,-,A,A,0,NA,NA,NA,NA,Y,NA,A,01,0,0,1,0,0,0,0,0,0,-,-,NA,NA,SAN DIEGO,SAN DIEGO,-117.0700912475586,32.77071762084961
9626942,2023,2023-12-04,3711,2023-10-06,2332,SD6513,NA,5,5,7,3711,0,0,0,NA,0,523,IMPERIAL AV,FRANCIS ST,181,W,N,B,-,N,NA,NA,NA,NA,NA,NA,NA,NA,NA,Y,4,0,2,1,A,-,03,22350,NA,M,E,I,A,A,H,-,C,D,0,NA,NA,NA,NA,Y,NA,A,01,0,0,2,0,0,0,0,0,0,-,-,NA,NA,SAN DIEGO,SAN DIEGO,-117.12027740478516,32.70648193359375
9626949,2023,2023-12-04,3711,2023-10-04,827,SD5450,NA,3,5,7,3711,0,0,0,NA,0,313,BALBOA AV,BALBOA AV 7700,0,NA,-,A,-,N,NA,NA,NA,NA,NA,NA,NA,NA,NA,N,4,0,1,4,A,-,03,22350,NA,N,C,C,A,A,H,-,A,D,0,NA,NA,NA,NA,Y,NA,A,01,0,0,1,0,0,0,0,0,0,-,-,NA,NA,SAN DIEGO,SAN DIEGO,-117.23413848876952,32.79947280883789
9627148,2023,2023-10-18,3709,2023-09-06,2002,NC0537,NA,3,5,5,3709,0,0,0,NA,0,021,EAST 8TH ST,S HARIBSON AV,0,NA,Y,A,-,N,NA,NA,NA,NA,NA,NA,NA,NA,NA,Y,4,0,1,2,A,-,09,21801,A,N,A,C,A,A,H,-,C,A,0,NA,NA,NA,NA,Y,Y,A,01,0,0,1,0,0,0,0,0,0,-,-,NA,NA,SAN DIEGO,NATIONAL CITY,-117.07518768310548,32.68474197387695
9627205,2023,2023-10-18,3711,2023-09-12,2345,SD1663,NA,2,5,7,3711,0,0,0,NA,0,712,EAST SAN YSIDRO BL,BORDER VILLAGE RD,0,NA,-,A,-,N,NA,NA,NA,NA,NA,NA,NA,NA,NA,N,3,0,1,2,A,-,11,21954,A,N,G,B,D,A,H,-,C,A,0,Y,NA,NA,NA,Y,NA,N,60,0,1,0,0,1,0,0,0,0,-,-,NA,NA,SAN DIEGO,SAN DIEGO,-117.0389404296875,32.55120849609375
9627234,2023,2023-10-19,3711,2023-09-20,1540,SD7980,NA,3,5,7,3711,0,0,0,NA,0,242,NEW SALEM ST,MONTONGO ST,0,NA,Y,A,-,N,NA,NA,NA,NA,NA,NA,NA,NA,NA,N,4,0,2,2,A,-,12,22450,A,N,D,C,A,A,H,-,A,A,0,NA,NA,NA,NA,Y,NA,A,01,0,0,2,0,0,0,0,0,0,-,-,NA,NA,SAN DIEGO,SAN DIEGO,-117.15222930908205,32.916175842285156
9627294,2023,2023-10-23,3702,2023-09-01,818,CV13677,NA,5,5,6,3702,0,0,0,NA,0,022,PALOMAR ST,5TH AV,0,NA,Y,A,-,N,NA,NA,NA,NA,NA,NA,NA,NA,NA,Y,4,0,2,2,A,-,12,21453,A,N,D,C,A,A,H,-,A,A,0,NA,NA,NA,NA,Y,NA,A,07,0,0,2,0,0,0,0,0,0,-,-,NA,NA,SAN DIEGO,CHULA VISTA,-117.07456207275392,32.604515075683594
9627677,2023,2023-10-11,3705,2023-09-05,1705,EC0438,NA,2,5,5,3705,0,0,0,NA,0,002,N 2ND ST,SUMNER AV,0,NA,Y,A,-,N,NA,NA,NA,NA,NA,NA,NA,NA,NA,Y,4,0,1,2,A,-,09,21802,B,N,D,C,A,A,H,-,A,A,0,NA,NA,NA,NA,Y,NA,A,01,0,0,1,0,0,0,0,0,0,-,-,NA,NA,SAN DIEGO,EL CAJON,-116.93579864501952,32.809715270996094
9628214,2023,2023-10-18,3710,2023-09-19,1341,OC1543,NA,2,5,6,3710,0,0,0,NA,0,014,RT 76,FOUSSAT RD,1155,W,N,A,-,Y,SD,11,76,-,R,2.35,H,-,E,Y,4,0,1,2,A,-,03,22350,NA,N,C,C,A,A,H,-,A,A,0,NA,NA,NA,NA,Y,NA,A,07,0,0,1,0,0,0,0,0,0,-,-,NA,NA,SAN DIEGO,OCEANSIDE,-117.34770965576172,33.21730041503906
9628250,2023,2023-10-24,3700,2023-08-17,1432,SH0792,NA,4,5,5,3782,0,0,0,NA,0,242,SANTA FE DR,LAKE DR,0,NA,Y,A,-,N,NA,NA,NA,NA,NA,NA,NA,NA,NA,Y,4,0,3,3,A,-,03,22350,NA,N,C,C,A,A,H,-,A,A,0,NA,NA,NA,NA,Y,NA,A,01,0,0,3,0,0,0,0,0,0,-,-,NA,NA,SAN DIEGO,ENCINITAS,-117.26634979248048,33.03622817993164