CASE_ID,ACCIDENT_YEAR,PROC_DATE,JURIS,COLLISION_DATE,COLLISION_TIME,OFFICER_ID,REPORTING_DISTRICT,DAY_OF_WEEK,CHP_SHIFT,POPULATION,CNTY_CITY_LOC,SPECIAL_COND,BEAT_TYPE,CHP_BEAT_TYPE,CITY_DIVISION_LAPD,CHP_BEAT_CLASS,BEAT_NUMBER,PRIMARY_RD,SECONDARY_RD,DISTANCE,DIRECTION,INTERSECTION,WEATHER_1,WEATHER_2,STATE_HWY_IND,CALTRANS_COUNTY,CALTRANS_DISTRICT,STATE_ROUTE,ROUTE_SUFFIX,POSTMILE_PREFIX,POSTMILE,LOCATION_TYPE,RAMP_INTERSECTION,SIDE_OF_HWY,TOW_AWAY,COLLISION_SEVERITY,NUMBER_KILLED,NUMBER_INJURED,PARTY_COUNT,PRIMARY_COLL_FACTOR,PCF_CODE_OF_VIOL,PCF_VIOL_CATEGORY,PCF_VIOLATION,PCF_VIOL_SUBSECTION,HIT_AND_RUN,TYPE_OF_COLLISION,MVIW,PED_ACTION,ROAD_SURFACE,ROAD_COND_1,ROAD_COND_2,LIGHTING,CONTROL_DEVICE,CHP_ROAD_TYPE,PEDESTRIAN_ACCIDENT,BICYCLE_ACCIDENT,MOTORCYCLE_ACCIDENT,TRUCK_ACCIDENT,NOT_PRIVATE_PROPERTY,ALCOHOL_INVOLVED,STWD_VEHTYPE_AT_FAULT,CHP_VEHTYPE_AT_FAULT,COUNT_SEVERE_INJ,COUNT_VISIBLE_INJ,COUNT_COMPLAINT_PAIN,COUNT_PED_KILLED,COUNT_PED_INJURED,COUNT_BICYCLIST_KILLED,COUNT_BICYCLIST_INJURED,COUNT_MC_KILLED,COUNT_MC_INJURED,PRIMARY_RAMP,SECONDARY_RAMP,LATITUDE,LONGITUDE,COUNTY,CITY,POINT_X,POINT_Y
9628369,2023,2023-10-31,3711,2023-10-05,710,SD7994,NA,4,5,7,3711,0,0,0,NA,0,934,CARMEL VIEW RD,CARMEL VALLEY RD,8,S,N,A,-,Y,SD,11,5,-,R,32.789,R,1,N,N,4,0,1,2,A,-,05,21202,A,N,D,G,A,B,H,-,A,A,0,NA,Y,NA,NA,Y,NA,L,04,0,0,1,0,0,0,1,0,0,-,-,NA,NA,SAN DIEGO,SAN DIEGO,-117.24082946777344,32.930809020996094
9628931,2023,2023-10-30,3711,2023-07-12,1600,SD1752,NA,3,5,7,3711,0,0,0,NA,0,315,RT 15,FRIARS RD,0,NA,Y,A,-,Y,SD,11,163,-,-,4.37,H,-,N,N,4,0,1,2,A,-,08,22100,B,N,C,C,A,A,H,-,A,A,0,NA,NA,NA,NA,Y,NA,A,01,0,0,1,0,0,0,0,0,0,NO,-,NA,NA,SAN DIEGO,SAN DIEGO,-117.16120147705078,32.77162551879883
9629897,2023,2023-12-11,3711,2023-10-09,1252,SD1045,NA,1,5,7,3711,0,0,0,NA,0,524,BROADWAY,9TH AV,0,NA,Y,A,-,N,NA,NA,NA,NA,NA,NA,NA,NA,NA,N,3,0,1,2,A,-,12,21453,A,N,D,-,A,A,H,-,A,A,0,NA,Y,NA,NA,Y,NA,L,04,0,1,0,0,0,0,1,0,0,-,-,NA,NA,SAN DIEGO,SAN DIEGO,-117.15650939941406,32.715721130371094
9630300,2023,2023-11-01,3700,2023-08-20,243,SH6941,NA,7,5,4,3707,0,0,0,NA,0,709,IMPERIAL BEACH BL,10TH ST,82,E,N,B,C,N,NA,NA,NA,NA,NA,NA,NA,NA,NA,Y,4,0,1,2,A,-,01,23152,A,N,C,C,A,B,H,-,C,D,0,NA,NA,NA,NA,Y,Y,-,NA,0,0,1,0,0,0,0,0,0,-,-,NA,NA,SAN DIEGO,IMPERIAL BEACH,-117.1115951538086,32.5765495300293
9630391,2023,2023-12-09,3711,2023-10-15,1550,SD1590,NA,7,5,7,3711,0,0,0,NA,0,124,TORREY PINES RD,TORREY PINES RD 3300,0,NA,-,A,-,N,NA,NA,NA,NA,NA,NA,NA,NA,NA,N,3,0,1,1,D,-,00,NA,NA,N,E,I,A,A,H,-,A,D,0,NA,NA,Y,NA,Y,NA,-,-,0,1,0,0,0,0,0,0,1,-,-,NA,NA,SAN DIEGO,SAN DIEGO,-117.25298309326172,32.85051345825195
9630815,2023,2023-11-09,3703,2023-10-19,800,1331,3,4,5,3,3703,0,0,0,NA,0,003,A/B ALLEY,7TH ST,9,N,N,A,-,N,NA,NA,NA,NA,NA,NA,NA,NA,NA,N,4,0,1,2,A,-,03,22350,NA,N,D,G,A,A,H,-,A,D,0,NA,Y,NA,NA,Y,NA,L,04,0,0,1,0,0,0,1,0,0,-,-,32.68893814086914,-117.17487335205078,SAN DIEGO,CORONADO,-117.1750259399414,32.689231872558594
9631014,2023,2023-12-04,3710,2023-10-08,1333,OC1547,NA,7,5,6,3710,0,0,0,NA,0,037,PLAZA DR,COLLEGE BL,600,E,N,A,-,N,NA,NA,NA,NA,NA,NA,NA,NA,NA,Y,3,0,4,2,A,-,09,21801,A,N,D,C,A,A,H,-,A,D,0,NA,NA,NA,NA,Y,NA,A,07,0,1,3,0,0,0,0,0,0,-,-,NA,NA,SAN DIEGO,OCEANSIDE,-117.29442596435548,33.18199157714844
9632091,2023,2023-11-08,3702,2023-09-18,1445,1309,NA,1,5,6,3702,0,0,0,NA,0,014,E ST,LANDIS AV,6,E,N,A,-,N,NA,NA,NA,NA,NA,NA,NA,NA,NA,N,3,0,1,2,A,-,09,21801,A,F,D,C,A,A,H,-,A,A,0,NA,NA,NA,NA,Y,NA,D,22,0,1,0,0,0,0,0,0,0,-,-,NA,NA,SAN DIEGO,CHULA VISTA,-117.0822525024414,32.644466400146484
9632161,2023,2023-11-06,3700,2023-09-06,1437,SH0268,NA,3,5,4,3780,0,0,0,NA,0,417,STOWE DR,KIRKHAM WY,478,N,N,A,-,N,NA,NA,NA,NA,NA,NA,NA,NA,NA,N,2,0,1,2,A,-,10,21954,B,N,G,B,D,A,H,-,A,D,0,Y,NA,NA,NA,Y,NA,A,01,1,0,0,0,1,0,0,0,0,-,-,NA,NA,SAN DIEGO,POWAY,-117.02912902832033,32.9357795715332
9632518,2023,2024-06-27,3702,2023-09-29,1950,CV1424,NA,5,5,6,3702,0,0,0,NA,0,022,4TH AV,ANITA JUNE CT,118,N,N,A,-,N,NA,NA,NA,NA,NA,NA,NA,NA,NA,Y,2,0,1,5,A,-,01,23152,A,N,F,E,A,A,H,-,C,D,0,NA,NA,NA,NA,Y,Y,A,01,1,0,0,0,0,0,0,0,0,-,-,NA,NA,SAN DIEGO,CHULA VISTA,-117.07013702392578,32.6047248840332
9632650,2023,2023-12-02,3711,2023-10-21,626,SD7042,NA,6,5,7,3711,0,0,0,NA,0,621,LINDA VISTA RD,KRAMER ST,83,N,N,A,-,N,NA,NA,NA,NA,NA,NA,NA,NA,NA,N,2,0,1,2,A,-,11,21950,B,N,F,A,E,A,H,-,C,D,0,Y,Y,NA,NA,Y,NA,N,60,1,0,0,0,0,0,1,0,0,-,-,NA,NA,SAN DIEGO,SAN DIEGO,-117.1730499267578,32.77717971801758
9632653,2023,2023-11-09,3702,2023-09-23,326,CV1390,NA,6,5,6,3702,0,0,0,NA,0,021,L ST,BROADWAY,0,NA,Y,A,-,N,NA,NA,NA,NA,NA,NA,NA,NA,NA,Y,4,0,1,2,A,-,01,23152,B,N,D,C,A,A,H,-,C,A,0,NA,NA,NA,NA,Y,Y,A,01,0,0,1,0,0,0,0,0,0,-,-,NA,NA,SAN DIEGO,CHULA VISTA,-117.08407592773438,32.61716079711914
9632831,2023,2023-12-01,3711,2023-10-22,108,SD1903,NA,7,5,7,3711,0,0,0,NA,0,242,FLANDERS DR,FLANDERS COVE,0,NA,Y,A,-,N,NA,NA,NA,NA,NA,NA,NA,NA,NA,Y,4,0,1,3,A,-,08,22107,NA,N,A,E,A,A,H,-,C,D,0,NA,NA,NA,NA,Y,Y,A,01,0,0,1,0,0,0,0,0,0,-,-,NA,NA,SAN DIEGO,SAN DIEGO,-117.15636444091795,32.90729522705078
9633667,2023,2024-01-31,3711,2023-11-02,1224,SD1521,NA,4,5,7,3711,0,0,0,NA,0,614,NIMITZ BL,SUNSET CLIFFS BL,0,NA,Y,A,-,N,NA,NA,NA,NA,NA,NA,NA,NA,NA,N,4,0,1,2,A,-,04,21703,NA,M,C,C,A,A,H,-,A,A,0,NA,NA,NA,NA,Y,NA,-,99,0,0,1,0,0,0,0,0,0,-,-,NA,NA,SAN DIEGO,SAN DIEGO,-117.23729705810548,32.75412368774414
9634181,2023,2024-01-23,3711,2023-11-21,1804,SD1917,NA,2,5,7,3711,0,0,0,NA,0,821,EL CAJON BL,63RD ST,70,E,N,A,-,N,NA,NA,NA,NA,NA,NA,NA,NA,NA,N,4,0,2,2,A,-,08,22107,NA,N,D,D,A,A,H,-,C,A,0,NA,NA,NA,NA,Y,NA,A,01,0,0,2,0,0,0,0,0,0,-,-,NA,NA,SAN DIEGO,SAN DIEGO,-117.06288909912108,32.76375961303711
9634824,2023,2024-01-17,3710,2023-11-21,910,OC1544,NA,2,5,6,3710,0,0,0,NA,0,018,DOUGLAS DR,VIA CIBOLA,740,N,N,A,-,N,NA,NA,NA,NA,NA,NA,NA,NA,NA,Y,4,0,1,1,A,-,08,22107,NA,N,E,I,A,A,H,-,A,D,0,NA,NA,NA,NA,Y,NA,A,01,0,0,1,0,0,0,0,0,0,-,-,NA,NA,SAN DIEGO,OCEANSIDE,-117.30618286132813,33.26777648925781
9635586,2023,2023-12-30,3700,2023-09-13,545,SH0141,NA,3,5,5,3712,0,0,0,NA,0,360,WEST SAN MARCOS BL,GRAND AV,400,E,N,A,-,N,NA,NA,NA,NA,NA,NA,NA,NA,NA,Y,4,0,1,2,D,-,00,NA,NA,M,C,C,A,A,H,-,C,A,0,NA,NA,NA,NA,Y,Y,-,-,0,0,1,0,0,0,0,0,0,-,-,NA,NA,SAN DIEGO,SAN MARCOS,-117.17784881591795,33.13755416870117
9635739,2023,2024-01-08,3708,2023-11-24,1625,LM1283,NA,5,5,5,3708,0,0,0,NA,0,NA,SPRING ST,GATESIDE RD,151,S,N,A,-,N,NA,NA,NA,NA,NA,NA,NA,NA,NA,N,2,0,1,2,A,-,11,21954,A,N,G,B,E,A,H,-,C,A,0,Y,NA,NA,NA,Y,NA,N,60,1,0,0,0,1,0,0,0,0,-,-,NA,NA,SAN DIEGO,LA MESA,-117.01406097412108,32.75531768798828
9637373,2023,2024-01-22,3710,2023-10-30,1131,OC1489,NA,1,5,6,3710,0,0,0,NA,0,NA,COAST HWY,CIVIC CENTER DR,0,NA,Y,A,-,N,NA,NA,NA,NA,NA,NA,NA,NA,NA,Y,4,0,3,2,A,-,08,22107,NA,N,A,C,A,A,H,-,A,A,0,NA,NA,NA,NA,Y,NA,A,01,0,0,3,0,0,0,0,0,0,-,-,NA,NA,SAN DIEGO,OCEANSIDE,-117.38095855712892,33.19758987426758
9637589,2023,2024-03-15,3711,2023-11-20,2322,SD1042,NA,1,5,7,3711,0,0,0,NA,0,613,SUNSET CLIFFS BL,NIMITZ BL,0,NA,Y,A,-,Y,SD,11,8,-,T,0.466,I,5,E,Y,4,0,1,2,A,-,12,21453,A,N,D,C,A,A,H,-,C,A,0,NA,NA,NA,NA,Y,Y,A,01,0,0,1,0,0,0,0,0,0,-,-,NA,NA,SAN DIEGO,SAN DIEGO,-117.23623657226563,32.754478454589844
9639181,2023,2024-01-13,3711,2023-11-15,739,SD1639,NA,3,5,7,3711,0,0,0,NA,0,116,JULY ST,BURGENER BL,0,NA,Y,B,-,N,NA,NA,NA,NA,NA,NA,NA,NA,NA,N,3,0,1,2,A,-,10,21950,A,N,G,B,B,A,H,-,A,D,0,Y,NA,NA,NA,Y,NA,A,01,0,1,0,0,1,0,0,0,0,-,-,NA,NA,SAN DIEGO,SAN DIEGO,-117.1894989013672,32.78376770019531
9639634,2023,2023-11-28,3700,2023-10-11,1026,SH0214,NA,3,5,4,3720,0,0,0,NA,0,602,BUENA VISTA AV,CHURCH ST,0,NA,Y,B,-,N,NA,NA,NA,NA,NA,NA,NA,NA,NA,Y,3,0,2,2,A,-,09,21802,A,N,A,C,A,A,H,-,A,A,0,NA,NA,NA,NA,Y,NA,A,01,0,1,1,0,0,0,0,0,0,-,-,NA,NA,SAN DIEGO,LEMON GROVE,-117.03427886962892,32.73987579345703
9639717,2023,2023-11-20,3702,2023-10-11,1440,CV1357,NA,3,5,6,3702,0,0,0,NA,0,042,OLD JANAL RANCH RD,RAMBLING VISTA RD,1050,S,N,A,-,N,NA,NA,NA,NA,NA,NA,NA,NA,NA,Y,4,0,1,2,A,-,08,22107,NA,N,C,E,A,A,H,-,A,D,0,NA,NA,NA,NA,Y,NA,A,07,0,0,1,0,0,0,0,0,0,-,-,NA,NA,SAN DIEGO,CHULA VISTA,-116.94307708740234,32.63645935058594
9640175,2023,2025-06-26,3708,2023-12-04,1811,LM1259,NA,1,5,5,3708,0,0,0,NA,0,002,SPRING ST,PALM AV,854,N,N,A,-,N,NA,NA,NA,NA,NA,NA,NA,NA,NA,Y,1,1,0,2,A,-,11,21456,B,N,G,B,B,A,H,-,B,A,0,Y,NA,NA,NA,Y,Y,N,60,0,0,0,1,0,0,0,0,0,-,-,NA,NA,SAN DIEGO,LA MESA,-117.01637268066406,32.75712585449219
9640219,2023,2025-06-26,3702,2023-05-15,1328,CV1004,NA,1,5,6,3702,0,0,0,NA,0,023,TLEGRAPH CANYON RD,PASEO DEL REY,616,E,N,A,-,N,NA,NA,NA,NA,NA,NA,NA,NA,NA,Y,1,1,2,2,A,-,09,21801,A,N,D,C,A,A,H,-,A,A,0,NA,NA,NA,NA,Y,NA,A,08,1,0,1,0,0,0,0,0,0,-,-,NA,NA,SAN DIEGO,CHULA VISTA,-117.03257751464844,32.62665557861328
9640540,2024,2024-08-13,3711,2024-05-02,2100,SD5972,NA,4,5,7,3711,0,0,0,NA,0,826,EL CAJON BL,50TH ST,33,W,N,A,-,N,NA,NA,NA,NA,NA,NA,NA,NA,NA,Y,1,1,0,2,A,-,11,21950,B,N,G,B,D,A,H,-,C,D,0,Y,NA,NA,NA,Y,Y,N,60,0,0,0,1,0,0,0,0,0,-,-,NA,NA,SAN DIEGO,SAN DIEGO,-117.0869369506836,32.75677490234375
9640673,2023,2025-06-28,3700,2023-07-04,2207,SH0712,NA,2,5,4,3720,0,0,0,NA,0,606,MASSACHUSETTS AV,SAN ALTOS PL,0,NA,Y,A,-,N,NA,NA,NA,NA,NA,NA,NA,NA,NA,N,1,1,1,2,A,-,11,21954,A,N,G,B,D,A,H,-,C,D,0,Y,NA,NA,NA,Y,Y,N,60,0,0,1,1,0,0,0,0,0,-,-,NA,NA,SAN DIEGO,LEMON GROVE,-117.03981018066406,32.724342346191406
9640784,2024,2024-09-11,3711,2024-08-01,300,SD7942,NA,4,5,7,3711,0,0,0,NA,0,512,28TH ST,NATIONAL AV,9,S,N,A,-,N,NA,NA,NA,NA,NA,NA,NA,NA,NA,Y,1,1,0,2,A,-,11,21456,B,F,G,B,B,A,H,-,C,A,0,Y,NA,NA,NA,Y,NA,N,60,0,0,0,1,0,0,0,0,0,-,-,NA,NA,SAN DIEGO,SAN DIEGO,-117.13379669189452,32.69591522216797
9640834,2024,2024-08-02,3711,2024-06-23,2342,SD6146,NA,7,5,7,3711,0,0,0,NA,0,621,1800 ULRIC ST,1900 DAVID ST,388,S,N,A,-,N,NA,NA,NA,NA,NA,NA,NA,NA,NA,N,1,1,0,1,A,-,03,22350,NA,N,E,I,A,A,H,-,C,D,0,NA,NA,Y,NA,Y,NA,C,02,0,0,0,0,0,0,0,1,0,-,-,NA,NA,SAN DIEGO,SAN DIEGO,-117.16879272460938,32.778846740722656
9640894,2023,2024-09-17,3705,2023-09-22,2218,EC0380,NA,5,5,5,3705,0,0,0,NA,0,001,CUYAMACA ST,MARSHALL AV,205,N,N,B,-,N,NA,NA,NA,NA,NA,NA,NA,NA,NA,Y,1,1,0,2,A,-,11,21954,A,N,G,B,D,A,H,-,D,D,0,Y,NA,NA,NA,Y,NA,N,60,0,0,0,1,0,0,0,0,0,-,-,NA,NA,SAN DIEGO,EL CAJON,-116.98396301269533,32.828189849853516
9640944,2024,2024-09-24,3711,2024-08-03,2040,SD7171,NA,6,5,7,3711,0,0,0,NA,0,612,3100 ROSECRANS ST,N. EVERGREEN ST,400,S,N,B,-,N,NA,NA,NA,NA,NA,NA,NA,NA,NA,N,1,1,0,2,A,-,11,21954,A,N,G,B,D,A,H,-,C,D,0,Y,NA,NA,NA,Y,NA,N,60,0,0,0,1,0,0,0,0,0,-,-,NA,NA,SAN DIEGO,SAN DIEGO,-117.21039581298828,32.74653625488281
9641091,2023,2024-01-10,3711,2023-11-10,157,SD1448,NA,5,5,7,3711,0,0,0,NA,0,512,IMPERIAL ST,22ND ST,200,E,N,A,-,N,NA,NA,NA,NA,NA,NA,NA,NA,NA,N,4,0,1,3,A,-,08,22107,NA,M,B,-,A,A,H,-,C,D,0,NA,Y,NA,NA,Y,Y,A,01,0,0,1,0,0,0,1,0,0,-,-,NA,NA,SAN DIEGO,SAN DIEGO,-117.143310546875,32.706298828125
9641307,2023,2024-01-09,3711,2023-11-17,1047,SD1758,NA,5,5,7,3711,0,0,0,NA,0,521,13TH ST,E ST,0,NA,Y,A,-,N,NA,NA,NA,NA,NA,NA,NA,NA,NA,N,4,0,1,4,A,-,07,21658,A,N,B,C,A,A,H,-,A,A,0,NA,NA,NA,Y,Y,NA,A,01,0,0,1,0,0,0,0,0,0,-,-,NA,NA,SAN DIEGO,SAN DIEGO,-117.1528549194336,32.71467590332031
9642278,2023,2023-12-13,3700,2023-10-29,1604,SH0798,NA,7,5,4,3720,0,0,0,NA,0,606,SKYLINE DR,LANSING DR,110,S,N,A,-,N,NA,NA,NA,NA,NA,NA,NA,NA,NA,N,4,0,1,2,A,-,11,21954,A,N,G,B,D,A,H,-,A,D,0,Y,NA,NA,NA,Y,NA,N,60,0,0,1,0,1,0,0,0,0,-,-,NA,NA,SAN DIEGO,LEMON GROVE,-117.0261688232422,32.721439361572266
9642905,2023,2024-01-03,3711,2023-11-20,1055,SD7316,NA,1,5,7,3711,0,0,0,NA,0,234,BERNARDO CENTER DR,RT 15,250,E,N,A,-,N,NA,NA,NA,NA,NA,NA,NA,NA,NA,N,4,0,1,2,A,-,09,21804,A,N,B,C,A,A,H,-,A,D,0,NA,NA,NA,NA,Y,NA,A,01,0,0,1,0,0,0,0,0,0,-,-,NA,NA,SAN DIEGO,SAN DIEGO,NA,NA
9642995,2023,2023-11-29,3700,2023-05-18,2246,SH0029,NA,4,5,5,3713,0,0,0,NA,0,303,EAST VISTA WY,EAST BOBIER DR,0,NA,Y,A,-,N,NA,NA,NA,NA,NA,NA,NA,NA,NA,Y,3,0,2,2,A,-,01,23152,A,N,D,C,A,A,H,-,C,A,0,NA,NA,NA,NA,Y,Y,D,22,0,2,0,0,0,0,0,0,0,-,-,NA,NA,SAN DIEGO,VISTA,-117.22622680664063,33.21723556518555
9643669,2023,2023-12-04,3705,2023-08-23,758,EC0329,NA,3,5,5,3705,0,0,0,NA,0,001,VILLAGE PKWY,JOHNSON,343,E,N,A,-,N,NA,NA,NA,NA,NA,NA,NA,NA,NA,N,3,0,1,2,A,-,10,21952,NA,N,G,B,D,A,H,-,A,D,0,Y,NA,NA,NA,Y,NA,D,22,0,1,0,0,1,0,0,0,0,-,-,NA,NA,SAN DIEGO,EL CAJON,-116.96997833251952,32.8037223815918
9643684,2023,2024-01-09,3711,2023-11-15,816,SD1895,NA,3,5,7,3711,0,0,0,NA,0,321,TWAIN AV,MISSION GORGE,70,E,N,B,-,N,NA,NA,NA,NA,NA,NA,NA,NA,NA,N,4,0,1,2,A,-,08,22107,NA,N,D,C,A,A,H,-,A,D,0,NA,NA,NA,NA,Y,NA,D,22,0,0,1,0,0,0,0,0,0,-,-,NA,NA,SAN DIEGO,SAN DIEGO,-117.09752655029295,32.78499221801758
9643764,2023,2024-01-25,3711,2023-11-19,1146,SD8447,NA,7,5,7,3711,0,0,0,NA,0,813,EL CAJON BL,ILLINOIS ST,0,NA,Y,A,-,N,NA,NA,NA,NA,NA,NA,NA,NA,NA,N,4,0,1,2,A,-,03,22350,NA,N,D,C,A,A,H,-,A,A,0,NA,NA,NA,NA,Y,NA,A,01,0,0,1,0,0,0,0,0,0,-,-,NA,NA,SAN DIEGO,SAN DIEGO,-117.12770080566406,32.7552375793457
9643779,2023,2024-01-25,3711,2023-11-05,1750,SD6915,NA,7,5,7,3711,0,0,0,NA,0,243,MIRAMAR RD,CAMINO RUIZ,5100,W,N,A,-,N,NA,NA,NA,NA,NA,NA,NA,NA,NA,Y,3,0,1,2,A,-,09,21802,B,N,B,C,A,A,H,-,C,A,0,NA,NA,NA,NA,Y,NA,A,01,0,1,0,0,0,0,0,0,0,-,-,NA,NA,SAN DIEGO,SAN DIEGO,-117.14786529541016,32.886837005615234
9643792,2023,2024-02-09,3711,2023-11-18,248,SD1835,NA,6,5,7,3711,0,0,0,NA,0,436,MEADOWBROOK DR,KNOLLWOOD RD,0,NA,Y,E,-,N,NA,NA,NA,NA,NA,NA,NA,NA,NA,N,4,0,2,1,D,-,00,NA,NA,N,E,I,A,B,H,-,C,A,0,NA,NA,NA,NA,Y,NA,-,-,0,0,2,0,0,0,0,0,0,-,-,NA,NA,SAN DIEGO,SAN DIEGO,-117.03272247314452,32.70745849609375
9644214,2023,2024-03-13,3711,2023-12-11,1745,SD1906,NA,1,5,7,3711,0,0,0,NA,0,326,COLLWOOD WY,MONTEZUMA RD,0,NA,Y,A,-,N,NA,NA,NA,NA,NA,NA,NA,NA,NA,N,4,0,1,2,A,-,12,21453,A,N,D,C,A,A,H,-,C,A,0,NA,NA,NA,Y,Y,NA,A,01,0,0,1,0,0,0,0,0,0,-,-,NA,NA,SAN DIEGO,SAN DIEGO,-117.08600616455078,32.77006912231445
9644355,2023,2023-12-08,3702,2023-10-15,1051,CV1342,NA,7,5,6,3702,0,0,0,NA,0,042,BIRCH RD,ORION AV,0,NA,Y,A,-,N,NA,NA,NA,NA,NA,NA,NA,NA,NA,Y,4,0,1,2,A,-,12,21453,A,N,D,C,A,B,H,-,A,A,0,NA,NA,NA,NA,Y,NA,A,01,0,0,1,0,0,0,0,0,0,-,-,NA,NA,SAN DIEGO,CHULA VISTA,-116.9652099609375,32.62102127075195
9644639,2023,2023-12-19,3709,2023-11-12,227,NC0493,NA,7,5,5,3709,0,0,0,NA,0,021,16TH ST,PALM AV,0,NA,N,A,-,N,NA,NA,NA,NA,NA,NA,NA,NA,NA,Y,4,0,1,4,A,-,01,23152,B,N,B,E,A,A,H,-,C,D,0,NA,NA,NA,NA,Y,Y,D,22,0,0,1,0,0,0,0,0,0,-,-,NA,NA,SAN DIEGO,NATIONAL CITY,-117.08783721923828,32.67351150512695
9646236,2023,2024-01-12,3705,2023-11-17,1713,EC0410,NA,5,5,5,3705,0,0,0,NA,0,002,EAST MAIN ST,SAFARI DR,45,W,N,B,-,N,NA,NA,NA,NA,NA,NA,NA,NA,NA,Y,4,0,2,3,A,-,03,22350,NA,N,C,C,A,A,H,-,B,D,0,NA,NA,NA,NA,Y,NA,A,08,0,0,2,0,0,0,0,0,0,-,-,NA,NA,SAN DIEGO,EL CAJON,-116.94234466552734,32.79492950439453
9646647,2023,2024-03-12,3708,2023-12-15,2215,LM1321,NA,5,5,5,3708,0,0,0,NA,0,001,SPRING ST,UNIVERSITY AV,30,N,N,A,-,N,NA,NA,NA,NA,NA,NA,NA,NA,NA,N,4,0,2,2,A,-,08,22107,NA,N,B,C,A,A,H,-,C,A,0,NA,NA,NA,NA,Y,NA,A,01,0,0,2,0,0,0,0,0,0,-,-,NA,NA,SAN DIEGO,LA MESA,-117.0217742919922,32.76748275756836
9646782,2023,2024-02-15,3700,2023-12-07,1126,SH2659,NA,4,5,5,3712,0,0,0,NA,0,351,WEST MISSION RD,W MISSION RD 1140,0,NA,-,A,-,N,NA,NA,NA,NA,NA,NA,NA,NA,NA,N,3,0,1,2,B,-,22,NA,NA,N,D,G,A,A,H,-,A,D,0,NA,Y,NA,NA,Y,NA,L,04,0,1,0,0,0,0,1,0,0,-,-,NA,NA,SAN DIEGO,SAN MARCOS,-117.18900299072266,33.148414611816406
9647175,2023,2024-03-26,3711,2023-11-27,1035,SD5300,NA,1,5,7,3711,0,0,0,NA,0,124,GIRARD ST,KLINE ST,0,NA,Y,A,-,N,NA,NA,NA,NA,NA,NA,NA,NA,NA,Y,4,0,1,2,A,-,12,22450,A,N,D,C,A,A,H,-,A,A,0,NA,NA,NA,NA,Y,NA,D,22,0,0,1,0,0,0,0,0,0,-,-,NA,NA,SAN DIEGO,SAN DIEGO,-117.27352142333984,32.84357452392578
9647260,2023,2024-01-17,3711,2023-11-15,1836,SD7909,NA,3,5,7,3711,0,0,0,NA,0,122,GARNET AV,MISSION BAY DR,0,NA,N,C,-,N,NA,NA,NA,NA,NA,NA,NA,NA,NA,N,2,0,1,2,A,-,08,22107,NA,N,G,B,E,B,H,-,C,A,0,Y,NA,NA,NA,Y,NA,A,07,1,0,0,0,1,0,0,0,0,-,-,NA,NA,SAN DIEGO,SAN DIEGO,-117.2189712524414,32.80615234375
9647958,2023,2024-02-28,3711,2023-12-03,1822,SD1913,NA,7,5,7,3711,0,0,0,NA,0,832,43RD ST,EL CAJON BL,0,NA,N,A,-,N,NA,NA,NA,NA,NA,NA,NA,NA,NA,N,4,0,1,2,A,-,12,21453,A,N,D,C,A,A,H,-,B,A,0,NA,NA,NA,NA,Y,NA,A,01,0,0,1,0,0,0,0,0,0,-,-,NA,NA,SAN DIEGO,SAN DIEGO,-117.10191345214844,32.755069732666016
9648328,2023,2024-01-18,3709,2023-11-08,1643,NC0513,NA,3,5,5,3709,0,0,0,NA,0,023,NATIONAL CITY BL,NATIONAL CITY BL 1600,0,NA,N,A,-,N,NA,NA,NA,NA,NA,NA,NA,NA,NA,Y,4,0,1,2,A,-,09,21801,A,N,D,C,A,A,H,-,A,A,0,NA,NA,NA,NA,Y,NA,A,07,0,0,1,0,0,0,0,0,0,-,-,NA,NA,SAN DIEGO,NATIONAL CITY,NA,NA
9648334,2023,2024-01-11,3711,2023-11-08,1517,SD6996,NA,3,5,7,3711,0,0,0,NA,0,627,6TH AV,PENNSYLVANIA AV,14,S,N,A,-,N,NA,NA,NA,NA,NA,NA,NA,NA,NA,N,2,0,1,2,A,-,10,21950,A,N,G,B,B,A,H,-,B,A,0,Y,NA,NA,NA,Y,NA,A,01,1,0,0,0,1,0,0,0,0,-,-,NA,NA,SAN DIEGO,SAN DIEGO,-117.15956878662108,32.74509048461914
9648887,2023,2024-01-09,3702,2023-11-21,1307,CV1493,NA,2,5,6,3702,0,0,0,NA,0,014,CHURCH AV,F ST,240,N,N,A,-,N,NA,NA,NA,NA,NA,NA,NA,NA,NA,N,4,0,1,3,A,-,08,22107,NA,N,B,C,A,A,H,-,A,D,0,NA,NA,NA,NA,Y,NA,A,01,0,0,1,0,0,0,0,0,0,-,-,NA,NA,SAN DIEGO,CHULA VISTA,-117.07911682128906,32.64219284057617
9649020,2023,2024-02-23,3710,2023-12-28,2318,OC1480,NA,4,5,6,3710,0,0,0,NA,0,008,OCEANSIDE BL,PARKWOOD LN,45,E,N,B,-,N,NA,NA,NA,NA,NA,NA,NA,NA,NA,Y,4,0,1,2,A,-,05,21651,C,F,A,C,A,A,H,-,C,A,0,NA,NA,NA,NA,Y,Y,D,22,0,0,1,0,0,0,0,0,0,-,-,NA,NA,SAN DIEGO,OCEANSIDE,-117.3632354736328,33.18977737426758
9649240,2023,2024-03-02,3711,2023-12-01,1651,SD1807,NA,5,5,7,3711,0,0,0,NA,0,512,NEWTON AV,31ST ST,0,NA,Y,A,-,N,NA,NA,NA,NA,NA,NA,NA,NA,NA,N,3,0,1,3,A,-,08,22100,B,N,A,C,A,A,H,-,B,A,0,NA,NA,NA,NA,Y,NA,A,01,0,1,0,0,0,0,0,0,0,-,-,NA,NA,SAN DIEGO,SAN DIEGO,-117.12733459472656,32.69493103027344
9649411,2023,2024-02-17,3709,2023-12-04,2246,NC0556,NA,1,5,5,3709,0,0,0,NA,0,021,EAST 8TH ST,ARCADIA PL,0,NA,Y,A,-,N,NA,NA,NA,NA,NA,NA,NA,NA,NA,N,4,0,1,4,A,-,04,21703,NA,N,F,C,A,A,H,-,D,D,0,NA,NA,NA,NA,Y,NA,-,NA,0,0,1,0,0,0,0,0,0,-,-,NA,NA,SAN DIEGO,NATIONAL CITY,-117.07769775390624,32.68403244018555