CASE_ID,ACCIDENT_YEAR,PROC_DATE,JURIS,COLLISION_DATE,COLLISION_TIME,OFFICER_ID,REPORTING_DISTRICT,DAY_OF_WEEK,CHP_SHIFT,POPULATION,CNTY_CITY_LOC,SPECIAL_COND,BEAT_TYPE,CHP_BEAT_TYPE,CITY_DIVISION_LAPD,CHP_BEAT_CLASS,BEAT_NUMBER,PRIMARY_RD,SECONDARY_RD,DISTANCE,DIRECTION,INTERSECTION,WEATHER_1,WEATHER_2,STATE_HWY_IND,CALTRANS_COUNTY,CALTRANS_DISTRICT,STATE_ROUTE,ROUTE_SUFFIX,POSTMILE_PREFIX,POSTMILE,LOCATION_TYPE,RAMP_INTERSECTION,SIDE_OF_HWY,TOW_AWAY,COLLISION_SEVERITY,NUMBER_KILLED,NUMBER_INJURED,PARTY_COUNT,PRIMARY_COLL_FACTOR,PCF_CODE_OF_VIOL,PCF_VIOL_CATEGORY,PCF_VIOLATION,PCF_VIOL_SUBSECTION,HIT_AND_RUN,TYPE_OF_COLLISION,MVIW,PED_ACTION,ROAD_SURFACE,ROAD_COND_1,ROAD_COND_2,LIGHTING,CONTROL_DEVICE,CHP_ROAD_TYPE,PEDESTRIAN_ACCIDENT,BICYCLE_ACCIDENT,MOTORCYCLE_ACCIDENT,TRUCK_ACCIDENT,NOT_PRIVATE_PROPERTY,ALCOHOL_INVOLVED,STWD_VEHTYPE_AT_FAULT,CHP_VEHTYPE_AT_FAULT,COUNT_SEVERE_INJ,COUNT_VISIBLE_INJ,COUNT_COMPLAINT_PAIN,COUNT_PED_KILLED,COUNT_PED_INJURED,COUNT_BICYCLIST_KILLED,COUNT_BICYCLIST_INJURED,COUNT_MC_KILLED,COUNT_MC_INJURED,PRIMARY_RAMP,SECONDARY_RAMP,LATITUDE,LONGITUDE,COUNTY,CITY,POINT_X,POINT_Y
9700575,2024,2024-06-21,3700,2024-04-06,1354,SH0084,NA,6,5,5,3782,0,0,0,NA,0,222,BALOUR DR,SAN ANDRADE DR,0,NA,Y,A,-,N,NA,NA,NA,NA,NA,NA,NA,NA,NA,N,4,0,1,2,A,-,03,22350,NA,N,C,C,A,A,H,-,A,D,0,NA,NA,NA,NA,Y,NA,A,01,0,0,1,0,0,0,0,0,0,-,-,NA,NA,SAN DIEGO,ENCINITAS,-117.2684326171875,33.04267120361328
9700831,2024,2024-07-31,3711,2024-05-17,1122,SD7461,NA,5,5,7,3711,0,0,0,NA,0,931,NOBLE DR,MIRAMAR RD,82,S,N,A,-,N,NA,NA,NA,NA,NA,NA,NA,NA,NA,Y,4,0,1,2,D,-,00,NA,NA,N,D,C,A,A,H,-,A,-,0,NA,NA,NA,Y,Y,NA,-,-,0,0,1,0,0,0,0,0,0,-,-,NA,NA,SAN DIEGO,SAN DIEGO,-117.19110107421876,32.87628936767578
9701241,2024,2024-06-20,3700,2024-04-17,1611,SH0057,NA,3,5,4,3780,0,0,0,NA,0,410,TWIN PEAKS RD,TWIN CIRCLE WY,163,E,N,A,-,N,NA,NA,NA,NA,NA,NA,NA,NA,NA,Y,4,0,1,2,A,-,03,22350,NA,N,C,C,A,A,H,-,A,D,0,NA,NA,NA,NA,Y,NA,A,01,0,0,1,0,0,0,0,0,0,-,-,NA,NA,SAN DIEGO,POWAY,-117.04400634765624,32.975059509277344
9701895,2024,2024-07-18,3711,2024-06-13,933,SD7194,NA,4,5,7,3711,0,0,0,NA,0,529,OLIVE ST,4TH AV,0,NA,Y,A,-,N,NA,NA,NA,NA,NA,NA,NA,NA,NA,Y,4,0,1,2,A,-,09,21802,A,N,D,C,A,A,H,-,A,A,0,NA,NA,NA,NA,Y,NA,A,01,0,0,1,0,0,0,0,0,0,-,-,NA,NA,SAN DIEGO,SAN DIEGO,-117.16123199462892,32.73451232910156
9702210,2024,2024-07-11,3700,2024-04-27,1550,SH0817,NA,6,5,5,3712,0,0,0,NA,0,350,SAN MARCOS BL,KNOLL RD,22,E,N,A,-,N,NA,NA,NA,NA,NA,NA,NA,NA,NA,N,4,0,1,2,A,-,03,22350,NA,N,C,C,A,A,H,-,A,A,0,NA,NA,NA,NA,Y,NA,A,01,0,0,1,0,0,0,0,0,0,-,-,NA,NA,SAN DIEGO,SAN MARCOS,-117.17417144775392,33.138587951660156
9702256,2024,2024-07-01,3710,2024-06-06,2333,OC1519,NA,4,5,6,3710,0,0,0,NA,0,006,RT 76,NORTH COAST HWY,0,NA,Y,A,-,N,NA,NA,NA,NA,NA,NA,NA,NA,NA,Y,3,0,1,1,A,-,01,23152,A,N,B,I,A,A,H,-,C,A,0,NA,NA,NA,NA,Y,Y,A,01,0,1,0,0,0,0,0,0,0,-,-,NA,NA,SAN DIEGO,OCEANSIDE,-117.38420104980467,33.201637268066406
9702597,2024,2024-06-14,3705,2024-04-09,1703,EC0407,NA,2,5,5,3705,0,0,0,NA,0,002,N MOLLISON AV,EAST MAIN ST,410,N,N,A,-,N,NA,NA,NA,NA,NA,NA,NA,NA,NA,Y,3,0,1,2,A,-,09,21801,A,N,D,C,A,A,H,-,A,D,0,NA,NA,Y,NA,Y,NA,A,07,0,1,0,0,0,0,0,0,1,-,-,NA,NA,SAN DIEGO,EL CAJON,-116.95098876953124,32.79607391357422
9704085,2024,2024-06-20,3705,2024-04-09,1335,EC0383,NA,2,5,5,3705,0,0,0,NA,0,003,E LEXINGTON AVE,STEPHANIE LN,235,E,N,A,-,N,NA,NA,NA,NA,NA,NA,NA,NA,NA,Y,3,0,1,3,A,-,03,22350,NA,M,C,E,A,A,H,-,A,D,0,NA,NA,NA,NA,Y,NA,D,22,0,1,0,0,0,0,0,0,0,-,-,NA,NA,SAN DIEGO,EL CAJON,-116.9280242919922,32.79270935058594
9704384,2024,2024-06-20,3700,2024-04-21,2311,SH3183,NA,7,5,5,3713,0,0,0,NA,0,311,VISTA VILLAGE DR,MAIN ST,40,E,N,A,-,N,NA,NA,NA,NA,NA,NA,NA,NA,NA,Y,3,0,1,1,A,-,01,23152,A,N,E,I,A,A,H,-,C,D,0,NA,NA,NA,NA,Y,Y,A,07,0,1,0,0,0,0,0,0,0,-,-,NA,NA,SAN DIEGO,VISTA,-117.23961639404295,33.20396041870117
9704419,2024,2024-06-17,3705,2024-02-07,730,EC0383,NA,3,5,5,3705,0,0,0,NA,0,003,EAST MAIN ST,TAMMY ST,267,N,N,C,-,N,NA,NA,NA,NA,NA,NA,NA,NA,NA,Y,3,0,4,3,A,-,03,22350,NA,N,A,C,A,B,H,-,A,D,0,NA,NA,NA,NA,Y,NA,A,01,0,4,0,0,0,0,0,0,0,-,-,NA,NA,SAN DIEGO,EL CAJON,-116.91475677490234,32.81853103637695
9706785,2024,2024-07-03,3711,2024-05-15,1610,SD7292,NA,3,5,7,3711,0,0,0,NA,0,234,RANCHO BERNARDO RD,BERNARDO CENTER RD,250,W,N,B,-,N,NA,NA,NA,NA,NA,NA,NA,NA,NA,N,3,0,1,2,A,-,07,21658,A,N,B,C,A,A,H,-,A,D,0,NA,NA,Y,NA,Y,NA,A,07,0,1,0,0,0,0,0,0,1,-,-,NA,NA,SAN DIEGO,SAN DIEGO,-117.0752410888672,33.022789001464844
9706786,2024,2024-07-03,3711,2024-05-14,1800,SD6980,NA,2,5,7,3711,0,0,0,NA,0,451,COLLEGE AV,COLLEGE GROVE,0,NA,Y,A,-,N,NA,NA,NA,NA,NA,NA,NA,NA,NA,N,4,0,3,2,A,-,08,38314,NA,N,B,C,A,A,H,-,A,A,0,NA,NA,NA,NA,Y,NA,A,01,0,0,3,0,0,0,0,0,0,-,-,NA,NA,SAN DIEGO,SAN DIEGO,-117.05364227294922,32.74435806274414
9707226,2024,2024-07-24,3711,2024-05-28,2220,SD1897,NA,2,5,7,3711,0,0,0,NA,0,724,MAIN ST,ALAMITOS AV,0,NA,Y,B,-,N,NA,NA,NA,NA,NA,NA,NA,NA,NA,N,3,0,1,2,A,-,09,21801,A,F,B,C,A,A,H,-,C,D,0,NA,NA,Y,NA,Y,NA,C,02,0,1,0,0,0,0,0,0,1,-,-,NA,NA,SAN DIEGO,SAN DIEGO,-117.0862045288086,32.59487533569336
9707229,2024,2024-07-24,3711,2024-05-27,1507,SD1783,NA,1,5,7,3711,0,0,0,NA,0,625,TAYLORS ST,CONGRESS ST,190,W,N,A,-,N,NA,NA,NA,NA,NA,NA,NA,NA,NA,N,3,0,1,2,A,-,04,21703,NA,N,C,G,A,A,H,-,A,A,0,NA,NA,Y,NA,Y,NA,O,05,0,1,0,0,0,0,0,0,1,-,-,NA,NA,SAN DIEGO,SAN DIEGO,-117.2001724243164,32.7555046081543
9707250,2024,2024-07-23,3711,2024-05-29,2010,SD1790,NA,3,5,7,3711,0,0,0,NA,0,311,FRIARS RD,MISSION VILLAGE RD,1065,E,N,B,-,N,NA,NA,NA,NA,NA,NA,NA,NA,NA,Y,3,0,1,1,A,-,00,23103,A,N,H,A,A,A,H,-,C,D,0,NA,NA,Y,NA,Y,NA,C,02,0,1,0,0,0,0,0,0,1,-,-,NA,NA,SAN DIEGO,SAN DIEGO,-117.11693572998048,32.787620544433594
9707452,2024,2024-08-27,3711,2024-06-02,1017,SD7364,NA,7,5,7,3711,0,0,0,NA,0,831,EUCLID AV,EL CAJON BL,0,NA,Y,B,-,N,NA,NA,NA,NA,NA,NA,NA,NA,NA,N,3,0,1,2,A,-,12,21453,A,M,G,G,A,A,H,-,A,A,0,NA,Y,NA,NA,Y,NA,-,NA,0,1,0,0,0,0,1,0,0,-,-,NA,NA,SAN DIEGO,SAN DIEGO,-117.09220886230467,32.756038665771484
9707467,2024,2024-08-15,3711,2024-06-07,1643,SD6564,NA,5,5,7,3711,0,0,0,NA,0,116,MORENA BL,JELLETT ST,0,NA,Y,A,-,N,NA,NA,NA,NA,NA,NA,NA,NA,NA,N,3,0,2,2,A,-,04,21703,NA,N,C,C,A,A,H,-,A,A,0,NA,NA,NA,NA,Y,NA,A,01,0,1,1,0,0,0,0,0,0,-,-,NA,NA,SAN DIEGO,SAN DIEGO,-117.20608520507813,32.788387298583984
9707483,2024,2024-08-15,3711,2024-06-05,1712,SD1973,NA,3,5,7,3711,0,0,0,NA,0,836,EUCLID AVE,MYRTLE AVE,465,S,N,A,-,N,NA,NA,NA,NA,NA,NA,NA,NA,NA,Y,4,0,1,3,A,-,03,22350,NA,M,C,C,A,A,H,-,A,D,0,NA,NA,NA,NA,Y,NA,-,99,0,0,1,0,0,0,0,0,0,-,-,NA,NA,SAN DIEGO,SAN DIEGO,-117.09232330322266,32.7408561706543
9709281,2024,2024-07-22,3700,2024-05-19,1826,SH7919,NA,7,5,5,3782,0,0,0,NA,0,224,ENCINITAS BL,VILLAGE PARK WY,32,W,N,A,-,N,NA,NA,NA,NA,NA,NA,NA,NA,NA,N,3,0,2,2,A,-,01,23153,B,F,C,C,A,A,H,-,A,A,0,NA,NA,NA,NA,Y,Y,A,07,0,2,0,0,0,0,0,0,0,-,-,NA,NA,SAN DIEGO,ENCINITAS,-117.24868011474608,33.045074462890625
9710686,2024,2024-07-23,3705,2024-02-26,1806,EC0454,NA,1,5,5,3705,0,0,0,NA,0,001,WASHINGTON AV,LEMON AV,236,E,N,A,-,N,NA,NA,NA,NA,NA,NA,NA,NA,NA,Y,4,0,3,3,A,-,03,22350,NA,N,C,C,A,A,H,-,C,D,0,NA,NA,NA,NA,Y,NA,A,01,0,0,3,0,0,0,0,0,0,-,-,NA,NA,SAN DIEGO,EL CAJON,-116.97226715087892,32.78765869140625
9711139,2024,2024-08-19,3711,2024-07-26,1620,SD1606,NA,5,5,7,3711,0,0,0,NA,0,931,MIRAMAR RD,EASTGATE MALL,0,NA,Y,A,-,N,NA,NA,NA,NA,NA,NA,NA,NA,NA,Y,4,0,1,2,A,-,12,21453,A,N,D,C,A,A,H,-,A,A,0,NA,NA,NA,NA,Y,NA,A,01,0,0,1,0,0,0,0,0,0,-,-,NA,NA,SAN DIEGO,SAN DIEGO,-117.18631744384766,32.87685775756836
9711149,2024,2024-09-10,3711,2024-07-24,1648,SD2028,NA,3,5,7,3711,0,0,0,NA,0,838,39TH ST,EL CAJON BL,0,NA,Y,A,-,N,NA,NA,NA,NA,NA,NA,NA,NA,NA,N,3,0,2,3,A,-,08,38314,NA,N,B,C,A,A,H,-,A,D,0,NA,NA,Y,NA,Y,NA,C,06,0,1,1,0,0,0,0,0,2,-,-,NA,NA,SAN DIEGO,SAN DIEGO,-117.11042022705078,32.75525665283203
9711502,2024,2024-08-23,3700,2024-07-01,1758,SH0371,NA,1,5,5,3713,0,0,0,NA,0,310,SOUTH SANTA FE AV,E BROADWAY,67,W,N,A,-,N,NA,NA,NA,NA,NA,NA,NA,NA,NA,N,3,0,1,2,A,-,04,21703,NA,N,C,C,A,A,H,-,A,D,0,NA,NA,Y,NA,Y,NA,C,02,0,1,0,0,0,0,0,0,1,-,-,NA,NA,SAN DIEGO,VISTA,-117.24295806884766,33.20085144042969
9711584,2024,2024-08-30,3708,2024-08-12,2500,LM8305,NA,1,5,5,3708,0,0,0,NA,0,003,JACKSON DR,EL PASO ST,0,NA,Y,A,-,N,NA,NA,NA,NA,NA,NA,NA,NA,NA,Y,4,0,1,2,A,-,09,21801,A,N,-,C,A,A,H,-,A,A,0,NA,NA,NA,NA,Y,NA,A,07,0,0,1,0,0,0,0,0,0,-,-,NA,NA,SAN DIEGO,LA MESA,-117.01840209960938,32.788143157958984
9711717,2024,2024-08-05,3705,2024-05-28,1551,EC0249,NA,2,5,5,3705,0,0,0,NA,0,003,EAST MAIN ST,LAVALA LN,130,E,N,A,-,N,NA,NA,NA,NA,NA,NA,NA,NA,NA,Y,4,0,2,2,A,-,03,22350,NA,N,C,C,A,A,H,-,A,D,0,NA,NA,NA,NA,Y,NA,A,07,0,0,2,0,0,0,0,0,0,-,-,NA,NA,SAN DIEGO,EL CAJON,-116.91417694091795,32.82075881958008
9712918,2024,2024-09-05,3711,2024-06-18,1625,SD1661,NA,2,5,7,3711,0,0,0,NA,0,813,EL CAJON BL,IDAHO ST,0,NA,Y,A,-,N,NA,NA,NA,NA,NA,NA,NA,NA,NA,N,3,0,2,2,A,-,09,21801,A,M,D,C,A,A,H,-,A,D,0,NA,NA,NA,NA,Y,NA,A,07,0,2,0,0,0,0,0,0,0,-,-,NA,NA,SAN DIEGO,SAN DIEGO,-117.13388061523438,32.75539016723633
9713064,2024,2024-09-10,3711,2024-06-11,1408,SD7657,NA,2,5,7,3711,0,0,0,NA,0,523,4TH AVE,G ST,0,NA,Y,A,-,N,NA,NA,NA,NA,NA,NA,NA,NA,NA,Y,4,0,2,2,A,-,12,21453,A,N,D,C,A,A,H,-,A,A,0,NA,NA,NA,NA,Y,NA,A,07,0,0,2,0,0,0,0,0,0,-,-,NA,NA,SAN DIEGO,SAN DIEGO,-117.16105651855467,32.71257019042969
9713089,2024,2024-10-10,3711,2024-06-14,1910,SD1756,NA,5,5,7,3711,0,0,0,NA,0,324,NAVAJO RD,RT 125,0,NA,Y,A,-,Y,SD,11,125,-,-,19.928,R,4,S,Y,4,0,1,3,A,-,12,21453,A,N,B,C,A,A,H,-,A,A,0,NA,NA,NA,NA,Y,NA,A,01,0,0,1,0,0,0,0,0,0,-,SF,NA,NA,SAN DIEGO,SAN DIEGO,-117.0056610107422,32.805213928222656
9713108,2024,2024-08-27,3711,2024-06-15,1245,SD7650,NA,6,5,7,3711,0,0,0,NA,0,444,F ST,RAVEN ST,0,NA,Y,A,-,N,NA,NA,NA,NA,NA,NA,NA,NA,NA,Y,4,0,4,3,A,-,09,21803,A,N,D,C,A,A,H,-,A,A,0,NA,NA,NA,NA,Y,NA,A,07,0,0,4,0,0,0,0,0,0,-,-,NA,NA,SAN DIEGO,SAN DIEGO,-117.10758972167967,32.713443756103516
9713150,2024,2024-10-04,3711,2024-06-05,2317,SD1310,NA,3,5,7,3711,0,0,0,NA,0,628,KETTNER BL,SASSAFRAS ST,0,NA,Y,B,-,N,NA,NA,NA,NA,NA,NA,NA,NA,NA,N,3,0,1,2,A,-,12,21453,A,N,D,C,A,A,H,-,C,A,0,NA,NA,NA,NA,Y,NA,A,01,0,1,0,0,0,0,0,0,0,-,-,NA,NA,SAN DIEGO,SAN DIEGO,-117.17674255371094,32.73686981201172
9713162,2024,2024-08-16,3702,2024-06-15,1203,CV1363,NA,6,5,6,3702,0,0,0,NA,0,013,J ST,COLORADO AV,100,W,N,A,-,N,NA,NA,NA,NA,NA,NA,NA,NA,NA,N,4,0,1,2,A,-,04,21703,NA,N,C,C,A,A,H,-,A,D,0,NA,NA,NA,NA,Y,NA,A,01,0,0,1,0,0,0,0,0,0,-,-,NA,NA,SAN DIEGO,CHULA VISTA,-117.0923309326172,32.6225471496582
9713555,2024,2024-07-09,3711,2024-04-27,708,SD6532,NA,6,5,7,3711,0,0,0,NA,0,437,PINECONE LN,REDBARK WY,15,S,N,A,-,N,NA,NA,NA,NA,NA,NA,NA,NA,NA,N,2,0,1,1,A,-,15,26451,A,N,H,I,A,A,H,-,A,D,0,NA,NA,NA,NA,Y,NA,A,01,1,0,0,0,0,0,0,0,0,-,-,NA,NA,SAN DIEGO,SAN DIEGO,NA,NA
9713933,2024,2024-09-11,3710,2024-06-16,1307,OC1521,NA,7,5,6,3710,0,0,0,NA,0,016,MISSION AV,EL CAMINO REAL,51,E,N,A,-,N,NA,NA,NA,NA,NA,NA,NA,NA,NA,Y,2,0,3,3,C,-,18,NA,NA,N,C,C,A,A,H,-,A,A,0,NA,NA,NA,NA,Y,NA,-,-,1,0,2,0,0,0,0,0,0,-,-,NA,NA,SAN DIEGO,OCEANSIDE,-117.33090209960938,33.225955963134766
9716078,2024,2024-08-16,3711,2024-06-25,1822,SD7759,NA,2,5,7,3711,0,0,0,NA,0,431,LENOX DR,ELWOOD AV,0,NA,Y,A,-,N,NA,NA,NA,NA,NA,NA,NA,NA,NA,N,2,0,1,2,A,-,03,22350,NA,N,G,B,E,A,H,-,A,D,0,Y,NA,NA,NA,Y,NA,A,07,1,0,0,0,1,0,0,0,0,-,-,NA,NA,SAN DIEGO,SAN DIEGO,-117.08213043212892,32.7177619934082
9716080,2024,2024-08-16,3711,2024-06-30,158,SD7698,NA,7,5,7,3711,0,0,0,NA,0,524,A ST,4TH AV,0,NA,Y,A,-,N,NA,NA,NA,NA,NA,NA,NA,NA,NA,N,3,0,1,2,A,-,12,21453,A,N,D,G,A,A,H,-,C,A,0,NA,Y,NA,NA,Y,NA,L,04,0,1,0,0,0,0,1,0,0,-,-,NA,NA,SAN DIEGO,SAN DIEGO,-117.16110229492188,32.71885299682617
9717032,2024,2024-07-31,3702,2024-06-20,1615,CV1486,NA,4,5,6,3702,0,0,0,NA,0,042,SILVER SPRINGS DR,GREEN VALLEY DR,98,N,N,A,-,N,NA,NA,NA,NA,NA,NA,NA,NA,NA,Y,3,0,1,2,A,-,08,22107,NA,N,F,E,A,A,H,-,A,D,0,NA,NA,NA,NA,Y,NA,A,01,0,1,0,0,0,0,0,0,0,-,-,NA,NA,SAN DIEGO,CHULA VISTA,-116.9485092163086,32.635372161865234
9717038,2024,2024-07-30,3702,2024-06-27,1725,CV1299,NA,4,5,6,3702,0,0,0,NA,0,011,5TH AVE,D STREET,96,N,N,A,-,N,NA,NA,NA,NA,NA,NA,NA,NA,NA,Y,3,0,1,3,A,-,01,23152,A,M,B,E,A,A,H,-,A,D,0,NA,NA,NA,NA,Y,NA,A,01,0,1,0,0,0,0,0,0,0,-,-,NA,NA,SAN DIEGO,CHULA VISTA,-117.0908203125,32.64617919921875
9718787,2024,2024-08-23,3711,2024-07-05,1135,SD1706,NA,5,5,7,3711,0,0,0,NA,0,628,KETTNER BL,SASSAFRAS ST,10,N,N,A,-,N,NA,NA,NA,NA,NA,NA,NA,NA,NA,Y,4,0,1,2,A,-,07,21658,A,N,B,C,A,A,H,-,A,A,0,NA,NA,NA,NA,Y,NA,-,NA,0,0,1,0,0,0,0,0,0,-,-,NA,NA,SAN DIEGO,SAN DIEGO,-117.1767578125,32.73689270019531
9719137,2024,2024-09-10,3710,2024-07-23,1117,OC1507,NA,2,5,6,3710,0,0,0,NA,0,025,OCEANSIDE BL,EL CAMINO REAL,2270,E,N,A,-,N,NA,NA,NA,NA,NA,NA,NA,NA,NA,Y,3,0,1,2,A,-,08,38314,NA,N,C,C,A,A,H,-,A,D,0,NA,NA,NA,Y,Y,NA,F,25,0,1,0,0,0,0,0,0,0,-,-,NA,NA,SAN DIEGO,OCEANSIDE,-117.3248291015625,33.20163345336914
9719139,2024,2024-08-16,3700,2024-06-19,758,SH3684,NA,3,5,5,3713,0,0,0,NA,0,308,OLIVE AV,FALL PL,24,E,N,A,-,N,NA,NA,NA,NA,NA,NA,NA,NA,NA,Y,4,0,1,2,A,-,09,21802,A,N,D,C,A,A,H,-,A,D,0,NA,NA,NA,NA,Y,NA,D,22,0,0,1,0,0,0,0,0,0,-,-,NA,NA,SAN DIEGO,VISTA,-117.275390625,33.204750061035156
9719306,2024,2024-08-08,3705,2024-05-30,1017,EC0431,NA,4,5,5,3705,0,0,0,NA,0,002,N 2ND ST,E MADISON AV,353,S,N,A,-,N,NA,NA,NA,NA,NA,NA,NA,NA,NA,Y,4,0,1,2,A,-,03,22350,NA,N,B,C,A,A,H,-,A,A,0,NA,NA,NA,NA,Y,NA,A,01,0,0,1,0,0,0,0,0,0,-,-,NA,NA,SAN DIEGO,EL CAJON,-116.93586730957033,32.7991943359375
9719684,2024,2024-08-19,3702,2024-07-17,900,CV1368,NA,3,5,6,3702,0,0,0,NA,0,011,C ST,4TH AV,0,NA,Y,A,-,N,NA,NA,NA,NA,NA,NA,NA,NA,NA,N,3,0,1,2,A,-,10,21950,A,N,G,B,B,A,H,-,C,A,0,Y,NA,NA,NA,Y,NA,A,01,0,1,0,0,1,0,0,0,0,-,-,NA,NA,SAN DIEGO,CHULA VISTA,-117.08798980712892,32.65053176879883
9719738,2024,2024-08-21,3705,2024-07-15,1417,EC0407,NA,1,5,5,3705,0,0,0,NA,0,003,JAMACHA RD,DOROTHY ST,235,S,N,A,-,N,NA,NA,NA,NA,NA,NA,NA,NA,NA,Y,2,0,2,3,A,-,08,22107,NA,F,C,C,A,A,H,-,A,D,0,NA,NA,NA,NA,Y,NA,A,01,2,0,0,0,0,0,0,0,0,-,-,NA,NA,SAN DIEGO,EL CAJON,-116.93228149414063,32.79137420654297
9719782,2024,2024-08-29,3711,2024-07-19,1300,SD1996,NA,5,5,7,3711,0,0,0,NA,0,524,FRONT ST,FRONT ST 1333,0,NA,Y,A,-,N,NA,NA,NA,NA,NA,NA,NA,NA,NA,N,4,0,1,2,A,-,04,21703,NA,N,C,C,A,A,D,-,A,A,0,NA,NA,NA,NA,Y,NA,-,NA,0,0,1,0,0,0,0,0,0,-,-,NA,NA,SAN DIEGO,SAN DIEGO,NA,NA
9720064,2024,2024-09-05,3711,2024-07-04,2043,SD1782,NA,4,5,7,3711,0,0,0,NA,0,628,INDIA ST,INDIA ST 3365,0,NA,N,A,-,N,NA,NA,NA,NA,NA,NA,NA,NA,NA,N,3,0,4,2,A,-,03,22350,NA,N,C,C,A,A,H,-,C,D,0,NA,NA,NA,NA,Y,NA,A,01,0,1,3,0,0,0,0,0,0,-,-,NA,NA,SAN DIEGO,SAN DIEGO,NA,NA
9721326,2024,2024-08-28,3711,2024-07-26,1310,SD7668,NA,5,5,7,3711,0,0,0,NA,0,233,CARMEL MOUNTAIN RD,CARMEL MOUNTAIN RD 12350,0,NA,N,A,F,N,NA,NA,NA,NA,NA,NA,NA,NA,NA,N,4,0,1,2,D,-,00,NA,NA,N,-,C,A,A,H,-,A,-,0,NA,NA,NA,NA,Y,NA,-,-,0,0,1,0,0,0,0,0,0,-,-,NA,NA,SAN DIEGO,SAN DIEGO,-117.22828674316406,32.922271728515625
9724379,2024,2024-09-09,3711,2024-07-17,1530,SD7682,NA,3,5,7,3711,0,0,0,NA,0,446,EUCLID AVE,GROVELAND DR,50,S,N,A,-,N,NA,NA,NA,NA,NA,NA,NA,NA,NA,Y,4,0,1,2,A,-,03,22350,NA,M,C,C,A,A,H,-,A,D,0,NA,NA,NA,NA,Y,NA,A,01,0,0,1,0,0,0,0,0,0,-,-,NA,NA,SAN DIEGO,SAN DIEGO,-117.08505249023438,32.70756149291992
9724406,2024,2024-09-06,3711,2024-07-15,747,SD1706,NA,1,5,7,3711,0,0,0,NA,0,627,WASHINGTON ST,9TH AVE,6,E,N,A,-,N,NA,NA,NA,NA,NA,NA,NA,NA,NA,Y,4,0,1,2,A,-,09,21801,A,N,D,C,A,A,H,-,A,A,0,NA,NA,NA,NA,Y,NA,A,01,0,0,1,0,0,0,0,0,0,-,-,NA,NA,SAN DIEGO,SAN DIEGO,-117.15636444091795,32.75018310546875
9724422,2024,2024-08-21,3702,2024-07-21,757,CV1570,NA,7,5,6,3702,0,0,0,NA,0,042,OTAY LAKES RD,LANE AVE,570,W,N,A,-,N,NA,NA,NA,NA,NA,NA,NA,NA,NA,Y,4,0,2,2,A,-,03,22350,NA,N,C,C,A,A,H,-,A,D,0,NA,NA,NA,NA,Y,NA,A,01,0,0,2,0,0,0,0,0,0,-,-,NA,NA,SAN DIEGO,CHULA VISTA,-116.9629364013672,32.64921569824219
9724483,2024,2024-08-21,3711,2024-06-23,624,SD1706,NA,7,5,7,3711,0,0,0,NA,0,628,KETTNER BL,SASSAFRAS ST,0,NA,Y,A,-,N,NA,NA,NA,NA,NA,NA,NA,NA,NA,Y,3,0,1,2,A,-,12,21453,A,N,D,C,A,A,H,-,A,A,0,NA,NA,NA,NA,Y,NA,A,01,0,1,0,0,0,0,0,0,0,-,-,NA,NA,SAN DIEGO,SAN DIEGO,-117.17674255371094,32.73686981201172
9724803,2024,2024-08-19,3711,2024-07-29,258,SD1052,NA,1,5,7,3711,0,0,0,NA,0,432,IMPERIAL AV,53RD ST,0,NA,Y,A,-,N,NA,NA,NA,NA,NA,NA,NA,NA,NA,Y,3,0,3,2,A,-,05,21651,B,N,A,C,A,A,H,-,C,D,0,NA,NA,NA,NA,Y,NA,A,01,0,2,1,0,0,0,0,0,0,-,-,NA,NA,SAN DIEGO,SAN DIEGO,-117.08074188232422,32.70663070678711
9724958,2024,2024-08-26,3705,2024-07-02,900,EC0383,NA,2,5,5,3705,0,0,0,NA,0,002,BROADWAY,N MOLLISON AV,0,NA,Y,A,-,N,NA,NA,NA,NA,NA,NA,NA,NA,NA,Y,3,0,2,2,A,-,12,21453,A,N,D,C,A,A,H,-,A,A,0,NA,NA,NA,NA,Y,NA,A,01,0,1,1,0,0,0,0,0,0,-,-,NA,NA,SAN DIEGO,EL CAJON,-116.95096588134766,32.807701110839844
9724965,2024,2024-09-12,3705,2024-07-26,2232,SD1776,NA,5,5,5,3705,0,0,0,NA,0,122,CAS ST,EMERALD ST,0,NA,Y,A,-,N,NA,NA,NA,NA,NA,NA,NA,NA,NA,N,4,0,1,4,A,-,07,21658,A,N,H,C,A,A,-,-,C,D,0,NA,NA,NA,NA,Y,Y,A,01,0,0,1,0,0,0,0,0,0,-,-,NA,NA,SAN DIEGO,EL CAJON,NA,NA
9724969,2024,2024-09-20,3711,2024-07-24,2314,SD7746,NA,3,5,7,3711,0,0,0,NA,0,242,MIRA MESA BL,RT 15,15,W,N,A,-,Y,SD,11,15,-,M,16.183,R,4,S,N,4,0,1,2,A,-,09,21800,A,N,B,C,A,A,H,-,A,A,0,NA,NA,Y,NA,Y,NA,A,01,0,0,1,0,0,0,0,0,1,-,SF,NA,NA,SAN DIEGO,SAN DIEGO,-117.11583709716795,32.9206428527832
9725126,2024,2024-08-22,3711,2024-07-01,1453,SD7839,NA,1,5,7,3711,0,0,0,NA,0,311,CHALAR ST,ANDREA ST,248,S,N,A,-,N,NA,NA,NA,NA,NA,NA,NA,NA,NA,N,2,0,1,1,A,-,08,22107,NA,N,E,G,A,A,H,-,A,D,0,NA,Y,NA,NA,Y,NA,L,04,1,0,0,0,0,0,1,0,0,-,-,NA,NA,SAN DIEGO,SAN DIEGO,-117.14498901367188,32.79520797729492
9725154,2024,2024-08-27,3705,2024-07-19,1059,EC0407,NA,5,5,5,3705,0,0,0,NA,0,004,S ANZA ST,E WASHINGTON AV,445,S,N,A,-,N,NA,NA,NA,NA,NA,NA,NA,NA,NA,Y,4,0,2,5,A,-,03,22350,NA,N,B,E,A,A,H,-,A,D,0,NA,NA,NA,NA,Y,NA,A,08,0,0,2,0,0,0,0,0,0,-,-,NA,NA,SAN DIEGO,EL CAJON,-116.9481964111328,32.78643035888672