CASE_ID,ACCIDENT_YEAR,PROC_DATE,JURIS,COLLISION_DATE,COLLISION_TIME,OFFICER_ID,REPORTING_DISTRICT,DAY_OF_WEEK,CHP_SHIFT,POPULATION,CNTY_CITY_LOC,SPECIAL_COND,BEAT_TYPE,CHP_BEAT_TYPE,CITY_DIVISION_LAPD,CHP_BEAT_CLASS,BEAT_NUMBER,PRIMARY_RD,SECONDARY_RD,DISTANCE,DIRECTION,INTERSECTION,WEATHER_1,WEATHER_2,STATE_HWY_IND,CALTRANS_COUNTY,CALTRANS_DISTRICT,STATE_ROUTE,ROUTE_SUFFIX,POSTMILE_PREFIX,POSTMILE,LOCATION_TYPE,RAMP_INTERSECTION,SIDE_OF_HWY,TOW_AWAY,COLLISION_SEVERITY,NUMBER_KILLED,NUMBER_INJURED,PARTY_COUNT,PRIMARY_COLL_FACTOR,PCF_CODE_OF_VIOL,PCF_VIOL_CATEGORY,PCF_VIOLATION,PCF_VIOL_SUBSECTION,HIT_AND_RUN,TYPE_OF_COLLISION,MVIW,PED_ACTION,ROAD_SURFACE,ROAD_COND_1,ROAD_COND_2,LIGHTING,CONTROL_DEVICE,CHP_ROAD_TYPE,PEDESTRIAN_ACCIDENT,BICYCLE_ACCIDENT,MOTORCYCLE_ACCIDENT,TRUCK_ACCIDENT,NOT_PRIVATE_PROPERTY,ALCOHOL_INVOLVED,STWD_VEHTYPE_AT_FAULT,CHP_VEHTYPE_AT_FAULT,COUNT_SEVERE_INJ,COUNT_VISIBLE_INJ,COUNT_COMPLAINT_PAIN,COUNT_PED_KILLED,COUNT_PED_INJURED,COUNT_BICYCLIST_KILLED,COUNT_BICYCLIST_INJURED,COUNT_MC_KILLED,COUNT_MC_INJURED,PRIMARY_RAMP,SECONDARY_RAMP,LATITUDE,LONGITUDE,COUNTY,CITY,POINT_X,POINT_Y
9812848,2025,2025-11-26,3710,2025-10-26,1827,OC1382,NA,7,5,6,3710,0,0,0,NA,0,033,RT 76,COLLEGE BL,60,W,N,A,-,Y,SD,11,76,-,R,6.19,H,-,E,N,3,0,1,2,A,-,03,22350,NA,N,C,C,A,A,H,-,C,A,0,NA,NA,NA,NA,Y,NA,D,22,0,1,0,0,0,0,0,0,0,-,-,NA,NA,SAN DIEGO,OCEANSIDE,-117.29010772705078,33.24361038208008
9813083,2025,2025-11-21,3702,2025-10-25,2206,NC0542,NA,6,5,6,3702,0,0,0,NA,0,999,N 2ND AV,N 2ND AV 3000 BLK,0,NA,N,A,-,N,NA,NA,NA,NA,NA,NA,NA,NA,NA,N,2,0,1,2,A,-,11,21954,A,F,-,-,A,A,H,-,D,A,0,NA,NA,NA,NA,Y,Y,-,NA,1,0,0,0,0,0,0,0,0,-,-,NA,NA,SAN DIEGO,CHULA VISTA,-117.07982635498048,32.652809143066406
9813447,2025,2025-05-28,3706,2025-05-04,1050,SD1200,NA,7,5,6,3706,0,0,0,NA,0,235,SAN PASQUAL,SUNSET HILLS,0,NA,Y,A,-,N,NA,NA,NA,NA,NA,NA,NA,NA,NA,Y,3,0,4,2,A,-,07,21658,A,N,B,C,A,A,H,-,A,D,0,NA,NA,NA,NA,Y,NA,A,01,0,2,2,0,0,0,0,0,0,-,-,NA,NA,SAN DIEGO,ESCONDIDO,-117.03510284423828,33.07667541503906
9813522,2025,2025-05-22,3711,2025-05-11,1100,SD4310,NA,7,5,7,3711,0,0,0,NA,0,116,EAST MISSION BAY DR,E MISSION BAY DR 1700,0,NA,N,A,-,N,NA,NA,NA,NA,NA,NA,NA,NA,NA,N,3,0,1,2,D,-,00,NA,NA,M,B,G,A,A,H,-,A,D,0,NA,Y,NA,NA,Y,NA,-,-,0,1,0,0,0,0,1,0,0,-,-,NA,NA,SAN DIEGO,SAN DIEGO,-117.21102905273438,32.79828643798828
9814128,2025,2025-06-25,3703,2025-06-02,1347,1454,1,1,5,3,3703,0,0,0,NA,0,001,4TH ST,C AV,0,NA,Y,A,-,Y,SD,11,75,-,R,19.79,I,5,N,N,3,0,1,3,A,-,09,21802,A,N,D,C,A,A,H,-,A,A,0,NA,NA,NA,NA,Y,NA,A,01,0,1,0,0,0,0,0,0,0,-,-,32.6939697265625,-117.1736297607422,SAN DIEGO,CORONADO,-117.17342376708984,32.69388198852539
9814229,2025,2025-09-05,3710,2025-07-19,249,OC1550,NA,6,5,6,3710,0,0,0,NA,0,018,E PARKER ST,VANDEGRIFT BL,19,W,N,A,-,N,NA,NA,NA,NA,NA,NA,NA,NA,NA,Y,4,0,1,1,A,-,01,23152,A,N,E,I,A,A,H,-,C,A,0,NA,NA,NA,NA,Y,Y,A,01,0,0,1,0,0,0,0,0,0,-,-,NA,NA,SAN DIEGO,OCEANSIDE,-117.29818725585938,33.26154708862305
9814335,2025,2025-06-30,3711,2025-06-14,150,SD8323,NA,6,5,7,3711,0,0,0,NA,0,837,GATEWAY DR,GATEWAY DR 1900,0,NA,N,A,-,N,NA,NA,NA,NA,NA,NA,NA,NA,NA,N,3,0,1,1,A,-,08,22107,NA,N,E,I,A,A,H,-,C,D,0,NA,NA,NA,NA,Y,NA,D,22,0,1,0,0,0,0,0,0,0,-,-,NA,NA,SAN DIEGO,SAN DIEGO,NA,NA
9814341,2025,2025-06-30,3711,2025-06-17,1258,SD1521,NA,2,5,7,3711,0,0,0,NA,0,124,TORREY PINES RD,TORREY PINES RD 1900,0,NA,N,A,-,N,NA,NA,NA,NA,NA,NA,NA,NA,NA,N,4,0,1,2,D,-,00,NA,NA,M,C,C,A,A,H,-,A,D,0,NA,NA,NA,NA,Y,NA,-,-,0,0,1,0,0,0,0,0,0,-,-,NA,NA,SAN DIEGO,SAN DIEGO,-117.25298309326172,32.85051345825195
9815612,2025,2025-06-11,3700,2025-04-06,1742,SH0775,NA,7,5,4,3780,0,0,0,NA,0,414,POMERADO RD,SCRIPPS POWAY PKWY,0,NA,Y,A,-,N,NA,NA,NA,NA,NA,NA,NA,NA,NA,N,3,0,1,1,A,-,05,21650,1,N,H,A,A,A,H,-,A,A,0,NA,Y,NA,NA,Y,NA,L,04,0,1,0,0,0,0,1,0,0,-,-,32.93510055541992,-117.06018829345705,SAN DIEGO,POWAY,-117.06035614013672,32.9351921081543
9816462,2025,2025-06-09,3710,2025-05-18,138,OC1579,NA,7,5,6,3710,0,0,0,NA,0,006,NORTH PACIFIC ST,NEPTUNE WY,73,S,N,A,F,N,NA,NA,NA,NA,NA,NA,NA,NA,NA,Y,3,0,1,2,A,-,01,23152,A,N,C,C,A,A,H,-,C,D,0,NA,NA,NA,NA,Y,Y,A,07,0,1,0,0,0,0,0,0,0,-,-,NA,NA,SAN DIEGO,OCEANSIDE,-117.38678741455078,33.1989860534668
9816901,2025,2025-06-24,3711,2025-05-29,1806,SD1959,NA,4,5,7,3711,0,0,0,NA,0,243,MIRAMAR RD,MIRAMAR RD 8900,0,NA,N,A,-,N,NA,NA,NA,NA,NA,NA,NA,NA,NA,Y,3,0,1,2,A,-,04,21703,NA,N,C,C,A,A,H,-,A,D,0,NA,NA,Y,NA,Y,NA,A,01,0,1,0,0,0,0,0,0,1,-,-,NA,NA,SAN DIEGO,SAN DIEGO,-117.19499969482422,32.875919342041016
9816916,2025,2025-07-01,3711,2025-05-31,841,SD1469,NA,6,5,7,3711,0,0,0,NA,0,512,SOUTH 28TH ST,CLAY 2800,24,W,N,A,-,N,NA,NA,NA,NA,NA,NA,NA,NA,NA,Y,3,0,1,3,A,-,08,22107,NA,N,A,C,A,A,H,-,A,D,0,NA,NA,NA,NA,Y,NA,A,01,0,1,0,0,0,0,0,0,0,-,-,NA,NA,SAN DIEGO,SAN DIEGO,-117.13387298583984,32.70323944091797
9816931,2025,2025-06-10,3711,2025-05-24,1658,SD1906,NA,6,5,7,3711,0,0,0,NA,0,935,DEL MAR HGHTS,SEAGROVE ST,280,E,N,A,-,N,NA,NA,NA,NA,NA,NA,NA,NA,NA,Y,3,0,1,1,A,-,03,22350,NA,N,E,I,A,A,H,-,A,D,0,NA,NA,NA,NA,Y,NA,A,01,0,1,0,0,0,0,0,0,0,-,-,NA,NA,SAN DIEGO,SAN DIEGO,-117.20528411865234,32.962039947509766
9817337,2025,2025-06-24,3711,2025-05-05,1549,SD7759,NA,1,5,7,3711,0,0,0,NA,0,122,REED AV,INGRAHAM ST,0,NA,Y,B,-,N,NA,NA,NA,NA,NA,NA,NA,NA,NA,Y,2,0,1,2,A,-,03,22350,NA,N,D,C,A,A,H,-,A,A,0,NA,NA,Y,NA,Y,NA,C,02,1,0,0,0,0,0,0,0,1,-,-,NA,NA,SAN DIEGO,SAN DIEGO,-117.23966979980467,32.795928955078125
9817454,2025,2025-06-13,3711,2025-05-28,200,SD7735,NA,3,5,7,3711,0,0,0,NA,0,242,GOLD COAST DR,MAYA LINDA RD,60,W,N,A,-,N,NA,NA,NA,NA,NA,NA,NA,NA,NA,Y,4,0,1,4,A,-,05,21752,NA,N,A,E,A,A,H,-,C,D,0,NA,NA,NA,NA,Y,NA,A,01,0,0,1,0,0,0,0,0,0,-,-,NA,NA,SAN DIEGO,SAN DIEGO,-117.11731719970705,32.90532302856445
9817845,2025,2025-06-11,3702,2025-05-24,1115,CV1368,NA,6,5,6,3702,0,0,0,NA,0,012,BROADWAY AV,I ST,534,N,N,A,-,N,NA,NA,NA,NA,NA,NA,NA,NA,NA,Y,4,0,1,2,A,-,08,22107,NA,N,D,C,A,A,H,-,A,D,0,NA,NA,NA,NA,Y,NA,A,01,0,0,1,0,0,0,0,0,0,-,-,NA,NA,SAN DIEGO,CHULA VISTA,-117.0886459350586,32.62887954711914
9817848,2025,2025-06-11,3702,2025-05-27,1345,CV1395,NA,2,5,6,3702,0,0,0,NA,0,031,H ST,PASEO DEL REY,1450,E,N,A,-,N,NA,NA,NA,NA,NA,NA,NA,NA,NA,Y,3,0,2,2,A,-,03,22350,NA,N,C,C,A,A,H,-,A,A,0,NA,NA,NA,NA,Y,NA,A,01,0,2,0,0,0,0,0,0,0,-,-,NA,NA,SAN DIEGO,CHULA VISTA,-117.02460479736328,32.63576889038086
9817863,2025,2025-06-16,3702,2025-05-17,1210,CV1439,NA,6,5,6,3702,0,0,0,NA,0,041,HERITAGE WY,ENTERTAINMENT CIR,0,NA,Y,B,-,N,NA,NA,NA,NA,NA,NA,NA,NA,NA,Y,4,0,2,2,A,-,08,22107,NA,N,D,C,A,A,H,-,A,D,0,NA,NA,NA,NA,Y,NA,A,01,0,0,2,0,0,0,0,0,0,-,-,NA,NA,SAN DIEGO,CHULA VISTA,-117.00284576416016,32.58644485473633
9818060,2025,2025-08-05,3709,2025-07-12,119,NC0510,NA,6,5,5,3709,0,0,0,NA,0,021,EAST PLAZA BL,HIGHLAND AV,0,NA,Y,A,-,N,NA,NA,NA,NA,NA,NA,NA,NA,NA,N,3,0,1,2,A,-,12,21453,A,F,D,C,A,A,H,-,C,A,0,NA,NA,NA,NA,Y,NA,A,01,0,1,0,0,0,0,0,0,0,-,-,NA,NA,SAN DIEGO,NATIONAL CITY,-117.09810638427734,32.6763916015625
9818156,2025,2025-07-29,3705,2025-03-28,1426,EC0438,NA,5,5,5,3705,0,0,0,NA,0,003,2ND ST,PEACH AV,0,NA,Y,A,-,N,NA,NA,NA,NA,NA,NA,NA,NA,NA,Y,4,0,1,2,A,-,09,21801,A,N,D,C,A,A,H,-,-,A,0,NA,NA,NA,NA,Y,NA,A,01,0,0,1,0,0,0,0,0,0,-,-,NA,NA,SAN DIEGO,EL CAJON,-116.935791015625,32.80640411376953
9818318,2025,2025-07-30,3710,2025-06-12,1519,OC1394,NA,4,5,6,3710,0,0,0,NA,0,012,OCEANSIDE BL,EL CAMINO REAL,235,W,N,A,-,N,NA,NA,NA,NA,NA,NA,NA,NA,NA,N,3,0,2,3,A,-,03,22350,NA,N,C,D,A,A,H,-,A,A,0,NA,NA,NA,NA,Y,NA,A,08,0,2,0,0,0,0,0,0,0,-,-,NA,NA,SAN DIEGO,OCEANSIDE,-117.33297729492188,33.201812744140625
9818319,2025,2025-07-30,3710,2025-06-17,1517,OC1587,NA,2,5,6,3710,0,0,0,NA,0,015,EL CAMINO REAL,MESA DR,726,S,N,A,-,N,NA,NA,NA,NA,NA,NA,NA,NA,NA,Y,3,0,1,2,A,-,03,22350,NA,N,C,C,A,A,H,-,A,D,0,NA,NA,NA,NA,Y,NA,A,01,0,1,0,0,0,0,0,0,0,-,-,NA,NA,SAN DIEGO,OCEANSIDE,-117.33344268798828,33.206642150878906
9818777,2025,2025-08-22,3711,2025-07-20,1548,SD7699,NA,7,5,7,3711,0,0,0,NA,0,431,KELTON RD,BETHUNE CT,0,NA,Y,A,-,N,NA,NA,NA,NA,NA,NA,NA,NA,NA,N,3,0,1,2,A,-,12,22450,A,N,D,G,A,A,H,-,A,D,0,NA,Y,NA,NA,Y,NA,L,04,0,1,0,0,0,0,1,0,0,-,-,NA,NA,SAN DIEGO,SAN DIEGO,-117.07569122314452,32.72123718261719
9819600,2025,2025-10-02,3711,2025-07-19,1730,SD5958,NA,6,5,7,3711,0,0,0,NA,0,242,CALLE CRISTOBAL,ACAMA CT,24,E,N,A,-,N,NA,NA,NA,NA,NA,NA,NA,NA,NA,Y,3,0,1,2,A,-,09,21804,A,N,B,C,A,A,H,-,A,D,0,NA,NA,NA,NA,Y,NA,-,NA,0,1,0,0,0,0,0,0,0,-,-,NA,NA,SAN DIEGO,SAN DIEGO,-117.15518188476563,32.927303314208984
9819788,2025,2025-09-29,3711,2025-09-20,2346,SD1997,NA,6,5,7,3711,0,0,0,NA,0,611,MIDWAY DR,WING ST,191,S,N,A,B,N,NA,NA,NA,NA,NA,NA,NA,NA,NA,Y,3,0,1,2,A,-,11,21955,NA,N,G,B,D,A,H,-,C,D,0,Y,NA,NA,NA,Y,Y,N,60,0,1,0,0,1,0,0,0,0,-,-,NA,NA,SAN DIEGO,SAN DIEGO,-117.2116241455078,32.75040817260742
9820344,2025,2025-08-14,3711,2025-07-21,1355,SD7556,NA,1,5,7,3711,0,0,0,NA,0,523,J ST,5TH AV,10,W,N,A,-,N,NA,NA,NA,NA,NA,NA,NA,NA,NA,N,3,0,1,2,A,-,11,21954,A,N,G,B,E,A,H,-,A,D,0,Y,NA,NA,NA,Y,NA,N,60,0,1,0,0,1,0,0,0,0,-,-,NA,NA,SAN DIEGO,SAN DIEGO,-117.16014862060548,32.70941162109375
9820593,2025,2025-10-02,3710,2025-09-15,214,OC1565,NA,1,5,6,3710,0,0,0,NA,0,036,NORTH SANTA FE AV,CHAMPLAIN ST,541,N,N,A,-,N,NA,NA,NA,NA,NA,NA,NA,NA,NA,Y,4,0,1,1,A,-,03,22350,NA,N,E,I,A,A,H,-,C,D,0,NA,NA,NA,NA,Y,NA,A,01,0,0,1,0,0,0,0,0,0,-,-,NA,NA,SAN DIEGO,OCEANSIDE,-117.2724838256836,33.24019241333008
9820894,2025,2025-09-08,3711,2025-08-11,1440,SD2139,NA,1,5,7,3711,0,0,0,NA,0,122,MISSION BL,GARNET AV,15,N,N,A,-,N,NA,NA,NA,NA,NA,NA,NA,NA,NA,N,3,0,1,2,B,-,22,NA,NA,N,C,G,A,A,H,-,A,A,0,NA,Y,NA,NA,Y,NA,A,01,0,1,0,0,0,0,1,0,0,-,-,NA,NA,SAN DIEGO,SAN DIEGO,-117.25550079345705,32.7966194152832
9821525,2025,2025-10-30,3711,2025-05-02,1257,SD1685,NA,5,5,7,3711,0,0,0,NA,0,122,GARNET AV,DE SOTO ST,532,E,N,A,-,Y,SD,11,5,-,R,23.553,R,4,S,N,3,0,1,2,A,-,08,22107,NA,N,B,C,A,A,H,-,A,D,0,NA,NA,Y,NA,Y,NA,J,48,0,1,0,0,0,0,0,0,1,-,-,NA,NA,SAN DIEGO,SAN DIEGO,-117.2165756225586,32.80744552612305
9821687,2025,2025-10-06,3711,2025-08-01,1900,SD7313,NA,5,5,7,3711,0,0,0,NA,0,123,W MISSION BL,DANA LANDING RD,0,NA,Y,A,-,N,NA,NA,NA,NA,NA,NA,NA,NA,NA,Y,3,0,1,3,A,-,04,21703,NA,N,C,C,A,A,H,-,A,D,0,NA,NA,NA,NA,Y,NA,A,01,0,1,0,0,0,0,0,0,0,-,-,NA,NA,SAN DIEGO,SAN DIEGO,-117.23792266845705,32.765472412109375
9821745,2025,2025-08-21,3711,2025-07-30,910,SD7904,NA,3,5,7,3711,0,0,0,NA,0,114,CLAIREMONT MESA BL,DUBOIS DR,14,W,N,A,-,N,NA,NA,NA,NA,NA,NA,NA,NA,NA,Y,4,0,1,2,A,-,09,21804,A,N,A,C,A,A,D,-,A,D,0,NA,NA,NA,NA,Y,NA,A,01,0,0,1,0,0,0,0,0,0,-,-,NA,NA,SAN DIEGO,SAN DIEGO,-117.19776153564452,32.834442138671875
9821753,2025,2025-08-21,3711,2025-07-30,1017,SD5654,NA,3,5,7,3711,0,0,0,NA,0,611,ROSECRANS AVE,JEFFERSON ST,46,E,N,A,-,N,NA,NA,NA,NA,NA,NA,NA,NA,NA,N,3,0,2,2,A,-,08,22107,NA,N,B,G,A,A,H,-,A,D,0,NA,Y,NA,NA,Y,NA,L,04,0,2,0,0,0,0,2,0,0,-,-,NA,NA,SAN DIEGO,SAN DIEGO,-117.20177459716795,32.754722595214844
9821779,2025,2025-09-29,3711,2025-07-17,1500,SD7759,NA,4,5,7,3711,0,0,0,NA,0,122,GRAND AV,NOYES ST,79,E,N,A,-,N,NA,NA,NA,NA,NA,NA,NA,NA,NA,N,3,0,1,3,D,-,00,NA,NA,N,C,C,A,A,H,-,A,D,0,NA,NA,NA,NA,Y,NA,-,-,0,1,0,0,0,0,0,0,0,-,-,NA,NA,SAN DIEGO,SAN DIEGO,-117.23086547851563,32.80000686645508
9821901,2025,2025-09-30,3711,2025-08-08,300,SD1993,NA,5,5,7,3711,0,0,0,NA,0,614,BACON ST,SUNSET CLIFFS BL,918,N,N,A,-,N,NA,NA,NA,NA,NA,NA,NA,NA,NA,Y,3,0,1,1,A,-,03,22350,NA,N,H,A,A,A,B,-,D,D,0,NA,Y,NA,NA,Y,NA,M,91,0,1,0,0,0,0,1,0,0,-,-,NA,NA,SAN DIEGO,SAN DIEGO,NA,NA
9822014,2025,2025-08-29,3711,2025-08-14,1806,SD2074,NA,4,5,7,3711,0,0,0,NA,0,315,CAMINO DELA REINA,CAMINO DE LA REINA 1750,0,NA,N,A,-,N,NA,NA,NA,NA,NA,NA,NA,NA,NA,Y,3,0,1,3,A,-,09,21804,A,N,D,C,A,A,H,-,A,A,0,NA,NA,NA,NA,Y,NA,A,01,0,1,0,0,0,0,0,0,0,-,-,NA,NA,SAN DIEGO,SAN DIEGO,NA,NA
9822016,2025,2025-08-29,3711,2025-08-05,1540,SD8323,NA,2,5,7,3711,0,0,0,NA,0,833,4TH AV,G ST,0,NA,Y,A,-,N,NA,NA,NA,NA,NA,NA,NA,NA,NA,N,3,0,1,2,D,-,00,NA,NA,N,D,C,A,A,H,-,A,A,0,NA,NA,NA,NA,Y,NA,-,-,0,1,0,0,0,0,0,0,0,-,-,NA,NA,SAN DIEGO,SAN DIEGO,-117.16105651855467,32.71257019042969
9822176,2024,2025-10-09,3700,2024-11-11,1401,SH3684,NA,1,5,5,3713,0,0,0,NA,0,317,SYCAMORE AV,HIBISCUS AV,370,N,N,A,-,N,NA,NA,NA,NA,NA,NA,NA,NA,NA,Y,2,0,1,2,A,-,11,21955,NA,N,G,B,D,A,H,-,A,A,0,Y,NA,NA,NA,Y,NA,N,60,1,0,0,0,1,0,0,0,0,-,-,NA,NA,SAN DIEGO,VISTA,-117.2188720703125,33.161983489990234
9822357,2024,2025-01-03,3702,2024-12-10,2301,CV1469,NA,2,5,6,3702,0,0,0,NA,0,042,STRATA ST,ORION AV,0,NA,Y,A,-,N,NA,NA,NA,NA,NA,NA,NA,NA,NA,Y,3,0,2,2,A,-,01,23152,A,N,D,C,A,A,H,-,C,A,0,NA,NA,NA,NA,Y,Y,A,01,0,1,1,0,0,0,0,0,0,-,-,NA,NA,SAN DIEGO,CHULA VISTA,-116.96324920654295,32.61434555053711
9822408,2025,2025-08-20,3711,2025-07-19,1701,SD1567,NA,6,5,7,3711,0,0,0,NA,0,934,DEL MAR HEIGHTS RD,EL CAMINO REAL,350,W,N,A,-,N,NA,NA,NA,NA,NA,NA,NA,NA,NA,N,3,0,1,1,A,-,08,22107,NA,N,E,I,A,A,H,-,A,D,0,NA,NA,NA,NA,Y,NA,A,01,0,1,0,0,0,0,0,0,0,-,-,NA,NA,SAN DIEGO,SAN DIEGO,-117.23519897460938,32.95344543457031
9822498,2025,2025-09-03,3711,2025-08-17,1701,SD1886,NA,7,5,7,3711,0,0,0,NA,0,113,MORENA BL,BALBOA TRANSIT STATION ENTRANCE,39,S,N,A,-,N,NA,NA,NA,NA,NA,NA,NA,NA,NA,Y,4,0,1,3,A,-,03,22350,NA,M,C,C,A,A,H,-,A,A,0,NA,NA,NA,NA,Y,Y,A,01,0,0,1,0,0,0,0,0,0,-,-,NA,NA,SAN DIEGO,SAN DIEGO,-117.2132568359375,32.807125091552734
9822524,2025,2025-09-04,3700,2025-07-02,1347,SH0876,NA,3,5,5,3713,0,0,0,NA,0,314,SANTA FE AV,POSTAL WY,154,W,N,A,-,N,NA,NA,NA,NA,NA,NA,NA,NA,NA,N,3,0,1,2,A,-,09,21804,A,N,D,G,A,A,H,-,A,D,0,NA,Y,NA,NA,Y,NA,D,22,0,1,0,0,0,0,1,0,0,-,-,NA,NA,SAN DIEGO,VISTA,-117.23012542724608,33.19225311279297
9822757,2024,2025-01-03,3702,2024-12-12,1308,CV9363,NA,4,5,6,3702,0,0,0,NA,0,021,BROADWAY,PARKING LOT,20,E,N,A,-,N,NA,NA,NA,NA,NA,NA,NA,NA,NA,N,4,0,1,2,A,-,09,21802,B,N,D,C,A,A,H,-,A,D,0,NA,NA,Y,NA,Y,NA,A,01,0,0,1,0,0,0,0,0,1,-,-,NA,NA,SAN DIEGO,CHULA VISTA,NA,NA
9823385,2024,2025-11-21,3711,2024-10-13,1252,SD2011,NA,7,5,7,3711,0,0,0,NA,0,122,GARNET AV,MISSION BL,0,NA,Y,A,-,N,NA,NA,NA,NA,NA,NA,NA,NA,NA,N,3,0,1,2,A,-,12,21453,A,M,G,B,B,A,H,-,C,A,0,Y,NA,NA,NA,Y,Y,-,NA,0,1,0,0,1,0,0,0,0,-,-,NA,NA,SAN DIEGO,SAN DIEGO,-117.2554931640625,32.79657745361328
9823764,2025,2025-11-19,3711,2025-09-18,716,SD1511,NA,4,5,7,3711,0,0,0,NA,0,523,MARKET ST,4TH AV,101,E,N,A,-,N,NA,NA,NA,NA,NA,NA,NA,NA,NA,Y,4,0,1,2,A,-,03,22350,NA,N,C,C,A,A,H,-,A,A,0,NA,NA,NA,NA,Y,NA,I,10,0,0,1,0,0,0,0,0,0,-,-,NA,NA,SAN DIEGO,SAN DIEGO,-117.16073608398438,32.71147918701172
9823777,2025,2025-11-03,3702,2025-09-15,1457,CV1004,NA,1,5,6,3702,0,0,0,NA,0,024,MAIN ST,DATE ST,39,W,N,A,-,N,NA,NA,NA,NA,NA,NA,NA,NA,NA,Y,3,0,1,2,A,-,03,22350,NA,N,C,C,A,A,H,-,A,A,0,NA,NA,NA,Y,Y,NA,F,26,0,1,0,0,0,0,0,0,0,-,-,NA,NA,SAN DIEGO,CHULA VISTA,-117.04832458496094,32.59469223022461
9824221,2025,2025-10-10,3711,2025-09-26,338,SD1469,NA,5,5,7,3711,0,0,0,NA,0,512,NATIONAL AV,SOUTH 28TH ST,24,N,N,A,-,N,NA,NA,NA,NA,NA,NA,NA,NA,NA,Y,3,0,1,2,A,-,08,22107,NA,N,A,C,A,A,H,-,C,A,0,NA,NA,NA,NA,Y,Y,A,01,0,1,0,0,0,0,0,0,0,-,-,NA,NA,SAN DIEGO,SAN DIEGO,-117.13379669189452,32.69593811035156
9824315,2024,2025-09-25,3700,2024-10-24,1515,SH7085,NA,4,5,5,3713,0,0,0,NA,0,306,VISTA WY,CIVIC CENTER DR,540,N,N,A,-,N,NA,NA,NA,NA,NA,NA,NA,NA,NA,Y,2,0,1,2,A,-,07,21658,A,N,C,C,A,A,H,-,A,A,0,NA,NA,Y,NA,Y,NA,C,02,1,0,0,0,0,0,0,0,1,-,-,NA,NA,SAN DIEGO,VISTA,-117.23631286621094,33.206626892089844
9824384,2025,2025-09-17,3711,2025-08-31,120,SD1625,NA,7,5,7,3711,0,0,0,NA,0,832,UNIVERSITY AV,52ND ST,150,E,N,A,-,N,NA,NA,NA,NA,NA,NA,NA,NA,NA,N,3,0,1,2,A,-,03,22350,NA,M,G,B,D,A,H,-,C,D,0,Y,NA,NA,NA,Y,NA,-,NA,0,1,0,0,1,0,0,0,0,-,-,NA,NA,SAN DIEGO,SAN DIEGO,-117.08310699462892,32.74909973144531
9824565,2025,2025-10-13,3711,2025-09-25,956,SD7860,NA,4,5,7,3711,0,0,0,NA,0,831,44TH ST,POLK AV,0,NA,Y,A,-,N,NA,NA,NA,NA,NA,NA,NA,NA,NA,Y,3,0,1,2,A,-,09,21804,A,N,D,C,A,A,H,-,A,A,0,NA,NA,NA,NA,Y,NA,A,01,0,1,0,0,0,0,0,0,0,-,-,NA,NA,SAN DIEGO,SAN DIEGO,-117.09980010986328,32.75141525268555
9825002,2025,2025-10-08,3702,2025-09-11,1520,CV1486,NA,4,5,6,3702,0,0,0,NA,0,032,EAST H ST,AUBURN AV,0,NA,Y,A,-,N,NA,NA,NA,NA,NA,NA,NA,NA,NA,Y,3,0,2,2,A,-,09,21801,A,N,A,C,A,A,H,-,A,A,0,NA,NA,NA,NA,Y,NA,A,01,0,1,1,0,0,0,0,0,0,-,-,NA,NA,SAN DIEGO,CHULA VISTA,-116.99288940429688,32.64645767211914
9825031,2025,2025-10-08,3702,2025-09-02,735,CV1563,NA,2,5,6,3702,0,0,0,NA,0,024,MAIN ST,MELROSE AV,5,W,N,A,-,N,NA,NA,NA,NA,NA,NA,NA,NA,NA,N,3,0,1,2,A,-,10,21950,A,F,G,B,B,A,H,-,A,A,0,Y,NA,NA,NA,Y,NA,A,01,0,1,0,0,1,0,0,0,0,-,-,NA,NA,SAN DIEGO,CHULA VISTA,-117.04013824462892,32.594810485839844
9825060,2025,2025-09-08,3711,2025-08-24,2011,SD1521,NA,7,5,7,3711,0,0,0,NA,0,122,INGRAHAM ST,GARNET AV,0,NA,Y,A,-,N,NA,NA,NA,NA,NA,NA,NA,NA,NA,Y,3,0,1,2,A,-,04,21703,NA,N,C,C,A,A,H,-,C,A,0,NA,NA,Y,NA,Y,NA,A,01,0,1,0,0,0,0,0,0,1,-,-,NA,NA,SAN DIEGO,SAN DIEGO,-117.24083709716795,32.79976272583008
9825092,2025,2025-09-09,3711,2025-08-03,1408,SD1266,NA,7,5,7,3711,0,0,0,NA,0,524,10TH AV,C ST,0,NA,Y,A,-,N,NA,NA,NA,NA,NA,NA,NA,NA,NA,N,3,0,1,2,A,-,11,21456,A,N,G,B,B,A,H,-,A,A,0,Y,NA,NA,NA,Y,NA,N,60,0,1,0,0,1,0,0,0,0,-,-,NA,NA,SAN DIEGO,SAN DIEGO,-117.1556396484375,32.716800689697266
9825386,2025,2025-10-16,3700,2025-09-23,1523,SH0690,NA,2,5,5,3712,0,0,0,NA,0,355,S LAS POSAS RD,LINDA VISTA DR,0,NA,Y,A,-,N,NA,NA,NA,NA,NA,NA,NA,NA,NA,N,4,0,1,4,A,-,12,21453,A,N,D,C,A,A,H,-,A,A,0,NA,NA,NA,NA,Y,NA,A,01,0,0,1,0,0,0,0,0,0,-,-,NA,NA,SAN DIEGO,SAN MARCOS,-117.19454193115234,33.13725280761719
9825479,2025,2025-09-05,3702,2025-08-21,448,CV1528,NA,4,5,6,3702,0,0,0,NA,0,042,OLYMPIC PKWY,LA MEDIA RD,0,NA,Y,A,-,N,NA,NA,NA,NA,NA,NA,NA,NA,NA,Y,3,0,1,2,A,-,09,21453,C,N,D,C,A,A,H,-,C,D,0,NA,NA,NA,NA,Y,NA,A,01,0,1,0,0,0,0,0,0,0,-,-,NA,NA,SAN DIEGO,CHULA VISTA,-116.98622131347656,32.62505340576172
9825538,2025,2025-09-08,3711,2025-08-20,1411,DF2076,NA,3,5,7,3711,0,0,0,NA,0,315,CAMINO DEL RIO NORTH,CAMINO DEL RIO NORTH 3111,0,NA,-,A,-,N,NA,NA,NA,NA,NA,NA,NA,NA,NA,Y,4,0,1,2,A,-,09,21804,A,N,D,C,A,A,H,-,A,D,0,NA,NA,NA,NA,Y,NA,A,01,0,0,1,0,0,0,0,0,0,-,-,NA,NA,SAN DIEGO,SAN DIEGO,-117.2048110961914,32.75529479980469