CASE_ID,ACCIDENT_YEAR,PROC_DATE,JURIS,COLLISION_DATE,COLLISION_TIME,OFFICER_ID,REPORTING_DISTRICT,DAY_OF_WEEK,CHP_SHIFT,POPULATION,CNTY_CITY_LOC,SPECIAL_COND,BEAT_TYPE,CHP_BEAT_TYPE,CITY_DIVISION_LAPD,CHP_BEAT_CLASS,BEAT_NUMBER,PRIMARY_RD,SECONDARY_RD,DISTANCE,DIRECTION,INTERSECTION,WEATHER_1,WEATHER_2,STATE_HWY_IND,CALTRANS_COUNTY,CALTRANS_DISTRICT,STATE_ROUTE,ROUTE_SUFFIX,POSTMILE_PREFIX,POSTMILE,LOCATION_TYPE,RAMP_INTERSECTION,SIDE_OF_HWY,TOW_AWAY,COLLISION_SEVERITY,NUMBER_KILLED,NUMBER_INJURED,PARTY_COUNT,PRIMARY_COLL_FACTOR,PCF_CODE_OF_VIOL,PCF_VIOL_CATEGORY,PCF_VIOLATION,PCF_VIOL_SUBSECTION,HIT_AND_RUN,TYPE_OF_COLLISION,MVIW,PED_ACTION,ROAD_SURFACE,ROAD_COND_1,ROAD_COND_2,LIGHTING,CONTROL_DEVICE,CHP_ROAD_TYPE,PEDESTRIAN_ACCIDENT,BICYCLE_ACCIDENT,MOTORCYCLE_ACCIDENT,TRUCK_ACCIDENT,NOT_PRIVATE_PROPERTY,ALCOHOL_INVOLVED,STWD_VEHTYPE_AT_FAULT,CHP_VEHTYPE_AT_FAULT,COUNT_SEVERE_INJ,COUNT_VISIBLE_INJ,COUNT_COMPLAINT_PAIN,COUNT_PED_KILLED,COUNT_PED_INJURED,COUNT_BICYCLIST_KILLED,COUNT_BICYCLIST_INJURED,COUNT_MC_KILLED,COUNT_MC_INJURED,PRIMARY_RAMP,SECONDARY_RAMP,LATITUDE,LONGITUDE,COUNTY,CITY,POINT_X,POINT_Y
9895645,2025,2026-01-14,3702,2025-12-06,1824,CV1517,NA,6,5,6,3702,0,0,0,NA,0,021,TRENTON AV,PALOMAR ST,350,N,N,A,-,N,NA,NA,NA,NA,NA,NA,NA,NA,NA,N,4,0,1,2,A,-,07,21658,A,M,B,C,A,A,H,-,C,D,0,NA,NA,NA,NA,Y,NA,A,01,0,0,1,0,0,0,0,0,0,-,-,NA,NA,SAN DIEGO,CHULA VISTA,-117.08712005615234,32.60500717163086
9895675,2025,2026-01-09,3711,2025-12-22,1009,SD1907,NA,1,5,7,3711,0,0,0,NA,0,242,MIRA MESA BL,MARBURY AV,269,E,N,A,-,N,NA,NA,NA,NA,NA,NA,NA,NA,NA,Y,3,0,4,5,B,-,22,NA,NA,N,A,B,F,A,H,-,A,D,0,Y,NA,NA,NA,Y,NA,A,01,0,3,1,0,4,0,0,0,0,-,-,NA,NA,SAN DIEGO,SAN DIEGO,-117.12918090820313,32.91657257080078
9895938,2025,2026-01-22,3709,2025-12-26,1403,NC0560,NA,5,5,5,3709,0,0,0,NA,0,021,HIGHLAND AV,HIGHLAND AV 1000,0,NA,N,A,-,N,NA,NA,NA,NA,NA,NA,NA,NA,NA,N,4,0,1,2,A,-,03,22350,NA,N,C,C,A,A,H,-,A,A,0,NA,NA,NA,NA,Y,NA,D,22,0,0,1,0,0,0,0,0,0,-,-,NA,NA,SAN DIEGO,NATIONAL CITY,-117.0892333984375,32.65372085571289
9896137,2025,2026-01-15,3711,2025-12-24,1646,SD1935,NA,3,5,7,3711,0,0,0,NA,0,242,MIRA MESA BL,DABNEY DR,100,E,N,B,C,N,NA,NA,NA,NA,NA,NA,NA,NA,NA,N,3,0,1,1,A,-,03,22350,NA,N,E,I,A,B,F,-,C,D,0,NA,NA,NA,NA,Y,NA,A,01,0,1,0,0,0,0,0,0,0,-,-,NA,NA,SAN DIEGO,SAN DIEGO,-117.15836334228516,32.90985870361328
9896907,2025,2026-01-21,3711,2025-12-07,1559,SD5600,NA,7,5,7,3711,0,0,0,NA,0,512,NATIONAL AV,33RD ST,213,E,N,A,-,N,NA,NA,NA,NA,NA,NA,NA,NA,NA,N,2,0,1,1,A,-,08,22107,NA,N,F,A,A,A,-,-,A,D,0,NA,NA,Y,NA,Y,NA,C,03,1,0,0,0,0,0,0,0,1,-,-,NA,NA,SAN DIEGO,SAN DIEGO,-117.1225128173828,32.69599151611328
9900203,2025,2025-12-22,3702,2025-06-26,2036,CV0967,NA,4,5,6,3702,0,0,0,NA,0,013,3RD AV,KEARNEY ST,193,N,N,A,-,N,NA,NA,NA,NA,NA,NA,NA,NA,NA,N,2,0,1,2,A,-,11,21950,B,N,G,B,D,A,H,-,C,D,0,Y,NA,NA,NA,Y,NA,N,60,1,0,0,0,1,0,0,0,0,-,-,NA,NA,SAN DIEGO,CHULA VISTA,-117.07401275634766,32.62627029418945
9900223,2025,2025-12-26,3711,2025-12-11,649,SD2143,NA,4,5,7,3711,0,0,0,NA,0,522,PACIFIC HWY,W G ST,0,NA,Y,A,-,N,NA,NA,NA,NA,NA,NA,NA,NA,NA,Y,3,0,1,2,A,-,12,21453,A,N,-,C,A,A,H,-,A,-,0,NA,NA,NA,NA,Y,NA,A,01,0,1,0,0,0,0,0,0,0,-,-,NA,NA,SAN DIEGO,SAN DIEGO,-117.17104339599608,32.71251678466797
9900224,2025,2025-12-22,3702,2025-12-02,1100,CV1570,NA,2,5,6,3702,0,0,0,NA,0,014,H ST,2ND AVE,354,W,N,A,-,N,NA,NA,NA,NA,NA,NA,NA,NA,NA,Y,4,0,1,2,A,-,08,22107,NA,N,C,E,A,A,H,-,C,D,0,NA,NA,NA,NA,Y,NA,A,01,0,0,1,0,0,0,0,0,0,-,-,NA,NA,SAN DIEGO,CHULA VISTA,-117.07420349121094,32.63525390625
9900380,2025,2025-12-29,3711,2025-12-13,1010,SD6499,NA,6,5,7,3711,0,0,0,NA,0,446,SOUTH EUCLID AV,MANZANARES WY,69,N,N,A,-,N,NA,NA,NA,NA,NA,NA,NA,NA,NA,Y,3,0,1,2,A,-,08,22107,NA,N,D,C,A,A,H,-,A,D,0,NA,NA,NA,NA,Y,NA,A,01,0,1,0,0,0,0,0,0,0,-,-,NA,NA,SAN DIEGO,SAN DIEGO,-117.0850067138672,32.70344924926758
9901608,2025,2026-01-22,3711,2025-12-24,1254,SD1971,NA,3,5,7,3711,0,0,0,NA,0,722,HOLLISTER ST,INGRID AV,200,N,N,B,C,N,NA,NA,NA,NA,NA,NA,NA,NA,NA,N,4,0,1,2,A,-,04,21703,NA,N,D,C,A,B,H,-,A,D,0,NA,NA,NA,NA,Y,NA,A,01,0,0,1,0,0,0,0,0,0,-,-,NA,NA,SAN DIEGO,SAN DIEGO,-117.08409881591795,32.57333755493164
9901613,2025,2026-01-22,3711,2025-12-26,1856,SD2134,NA,5,5,7,3711,0,0,0,NA,0,627,UNIVERSITY AV,10TH AV,0,NA,Y,B,C,N,NA,NA,NA,NA,NA,NA,NA,NA,NA,N,3,0,1,2,A,-,10,21950,A,M,G,B,B,B,D,-,D,B,0,Y,NA,NA,NA,Y,NA,A,01,0,1,0,0,1,0,0,0,0,-,-,NA,NA,SAN DIEGO,SAN DIEGO,-117.15528106689452,32.748416900634766
9901652,2025,2026-01-06,3710,2025-12-23,950,OC1598,NA,2,5,6,3710,0,0,0,NA,0,031,LAKE BL,EMERALD DR,0,NA,Y,B,-,N,NA,NA,NA,NA,NA,NA,NA,NA,NA,Y,3,0,1,2,A,-,12,21453,A,F,D,C,A,A,H,-,A,A,0,NA,NA,NA,NA,Y,NA,A,01,0,1,0,0,0,0,0,0,0,-,-,NA,NA,SAN DIEGO,OCEANSIDE,-117.2730712890625,33.177276611328125
9901660,2025,2026-01-06,3711,2025-12-16,1805,SD1984,NA,2,5,7,3711,0,0,0,NA,0,234,BERNARDO CENTER DR,CLOUDCREST DR,0,NA,Y,A,-,N,NA,NA,NA,NA,NA,NA,NA,NA,NA,Y,3,0,1,2,A,-,03,22350,NA,M,C,C,A,A,H,-,C,A,0,NA,NA,NA,NA,Y,Y,A,01,0,1,0,0,0,0,0,0,0,-,-,NA,NA,SAN DIEGO,SAN DIEGO,-117.08757781982422,33.00944519042969
9901676,2025,2026-01-07,3711,2025-12-21,2038,SD1889,NA,7,5,7,3711,0,0,0,NA,0,111,MESA COLLEGE DR,ASHFORD ST,0,NA,Y,A,-,N,NA,NA,NA,NA,NA,NA,NA,NA,NA,N,3,0,2,2,A,-,05,21651,A,M,D,C,A,A,H,-,C,A,0,NA,NA,NA,NA,Y,NA,-,99,0,2,0,0,0,0,0,0,0,-,-,NA,NA,SAN DIEGO,SAN DIEGO,-117.1596221923828,32.80141067504883
9902228,2025,2026-02-05,3710,2025-12-19,944,OC1584,NA,5,5,6,3710,0,0,0,NA,0,011,OCEANSIDE BL,GREENBRIAR DR,170,W,N,A,-,N,NA,NA,NA,NA,NA,NA,NA,NA,NA,Y,3,0,2,2,A,-,08,22107,NA,N,D,C,A,A,H,-,A,A,0,NA,NA,NA,Y,Y,NA,A,01,0,1,1,0,0,0,0,0,0,-,-,NA,NA,SAN DIEGO,OCEANSIDE,-117.35541534423828,33.193965911865234
9902478,2025,2026-01-15,3711,2025-12-13,613,SD1685,NA,6,5,7,3711,0,0,0,NA,0,832,43RD ST,UNIVERSITY AV,215,N,N,A,-,N,NA,NA,NA,NA,NA,NA,NA,NA,NA,N,3,0,1,2,D,-,00,NA,NA,M,G,B,-,A,H,-,B,D,0,Y,NA,NA,NA,Y,NA,-,-,0,1,0,0,1,0,0,0,0,-,-,NA,NA,SAN DIEGO,SAN DIEGO,-117.10201263427734,32.75020980834961
9903629,2025,2026-02-06,3702,2025-12-28,2027,CV1545,NA,7,5,6,3702,0,0,0,NA,0,023,TELEGRAPH CANYON RD,RT 80,20,S,N,A,-,Y,NA,NA,NA,NA,NA,NA,NA,NA,NA,Y,4,0,2,2,A,-,01,23153,A,N,D,C,A,A,H,-,C,A,0,NA,NA,NA,NA,Y,Y,D,22,0,0,2,0,0,0,0,0,0,-,-,NA,NA,SAN DIEGO,CHULA VISTA,NA,NA
9904424,2025,2026-01-23,3700,2025-11-07,823,SH7690,NA,5,5,4,3780,0,0,0,NA,0,407,TWIN PEAKS RD,ROBERTO RIO RD,193,E,N,A,-,N,NA,NA,NA,NA,NA,NA,NA,NA,NA,N,3,0,1,2,A,-,11,21954,A,N,G,B,E,A,H,-,A,D,0,Y,NA,NA,NA,Y,NA,N,60,0,1,0,0,1,0,0,0,0,-,-,NA,NA,SAN DIEGO,POWAY,-117.0248565673828,32.978126525878906
9907028,2025,2026-02-10,3700,2025-11-20,1654,SH4262,NA,4,5,5,3712,0,0,0,NA,0,360,DISCOVERY ST,S TWIN OAK VALLEY RD,50,W,N,B,-,N,NA,NA,NA,NA,NA,NA,NA,NA,NA,N,3,0,1,2,A,-,21,22106,NA,N,C,C,A,B,H,-,C,A,0,NA,NA,NA,NA,Y,NA,A,01,0,1,0,0,0,0,0,0,0,-,-,NA,NA,SAN DIEGO,SAN MARCOS,NA,NA
9907259,2025,2026-02-13,3700,2025-07-13,1537,SH3760,NA,7,5,5,3782,0,0,0,NA,0,241,RT 101,COAST HWY,0,NA,Y,A,-,N,NA,NA,NA,NA,NA,NA,NA,NA,NA,Y,3,0,1,2,A,-,08,22107,NA,N,A,C,A,A,H,-,A,D,0,NA,NA,NA,NA,Y,NA,A,01,0,1,0,0,0,0,0,0,0,-,-,NA,NA,SAN DIEGO,ENCINITAS,NA,NA
9907517,2025,2026-02-24,3700,2025-11-25,447,SH1359,NA,2,5,3,3783,0,0,0,NA,0,272,SANTA HELENA,SANTA VICTORIA,137,S,N,A,-,N,NA,NA,NA,NA,NA,NA,NA,NA,NA,Y,3,0,1,4,A,-,01,23152,A,N,B,E,A,A,H,-,C,D,0,NA,NA,NA,NA,Y,NA,A,01,0,1,0,0,0,0,0,0,0,-,-,NA,NA,SAN DIEGO,SOLANA BEACH,-117.25263214111328,33.00078582763672
9907520,2025,2026-03-04,3700,2025-11-02,2134,SH3760,NA,7,5,5,3782,0,0,0,NA,0,222,ENCINITAS BL,ROSEBAY DR,0,NA,Y,A,-,N,NA,NA,NA,NA,NA,NA,NA,NA,NA,Y,3,0,1,2,A,-,01,23152,A,N,D,C,A,A,H,-,C,D,0,NA,NA,NA,NA,Y,Y,A,01,0,1,0,0,0,0,0,0,0,-,-,NA,NA,SAN DIEGO,ENCINITAS,-117.27395629882813,33.04857635498047
9907953,2025,2026-02-24,3700,2025-09-19,434,SH0029,NA,5,5,5,3713,0,0,0,NA,0,305,W CALIFORNIA AV,AVENUE DE BENITO JUAREZ,0,NA,Y,A,-,N,NA,NA,NA,NA,NA,NA,NA,NA,NA,Y,4,0,1,2,D,-,00,NA,NA,N,D,C,A,A,H,-,C,A,0,NA,NA,NA,NA,Y,NA,-,-,0,0,1,0,0,0,0,0,0,-,-,NA,NA,SAN DIEGO,VISTA,-117.2480697631836,33.20746994018555
9907969,2025,2026-02-25,3700,2025-08-16,1418,SH1359,NA,6,5,5,3782,0,0,0,NA,0,221,VULCAN AV,D ST,0,NA,Y,A,-,N,NA,NA,NA,NA,NA,NA,NA,NA,NA,Y,3,0,1,2,A,-,09,21801,A,N,D,D,A,A,H,-,A,A,0,NA,NA,NA,NA,Y,NA,A,01,0,1,0,0,0,0,0,0,0,-,-,NA,NA,SAN DIEGO,ENCINITAS,-117.29261779785156,33.04610061645508
9908792,2025,2026-02-24,3705,2025-10-24,1613,EC0473,NA,5,5,5,3705,0,0,0,NA,0,003,EAST MAIN ST,MADISON AV,18,N,N,A,-,N,NA,NA,NA,NA,NA,NA,NA,NA,NA,Y,3,0,1,4,A,-,08,22107,NA,N,C,C,A,A,H,-,A,A,0,NA,NA,NA,NA,Y,NA,A,07,0,1,0,0,0,0,0,0,0,-,-,NA,NA,SAN DIEGO,EL CAJON,-116.93052673339844,32.80020523071289
9908799,2025,2026-02-23,3705,2025-07-28,1209,EC0447,NA,1,5,5,3705,0,0,0,NA,0,004,S MOLLISON AV,GRAY DR,0,NA,Y,A,-,N,NA,NA,NA,NA,NA,NA,NA,NA,NA,Y,2,0,2,2,A,-,09,21802,A,N,A,C,A,A,H,-,A,D,0,NA,NA,NA,NA,Y,NA,A,01,1,1,0,0,0,0,0,0,0,-,-,NA,NA,SAN DIEGO,EL CAJON,-116.95095825195313,32.783912658691406
9909198,2025,2026-02-17,3700,2025-09-03,2031,SH3760,NA,3,5,5,3782,0,0,0,NA,0,212,SAXONY RD,ECKE RANCH RD,63,N,N,A,-,N,NA,NA,NA,NA,NA,NA,NA,NA,NA,N,3,0,1,2,A,-,03,22350,NA,N,C,E,A,A,H,-,D,D,0,NA,Y,NA,NA,Y,NA,-,NA,0,1,0,0,0,0,1,0,0,-,-,NA,NA,SAN DIEGO,ENCINITAS,NA,NA
9909323,2025,2026-02-13,3711,2025-10-12,624,SD1685,NA,7,5,7,3711,0,0,0,NA,0,813,EL CAJON BL,IOWA ST,124,W,N,A,-,N,NA,NA,NA,NA,NA,NA,NA,NA,NA,N,2,0,1,2,A,-,11,21954,A,N,G,B,E,A,H,-,B,A,0,Y,NA,NA,NA,Y,NA,N,60,1,0,0,0,1,0,0,0,0,-,-,NA,NA,SAN DIEGO,SAN DIEGO,-117.12686157226563,32.755245208740234
9913381,2025,2026-03-03,3702,2025-02-11,941,1360,NA,2,5,6,3702,0,0,0,NA,0,011,BROADWAY,DAVIDSON ST,0,NA,Y,C,-,N,NA,NA,NA,NA,NA,NA,NA,NA,NA,Y,3,0,2,2,A,-,09,21801,A,N,A,C,A,B,H,-,A,D,0,NA,NA,NA,NA,Y,NA,A,01,0,1,1,0,0,0,0,0,0,-,-,NA,NA,SAN DIEGO,CHULA VISTA,-117.0928192138672,32.63957214355469
6290232,2014,2015-12-21,9645,2014-02-20,2311,16864,NA,4,3,7,3711,0,1,1,NA,2,003,RT 5,RT 163,150,N,N,B,-,Y,SD,11,5,-,R,16.12,H,-,S,Y,1,1,0,2,A,-,11,21954,A,N,G,B,E,A,H,-,C,D,1,Y,NA,NA,NA,Y,Y,N,60,0,0,0,1,0,0,0,0,0,-,-,32.72394,-117.15615,SAN DIEGO,SAN DIEGO,-117.15630068,32.72391582
6290287,2014,2014-04-18,9650,2014-02-27,0653,17012,NA,4,1,9,3700,0,1,3,NA,2,065,RT 76,GIRD RD,1320,E,N,B,C,Y,SD,11,76,-,-,14.96,H,-,E,Y,1,1,3,3,A,-,03,22350,NA,N,B,C,A,B,H,-,B,D,0,NA,NA,NA,NA,Y,NA,A,01,0,0,3,0,0,0,0,0,0,-,-,33.18525,-117.11253,SAN DIEGO,UNINCORPORATED,-117.19090595,33.31449783
6291060,2014,2014-08-13,3702,2014-03-03,1611,CV0695,NA,1,5,6,3702,0,0,0,NA,0,014,EAST J ST,DENNIS AV,20,W,N,A,-,N,NA,NA,NA,NA,NA,NA,NA,NA,NA,Y,1,1,1,2,A,-,01,23153,A,N,H,G,A,A,H,-,A,D,0,NA,Y,NA,NA,Y,NA,A,01,1,0,0,0,0,1,0,0,0,-,-,NA,NA,SAN DIEGO,CHULA VISTA,-117.05680195,32.63245409
6291688,2014,2014-12-11,9645,2014-10-30,0447,14625,SAN D,4,3,7,3711,0,1,1,NA,2,010,CAMINO DEL RIO W,JEFFERSON ST,390,N,N,A,-,Y,SD,11,8,-,R,0.02,R,2,W,Y,1,1,0,4,A,-,-,NA,NA,N,G,B,E,A,H,-,C,D,0,Y,NA,NA,Y,Y,NA,N,60,0,0,0,1,0,0,0,0,0,-,-,NA,NA,SAN DIEGO,SAN DIEGO,-117.20405481,32.75969324
6291934,2014,2015-02-11,9680,2014-12-11,2121,016694,NA,4,2,5,3705,0,1,1,NA,2,081,RT 8,EL CAJON BL,1056,W,N,A,-,Y,SD,11,8,-,-,13.42,H,-,W,Y,1,1,1,4,A,-,03,22350,NA,N,C,C,E,A,H,-,D,D,1,Y,NA,NA,NA,Y,NA,A,01,0,0,1,1,0,0,0,0,0,-,-,32.77917,-116.98501,SAN DIEGO,EL CAJON,-116.98403748,32.77960373
6292753,2015,2016-01-22,9680,2015-08-20,1558,15081,NA,4,2,9,3700,0,3,5,NA,2,007,BORREGO SPRINGS RD,SAN PABLO RD,295,S,N,A,-,N,NA,NA,NA,NA,NA,NA,NA,NA,NA,Y,1,2,2,2,A,-,08,22107,NA,N,D,C,A,A,H,-,A,D,0,NA,NA,NA,NA,Y,NA,A,01,1,1,0,0,0,0,0,0,0,-,-,33.21609,-116.37092,SAN DIEGO,UNINCORPORATED,-116.37093376,33.21614931
6292809,2015,2016-02-24,9645,2015-07-06,0544,12733,NA,1,3,7,3711,0,1,3,NA,2,023,RT 163,AERO DR,765,N,N,B,-,Y,SD,11,163,-,-,7.32,H,-,S,Y,1,1,0,1,A,-,08,22107,NA,N,E,I,A,A,H,-,B,D,1,NA,NA,NA,NA,Y,NA,A,01,0,0,0,0,0,0,0,0,0,-,-,32.81295,-117.15161,SAN DIEGO,SAN DIEGO,-117.15158047,32.8127326
6292854,2015,2016-03-02,3705,2015-01-08,1722,EC0295,NA,4,5,5,3705,0,0,0,NA,0,008,AVOCADO,MINNESOTA,31,N,N,A,-,N,NA,NA,NA,NA,NA,NA,NA,NA,NA,Y,1,1,0,3,A,-,11,21950,B,N,G,B,B,A,H,-,C,D,0,Y,NA,NA,NA,Y,NA,N,60,0,0,0,1,0,0,0,0,0,-,-,NA,NA,SAN DIEGO,EL CAJON,-116.95775,32.7850549
6292863,2015,2016-03-10,9680,2015-08-13,0235,20116,NA,4,3,4,3720,0,1,3,NA,2,027,RT 94,COLLEGE AV,528,E,N,A,-,Y,SD,11,94,-,-,7.94,H,-,W,Y,1,1,0,1,A,-,01,23152,F,N,E,I,A,A,H,-,C,D,1,NA,NA,NA,NA,Y,Y,A,01,0,0,0,0,0,0,0,0,0,-,-,32.74387,-117.04885,SAN DIEGO,LEMON GROVE,-117.04835854,32.74384988
6327956,2014,2015-01-07,3709,2014-01-06,2152,478,NA,1,5,5,3709,0,0,0,NA,0,020,HIGHLAND AV,HIGHLAND AV 1200,20,W,N,A,-,N,NA,NA,NA,NA,NA,NA,NA,NA,NA,N,3,0,1,2,A,-,12,21453,A,F,D,G,A,A,H,-,C,A,0,NA,Y,NA,NA,Y,NA,A,01,0,1,0,0,0,0,1,0,0,-,-,NA,NA,SAN DIEGO,NATIONAL CITY,NA,NA
6328116,2014,2015-08-14,3711,2014-01-03,1815,4654,NA,5,5,7,3711,0,0,0,NA,0,326,COLLWOOD BL,COLLWOOD WY,165,S,N,A,-,N,NA,NA,NA,NA,NA,NA,NA,NA,NA,N,4,0,1,2,A,-,03,22350,NA,N,C,C,A,A,H,-,C,D,0,NA,NA,NA,NA,Y,NA,-,NA,0,0,1,0,0,0,0,0,0,-,-,NA,NA,SAN DIEGO,SAN DIEGO,-117.08447388,32.76769597
6334771,2014,2016-02-11,9650,2014-01-18,1620,15803,NA,6,2,5,3782,0,1,1,NA,2,007,RT 5,ENCINITAS BL,50,S,N,A,-,Y,SD,11,5,-,R,41.5,H,-,S,N,4,0,1,2,A,-,08,22107,NA,N,B,C,A,A,H,-,A,D,1,NA,NA,NA,NA,Y,NA,A,01,0,0,1,0,0,0,0,0,0,-,-,33.0473,-117.28715,SAN DIEGO,ENCINITAS,-117.28728789,33.04810395
6334775,2014,2014-06-04,9650,2014-01-06,1115,15906,NA,1,1,9,3700,0,3,5,NA,2,006,SANDIA CREEK DR,ROCK MOUNTAIN DR,2112,N,N,A,-,N,NA,NA,NA,NA,NA,NA,NA,NA,NA,Y,3,0,1,1,A,-,08,22107,NA,N,E,I,A,A,H,-,A,D,0,NA,NA,Y,NA,Y,NA,C,02,0,1,0,0,0,0,0,0,1,-,-,33.415,-117.24539,SAN DIEGO,UNINCORPORATED,-117.24622884,33.41528448
6337216,2014,2014-06-04,3711,2014-01-11,0049,5916,NA,6,5,7,3711,0,0,0,NA,0,122,GRAND AV,BALBOA AV,0,NA,Y,A,-,N,NA,NA,NA,NA,NA,NA,NA,NA,NA,Y,3,0,3,2,A,-,12,21453,A,N,D,C,A,A,H,-,C,A,0,NA,NA,Y,NA,Y,Y,C,02,0,2,1,0,0,0,0,0,1,-,-,NA,NA,SAN DIEGO,SAN DIEGO,-117.23480009,32.79919003
6337499,2014,2014-06-17,3711,2014-01-03,1631,5755,NA,5,5,7,3711,0,0,0,NA,0,233,EMDEN RD,BLACK MOUNTAIN RD,127,E,N,A,-,N,NA,NA,NA,NA,NA,NA,NA,NA,NA,N,3,0,1,2,A,-,11,21954,A,N,H,B,D,A,H,-,A,D,0,Y,NA,NA,NA,Y,NA,N,60,0,1,0,0,1,0,0,0,0,-,-,NA,NA,SAN DIEGO,SAN DIEGO,-117.1309,32.98247
6342255,2014,2014-06-11,3711,2014-01-31,1635,5679,NA,5,5,7,3711,0,0,0,NA,0,243,MIRAMAR RD,CABOT DR,6,W,N,A,-,N,NA,NA,NA,NA,NA,NA,NA,NA,NA,Y,3,0,2,2,A,-,08,22107,NA,N,A,C,A,A,H,-,A,A,0,NA,NA,NA,NA,Y,NA,A,01,0,1,1,0,0,0,0,0,0,-,-,NA,NA,SAN DIEGO,SAN DIEGO,-117.14279609,32.88977074
6342577,2014,2016-02-17,9650,2014-01-22,0910,12168,NA,3,1,6,3706,0,1,1,NA,2,023,RT 15,VALLEY PKWY,100,S,N,A,-,Y,SD,11,15,S,-,30.61,H,-,N,Y,4,0,1,2,A,-,03,22350,NA,N,C,C,A,A,H,-,A,D,1,NA,NA,NA,NA,Y,NA,D,22,0,0,1,0,0,0,0,0,0,-,-,33.11602,-117.09891,SAN DIEGO,ESCONDIDO,-117.09868882,33.11494266
6342684,2014,2016-03-25,9650,2014-01-23,0246,015868,NA,4,3,9,3700,0,1,1,NA,2,001,RT 5,BASILONE RD,4752,S,N,B,E,Y,SD,11,5,-,R,70.48,H,-,S,Y,3,0,1,2,A,-,07,21658,A,F,B,C,A,A,H,-,D,D,1,NA,NA,NA,Y,Y,Y,-,-,0,1,0,0,0,0,0,0,0,-,-,33.37946,-117.56825,SAN DIEGO,UNINCORPORATED,-117.5692721,33.37994037
6344871,2014,2014-06-06,3711,2014-01-01,0210,5072,NA,3,5,7,3711,0,0,0,NA,0,124,NAUTICAL ST,MUIRLANDS VISTA WY,115,W,N,A,-,N,NA,NA,NA,NA,NA,NA,NA,NA,NA,N,2,0,2,1,A,-,03,22350,NA,N,E,I,A,A,H,-,C,D,0,NA,NA,NA,NA,Y,Y,A,01,2,0,0,0,0,0,0,0,0,-,-,NA,NA,SAN DIEGO,SAN DIEGO,-117.26474226,32.83244519
6345203,2014,2015-11-10,9650,2014-01-09,1110,013570,NA,4,1,5,3713,0,1,3,NA,2,017,RT 78,EMERALD DR,1500,E,N,A,-,Y,SD,11,78,-,-,4.66,H,-,W,Y,4,0,1,2,A,-,08,22107,NA,N,C,C,A,A,H,-,A,D,1,NA,NA,NA,NA,Y,NA,A,01,0,0,1,0,0,0,0,0,0,-,-,33.19245,-117.27034,SAN DIEGO,VISTA,-117.27533947,33.19012513
6346625,2014,2014-06-06,3711,2014-01-15,1800,5807,NA,3,5,7,3711,0,0,0,NA,0,512,WEBSTER AV,SOUTH 32ND ST,6,S,N,A,-,N,NA,NA,NA,NA,NA,NA,NA,NA,NA,N,3,0,1,2,A,-,11,21954,A,N,G,B,D,A,H,-,C,D,0,Y,NA,NA,NA,Y,NA,N,60,0,1,0,0,1,0,0,0,0,-,-,NA,NA,SAN DIEGO,SAN DIEGO,-117.12521,32.7043
6346633,2014,2014-06-06,3711,2014-01-15,0716,6800,NA,3,5,7,3711,0,0,0,NA,0,624,MADISON AV,GEORGIA ST,62,E,N,A,-,N,NA,NA,NA,NA,NA,NA,NA,NA,NA,Y,3,0,2,3,A,-,08,22107,NA,N,F,D,A,A,H,-,A,D,0,NA,NA,NA,NA,Y,NA,-,NA,0,1,1,0,0,0,0,0,0,-,-,NA,NA,SAN DIEGO,SAN DIEGO,-117.14483899,32.76097
6347740,2016,2017-02-14,3711,2016-03-11,1053,7360,SOUTH,5,5,7,3711,0,0,0,NA,0,722,CORONADO AV,HOLLISTER ST,36,W,N,A,-,Y,SD,11,5,-,-,4.103,R,4,S,Y,4,0,1,2,A,-,12,21453,A,N,D,C,A,A,H,-,A,A,0,NA,NA,NA,NA,Y,NA,A,01,0,0,1,0,0,0,0,0,0,-,-,NA,NA,SAN DIEGO,SAN DIEGO,-117.0832674,32.57715255
6347752,2016,2016-03-28,3711,2016-03-14,1736,5133,NA,1,5,7,3711,0,0,0,NA,0,441,OCEAN VIEW BL,39TH ST,400,S,N,A,-,N,NA,NA,NA,NA,NA,NA,NA,NA,NA,N,3,0,2,3,A,-,09,21802,NA,M,D,C,A,A,H,-,A,D,0,NA,NA,NA,NA,Y,NA,-,99,0,1,1,0,0,0,0,0,0,-,-,NA,NA,SAN DIEGO,SAN DIEGO,-117.11034,32.70128
6348137,2014,2016-01-23,9680,2014-01-11,1150,018152,NA,6,1,9,3700,0,1,3,NA,1,040,RT 94,OTAY LAKES RD,11616,E,N,A,-,Y,SD,11,94,-,-,27.44,H,-,W,Y,4,0,1,1,A,-,08,22107,NA,N,E,I,A,A,H,-,A,D,0,NA,NA,Y,NA,Y,NA,C,02,0,0,1,0,0,0,0,0,1,-,-,32.65325,-116.78952,SAN DIEGO,UNINCORPORATED,-116.78912783,32.65296677
6350460,2016,2016-04-06,3711,2016-03-07,0339,5600,NA,1,5,7,3711,0,0,0,NA,0,311,AERO DR,DALEY CENTER DR,0,NA,Y,B,-,N,NA,NA,NA,NA,NA,NA,NA,NA,NA,Y,4,0,1,2,A,-,12,21453,A,N,D,C,A,A,H,-,C,A,0,NA,NA,NA,NA,Y,NA,A,07,0,0,1,0,0,0,0,0,0,-,-,NA,NA,SAN DIEGO,SAN DIEGO,-117.11896005,32.80867011
6352403,2014,2014-06-05,3710,2014-01-03,0910,OC1234,NA,5,5,6,3710,0,0,0,NA,0,011,OCEANSIDE,GOAT HILL,290,W,N,A,-,N,NA,NA,NA,NA,NA,NA,NA,NA,NA,N,4,0,1,3,A,-,09,21804,A,F,D,C,A,A,H,-,A,A,0,NA,NA,NA,NA,Y,NA,-,99,0,0,1,0,0,0,0,0,0,-,-,NA,NA,SAN DIEGO,OCEANSIDE,-117.35766538,33.19286828
6352414,2014,2016-03-16,9645,2014-01-17,0935,19344,NA,5,1,7,3711,0,1,3,NA,2,006,RT 94,47TH ST,895,W,N,A,-,Y,SD,11,94,-,-,4.43,H,-,W,Y,3,0,2,3,A,-,03,22350,NA,N,C,C,A,A,H,-,A,D,1,NA,NA,NA,NA,Y,NA,A,01,0,1,1,0,0,0,0,0,0,-,-,32.71892,-117.09727,SAN DIEGO,SAN DIEGO,-117.09689598,32.71908209