CASE_ID,ACCIDENT_YEAR,PROC_DATE,JURIS,COLLISION_DATE,COLLISION_TIME,OFFICER_ID,REPORTING_DISTRICT,DAY_OF_WEEK,CHP_SHIFT,POPULATION,CNTY_CITY_LOC,SPECIAL_COND,BEAT_TYPE,CHP_BEAT_TYPE,CITY_DIVISION_LAPD,CHP_BEAT_CLASS,BEAT_NUMBER,PRIMARY_RD,SECONDARY_RD,DISTANCE,DIRECTION,INTERSECTION,WEATHER_1,WEATHER_2,STATE_HWY_IND,CALTRANS_COUNTY,CALTRANS_DISTRICT,STATE_ROUTE,ROUTE_SUFFIX,POSTMILE_PREFIX,POSTMILE,LOCATION_TYPE,RAMP_INTERSECTION,SIDE_OF_HWY,TOW_AWAY,COLLISION_SEVERITY,NUMBER_KILLED,NUMBER_INJURED,PARTY_COUNT,PRIMARY_COLL_FACTOR,PCF_CODE_OF_VIOL,PCF_VIOL_CATEGORY,PCF_VIOLATION,PCF_VIOL_SUBSECTION,HIT_AND_RUN,TYPE_OF_COLLISION,MVIW,PED_ACTION,ROAD_SURFACE,ROAD_COND_1,ROAD_COND_2,LIGHTING,CONTROL_DEVICE,CHP_ROAD_TYPE,PEDESTRIAN_ACCIDENT,BICYCLE_ACCIDENT,MOTORCYCLE_ACCIDENT,TRUCK_ACCIDENT,NOT_PRIVATE_PROPERTY,ALCOHOL_INVOLVED,STWD_VEHTYPE_AT_FAULT,CHP_VEHTYPE_AT_FAULT,COUNT_SEVERE_INJ,COUNT_VISIBLE_INJ,COUNT_COMPLAINT_PAIN,COUNT_PED_KILLED,COUNT_PED_INJURED,COUNT_BICYCLIST_KILLED,COUNT_BICYCLIST_INJURED,COUNT_MC_KILLED,COUNT_MC_INJURED,PRIMARY_RAMP,SECONDARY_RAMP,LATITUDE,LONGITUDE,COUNTY,CITY,POINT_X,POINT_Y
6938707,2015,2015-06-04,3710,2015-05-14,1841,OC1333,NA,4,5,6,3710,0,0,0,NA,0,030,VISTA WY,COLLEGE BL,0,NA,Y,B,-,N,NA,NA,NA,NA,NA,NA,NA,NA,NA,N,4,0,1,2,A,-,03,22350,NA,N,C,C,A,A,H,-,A,A,0,NA,NA,NA,NA,Y,NA,A,01,0,0,1,0,0,0,0,0,0,-,-,NA,NA,SAN DIEGO,OCEANSIDE,-117.2965001,33.18400011
6938897,2015,2016-12-13,9645,2015-05-11,1608,20066,NA,1,2,7,3711,0,1,1,NA,2,015,RT 805,RT 163,50,N,N,A,-,Y,SD,11,805,-,-,20.61,H,-,S,Y,4,0,1,2,A,-,03,22350,NA,N,C,C,A,A,H,-,A,D,1,NA,NA,NA,NA,Y,NA,A,01,0,0,1,0,0,0,0,0,0,-,-,32.80943,-117.15355,SAN DIEGO,SAN DIEGO,-117.15300084,32.8088176
6940065,2015,2015-08-19,3711,2015-05-18,1832,7196,NA,1,5,7,3711,0,0,0,NA,0,242,MIRAMAR RD,CABOT DR,27,E,N,A,-,N,NA,NA,NA,NA,NA,NA,NA,NA,NA,Y,4,0,1,2,A,-,04,21703,NA,M,C,C,A,A,H,-,A,D,0,NA,NA,NA,NA,Y,NA,A,01,0,0,1,0,0,0,0,0,0,-,-,NA,NA,SAN DIEGO,SAN DIEGO,-117.14270792,32.88982209
6940533,2015,2015-06-02,3700,2015-04-24,1427,SH0169,NA,5,5,5,3712,0,0,0,NA,0,355,SAN MARCOS  BL,BENT AV,370,W,N,A,-,N,NA,NA,NA,NA,NA,NA,NA,NA,NA,N,4,0,1,2,A,-,08,22107,NA,N,D,G,A,A,H,-,A,D,0,NA,Y,NA,NA,Y,NA,A,01,0,0,1,0,0,0,1,0,0,-,-,NA,NA,SAN DIEGO,SAN MARCOS,-117.18317721,33.13613056
6940649,2015,2015-06-01,3700,2015-04-22,1810,SH2560,NA,3,5,5,3713,0,0,0,NA,0,310,SOUTH SANTA FE AV,GUAJOME ST,25,S,N,B,-,N,NA,NA,NA,NA,NA,NA,NA,NA,NA,Y,4,0,1,2,A,-,07,21658,A,N,B,C,A,A,H,-,A,D,0,NA,NA,NA,NA,Y,NA,A,01,0,0,1,0,0,0,0,0,0,-,-,NA,NA,SAN DIEGO,VISTA,-117.23977996,33.19740596
6940815,2015,2016-11-22,9645,2015-06-19,1715,19410,NA,5,2,7,3711,0,1,1,NA,2,007,RT 5,CARMEL MOUNTAIN RD,1800,S,N,A,-,Y,SD,11,5,-,R,31.47,H,-,S,Y,2,0,1,2,A,-,07,21658,A,F,F,I,A,A,H,-,A,D,1,NA,NA,Y,NA,Y,NA,A,01,1,0,0,0,0,0,0,0,1,-,-,32.91581,-117.23174,SAN DIEGO,SAN DIEGO,-117.23056741,32.91441306
6941377,2015,2015-07-01,3711,2015-05-07,1933,4823,SANDI,4,5,7,3711,0,0,0,NA,0,723,PALM AV,NORSTAD ST,0,NA,Y,B,-,N,NA,NA,NA,NA,NA,NA,NA,NA,NA,Y,2,0,5,2,A,-,12,21453,A,N,D,C,A,A,H,-,B,A,0,NA,NA,NA,NA,Y,NA,A,01,4,0,1,0,0,0,0,0,0,-,-,NA,NA,SAN DIEGO,SAN DIEGO,-117.05402011,32.58386011
6943789,2015,2016-11-19,9645,2015-05-31,1327,019496,NA,7,1,7,3711,0,1,3,NA,2,006,RT 94,47TH ST,50,W,N,A,-,Y,SD,11,94,-,-,4.62,H,-,W,Y,3,0,4,2,A,-,08,22107,NA,N,D,C,A,A,H,-,A,D,1,NA,NA,NA,NA,Y,NA,A,01,0,1,3,0,0,0,0,0,0,-,-,32.7185,-117.09342,SAN DIEGO,SAN DIEGO,-117.09377171,32.71837475
6943933,2015,2015-06-10,3711,2015-04-25,1249,3815,NA,6,5,7,3711,0,0,0,NA,0,122,INGRAHAM ST,REED AV,0,NA,Y,A,-,N,NA,NA,NA,NA,NA,NA,NA,NA,NA,Y,2,0,3,2,A,-,09,21802,A,N,D,C,A,A,H,-,A,A,0,NA,NA,Y,NA,Y,NA,A,07,1,0,2,0,0,0,0,0,1,-,-,NA,NA,SAN DIEGO,SAN DIEGO,-117.23967003,32.7959301
6944407,2015,2015-06-29,9650,2015-05-18,1900,15446,NA,1,2,9,3700,0,3,5,NA,2,210,NORTH TWIN OAKS VALLEY DR,DEER SPRINGS RD,17424,N,N,A,-,N,NA,NA,NA,NA,NA,NA,NA,NA,NA,N,4,0,1,1,A,-,08,22107,NA,N,E,I,A,A,H,-,A,D,0,NA,NA,Y,NA,Y,NA,C,02,0,0,1,0,0,0,0,0,1,-,-,33.22261,-117.17543,SAN DIEGO,UNINCORPORATED,-117.17551941,33.22301205
6944411,2015,2016-11-21,9650,2015-05-20,0840,13636,NA,3,1,5,3782,0,1,1,NA,2,007,RT 5,MANCHESTER AV,300,N,N,A,-,Y,SD,11,5,-,R,38.62,H,-,S,Y,4,0,1,2,A,-,03,22350,NA,N,C,C,A,A,H,-,A,D,1,NA,NA,NA,NA,Y,NA,A,01,0,0,1,0,0,0,0,0,0,-,-,NA,NA,SAN DIEGO,ENCINITAS,-117.26566152,33.01110264
6944617,2015,2016-12-01,9645,2015-05-22,2035,19410,NA,5,2,7,3711,0,1,1,NA,2,010,RT 8,MISSION CENTER RD,350,W,N,B,C,Y,SD,11,8,-,-,2.89,H,-,E,Y,4,0,1,4,A,-,08,22107,NA,N,B,C,A,B,H,-,C,D,1,NA,NA,NA,NA,Y,NA,A,01,0,0,1,0,0,0,0,0,0,-,-,32.76474,-117.15555,SAN DIEGO,SAN DIEGO,-117.15617777,32.76469508
6944649,2015,2015-06-27,3710,2015-05-20,1505,OC1363,NA,3,5,6,3710,0,0,0,NA,0,007,SOUTH CLEMENTINE,MISSOURI,0,NA,Y,A,-,N,NA,NA,NA,NA,NA,NA,NA,NA,NA,N,3,0,1,2,A,-,11,21954,A,M,D,B,E,A,H,-,A,D,0,Y,NA,NA,NA,Y,NA,N,60,0,1,0,0,1,0,0,0,0,-,-,NA,NA,SAN DIEGO,OCEANSIDE,-117.37285013,33.19368005
6946798,2015,2015-06-29,3711,2015-05-16,0800,7303,NA,6,5,7,3711,0,0,0,NA,0,432,OO EUCLID,IMPERIAL AV,60,S,N,A,-,N,NA,NA,NA,NA,NA,NA,NA,NA,NA,N,4,0,2,2,A,-,21,22106,NA,N,C,C,A,A,H,-,A,A,0,NA,NA,NA,NA,Y,NA,-,NA,0,0,2,0,0,0,0,0,0,-,-,NA,NA,SAN DIEGO,SAN DIEGO,-117.08500206,32.7043376
6947019,2015,2016-12-28,9645,2015-05-24,1400,017953,NA,7,2,7,3711,0,1,1,NA,2,015,RT 805,MIRA MESA BL,495,N,N,B,-,Y,SD,11,805,-,-,27.19,H,-,N,Y,2,0,1,2,A,-,08,22107,NA,N,D,C,A,A,D,-,A,D,1,NA,NA,NA,Y,Y,NA,A,01,1,0,0,0,0,0,0,0,0,-,-,32.5329,-117.1222,SAN DIEGO,SAN DIEGO,-117.20755737,32.89155522
6947050,2015,2015-06-09,3706,2015-04-10,1105,ES0465,NA,5,5,6,3706,0,0,0,NA,0,042,CENTER CITY PKWY,W GRAND AV,0,NA,Y,A,-,N,NA,NA,NA,NA,NA,NA,NA,NA,NA,N,3,0,1,2,D,-,00,NA,NA,N,G,B,B,A,H,-,A,A,0,Y,NA,NA,NA,Y,Y,-,-,0,1,0,0,1,0,0,0,0,-,-,NA,NA,SAN DIEGO,ESCONDIDO,-117.08675012,33.11899008
6947716,2015,2015-07-07,3711,2015-05-27,1427,5958,NA,3,5,7,3711,0,0,0,NA,0,241,AVE MAGNIFICA,MESA MADERA,0,NA,Y,A,-,N,NA,NA,NA,NA,NA,NA,NA,NA,NA,Y,4,0,1,2,A,-,09,21802,A,N,D,C,A,A,H,-,A,D,0,NA,NA,NA,NA,Y,NA,-,NA,0,0,1,0,0,0,0,0,0,-,-,NA,NA,SAN DIEGO,SAN DIEGO,-117.08487007,32.90600009
6947998,2015,2015-06-27,3711,2015-05-28,0905,6418,NA,4,5,7,3711,0,0,0,NA,0,124,LA JOLLA PKWY,LA JOLLA SCENIC DR,1056,E,N,B,-,N,NA,NA,NA,NA,NA,NA,NA,NA,NA,Y,3,0,1,1,A,-,08,22107,NA,N,E,I,A,A,H,-,A,D,0,NA,NA,NA,NA,Y,NA,A,07,0,1,0,0,0,0,0,0,0,-,-,NA,NA,SAN DIEGO,SAN DIEGO,-117.24463121,32.84703276
6948524,2015,2015-06-26,3711,2015-05-25,1320,5838,NA,1,5,7,3711,0,0,0,NA,0,313,BALBOA AV,MERCURY ST,650,E,N,A,-,N,NA,NA,NA,NA,NA,NA,NA,NA,NA,N,4,0,3,2,A,-,08,22107,NA,N,D,C,A,B,H,-,A,D,0,NA,NA,NA,NA,Y,NA,A,01,0,0,3,0,0,0,0,0,0,-,-,NA,NA,SAN DIEGO,SAN DIEGO,-117.14681141,32.82182
6950408,2015,2015-06-26,3711,2015-05-28,1952,6000,NA,4,5,7,3711,0,0,0,NA,0,627,WASHINGTON ST,3RD AV,0,NA,Y,A,-,N,NA,NA,NA,NA,NA,NA,NA,NA,NA,N,3,0,1,2,A,-,09,21802,A,N,D,C,A,A,H,-,A,A,0,NA,NA,NA,NA,Y,NA,A,01,0,1,0,0,0,0,0,0,0,-,-,NA,NA,SAN DIEGO,SAN DIEGO,-117.16274005,32.74998
6950774,2015,2015-06-18,9680,2015-05-25,0955,18672,NA,1,1,9,3700,0,2,4,NA,2,072,MONTEZUMA VALLEY RD,SAN FELIPE RD,58608,E,N,A,-,N,NA,NA,NA,NA,NA,NA,NA,NA,NA,Y,4,0,1,1,A,-,05,21650,NA,N,F,A,A,A,H,-,A,D,0,NA,NA,Y,NA,Y,NA,C,02,0,0,1,0,0,0,0,0,1,-,-,33.21104,-116.44288,SAN DIEGO,UNINCORPORATED,-116.44281633,33.21110122
6950790,2015,2015-06-18,9680,2015-05-28,1500,17717,NA,4,2,9,3700,0,2,4,NA,1,010,WOODSIDE AV,WINTER GARDENS BL,22,E,N,A,-,N,NA,NA,NA,NA,NA,NA,NA,NA,NA,N,4,0,1,2,A,-,04,21703,NA,N,C,C,A,A,H,-,A,A,0,NA,NA,NA,NA,Y,NA,A,07,0,0,1,0,0,0,0,0,0,-,-,32.85604,-116.93089,SAN DIEGO,UNINCORPORATED,-116.93106948,32.85606931
6953148,2015,2015-06-16,3711,2015-05-20,0955,3667,NA,3,5,7,3711,0,0,0,NA,0,NA,UNIVERSITY AV,ARNOLD AV,0,NA,Y,B,-,N,NA,NA,NA,NA,NA,NA,NA,NA,NA,Y,4,0,1,3,A,-,09,21801,A,N,D,C,B,A,H,-,A,A,0,Y,NA,NA,NA,Y,NA,A,01,0,0,1,0,1,0,0,0,0,-,-,NA,NA,SAN DIEGO,SAN DIEGO,-117.13678012,32.74845004
6953154,2015,2015-06-16,3711,2015-05-18,1547,4759,SANDI,1,5,7,3711,0,0,0,NA,0,122,JEWELL ST,GRAND AV,0,NA,Y,B,-,N,NA,NA,NA,NA,NA,NA,NA,NA,NA,Y,4,0,1,2,A,-,12,21453,A,N,D,C,A,A,H,-,A,A,0,NA,NA,NA,NA,Y,NA,-,NA,0,0,1,0,0,0,0,0,0,-,-,NA,NA,SAN DIEGO,SAN DIEGO,-117.23842004,32.79835004
6955468,2015,2015-07-10,9650,2015-06-04,1625,017263,NA,4,2,9,3700,0,3,5,NA,2,006,AVIATION RD,MAIN AV,0,NA,Y,A,-,N,NA,NA,NA,NA,NA,NA,NA,NA,NA,Y,3,0,1,2,A,-,03,22350,NA,N,D,C,A,A,H,-,A,A,0,NA,NA,NA,NA,Y,NA,D,22,0,1,0,0,0,0,0,0,0,-,-,33.37392,-117.25141,SAN DIEGO,UNINCORPORATED,-117.25148011,33.37392008
6955841,2015,2015-07-07,3711,2015-06-02,1835,6492,NA,2,5,7,3711,0,0,0,NA,0,621,GENESEE AV,RICHLAND ST,0,NA,Y,A,-,N,NA,NA,NA,NA,NA,NA,NA,NA,NA,Y,3,0,1,2,A,-,03,22350,NA,N,D,C,A,A,H,-,A,-,0,NA,NA,NA,NA,Y,NA,-,NA,0,1,0,0,0,0,0,0,0,-,-,NA,NA,SAN DIEGO,SAN DIEGO,-117.16303006,32.79121005
6955859,2015,2015-07-11,3711,2015-06-02,1228,6839,NA,2,5,7,3711,0,0,0,NA,0,242,CAMINO RUIZ,CAMINO RUIZ 11200,60,E,N,A,-,N,NA,NA,NA,NA,NA,NA,NA,NA,NA,Y,4,0,1,2,A,-,-,NA,NA,N,C,C,A,A,H,-,A,D,0,NA,NA,NA,NA,Y,NA,-,NA,0,0,1,0,0,0,0,0,0,-,-,NA,NA,SAN DIEGO,SAN DIEGO,NA,NA
6955919,2015,2017-02-04,3711,2015-06-02,1253,6823,NA,2,5,7,3711,0,0,0,NA,0,311,GRAMERCY DR,RUFFIN RD,500,W,N,A,-,N,NA,NA,NA,NA,NA,NA,NA,NA,NA,N,4,0,1,2,A,-,08,22107,NA,N,B,B,E,A,H,-,A,D,0,Y,NA,NA,NA,Y,NA,A,01,0,0,1,0,1,0,0,0,0,-,-,NA,NA,SAN DIEGO,SAN DIEGO,-117.1304773,32.80231957
6957487,2015,2016-11-03,9680,2015-05-23,1150,16139,NA,6,1,5,3708,0,1,1,NA,2,081,RT 8,SEVERIN DR,19,W,N,B,-,Y,SD,11,8,-,-,12.65,H,-,W,Y,3,0,1,2,A,-,07,21658,A,N,E,I,A,A,H,-,A,D,1,NA,NA,NA,NA,Y,NA,A,01,0,1,0,0,0,0,0,0,0,TO,-,32.77966,-116.99712,SAN DIEGO,LA MESA,-116.99720572,32.7794299
6960213,2015,2015-07-08,3711,2015-06-05,1102,6555,NA,5,5,7,3711,0,0,0,NA,0,813,ADAMS AV,IDAHO ST,0,NA,Y,A,-,N,NA,NA,NA,NA,NA,NA,NA,NA,NA,N,4,0,1,2,B,-,22,NA,NA,N,G,B,B,A,-,-,A,D,0,Y,NA,NA,NA,Y,NA,-,NA,0,0,1,0,1,0,0,0,0,-,-,NA,NA,SAN DIEGO,SAN DIEGO,-117.13391,32.76286009
6960505,2015,2015-06-23,3711,2015-04-24,0219,7067,NA,5,5,7,3711,0,0,0,NA,0,627,UNIVERSITY AV,VERMONT,225,E,N,C,-,N,NA,NA,NA,NA,NA,NA,NA,NA,NA,N,3,0,2,2,A,-,08,22107,NA,N,C,E,A,B,H,-,C,A,0,NA,NA,NA,NA,Y,NA,-,NA,0,2,0,0,0,0,0,0,0,-,-,NA,NA,SAN DIEGO,SAN DIEGO,-117.15271068,32.74854663
6960529,2015,2015-06-23,3700,2015-04-12,2035,SH4541,NA,7,5,5,3712,0,0,0,NA,0,352,BORDEN RD,FULTON RD,637,W,N,A,-,N,NA,NA,NA,NA,NA,NA,NA,NA,NA,Y,2,0,2,1,A,-,01,23152,F,N,F,I,A,A,H,-,C,D,0,NA,NA,NA,NA,Y,Y,A,07,2,0,0,0,0,0,0,0,0,-,-,NA,NA,SAN DIEGO,SAN MARCOS,-117.14492434,33.15043516
6960648,2015,2016-12-19,9645,2015-06-05,1600,17678,NA,5,2,7,3711,0,1,3,NA,2,023,RT 163,UNIVERSITY AV,20,N,N,A,-,Y,SD,11,163,-,-,2.61,H,-,S,Y,4,0,1,2,A,-,03,22350,NA,N,C,C,A,A,H,-,A,D,1,NA,NA,NA,NA,Y,NA,D,22,0,0,1,0,0,0,0,0,0,-,-,32.74361,-117.15652,SAN DIEGO,SAN DIEGO,-117.15599452,32.74844481
6961260,2015,2016-11-17,9645,2015-06-04,0207,17133,NA,4,3,6,3702,0,1,1,NA,2,001,RT 5,RT 54,1158,S,N,A,-,Y,SD,11,5,-,-,9.152,R,2,N,N,3,0,1,2,A,-,08,22107,NA,N,G,B,E,A,H,-,C,D,1,Y,NA,NA,NA,Y,NA,A,07,0,1,0,0,1,0,0,0,0,-,-,32.64721,-117.10228,SAN DIEGO,CHULA VISTA,-117.10271853,32.64776369
6961828,2015,2016-12-13,9650,2015-06-17,0810,013696,NA,3,1,9,3700,0,1,1,NA,2,021,RT 15,WEST LILAC RD,3168,S,N,B,-,Y,SD,11,15,-,R,43.64,H,-,N,Y,4,0,1,2,A,-,08,22107,NA,N,C,C,A,A,H,-,A,D,1,NA,NA,NA,Y,Y,NA,A,01,0,0,1,0,0,0,0,0,0,-,-,33.29109,-117.14912,SAN DIEGO,UNINCORPORATED,-117.14923614,33.29152357
6962613,2015,2015-06-24,3705,2015-05-21,1800,EC0295,NA,4,5,5,3705,0,0,0,NA,0,009,E WASHINGTON,S ANZA,0,NA,Y,A,-,N,NA,NA,NA,NA,NA,NA,NA,NA,NA,Y,3,0,3,2,D,-,00,NA,NA,N,D,C,A,A,H,-,A,A,0,NA,NA,NA,NA,Y,NA,-,-,0,1,2,0,0,0,0,0,0,-,-,NA,NA,SAN DIEGO,EL CAJON,-116.94819013,32.7876501
6964157,2015,2016-11-10,9650,2015-06-14,2145,015868,NA,7,2,9,3700,0,1,1,NA,2,003,RT 5,LAS PULGAS RD,857,S,N,B,-,Y,SD,11,5,-,R,61.92,H,-,S,Y,3,0,3,5,A,-,03,22350,NA,N,C,C,A,A,D,-,D,A,1,NA,NA,NA,NA,Y,NA,D,22,0,1,2,0,0,0,0,0,0,-,-,33.29719,-117.46273,SAN DIEGO,UNINCORPORATED,-117.46262544,33.29699803
6965416,2015,2015-07-03,3700,2015-05-22,1357,SH2340,NA,5,5,4,3780,0,0,0,NA,0,416,SCRIPPS POWAY PKWY,COMMUNITY RD,38,W,N,A,-,N,NA,NA,NA,NA,NA,NA,NA,NA,NA,Y,2,0,1,2,A,-,08,22100,A,N,D,C,A,A,H,-,A,A,0,NA,NA,Y,NA,Y,NA,C,02,1,0,0,0,0,0,0,0,1,-,-,NA,NA,SAN DIEGO,POWAY,-117.04613935,32.93914652
6965577,2015,2016-11-18,3703,2015-06-13,1040,1137,NA,6,5,3,3703,0,0,0,NA,0,003,RT 75,MP 13,345,N,N,B,-,Y,SD,11,75,-,-,13.07,H,-,S,N,4,0,1,2,A,-,04,21703,NA,N,C,C,A,A,H,-,A,D,0,NA,Y,NA,NA,Y,NA,L,04,0,0,1,0,0,0,1,0,0,-,-,NA,NA,SAN DIEGO,CORONADO,-117.1344014,32.61206485
6965726,2015,2016-06-06,3711,2015-06-10,1435,6583,SANDI,3,5,7,3711,0,0,0,NA,0,438,SAIPAN DR,POTOMAC ST,165,W,N,B,-,N,NA,NA,NA,NA,NA,NA,NA,NA,NA,Y,4,0,1,2,A,-,08,22107,NA,N,A,D,A,A,H,-,A,D,0,NA,NA,NA,NA,Y,NA,-,NA,0,0,1,0,0,0,0,0,0,-,-,NA,NA,SAN DIEGO,SAN DIEGO,-117.0558804,32.68121742
6965857,2015,2015-07-15,3711,2015-06-11,2230,5556,NA,4,5,7,3711,0,0,0,NA,0,312,TIERRASANTA BL,ESPLENDENTE DR,0,NA,Y,A,-,N,NA,NA,NA,NA,NA,NA,NA,NA,NA,Y,3,0,3,2,A,-,12,21453,A,N,D,C,A,A,H,-,C,A,0,NA,NA,NA,NA,Y,NA,-,NA,0,2,1,0,0,0,0,0,0,-,-,NA,NA,SAN DIEGO,SAN DIEGO,-117.10112001,32.82304007
6965920,2015,2015-07-15,3711,2015-06-13,1657,5046,NA,6,5,7,3711,0,0,0,NA,0,614,WEST POINT LOMA BL,CABLE ST,123,E,N,B,-,N,NA,NA,NA,NA,NA,NA,NA,NA,NA,N,3,0,1,1,A,-,17,21663,NA,N,B,I,A,A,H,-,A,D,0,NA,NA,Y,NA,Y,NA,C,02,0,1,0,0,0,0,0,0,1,-,-,NA,NA,SAN DIEGO,SAN DIEGO,-117.24392157,32.75161602
6967304,2015,2016-11-19,9650,2015-06-02,1730,15531,NA,2,2,6,3706,0,1,3,NA,2,019,RT 78,BROADWAY,550,W,N,A,-,Y,SD,11,78,-,N,17.58,H,-,W,N,3,0,1,2,A,-,08,22107,NA,N,B,C,A,A,H,-,A,D,1,NA,NA,Y,NA,Y,NA,A,01,0,1,0,0,0,0,0,0,1,-,-,33.13217,-117.08884,SAN DIEGO,ESCONDIDO,-117.08794756,33.13239175
6967306,2015,2015-06-29,9650,2015-06-10,1230,15027,NA,3,1,9,3700,0,3,5,NA,1,212,MILLER RD,COLE GRADE RD,3696,W,N,A,-,N,NA,NA,NA,NA,NA,NA,NA,NA,NA,Y,3,0,1,1,A,-,08,22107,NA,N,E,I,A,A,H,-,A,D,0,NA,NA,NA,NA,Y,NA,A,01,0,1,0,0,0,0,0,0,0,-,-,33.25145,-117.03053,SAN DIEGO,UNINCORPORATED,-117.03049885,33.25081199
6967316,2015,2016-11-21,9650,2015-06-03,1605,14886,NA,3,2,5,3782,0,1,1,NA,2,007,RT 5,ENCINITAS BL,800,N,N,A,-,Y,SD,11,5,-,R,41.69,H,-,S,Y,3,0,1,4,A,-,03,22350,NA,N,C,C,A,A,H,-,A,D,1,NA,NA,NA,NA,Y,NA,A,01,0,1,0,0,0,0,0,0,0,-,-,33.05437,-117.28921,SAN DIEGO,ENCINITAS,-117.28808678,33.05076763
6967422,2015,2016-11-22,3711,2015-06-13,1910,4505,NA,6,5,7,3711,0,0,0,NA,0,934,CARMEL VALLEY RD,RT 5,0,NA,Y,D,-,Y,SD,11,5,-,R,32.79,R,4,S,Y,4,0,4,2,D,-,00,NA,NA,N,D,C,A,A,H,-,B,A,0,NA,NA,NA,NA,Y,NA,-,-,0,0,4,0,0,0,0,0,0,-,SF,NA,NA,SAN DIEGO,SAN DIEGO,-117.24106236,32.93054268
6968977,2015,2016-12-01,9680,2015-06-14,1330,19270,NA,7,1,5,3708,0,1,1,NA,2,081,RT 8,70TH ST,1000,W,N,A,-,Y,SD,11,8,-,-,9.4,H,-,E,Y,4,0,1,2,A,-,07,21658,A,N,B,C,A,A,H,-,A,D,1,NA,NA,NA,NA,Y,NA,A,01,0,0,1,0,0,0,0,0,0,-,-,32.77523,-117.04849,SAN DIEGO,LA MESA,-117.04896222,32.77556513
6972080,2015,2015-07-07,3702,2015-05-19,0725,CV0938,NA,2,5,6,3702,0,0,0,NA,0,042,MAGDALENA AV,SANTA LUNA,54,N,N,A,-,N,NA,NA,NA,NA,NA,NA,NA,NA,NA,N,4,0,1,3,A,-,03,22350,NA,N,C,C,A,A,H,-,A,A,0,NA,NA,NA,NA,Y,NA,A,01,0,0,1,0,0,0,0,0,0,-,-,NA,NA,SAN DIEGO,CHULA VISTA,-116.97564706,32.60849656
6972293,2015,2015-07-09,3709,2015-06-17,1547,418,NA,3,5,5,3709,0,0,0,NA,0,020,ROOSEVELT AV,WEST 8TH ST,0,NA,Y,A,-,N,NA,NA,NA,NA,NA,NA,NA,NA,NA,Y,4,0,1,2,A,-,12,21453,A,N,D,C,A,A,H,-,A,A,0,NA,NA,NA,NA,Y,NA,A,01,0,0,1,0,0,0,0,0,0,-,-,NA,NA,SAN DIEGO,NATIONAL CITY,-117.10797007,32.67555005
6974305,2015,2016-06-06,3700,2015-06-20,1855,SH0817,NA,6,5,5,3713,0,0,0,NA,0,308,NORTH EMERALD DR,WEST VISTA WY,0,NA,Y,A,-,N,NA,NA,NA,NA,NA,NA,NA,NA,NA,Y,4,0,1,2,A,-,09,21453,C,N,D,D,A,A,H,-,A,A,0,NA,NA,NA,NA,Y,NA,A,01,0,0,1,0,0,0,0,0,0,-,-,NA,NA,SAN DIEGO,VISTA,-117.27956005,33.18918005
6976205,2015,2015-07-10,3702,2015-06-03,2315,CV1154,NA,3,5,6,3702,0,0,0,NA,0,023,HILLTOP DR,EAST L ST,0,NA,Y,B,-,N,NA,NA,NA,NA,NA,NA,NA,NA,NA,Y,3,0,5,2,A,-,12,21453,A,N,D,C,A,A,H,-,C,A,0,NA,NA,NA,NA,Y,NA,A,01,0,1,4,0,0,0,0,0,0,-,-,NA,NA,SAN DIEGO,CHULA VISTA,-117.05956003,32.62404011
6976492,2015,2015-07-03,3702,2015-05-17,1121,CV0833,NA,7,5,6,3702,0,0,0,NA,0,041,OTAY LAKES RD,LA MEDIA,1056,E,N,A,-,N,NA,NA,NA,NA,NA,NA,NA,NA,NA,Y,3,0,1,1,D,-,00,NA,NA,N,F,A,A,A,H,-,A,D,0,NA,Y,NA,NA,Y,NA,-,-,0,1,0,0,0,0,1,0,0,-,-,NA,NA,SAN DIEGO,CHULA VISTA,-116.98722088,32.64008408
6977016,2014,2015-07-09,3710,2014-07-01,1940,OC1355,NA,2,5,6,3710,0,0,0,NA,0,016,DOUGLAS AV,MISSION,0,NA,Y,B,-,N,NA,NA,NA,NA,NA,NA,NA,NA,NA,Y,4,0,1,2,A,-,09,21453,C,N,D,C,A,A,H,-,A,A,0,NA,NA,NA,NA,Y,NA,A,01,0,0,1,0,0,0,0,0,0,-,-,NA,NA,SAN DIEGO,OCEANSIDE,-117.32605006,33.22782009
6977391,2015,2015-07-23,3700,2015-03-08,1920,SH2405,NA,7,5,5,3781,0,0,0,NA,0,512,MAST BL,JEREMY ST,0,NA,Y,A,-,N,NA,NA,NA,NA,NA,NA,NA,NA,NA,N,3,0,1,2,A,-,10,21950,A,N,E,B,B,A,H,-,C,D,0,Y,NA,NA,NA,Y,NA,A,01,0,1,0,0,1,0,0,0,0,-,-,NA,NA,SAN DIEGO,SANTEE,-116.96349005,32.85523006
6978312,2015,2016-12-28,9645,2015-06-23,0730,73111,NA,2,1,7,3711,0,1,1,NA,2,015,RT 805,RT 52,857,S,N,A,-,Y,SD,11,805,-,-,23.24,H,-,N,N,4,0,1,3,A,-,03,22350,NA,N,C,C,A,A,H,-,A,D,1,NA,NA,NA,NA,Y,NA,A,08,0,0,1,0,0,0,0,0,0,-,-,32.84214,-117.17493,SAN DIEGO,SAN DIEGO,-117.17471491,32.84216858
6978508,2015,2015-07-13,3710,2015-06-11,1045,OC1274,NA,4,5,6,3710,0,0,0,NA,0,006,THE STRAND N,SURFRIDER WY,1113,S,N,A,-,N,NA,NA,NA,NA,NA,NA,NA,NA,NA,N,3,0,1,2,A,-,11,21954,A,N,G,B,D,A,H,-,A,D,0,Y,NA,NA,NA,Y,NA,N,60,0,1,0,0,1,0,0,0,0,-,-,NA,NA,SAN DIEGO,OCEANSIDE,-117.38425799,33.19444067
6978946,2015,2015-07-07,3711,2015-06-19,2224,6394,NA,5,5,7,3711,0,0,0,NA,0,326,MONTEZUMA RD,CAMPANILE DR,520,W,N,A,-,N,NA,NA,NA,NA,NA,NA,NA,NA,NA,N,3,0,1,2,A,-,11,21955,NA,N,G,B,D,A,H,-,C,D,0,Y,NA,NA,NA,Y,NA,N,60,0,1,0,0,1,0,0,0,0,-,-,NA,NA,SAN DIEGO,SAN DIEGO,-117.07360589,32.77071
6978951,2015,2015-07-07,3711,2015-06-16,1824,6995,SANDI,2,5,7,3711,0,0,0,NA,0,813,THORN ST,FELTON ST,10,W,N,A,-,N,NA,NA,NA,NA,NA,NA,NA,NA,NA,Y,3,0,2,2,A,-,05,21651,B,N,A,C,A,A,H,-,A,D,0,NA,NA,NA,NA,Y,NA,-,NA,0,2,0,0,0,0,0,0,0,-,-,NA,NA,SAN DIEGO,SAN DIEGO,-117.12212241,32.73924