CASE_ID,ACCIDENT_YEAR,PROC_DATE,JURIS,COLLISION_DATE,COLLISION_TIME,OFFICER_ID,REPORTING_DISTRICT,DAY_OF_WEEK,CHP_SHIFT,POPULATION,CNTY_CITY_LOC,SPECIAL_COND,BEAT_TYPE,CHP_BEAT_TYPE,CITY_DIVISION_LAPD,CHP_BEAT_CLASS,BEAT_NUMBER,PRIMARY_RD,SECONDARY_RD,DISTANCE,DIRECTION,INTERSECTION,WEATHER_1,WEATHER_2,STATE_HWY_IND,CALTRANS_COUNTY,CALTRANS_DISTRICT,STATE_ROUTE,ROUTE_SUFFIX,POSTMILE_PREFIX,POSTMILE,LOCATION_TYPE,RAMP_INTERSECTION,SIDE_OF_HWY,TOW_AWAY,COLLISION_SEVERITY,NUMBER_KILLED,NUMBER_INJURED,PARTY_COUNT,PRIMARY_COLL_FACTOR,PCF_CODE_OF_VIOL,PCF_VIOL_CATEGORY,PCF_VIOLATION,PCF_VIOL_SUBSECTION,HIT_AND_RUN,TYPE_OF_COLLISION,MVIW,PED_ACTION,ROAD_SURFACE,ROAD_COND_1,ROAD_COND_2,LIGHTING,CONTROL_DEVICE,CHP_ROAD_TYPE,PEDESTRIAN_ACCIDENT,BICYCLE_ACCIDENT,MOTORCYCLE_ACCIDENT,TRUCK_ACCIDENT,NOT_PRIVATE_PROPERTY,ALCOHOL_INVOLVED,STWD_VEHTYPE_AT_FAULT,CHP_VEHTYPE_AT_FAULT,COUNT_SEVERE_INJ,COUNT_VISIBLE_INJ,COUNT_COMPLAINT_PAIN,COUNT_PED_KILLED,COUNT_PED_INJURED,COUNT_BICYCLIST_KILLED,COUNT_BICYCLIST_INJURED,COUNT_MC_KILLED,COUNT_MC_INJURED,PRIMARY_RAMP,SECONDARY_RAMP,LATITUDE,LONGITUDE,COUNTY,CITY,POINT_X,POINT_Y
7191179,2016,2016-03-25,3711,2016-02-09,1330,5221,NA,2,5,7,3711,0,0,0,NA,0,521,E ST,7TH AV,0,NA,Y,A,-,N,NA,NA,NA,NA,NA,NA,NA,NA,NA,Y,3,0,1,3,A,-,08,22107,NA,N,D,C,A,A,H,-,A,A,0,NA,NA,NA,NA,Y,NA,-,NA,0,1,0,0,0,0,0,0,0,-,-,NA,NA,SAN DIEGO,SAN DIEGO,-117.15834003,32.71468009
7191664,2016,2016-03-01,3708,2016-01-14,1820,LM1261,NA,4,5,5,3708,0,0,0,NA,0,003,LAKE MURRAY BL,MARENGO AV,471,W,N,A,-,N,NA,NA,NA,NA,NA,NA,NA,NA,NA,N,3,0,1,2,A,-,10,21952,NA,N,G,B,F,A,H,-,B,D,0,Y,NA,NA,NA,Y,NA,A,01,0,1,0,0,1,0,0,0,0,-,-,NA,NA,SAN DIEGO,LA MESA,-117.02704733,32.78405427
7191740,2016,2016-02-29,3709,2016-02-20,0843,418,NA,6,5,5,3709,0,0,0,NA,0,024,NATIONAL CITY BL,W 33RD ST,0,NA,Y,A,-,N,NA,NA,NA,NA,NA,NA,NA,NA,NA,Y,4,0,2,2,A,-,09,21801,A,N,D,D,A,A,H,-,A,-,0,NA,NA,NA,NA,Y,NA,A,01,0,0,2,0,0,0,0,0,0,-,-,NA,NA,SAN DIEGO,NATIONAL CITY,-117.0984901,32.6541601
7191854,2016,2017-02-10,3705,2016-01-28,1101,EC0295,NA,4,5,5,3705,0,0,0,NA,0,006,GROSSMONT COLLEGE DR,RT 125,11,N,N,A,-,Y,SD,11,125,-,-,20.671,R,4,S,Y,4,0,1,2,A,-,12,21453,A,N,D,C,A,A,H,-,A,A,0,NA,NA,NA,NA,Y,NA,A,01,0,0,1,0,0,0,0,0,0,-,-,NA,NA,SAN DIEGO,EL CAJON,-117.00185007,32.81516868
7192014,2015,2016-03-01,3705,2015-11-02,2152,EC0274,NA,1,5,5,3705,0,0,0,NA,0,009,ALDERSON,E LEXINGTON,0,NA,Y,C,-,N,NA,NA,NA,NA,NA,NA,NA,NA,NA,Y,4,0,1,2,A,-,08,22107,NA,N,B,C,A,B,H,-,C,A,0,NA,NA,NA,NA,Y,NA,A,01,0,0,1,0,0,0,0,0,0,-,-,NA,NA,SAN DIEGO,EL CAJON,-116.93499003,32.79249003
7192551,2016,2016-02-24,3706,2016-02-06,1515,ES0449,NA,6,5,6,3706,0,0,0,NA,0,044,E EL NORTE PKWY,ROSE ST,60,E,N,A,-,N,NA,NA,NA,NA,NA,NA,NA,NA,NA,N,4,0,2,2,A,-,03,22350,NA,N,C,C,A,A,H,-,A,A,0,NA,NA,NA,NA,Y,NA,A,01,0,0,2,0,0,0,0,0,0,-,-,NA,NA,SAN DIEGO,ESCONDIDO,-117.06962582,33.14792438
7192946,2016,2017-02-15,3711,2016-02-13,0400,7085,SANDI,6,5,7,3711,0,0,0,NA,0,115,GENESEE AV,RT 52,168,S,N,A,-,Y,SD,11,52,-,-,2.412,R,4,W,Y,4,0,1,1,A,-,03,22350,NA,N,-,A,A,A,H,-,C,D,0,NA,NA,NA,NA,Y,Y,D,23,0,0,1,0,0,0,0,0,0,-,WF,NA,NA,SAN DIEGO,SAN DIEGO,-117.2010531,32.84673758
7194638,2016,2016-03-03,3711,2016-02-13,0254,7095,NA,6,5,7,3711,0,0,0,NA,0,903,CORONADO AV,18TH ST,200,W,N,A,-,N,NA,NA,NA,NA,NA,NA,NA,NA,NA,Y,3,0,1,1,A,-,03,22350,NA,N,F,-,A,A,H,-,C,D,0,NA,NA,NA,NA,Y,Y,-,NA,0,1,0,0,0,0,0,0,0,-,-,NA,NA,SAN DIEGO,SAN DIEGO,-117.09554702,32.57651
7196169,2016,2016-03-09,3711,2016-02-11,0737,5198,NA,4,5,7,3711,0,0,0,NA,0,124,LA JOLLA BL,WESTBOURNE ST,0,NA,Y,A,-,N,NA,NA,NA,NA,NA,NA,NA,NA,NA,N,2,0,1,2,A,-,05,21650,A,N,G,B,B,A,H,-,A,D,0,Y,NA,NA,NA,Y,NA,D,22,1,0,0,0,1,0,0,0,0,-,-,NA,NA,SAN DIEGO,SAN DIEGO,-117.27695005,32.83290002
7196213,2016,2016-03-09,3711,2016-02-19,1954,7377,SOUTH,5,5,7,3711,0,0,0,NA,0,723,PALM AV,PICCARD AV,0,NA,Y,A,-,N,NA,NA,NA,NA,NA,NA,NA,NA,NA,Y,4,0,2,2,A,-,03,22350,NA,N,C,C,A,A,H,-,C,D,0,NA,NA,NA,NA,Y,NA,D,22,0,0,2,0,0,0,0,0,0,-,-,NA,NA,SAN DIEGO,SAN DIEGO,-117.05048001,32.58382011
7196250,2016,2016-03-02,3711,2016-02-20,1812,6086,NA,6,5,7,3711,0,0,0,NA,0,313,CLAIREMONT MESA BL,MERCURY ST,36,W,N,A,-,N,NA,NA,NA,NA,NA,NA,NA,NA,NA,Y,4,0,2,2,A,-,03,22350,NA,N,C,C,A,A,H,-,C,A,0,NA,NA,NA,NA,Y,NA,A,01,0,0,2,0,0,0,0,0,0,-,-,NA,NA,SAN DIEGO,SAN DIEGO,-117.14901677,32.83285764
7196270,2016,2016-03-02,3711,2016-02-11,1950,5178,NA,4,5,7,3711,0,0,0,NA,0,934,EL CAMINO REAL,EL CAMINO REAL 12900,20,W,N,A,-,N,NA,NA,NA,NA,NA,NA,NA,NA,NA,Y,3,0,3,2,A,-,12,21453,A,N,-,C,A,A,H,-,C,A,0,NA,NA,NA,NA,Y,NA,-,NA,0,1,2,0,0,0,0,0,0,-,-,NA,NA,SAN DIEGO,SAN DIEGO,NA,NA
7196305,2016,2016-03-02,3711,2016-02-23,2152,6513,NA,2,5,7,3711,0,0,0,NA,0,241,KEARNY VILLA RD,MIRAMAR WY,221,N,N,A,-,N,NA,NA,NA,NA,NA,NA,NA,NA,NA,Y,4,0,1,1,A,-,03,22350,NA,N,E,I,A,A,H,-,D,D,0,NA,NA,Y,NA,Y,NA,C,02,0,0,1,0,0,0,0,0,1,TR,-,NA,NA,SAN DIEGO,SAN DIEGO,-117.11665,32.88116537
7196635,2016,2016-03-10,3700,2016-01-10,1746,SH0742,NA,7,5,4,3780,0,0,0,NA,0,410,COMMUNITY RD,KETRON AV,0,NA,Y,A,-,N,NA,NA,NA,NA,NA,NA,NA,NA,NA,Y,4,0,1,2,A,-,09,21802,A,N,D,C,A,A,H,-,C,A,0,NA,NA,NA,NA,Y,NA,A,01,0,0,1,0,0,0,0,0,0,-,-,NA,NA,SAN DIEGO,POWAY,-117.04052014,32.96282004
7197819,2016,2016-03-11,3705,2016-02-19,1403,EC0277,NA,5,5,5,3705,0,0,0,NA,0,010,LEXINGTON AV,MOLLISON,0,NA,Y,A,-,N,NA,NA,NA,NA,NA,NA,NA,NA,NA,Y,4,0,1,2,A,-,12,21453,A,N,D,C,A,A,H,-,A,A,0,NA,NA,NA,NA,Y,NA,A,01,0,0,1,0,0,0,0,0,0,-,-,NA,NA,SAN DIEGO,EL CAJON,-116.95096012,32.79263007
7199762,2016,2016-08-23,3700,2016-03-04,2102,SH7236,NA,5,5,5,3782,0,0,0,NA,0,242,SOUTH EL CAMINO REAL,MANCHESTER AV,1235,N,N,A,-,N,NA,NA,NA,NA,NA,NA,NA,NA,NA,Y,1,1,1,5,A,-,08,22107,NA,N,C,E,A,A,H,-,C,D,0,NA,NA,NA,NA,Y,NA,M,47,0,1,0,0,0,0,0,0,0,-,-,NA,NA,SAN DIEGO,ENCINITAS,-117.25557754,33.0252033
7200067,2017,2017-05-10,3700,2017-02-25,1943,SH0817,NA,6,5,5,3712,0,0,0,NA,0,356,LOS VALLECITOS BL,BINGHAM DR,706,E,N,A,-,N,NA,NA,NA,NA,NA,NA,NA,NA,NA,Y,1,1,1,1,A,-,01,23152,G,N,F,A,A,A,H,-,C,D,0,NA,NA,NA,NA,Y,Y,A,07,0,0,1,0,0,0,0,0,0,-,-,NA,NA,SAN DIEGO,SAN MARCOS,-117.18371598,33.14077015
7200097,2017,2017-05-12,3711,2017-04-06,2318,4576,NA,4,5,7,3711,0,0,0,NA,0,628,WEST LAUREL ST,PACIFIC HWY,0,NA,Y,A,G,N,NA,NA,NA,NA,NA,NA,NA,NA,NA,N,1,1,0,2,A,-,12,21453,A,F,G,B,B,A,A,-,C,A,0,Y,NA,NA,NA,Y,Y,A,07,0,0,0,1,0,0,0,0,0,-,-,NA,NA,SAN DIEGO,SAN DIEGO,-117.17371002,32.72951009
7200997,2016,2017-02-10,3710,2016-02-09,1334,OC1420,NA,2,5,6,3710,0,0,0,NA,0,022,RT 76,SANTA FE,96,N,N,A,-,Y,SD,11,76,-,R,6.74,H,-,W,Y,4,0,2,3,A,-,03,22350,NA,N,F,A,A,A,H,-,A,A,0,NA,NA,Y,NA,Y,NA,C,02,0,0,2,0,0,0,0,0,1,-,-,NA,NA,SAN DIEGO,OCEANSIDE,-117.28132175,33.24628286
7202267,2016,2016-08-24,3700,2016-02-14,1843,SH0817,NA,7,5,5,3713,0,0,0,NA,0,312,HACIENDA DR,SOUTH MELROSE DR,4,W,N,A,-,N,NA,NA,NA,NA,NA,NA,NA,NA,NA,N,2,0,1,2,A,-,11,21456,B,N,G,B,D,A,H,-,C,A,0,Y,NA,NA,NA,Y,Y,N,60,1,0,0,0,1,0,0,0,0,-,-,NA,NA,SAN DIEGO,VISTA,-117.25363292,33.19369856
7202873,2015,2016-03-16,3705,2015-11-27,2245,EC0309,NA,5,5,5,3705,0,0,0,NA,0,009,JAMACHA RD,DOROTHY,19,S,N,A,-,N,NA,NA,NA,NA,NA,NA,NA,NA,NA,N,3,0,1,2,A,-,11,21954,A,N,G,B,E,A,H,-,C,D,0,Y,NA,NA,NA,Y,Y,N,60,0,1,0,0,1,0,0,0,0,-,-,NA,NA,SAN DIEGO,EL CAJON,-116.93277629,32.79179334
7204324,2016,2017-02-10,3703,2016-03-02,2116,1296,NA,3,5,3,3703,0,0,0,NA,0,001,ORANGE AV,6TH ST,147,N,N,A,-,Y,SD,11,75,-,-,19.41,H,-,S,N,3,0,1,2,A,-,09,21804,NA,N,B,C,A,A,H,-,C,D,0,NA,NA,Y,NA,Y,NA,A,01,0,1,0,0,0,0,0,0,1,-,-,NA,NA,SAN DIEGO,CORONADO,-117.17638712,32.69206757
7204411,2016,2016-03-14,3711,2016-02-26,0820,7247,NA,5,5,7,3711,0,0,0,NA,0,313,KEARNY VILLA RD,AERO DR,537,N,N,A,-,N,NA,NA,NA,NA,NA,NA,NA,NA,NA,Y,3,0,3,2,A,-,08,22107,NA,N,D,C,A,A,H,-,A,D,0,NA,NA,NA,NA,Y,NA,-,NA,0,2,1,0,0,0,0,0,0,-,-,NA,NA,SAN DIEGO,SAN DIEGO,-117.15033424,32.81144672
7204868,2016,2016-03-11,3702,2016-01-29,1737,CV1060,NA,5,5,6,3702,0,0,0,NA,0,014,EAST L ST,NACION AV,0,NA,Y,A,-,N,NA,NA,NA,NA,NA,NA,NA,NA,NA,Y,4,0,3,2,A,-,09,21453,B,N,D,C,A,A,H,-,C,A,0,NA,NA,NA,NA,Y,NA,A,01,0,0,3,0,0,0,0,0,0,-,-,NA,NA,SAN DIEGO,CHULA VISTA,-117.04636003,32.62840001
7205668,2016,2016-03-17,3705,2016-03-07,1238,EC0337,NA,1,5,5,3705,0,0,0,NA,0,008,LESLIE,EAST CHASE,485,N,N,B,-,N,NA,NA,NA,NA,NA,NA,NA,NA,NA,Y,4,0,1,2,A,-,09,21804,A,N,D,C,A,B,H,-,A,D,0,NA,NA,NA,NA,Y,NA,A,01,0,0,1,0,0,0,0,0,0,-,-,NA,NA,SAN DIEGO,EL CAJON,-116.96112,32.78172826
7206811,2016,2016-03-22,3701,2016-02-12,1528,5291,74,5,5,5,3701,0,0,0,NA,0,006,MARIPOSA RD,TORREYANNA CIR,117,W,N,A,-,N,NA,NA,NA,NA,NA,NA,NA,NA,NA,N,3,0,1,2,A,-,03,22350,NA,N,C,E,A,A,H,-,A,D,0,NA,Y,NA,NA,Y,NA,L,04,0,1,0,0,0,0,1,0,0,-,-,33.11678,-117.30236,SAN DIEGO,CARLSBAD,-117.30222089,33.11680562
7207586,2016,2016-03-16,3702,2016-02-02,1139,CV1037,NA,2,5,6,3702,0,0,0,NA,0,022,NAPLES ST,3RD AV,0,NA,Y,A,-,N,NA,NA,NA,NA,NA,NA,NA,NA,NA,N,4,0,1,2,A,-,11,21954,A,N,G,B,B,A,H,-,A,A,0,Y,NA,NA,NA,Y,NA,N,60,0,0,1,0,1,0,0,0,0,-,-,NA,NA,SAN DIEGO,CHULA VISTA,-117.06909003,32.61368011
7209367,2016,2016-04-22,3711,2016-03-04,1120,6009,EASTE,5,5,7,3711,0,0,0,NA,0,321,MISSION GORGE RD,ZION AV,0,NA,Y,-,-,N,NA,NA,NA,NA,NA,NA,NA,NA,NA,NA,3,0,1,2,A,-,12,21453,A,N,-,-,A,-,-,-,-,-,0,NA,NA,NA,NA,Y,NA,-,NA,0,1,0,0,0,0,0,0,0,-,-,NA,NA,SAN DIEGO,SAN DIEGO,-117.09758,32.79295007
7209394,2016,2016-03-16,3711,2016-03-07,0737,6768,NA,1,5,7,3711,0,0,0,NA,0,835,FAIRMONT AV,MANZANITA PL,0,NA,Y,A,-,N,NA,NA,NA,NA,NA,NA,NA,NA,NA,N,3,0,1,2,A,-,00,21207,A,N,D,G,A,B,H,-,A,D,0,NA,Y,NA,NA,Y,NA,L,04,0,1,0,0,0,0,1,0,0,-,-,NA,NA,SAN DIEGO,SAN DIEGO,-117.10099007,32.73966007
7209848,2016,2016-03-22,3711,2016-03-07,0746,4691,NA,1,5,7,3711,0,0,0,NA,0,234,BERNARDO DR,AGUAMIEL RD,100,S,N,C,-,N,NA,NA,NA,NA,NA,NA,NA,NA,NA,Y,4,0,1,1,A,-,08,22107,NA,N,A,I,A,B,H,-,A,D,0,NA,NA,NA,NA,Y,NA,-,NA,0,0,1,0,0,0,0,0,0,-,-,NA,NA,SAN DIEGO,SAN DIEGO,-117.0780022,33.04066502
7209880,2016,2016-03-22,3711,2016-03-08,1923,7305,NA,2,5,7,3711,0,0,0,NA,0,511,HARBOR DR,S SIGSBEE ST,0,NA,Y,A,-,N,NA,NA,NA,NA,NA,NA,NA,NA,NA,Y,2,0,1,2,A,-,09,21801,A,N,D,C,A,A,H,-,D,A,0,NA,NA,NA,NA,Y,Y,A,01,1,0,0,0,0,0,0,0,0,-,-,NA,NA,SAN DIEGO,SAN DIEGO,-117.1508,32.70047001
7213409,2016,2016-03-21,3702,2016-01-21,1738,CV0847,NA,4,5,6,3702,0,0,0,NA,0,013,3RD AV,K ST,75,N,N,A,-,N,NA,NA,NA,NA,NA,NA,NA,NA,NA,Y,3,0,1,2,A,-,03,22350,NA,N,C,C,A,A,H,-,A,A,0,NA,NA,NA,NA,Y,NA,A,01,0,1,0,0,0,0,0,0,0,-,-,NA,NA,SAN DIEGO,CHULA VISTA,-117.07321662,32.62423493
7213438,2016,2016-04-05,3702,2016-01-12,0700,CV0506,NA,2,5,6,3702,0,0,0,NA,0,032,BONITA RD,WILLOW ST,0,NA,Y,A,-,N,NA,NA,NA,NA,NA,NA,NA,NA,NA,Y,4,0,2,2,A,-,12,21453,A,N,D,C,A,A,H,-,A,A,0,NA,NA,NA,NA,Y,NA,A,07,0,0,2,0,0,0,0,0,0,-,-,NA,NA,SAN DIEGO,CHULA VISTA,-117.04083013,32.65804009
8000255,2016,2016-03-30,3711,2016-03-10,1243,7042,NA,4,5,7,3711,0,0,0,NA,0,627,FRONT ST,FRONT ST 4000,12,W,N,A,-,N,NA,NA,NA,NA,NA,NA,NA,NA,NA,N,4,0,1,2,A,-,03,22350,NA,N,C,C,A,A,H,-,A,D,0,NA,NA,NA,NA,Y,NA,D,22,0,0,1,0,0,0,0,0,0,-,-,NA,NA,SAN DIEGO,SAN DIEGO,NA,NA
8000351,2016,2016-03-28,3711,2016-03-17,1644,4507,NA,4,5,7,3711,0,0,0,NA,0,114,CONRAD AV,CADET ST,57,E,N,A,-,N,NA,NA,NA,NA,NA,NA,NA,NA,NA,Y,3,0,2,2,A,-,09,21801,A,N,D,C,A,A,H,-,A,D,0,NA,NA,NA,NA,Y,NA,-,NA,0,2,0,0,0,0,0,0,0,-,-,NA,NA,SAN DIEGO,SAN DIEGO,-117.18884512,32.83612538
8000756,2016,2016-04-06,3711,2016-03-17,1530,7127,NA,4,5,7,3711,0,0,0,NA,0,524,C ST,8TH AV,0,NA,Y,A,-,N,NA,NA,NA,NA,NA,NA,NA,NA,NA,Y,4,0,2,2,A,-,17,21461,A,N,D,F,A,A,H,-,A,A,0,NA,NA,NA,NA,Y,NA,A,01,0,0,2,0,0,0,0,0,0,-,-,NA,NA,SAN DIEGO,SAN DIEGO,-117.15743012,32.7167701
8000955,2016,2016-03-30,3711,2016-02-19,2200,6912,NA,5,5,7,3711,0,0,0,NA,0,437,DIVISION ST,PLAZA BL,12,E,N,A,-,N,NA,NA,NA,NA,NA,NA,NA,NA,NA,N,4,0,1,2,A,-,12,22450,A,N,D,C,A,A,H,-,C,A,0,NA,NA,NA,NA,Y,NA,-,NA,0,0,1,0,0,0,0,0,0,-,-,NA,NA,SAN DIEGO,SAN DIEGO,-117.06303642,32.69335387
8002836,2016,2016-04-14,3711,2016-03-16,1823,6318,NA,3,5,7,3711,0,0,0,NA,0,452,WOODMAN ST,MADRONE AV,202,S,N,A,-,N,NA,NA,NA,NA,NA,NA,NA,NA,NA,N,4,0,1,2,A,-,08,22107,NA,N,C,C,A,A,H,-,A,D,0,NA,NA,NA,NA,Y,NA,-,NA,0,0,1,0,0,0,0,0,0,-,-,NA,NA,SAN DIEGO,SAN DIEGO,-117.05463863,32.70830304
8003170,2016,2016-03-25,3711,2016-03-16,2143,7124,NA,3,5,7,3711,0,0,0,NA,0,444,MARKET ST,WHITMORE ST,0,NA,Y,A,-,N,NA,NA,NA,NA,NA,NA,NA,NA,NA,Y,4,0,1,2,A,-,06,21754,NA,N,D,C,A,A,H,-,C,D,0,NA,NA,NA,NA,Y,NA,-,NA,0,0,1,0,0,0,0,0,0,-,-,NA,NA,SAN DIEGO,SAN DIEGO,-117.10920008,32.71148012
8006352,2016,2016-04-06,3706,2016-03-20,2143,474,NA,7,5,6,3706,0,0,0,NA,0,041,BROADWAY,SHERIDAN AV,387,S,N,A,-,N,NA,NA,NA,NA,NA,NA,NA,NA,NA,Y,3,0,3,2,A,-,08,22107,NA,N,D,C,A,A,H,-,C,D,0,NA,NA,NA,NA,Y,NA,D,22,0,3,0,0,0,0,0,0,0,-,-,NA,NA,SAN DIEGO,ESCONDIDO,-117.08988344,33.14234044
8006919,2016,2016-04-13,3709,2016-03-25,0539,380,NA,5,5,5,3709,0,0,0,NA,0,020,HIGHLAND AV,EAST 8TH ST,0,NA,Y,A,-,N,NA,NA,NA,NA,NA,NA,NA,NA,NA,N,2,0,1,2,A,-,11,21955,NA,N,G,B,D,A,H,-,C,D,0,Y,NA,NA,NA,Y,NA,N,60,1,0,0,0,1,0,0,0,0,-,-,NA,NA,SAN DIEGO,NATIONAL CITY,-117.09875009,32.67813007
8006980,2016,2016-04-11,3709,2016-03-27,2258,492,NA,7,5,5,3709,0,0,0,NA,0,023,EAST 18TH ST,J AV,0,NA,N,A,-,N,NA,NA,NA,NA,NA,NA,NA,NA,NA,N,3,0,1,2,A,-,11,21950,B,N,G,B,D,A,H,-,C,D,0,Y,NA,NA,NA,Y,NA,N,60,0,1,0,0,1,0,0,0,0,-,-,NA,NA,SAN DIEGO,NATIONAL CITY,-117.09330007,32.67005003
8008889,2015,2016-12-13,9645,2015-06-30,1325,17499,NA,2,1,7,3711,0,1,1,NA,2,009,RT 5,IMPERIAL AV,500,N,N,C,-,Y,SD,11,5,-,-,12.61,H,-,S,Y,4,0,2,3,A,-,03,22350,NA,N,C,C,A,B,H,-,A,D,1,NA,NA,NA,NA,Y,NA,A,01,0,0,2,0,0,0,0,0,0,-,-,32.7075,-117.09699,SAN DIEGO,SAN DIEGO,-117.12151435,32.69265884
8011212,2016,2016-04-12,3711,2016-03-28,0902,5838,NA,1,5,7,3711,0,0,0,NA,0,313,CLAIREMONT MESA BL,SHAWLINE ST,77,W,N,B,-,N,NA,NA,NA,NA,NA,NA,NA,NA,NA,Y,4,0,3,4,A,-,03,22350,NA,N,C,C,A,A,H,-,A,A,0,NA,NA,NA,NA,Y,NA,D,22,0,0,3,0,0,0,0,0,0,-,-,NA,NA,SAN DIEGO,SAN DIEGO,-117.16407983,32.83265223
8011389,2016,2016-04-08,3711,2016-03-27,1815,6009,NA,7,5,7,3711,0,0,0,NA,0,321,TWAIN AV,MISSION GORGE RD,136,W,N,A,-,N,NA,NA,NA,NA,NA,NA,NA,NA,NA,N,2,0,1,1,C,-,18,NA,NA,N,-,A,A,A,H,-,B,D,0,NA,NA,Y,NA,Y,NA,-,-,1,0,0,0,0,0,0,0,1,-,-,NA,NA,SAN DIEGO,SAN DIEGO,-117.09819101,32.785
8012847,2016,2016-04-13,3700,2016-03-11,1605,SH2528,NA,5,5,5,3713,0,0,0,NA,0,307,VALE TERRACE DR,WILLIAMSTON ST,0,NA,Y,C,-,N,NA,NA,NA,NA,NA,NA,NA,NA,NA,Y,2,0,1,2,A,-,09,21802,A,N,D,C,A,B,H,-,A,D,0,NA,NA,NA,NA,Y,NA,A,07,1,0,0,0,0,0,0,0,0,-,-,NA,NA,SAN DIEGO,VISTA,-117.22922005,33.20906009
8013046,2016,2016-04-13,3700,2016-03-14,1803,SH0236,NA,1,5,5,3713,0,0,0,NA,0,312,HACIENDA DR,EMERALD DR,482,E,N,A,-,N,NA,NA,NA,NA,NA,NA,NA,NA,NA,N,4,0,1,2,A,-,09,21802,B,N,D,C,A,A,H,-,A,D,0,NA,NA,NA,NA,Y,NA,A,01,0,0,1,0,0,0,0,0,0,-,-,NA,NA,SAN DIEGO,VISTA,-117.27811155,33.18704954
8013356,2016,2016-04-14,3700,2016-03-16,0645,SH1216,NA,3,5,4,3707,0,0,0,NA,0,708,EAST LN,GROVE AV,0,NA,Y,A,-,N,NA,NA,NA,NA,NA,NA,NA,NA,NA,N,3,0,1,2,A,-,10,21950,A,M,D,C,A,A,H,-,B,D,0,NA,NA,Y,NA,Y,NA,A,07,0,1,0,0,0,0,0,0,1,-,-,NA,NA,SAN DIEGO,IMPERIAL BEACH,-117.11967006,32.57282009
8014838,2016,2016-04-06,3711,2016-03-27,0951,6702,NA,7,5,7,3711,0,0,0,NA,0,434,IMPERIAL AV,VIEWCREST DR,0,NA,Y,A,-,N,NA,NA,NA,NA,NA,NA,NA,NA,NA,Y,3,0,2,2,A,-,09,21802,A,N,D,C,A,A,H,-,A,A,0,NA,NA,NA,NA,Y,NA,A,07,0,1,1,0,0,0,0,0,0,-,-,NA,NA,SAN DIEGO,SAN DIEGO,-117.04497008,32.71676006
8014841,2016,2016-04-25,3711,2016-03-27,1940,7208,NA,7,5,7,3711,0,0,0,NA,0,326,59TH ST,MADISON,0,NA,Y,A,-,N,NA,NA,NA,NA,NA,NA,NA,NA,NA,N,4,0,1,2,A,-,09,21802,NA,N,D,C,A,A,-,-,D,A,0,NA,NA,NA,NA,Y,Y,-,-,0,0,1,0,0,0,0,0,0,-,-,NA,NA,SAN DIEGO,SAN DIEGO,-117.07075003,32.76083001
8016349,2016,2016-04-15,3711,2016-04-03,0113,5292,NA,7,5,7,3711,0,0,0,NA,0,522,1ST AV,MARKET ST,10,S,N,A,-,N,NA,NA,NA,NA,NA,NA,NA,NA,NA,N,4,0,2,2,A,-,12,21453,A,N,D,C,A,A,H,-,C,A,0,NA,NA,NA,NA,Y,NA,A,01,0,0,2,0,0,0,0,0,0,-,-,NA,NA,SAN DIEGO,SAN DIEGO,-117.16379,32.71148261
8017414,2016,2016-04-19,3711,2016-04-07,1910,6009,EASTE,4,5,7,3711,0,0,0,NA,0,326,MONTEZUMA RD,FAIRMOUNT AV,135,S,N,B,C,N,NA,NA,NA,NA,NA,NA,NA,NA,NA,Y,4,0,1,1,A,-,08,22107,NA,N,B,I,A,B,H,-,C,D,0,NA,NA,NA,NA,Y,NA,-,NA,0,0,1,0,0,0,0,0,0,-,-,NA,NA,SAN DIEGO,SAN DIEGO,-117.09675159,32.77234161
8017675,2016,2016-04-21,3705,2016-04-10,1153,EC0337,NA,7,5,5,3705,0,0,0,NA,0,009,E MADISON,ORLANDO,13,W,N,B,-,N,NA,NA,NA,NA,NA,NA,NA,NA,NA,N,3,0,1,2,A,-,08,22107,NA,N,D,G,A,B,H,-,A,D,0,NA,Y,NA,NA,Y,NA,L,04,0,1,0,0,0,0,1,0,0,-,-,NA,NA,SAN DIEGO,EL CAJON,-116.94018215,32.80016
8017765,2016,2016-04-29,3700,2016-02-10,1740,SH7709,NA,3,5,4,3780,0,0,0,NA,0,411,TWIN PEAKS RD,ESPOLA RD,0,NA,N,A,-,N,NA,NA,NA,NA,NA,NA,NA,NA,NA,N,3,0,1,3,A,-,01,23152,A,N,C,C,A,A,H,-,B,D,0,NA,NA,NA,NA,Y,Y,-,NA,0,1,0,0,0,0,0,0,0,-,-,NA,NA,SAN DIEGO,POWAY,-117.02326001,32.9781201
8017867,2016,2016-04-22,3702,2016-03-26,1023,CV1156,NA,6,5,6,3702,0,0,0,NA,0,013,3RD AV,I ST,0,NA,Y,A,-,N,NA,NA,NA,NA,NA,NA,NA,NA,NA,Y,3,0,2,2,A,-,12,21453,A,N,D,C,A,A,H,-,A,A,0,NA,NA,NA,NA,Y,NA,A,01,0,1,1,0,0,0,0,0,0,-,-,NA,NA,SAN DIEGO,CHULA VISTA,-117.07584005,32.63093007
8017991,2016,2016-04-22,3702,2016-03-01,1910,CV1018,NA,2,5,6,3702,0,0,0,NA,0,031,EAST H ST,BUENA VISTA WY,0,NA,Y,A,-,N,NA,NA,NA,NA,NA,NA,NA,NA,NA,Y,4,0,4,2,A,-,09,21453,C,N,F,C,A,A,H,-,C,A,0,NA,NA,NA,NA,Y,NA,A,01,0,0,4,0,0,0,0,0,0,-,-,NA,NA,SAN DIEGO,CHULA VISTA,-117.00581009,32.64142006
8020926,2016,2016-04-15,3711,2016-03-29,0108,4576,NA,2,5,7,3711,0,0,0,NA,0,231,EVENING CREEK S DR,SABRE HILL DR,1584,N,N,B,-,N,NA,NA,NA,NA,NA,NA,NA,NA,NA,Y,2,0,1,2,A,-,08,22107,NA,N,C,E,A,A,H,-,C,D,0,NA,NA,NA,NA,Y,Y,A,01,1,0,0,0,0,0,0,0,0,-,-,NA,NA,SAN DIEGO,SAN DIEGO,-117.0957677,32.95872684
8020985,2016,2016-04-15,3711,2016-04-05,1145,6551,NA,2,5,7,3711,0,0,0,NA,0,NA,CLAIREMONT MESA BL,COMPLEX DR,0,NA,N,A,-,N,NA,NA,NA,NA,NA,NA,NA,NA,NA,N,4,0,1,2,A,-,00,27103,NA,N,C,C,A,A,H,-,A,D,0,NA,NA,NA,NA,Y,NA,-,NA,0,0,1,0,0,0,0,0,0,-,-,NA,NA,SAN DIEGO,SAN DIEGO,-117.1346801,32.83134004