CASE_ID,ACCIDENT_YEAR,PROC_DATE,JURIS,COLLISION_DATE,COLLISION_TIME,OFFICER_ID,REPORTING_DISTRICT,DAY_OF_WEEK,CHP_SHIFT,POPULATION,CNTY_CITY_LOC,SPECIAL_COND,BEAT_TYPE,CHP_BEAT_TYPE,CITY_DIVISION_LAPD,CHP_BEAT_CLASS,BEAT_NUMBER,PRIMARY_RD,SECONDARY_RD,DISTANCE,DIRECTION,INTERSECTION,WEATHER_1,WEATHER_2,STATE_HWY_IND,CALTRANS_COUNTY,CALTRANS_DISTRICT,STATE_ROUTE,ROUTE_SUFFIX,POSTMILE_PREFIX,POSTMILE,LOCATION_TYPE,RAMP_INTERSECTION,SIDE_OF_HWY,TOW_AWAY,COLLISION_SEVERITY,NUMBER_KILLED,NUMBER_INJURED,PARTY_COUNT,PRIMARY_COLL_FACTOR,PCF_CODE_OF_VIOL,PCF_VIOL_CATEGORY,PCF_VIOLATION,PCF_VIOL_SUBSECTION,HIT_AND_RUN,TYPE_OF_COLLISION,MVIW,PED_ACTION,ROAD_SURFACE,ROAD_COND_1,ROAD_COND_2,LIGHTING,CONTROL_DEVICE,CHP_ROAD_TYPE,PEDESTRIAN_ACCIDENT,BICYCLE_ACCIDENT,MOTORCYCLE_ACCIDENT,TRUCK_ACCIDENT,NOT_PRIVATE_PROPERTY,ALCOHOL_INVOLVED,STWD_VEHTYPE_AT_FAULT,CHP_VEHTYPE_AT_FAULT,COUNT_SEVERE_INJ,COUNT_VISIBLE_INJ,COUNT_COMPLAINT_PAIN,COUNT_PED_KILLED,COUNT_PED_INJURED,COUNT_BICYCLIST_KILLED,COUNT_BICYCLIST_INJURED,COUNT_MC_KILLED,COUNT_MC_INJURED,PRIMARY_RAMP,SECONDARY_RAMP,LATITUDE,LONGITUDE,COUNTY,CITY,POINT_X,POINT_Y
81671621,2021,2022-01-06,3706,2021-12-13,2159,466,ESCON,1,5,6,3706,0,0,0,NA,0,041,EL NORTE PY,GAMBLE ST,230,E,N,C,-,Y,NA,NA,NA,NA,NA,NA,NA,NA,NA,Y,3,0,5,3,A,-,03,22350,NA,F,C,C,A,B,H,-,C,D,0,NA,NA,NA,NA,Y,NA,A,01,0,2,3,0,0,0,0,0,0,-,-,33.1413688659668,-117.08441162109376,SAN DIEGO,ESCONDIDO,-117.08367919921876,33.14148712158203
8167173,2018,2020-05-26,3708,2018-01-26,2100,LM1225,NA,5,5,5,3708,0,0,0,NA,0,004,FLETCHER PKWY,NAGEL ST,0,NA,Y,A,-,N,NA,NA,NA,NA,NA,NA,NA,NA,NA,Y,1,1,0,2,A,-,11,21453,D,N,G,B,D,A,H,-,C,A,0,Y,NA,NA,NA,Y,Y,N,60,0,0,0,1,0,0,0,0,0,-,-,NA,NA,SAN DIEGO,LA MESA,-117.0122299194336,32.782440185546875
81673067,2022,2022-01-07,3706,2022-01-05,0756,553,ESCON,3,5,6,3706,0,0,0,NA,0,044,WASHINGTON AV,ASH ST,216,E,N,A,-,N,NA,NA,NA,NA,NA,NA,NA,NA,NA,Y,3,0,1,2,A,-,03,22350,NA,N,C,C,A,A,H,-,A,D,0,NA,NA,NA,NA,Y,NA,A,01,0,1,0,0,0,0,0,0,0,-,-,33.133079528808594,-117.06803131103516,SAN DIEGO,ESCONDIDO,-117.06803131103516,33.133079528808594
8167630,2019,2019-12-17,3706,2019-09-03,1610,322,ESCON,2,5,6,3706,0,0,0,NA,0,043,EL NORTE PY,RT 15,0,NA,Y,A,-,Y,SD,11,15,-,R,33.11,R,4,S,Y,3,0,1,3,A,-,12,21453,A,N,A,C,A,A,H,-,A,A,0,NA,NA,NA,NA,Y,NA,A,07,0,1,0,0,0,0,0,0,0,-,-,33.146728515625,-117.10468292236328,SAN DIEGO,ESCONDIDO,-117.10445404052734,33.150455474853516
81680347,2022,2022-01-19,3706,2022-01-06,0758,474,ESCON,4,5,6,3706,0,0,0,NA,0,045,WASHINGTON AV,ROCK SPRINGS RD,0,NA,Y,A,-,N,NA,NA,NA,NA,NA,NA,NA,NA,NA,Y,4,0,2,3,A,-,12,21453,A,N,D,C,A,A,H,-,A,A,0,NA,NA,NA,NA,Y,NA,A,01,0,0,2,0,0,0,0,0,0,-,-,33.12316131591797,-117.09600830078124,SAN DIEGO,ESCONDIDO,-117.09600067138672,33.12318420410156
81681224,2021,2022-01-20,3706,2021-10-29,2005,552,ESCON,5,5,6,3706,0,0,0,NA,0,055,AUTO PARK WY,VALLEY PY,1446,S,N,A,-,N,NA,NA,NA,NA,NA,NA,NA,NA,NA,Y,3,0,1,2,A,-,03,22350,NA,N,E,I,A,A,H,-,C,C,0,NA,NA,Y,NA,Y,NA,C,02,0,1,0,0,0,0,0,0,1,-,-,33.113040924072266,-117.10240173339844,SAN DIEGO,ESCONDIDO,-117.0988998413086,33.11022186279297
81686088,2022,2022-01-27,3706,2022-01-23,1818,464,ESCON,7,5,6,3706,0,0,0,NA,0,044,EL NORTE PY,CONWAY DR (E),0,NA,Y,A,-,N,NA,NA,NA,NA,NA,NA,NA,NA,NA,Y,4,0,1,2,A,-,01,23152,A,F,C,C,A,A,H,-,C,A,0,NA,NA,NA,NA,Y,Y,A,01,0,0,1,0,0,0,0,0,0,-,-,33.14590072631836,-117.07322692871094,SAN DIEGO,ESCONDIDO,-117.0737075805664,33.145992279052734
8169682,2016,2017-01-04,3711,2016-11-06,1045,6999,SD,7,5,7,3711,0,0,0,NA,0,934,CARMEL VALLEY RD,DEL MAR HEIGHTS RD,0,NA,Y,A,-,N,NA,NA,NA,NA,NA,NA,NA,NA,NA,Y,3,0,1,1,A,-,03,22350,NA,N,E,I,A,A,H,-,A,A,0,NA,NA,Y,NA,Y,NA,C,02,0,1,0,0,0,0,0,0,1,-,-,NA,NA,SAN DIEGO,SAN DIEGO,-117.19211005,32.96070009
8169693,2016,2016-11-16,3711,2016-11-03,1654,7448,SD,4,5,7,3711,0,0,0,NA,0,935,VIA DE LA VALLE,SAN ANDRES DR,90,E,N,A,-,N,NA,NA,NA,NA,NA,NA,NA,NA,NA,Y,3,0,1,2,A,-,03,22350,NA,N,C,C,A,A,H,-,A,A,0,NA,NA,NA,NA,Y,NA,A,01,0,1,0,0,0,0,0,0,0,-,-,NA,NA,SAN DIEGO,SAN DIEGO,-117.24803905,32.98096874
8169725,2016,2017-01-04,3711,2016-11-02,1600,4386,NA,3,5,7,3711,0,0,0,NA,0,626,TAYLOR ST,CONGRESS ST,0,NA,Y,A,-,N,NA,NA,NA,NA,NA,NA,NA,NA,NA,N,3,0,1,2,A,-,17,21461,A,N,D,G,A,A,H,-,A,A,0,NA,Y,NA,NA,Y,NA,-,-,0,1,0,0,0,0,1,0,0,-,-,NA,NA,SAN DIEGO,SAN DIEGO,-117.19958005,32.75563011
8170119,2016,2016-11-22,3701,2016-10-26,0727,5339,127,3,5,5,3701,0,0,0,NA,0,008,RANCHO SANTA FE RD,AVENIDA LA CIMA,15,N,N,A,-,N,NA,NA,NA,NA,NA,NA,NA,NA,NA,N,3,0,1,2,A,-,09,21453,B,N,D,C,A,A,H,-,A,A,0,NA,NA,NA,NA,Y,NA,A,01,0,1,0,0,0,0,0,0,0,-,-,NA,NA,SAN DIEGO,CARLSBAD,-117.24268883,33.06306316
8170545,2016,2016-11-17,3710,2016-10-30,1402,OC1065,NA,7,5,6,3710,0,0,0,NA,0,037,MARRON RD,QUARRY RD,4,W,N,C,-,N,NA,NA,NA,NA,NA,NA,NA,NA,NA,N,4,0,1,2,A,-,09,21453,B,N,B,C,A,B,H,-,A,A,0,NA,NA,NA,NA,Y,NA,A,01,0,0,1,0,0,0,0,0,0,-,-,NA,NA,SAN DIEGO,OCEANSIDE,-117.29673475,33.1779717
8170583,2017,2018-07-05,3708,2017-12-27,2039,LM1158,NA,3,5,5,3708,0,0,0,NA,0,002,GROSSMONT BL,RT 125,10,W,N,A,-,Y,SD,11,125,-,R,14.764,R,4,N,Y,4,0,2,2,A,-,01,23152,A,F,D,C,A,A,H,-,C,A,0,NA,NA,NA,NA,Y,Y,A,01,0,0,2,0,0,0,0,0,0,-,-,NA,NA,SAN DIEGO,LA MESA,-117.00207873,32.76831703
81707528,2022,2022-02-24,3701,2022-02-16,0227,CB5208,NA,3,5,5,3701,0,0,0,NA,0,NA,CARLSBAD BL,EATON ST,1056,S,N,A,-,N,NA,NA,NA,NA,NA,NA,NA,NA,NA,N,3,0,1,2,C,-,18,NA,NA,N,G,B,E,A,H,-,C,D,0,Y,NA,NA,NA,Y,NA,-,-,0,1,0,0,1,0,0,0,0,-,-,33.10499954223633,-117.21230316162108,SAN DIEGO,CARLSBAD,-117.35628509521484,33.168209075927734
8171624,2016,2016-11-30,3711,2016-11-07,1707,7150,NA,1,5,7,3711,0,0,0,NA,0,621,LINDA VISTA RD,VIA LAS CUMBRES,300,E,N,A,-,N,NA,NA,NA,NA,NA,NA,NA,NA,NA,Y,4,0,1,2,A,-,09,21804,A,N,B,C,A,A,H,-,B,D,0,NA,NA,NA,NA,Y,NA,-,NA,0,0,1,0,0,0,0,0,0,-,-,NA,NA,SAN DIEGO,SAN DIEGO,-117.17971955,32.77156144
8171639,2016,2017-01-07,3711,2016-11-08,1710,6485,NA,2,5,7,3711,0,0,0,NA,0,821,MONTEZUMA RD,EL CAJON BL,20,N,N,A,-,N,NA,NA,NA,NA,NA,NA,NA,NA,NA,N,3,0,1,2,A,-,11,21456,NA,M,D,B,B,A,H,-,B,A,0,Y,NA,NA,NA,Y,Y,N,60,0,1,0,0,1,0,0,0,0,-,-,NA,NA,SAN DIEGO,SAN DIEGO,-117.05429631,32.76840539
8171664,2016,2016-11-23,3701,2016-11-03,1830,5487,54,4,5,5,3701,0,0,0,NA,0,005,LIONSHEAD AV,EAGLE DR,1212,E,N,A,-,N,NA,NA,NA,NA,NA,NA,NA,NA,NA,NA,4,0,2,2,A,-,09,21804,A,N,D,C,A,A,H,-,D,D,0,NA,NA,NA,NA,Y,NA,A,01,0,0,2,0,0,0,0,0,0,-,-,33.1326,-117.23534,SAN DIEGO,CARLSBAD,-117.23536951,33.13262899
8172384,2016,2016-12-01,3711,2016-11-09,1628,6796,NA,3,5,7,3711,0,0,0,NA,0,447,FEDERAL BL,49TH ST,37,E,N,A,-,N,NA,NA,NA,NA,NA,NA,NA,NA,NA,Y,3,0,3,2,A,-,09,21801,A,N,B,C,A,A,H,-,A,A,0,NA,NA,NA,NA,Y,NA,-,NA,0,1,2,0,0,0,0,0,0,-,-,NA,NA,SAN DIEGO,SAN DIEGO,-117.08966011,32.72143104
8172389,2016,2016-12-01,3711,2016-11-10,1805,7119,NA,4,5,7,3711,0,0,0,NA,0,517,30TH ST,B ST,5,W,N,A,-,N,NA,NA,NA,NA,NA,NA,NA,NA,NA,N,4,0,1,2,A,-,21,22106,NA,N,G,B,B,A,H,-,A,D,0,Y,NA,NA,NA,Y,NA,-,NA,0,0,1,0,1,0,0,0,0,-,-,NA,NA,SAN DIEGO,SAN DIEGO,-117.12963,32.71794
81726242,2022,2022-03-18,3706,2022-03-11,0632,474,ESCON,5,5,6,3706,0,0,0,NA,0,043,EL NORTE PY,I-15 SB,105,W,N,A,-,N,NA,NA,NA,NA,NA,NA,NA,NA,NA,Y,4,0,2,3,A,-,03,22350,NA,N,C,C,A,A,H,-,A,A,0,NA,NA,NA,NA,Y,NA,A,01,0,0,2,0,0,0,0,0,0,-,-,33.146728515625,-117.10468292236328,SAN DIEGO,ESCONDIDO,-117.10496520996094,33.146766662597656
8172866,2016,2016-11-29,3710,2016-11-17,0632,OC1211,NA,4,5,6,3710,0,0,0,NA,0,030,COLLEGE BL,THUNDER DR,0,NA,Y,A,-,N,NA,NA,NA,NA,NA,NA,NA,NA,NA,Y,4,0,2,2,A,-,12,21453,A,N,D,C,A,A,H,-,A,A,0,NA,NA,NA,NA,Y,NA,A,07,0,0,2,0,0,0,0,0,0,-,-,NA,NA,SAN DIEGO,OCEANSIDE,-117.28846008,33.19935011
81729473,2022,2022-03-23,3706,2022-03-12,1156,1894,ESCON,6,5,6,3706,0,0,0,NA,0,043,COUNTRY CLUB LN,MONTEGO AV,0,NA,Y,A,-,Y,NA,NA,NA,NA,NA,NA,NA,NA,NA,Y,3,0,1,2,A,-,09,21801,A,N,D,C,A,A,H,-,A,D,0,NA,NA,NA,NA,Y,NA,A,01,0,1,0,0,0,0,0,0,0,-,-,33.15739822387695,-117.10352325439452,SAN DIEGO,ESCONDIDO,-117.1035614013672,33.157440185546875
81737748,2022,2022-03-31,3706,2022-03-22,0940,479,NA,2,5,6,3706,0,0,0,NA,0,041,EL NORTE PY,FIG ST,320,W,N,A,-,N,NA,NA,NA,NA,NA,NA,NA,NA,NA,Y,3,0,1,2,A,-,03,22350,NA,N,C,C,A,A,H,-,A,D,0,NA,NA,NA,Y,Y,NA,D,22,0,1,0,0,0,0,0,0,0,-,-,33.142311096191406,-117.08135223388672,SAN DIEGO,ESCONDIDO,-117.08233642578124,33.141902923583984
81737887,2022,2022-03-31,3701,2022-03-15,1335,CB5434,065,2,5,5,3701,0,0,0,NA,0,005,CANNON RD,LEGOLAND DR,98,E,N,A,-,N,NA,NA,NA,NA,NA,NA,NA,NA,NA,Y,4,0,1,3,A,-,07,21658,A,M,B,C,A,A,H,-,A,A,0,NA,NA,NA,NA,Y,NA,A,01,0,0,1,0,0,0,0,0,0,-,-,33.1349983215332,-117.31619262695313,SAN DIEGO,CARLSBAD,-117.31676483154295,33.13438034057617
81738611,2022,2022-04-01,3701,2022-03-25,1847,CB5557,002,5,5,5,3701,0,0,0,NA,0,001,CARLSBAD VILLAGE DR,I-5 CVD NB OFF RAMP,0,NA,Y,A,-,Y,NA,NA,NA,NA,NA,NA,NA,NA,NA,N,4,0,1,2,A,-,12,21453,A,N,G,B,D,A,H,-,A,A,0,Y,NA,NA,NA,Y,Y,A,01,0,0,1,0,1,0,0,0,0,-,-,33.16368865966797,-117.34166717529295,SAN DIEGO,CARLSBAD,NA,NA
8173886,2016,2016-11-29,3706,2016-11-07,1352,496,ESCON,1,5,6,3706,0,0,0,NA,0,041,BROADWAY,EL NORTE PKWY,553,N,N,A,-,N,NA,NA,NA,NA,NA,NA,NA,NA,NA,N,3,0,1,2,A,-,11,21954,A,N,B,B,D,A,H,-,A,D,0,Y,NA,NA,NA,Y,NA,N,60,0,1,0,0,1,0,0,0,0,-,-,33.1399,-117.0895,SAN DIEGO,ESCONDIDO,-117.08971065,33.14127419
81742866,2022,2022-04-07,3701,2022-03-29,1712,CB5541,003,2,5,5,3701,0,0,0,NA,0,002,OAK AV,HARDING ST,0,NA,Y,A,-,N,NA,NA,NA,NA,NA,NA,NA,NA,NA,N,4,0,1,2,A,-,04,21703,NA,N,C,C,A,A,H,-,A,D,0,NA,NA,NA,NA,Y,NA,A,01,0,0,1,0,0,0,0,0,0,-,-,33.16075897216797,-117.34369659423828,SAN DIEGO,CARLSBAD,-117.34368896484376,33.160850524902344
81743799,2022,2022-04-08,3706,2022-04-01,2144,1883,ESCON,5,5,6,3706,0,0,0,NA,0,051,FELICITA AV,ESCONDIDO BL,0,NA,Y,A,-,N,NA,NA,NA,NA,NA,NA,NA,NA,NA,Y,4,0,1,2,A,-,12,21453,A,F,D,C,A,A,H,-,C,A,0,NA,NA,NA,NA,Y,NA,A,01,0,0,1,0,0,0,0,0,0,-,-,33.104408264160156,-117.07360076904295,SAN DIEGO,ESCONDIDO,-117.07311248779295,33.10468292236328
81743800,2022,2022-04-08,3706,2022-04-05,1002,563,ESCON,2,5,6,3706,0,0,0,NA,0,052,02ND AV,JUNIPER ST,22,N,N,A,-,N,NA,NA,NA,NA,NA,NA,NA,NA,NA,N,4,0,1,2,A,-,10,21950,A,N,G,B,B,A,H,-,A,A,0,Y,NA,NA,NA,Y,NA,I,11,0,0,1,0,1,0,0,0,0,-,-,33.122100830078125,-117.07804870605467,SAN DIEGO,ESCONDIDO,-117.0780029296875,33.12215805053711
81748577,2022,2022-04-15,3706,2022-04-08,2303,553,ESCON,5,5,6,3706,0,0,0,NA,0,045,QUINCE ST,NORLAK AV,568,N,N,A,-,N,NA,NA,NA,NA,NA,NA,NA,NA,NA,Y,3,0,1,2,A,-,01,23152,A,N,B,E,A,A,H,-,C,D,0,NA,NA,NA,NA,Y,Y,A,01,0,1,0,0,0,0,0,0,0,-,-,33.12105941772461,-117.09018707275392,SAN DIEGO,ESCONDIDO,-117.09107971191406,33.12250518798828
81756200,2022,2022-04-26,3706,2022-04-04,0925,445,ESCON,1,5,6,3706,0,0,0,NA,0,051,VIA RANCHO PY,I-15 NB ON RA (E),0,NA,Y,A,-,Y,NA,NA,NA,NA,NA,NA,NA,NA,NA,Y,4,0,1,2,A,-,12,21453,A,N,D,C,A,A,H,-,A,A,0,NA,NA,NA,NA,Y,NA,-,31,0,0,1,0,0,0,0,0,0,-,-,33.068660736083984,-117.0680923461914,SAN DIEGO,ESCONDIDO,-117.06922149658205,33.06924819946289
81756365,2022,2022-04-26,3701,2022-04-08,0755,CB5517,032,5,5,5,3701,0,0,0,NA,0,003,TAMARACK AV,AMBERWOOD CT,0,NA,Y,A,-,N,NA,NA,NA,NA,NA,NA,NA,NA,NA,N,4,0,1,2,A,-,09,21804,A,N,D,C,A,A,H,-,A,D,0,NA,NA,NA,NA,Y,NA,A,07,0,0,1,0,0,0,0,0,0,-,-,33.1533203125,-117.31298828125,SAN DIEGO,CARLSBAD,-117.31307983398438,33.15337371826172
81760746,2022,2022-04-29,3701,2022-04-17,1930,CB5520,030,7,5,5,3701,0,0,0,NA,0,004,EL CAMINO REAL,CHESTNUT AV,0,NA,Y,A,-,N,NA,NA,NA,NA,NA,NA,NA,NA,NA,N,4,0,1,2,A,-,09,21453,C,N,A,C,A,A,H,-,A,A,0,NA,NA,NA,NA,Y,NA,A,01,0,0,1,0,0,0,0,0,0,-,-,33.16416931152344,-117.31999206542967,SAN DIEGO,CARLSBAD,-117.31985473632813,33.164188385009766
8176118,2016,2016-11-29,3700,2016-10-28,2056,SH3183,NA,5,5,5,3713,0,0,0,NA,0,308,WEST VISTA WY,NORTH EMERALD DR,398,E,N,A,-,N,NA,NA,NA,NA,NA,NA,NA,NA,NA,Y,3,0,6,2,A,-,03,22350,NA,F,C,C,A,A,H,-,C,D,0,NA,NA,NA,NA,Y,NA,A,01,0,1,5,0,0,0,0,0,0,-,-,NA,NA,SAN DIEGO,VISTA,-117.27827328,33.18930356
8176258,2016,2016-11-29,3702,2016-10-16,2029,CV1184,NA,7,5,6,3702,0,0,0,NA,0,012,BROADWAY,G ST,18,E,N,A,-,N,NA,NA,NA,NA,NA,NA,NA,NA,NA,N,2,0,1,2,A,-,11,21456,B,N,G,B,B,A,H,-,C,A,0,Y,NA,NA,NA,Y,NA,N,60,1,0,0,0,1,0,0,0,0,-,-,NA,NA,SAN DIEGO,CHULA VISTA,-117.09079244,32.63436299
81763800,2022,2022-05-04,3706,2022-04-29,1437,455,ESCON,5,5,6,3706,0,0,0,NA,0,046,WASHINGTON AV,CARLANN LN,0,NA,Y,A,-,N,NA,NA,NA,NA,NA,NA,NA,NA,NA,N,4,0,1,2,A,-,09,21802,A,N,D,C,A,A,H,-,A,A,0,NA,NA,NA,NA,Y,NA,A,01,0,0,1,0,0,0,0,0,0,-,-,33.145179748535156,-117.04962158203124,SAN DIEGO,ESCONDIDO,-117.04966735839844,33.14509963989258
81773380,2022,2023-12-06,3706,2022-03-15,1830,562,ESCON,2,5,6,3706,0,0,0,NA,0,045,ROCK SPRINGS RD,MISSION AV,0,NA,Y,A,-,N,NA,NA,NA,NA,NA,NA,NA,NA,NA,Y,4,0,3,4,A,-,12,21453,A,N,D,C,A,A,H,-,B,A,0,NA,NA,NA,NA,Y,NA,A,07,0,0,3,0,0,0,0,0,0,-,-,33.12649154663086,-117.09774017333984,SAN DIEGO,ESCONDIDO,-117.09745025634766,33.12657165527344
81773398,2022,2022-05-17,3706,2022-05-05,1345,455,ESCON,4,5,6,3706,0,0,0,NA,0,052,SAN PASQUAL VALLEY RD,03RD AV,0,NA,Y,A,-,N,NA,NA,NA,NA,NA,NA,NA,NA,NA,N,4,0,1,2,A,-,09,21802,A,F,D,C,A,A,H,-,A,A,0,NA,NA,NA,NA,Y,NA,A,08,0,0,1,0,0,0,0,0,0,-,-,33.12522888183594,-117.06479644775392,SAN DIEGO,ESCONDIDO,NA,NA
8177610,2016,2016-12-05,3701,2016-11-20,1120,5392,128,7,5,5,3701,0,0,0,NA,0,007,CARLSBAD BL,AVENIDA ENCINAS,1235,S,N,B,-,N,NA,NA,NA,NA,NA,NA,NA,NA,NA,N,3,0,1,2,A,-,03,22350,NA,N,C,C,A,A,H,-,A,D,0,NA,NA,NA,NA,Y,NA,A,08,0,1,0,0,0,0,0,0,0,-,-,33.0887,-117.3126,SAN DIEGO,CARLSBAD,-117.31303777,33.08846119
8178686,2016,2016-12-06,3711,2016-11-21,1510,7119,NA,1,5,7,3711,0,0,0,NA,0,512,NATIONAL AV,S 35TH ST,793,W,N,A,-,N,NA,NA,NA,NA,NA,NA,NA,NA,NA,Y,4,0,2,2,A,-,09,21804,A,N,A,C,A,B,H,-,A,D,0,NA,NA,NA,NA,Y,NA,-,NA,0,0,2,0,0,0,0,0,0,-,-,NA,NA,SAN DIEGO,SAN DIEGO,-117.12071,32.696
81787548,2022,2022-06-03,3701,2022-05-15,0624,CB5434,082,7,5,5,3701,0,0,0,NA,0,006,EL CAMINO REAL,CAMINO VIDA ROBLE,0,NA,Y,A,-,N,NA,NA,NA,NA,NA,NA,NA,NA,NA,Y,1,1,0,1,A,-,03,22350,NA,N,E,I,A,A,H,-,A,A,0,NA,NA,NA,NA,Y,NA,A,07,0,0,0,0,0,0,0,0,0,-,-,33.12009811401367,-117.26658630371094,SAN DIEGO,CARLSBAD,-117.26718902587892,33.11983871459961
81791513,2022,2022-06-09,3706,2022-05-30,0613,479,ESCON,1,5,6,3706,0,0,0,NA,0,052,GRAND AV,BROADWAY,0,NA,Y,B,-,N,NA,NA,NA,NA,NA,NA,NA,NA,NA,N,4,0,1,2,A,-,12,21457,A,F,D,G,A,A,H,-,A,A,0,NA,Y,NA,NA,Y,NA,A,07,0,0,1,0,0,0,1,0,0,-,-,33.12166976928711,-117.08145141601563,SAN DIEGO,ESCONDIDO,-117.08145141601563,33.121639251708984
8179224,2016,2016-12-09,3711,2016-10-12,2025,4203,NA,3,5,7,3711,0,0,0,NA,0,242,BLACK MOUNTAIN,GEMINI AV,23,N,N,A,-,N,NA,NA,NA,NA,NA,NA,NA,NA,NA,N,3,0,1,2,A,-,10,21950,A,N,G,B,B,A,H,-,C,A,0,Y,NA,NA,NA,Y,NA,-,NA,0,1,0,0,1,0,0,0,0,-,-,NA,NA,SAN DIEGO,SAN DIEGO,-117.12513103,32.919373
81792418,2022,2022-06-10,3701,2022-06-01,0756,CB5293,090,3,5,5,3701,0,0,0,NA,0,007,POINSETTIA LN,ALICANTE RD,156,W,Y,B,-,N,NA,NA,NA,NA,NA,NA,NA,NA,NA,N,3,0,1,1,C,-,18,NA,NA,N,F,A,A,A,H,-,A,D,0,NA,Y,NA,NA,Y,NA,-,-,0,1,0,0,0,0,1,0,0,-,-,33.11470031738281,-117.26065063476563,SAN DIEGO,CARLSBAD,-117.26116943359376,33.11446762084961
8179436,2016,2016-12-06,3711,2016-11-28,0632,7083,NA,1,5,7,3711,0,0,0,NA,0,313,CLAIREMONT MESA BL,KEARNY MESA RD,0,NA,Y,A,-,N,NA,NA,NA,NA,NA,NA,NA,NA,NA,Y,4,0,1,2,A,-,12,21453,A,N,D,C,A,A,H,-,A,A,0,NA,NA,NA,NA,Y,NA,A,01,0,0,1,0,0,0,0,0,0,-,-,NA,NA,SAN DIEGO,SAN DIEGO,-117.14353004,32.83292001
8179440,2016,2016-12-06,3711,2016-11-27,1354,6415,NA,7,5,7,3711,0,0,0,NA,0,313,CLAIREMONT MESA BL,RUFFNER ST,150,W,N,C,-,N,NA,NA,NA,NA,NA,NA,NA,NA,NA,N,3,0,1,2,A,-,09,21804,A,N,-,C,A,B,H,-,A,A,0,NA,NA,NA,NA,Y,NA,A,07,0,1,0,0,0,0,0,0,0,-,-,NA,NA,SAN DIEGO,SAN DIEGO,-117.15970664,32.83269305
81794412,2022,2022-06-14,3706,2022-06-07,0712,445,ESCON,2,5,6,3706,0,0,0,NA,0,044,LINCOLN AV,MILLS ST,123,W,N,B,-,N,NA,NA,NA,NA,NA,NA,NA,NA,NA,Y,2,0,1,2,A,-,09,21804,A,N,C,C,A,A,H,-,A,D,0,NA,NA,Y,NA,Y,NA,A,01,1,0,0,0,0,0,0,0,1,-,-,33.14236068725586,-117.06729888916016,SAN DIEGO,ESCONDIDO,-117.06761169433594,33.142173767089844
81794521,2022,2022-06-14,3701,2022-06-01,1913,CB5561,067,3,5,5,3701,0,0,0,NA,0,002,CANNON RD,AVENIDA ENCINAS,0,NA,Y,A,-,N,NA,NA,NA,NA,NA,NA,NA,NA,NA,N,4,0,1,2,A,-,04,21703,NA,N,C,C,A,A,H,-,A,A,0,NA,NA,NA,NA,Y,NA,A,01,0,0,1,0,0,0,0,0,0,-,-,33.13393020629883,-117.33099365234376,SAN DIEGO,CARLSBAD,-117.33101654052734,33.13398742675781
8179510,2016,2016-12-12,3711,2016-11-24,1039,6345,SD,4,5,7,3711,0,0,0,NA,0,242,BLACK MOUNTAIN RD,GEMINI AV,21,N,N,A,-,N,NA,NA,NA,NA,NA,NA,NA,NA,NA,Y,3,0,2,2,A,-,12,21453,A,N,D,C,A,A,H,-,A,A,0,NA,NA,NA,NA,Y,NA,A,01,0,1,1,0,0,0,0,0,0,-,-,NA,NA,SAN DIEGO,SAN DIEGO,-117.12513094,32.91936752
8179518,2016,2016-12-12,3711,2016-11-28,1315,7048,NA,1,5,7,3711,0,0,0,NA,0,124,FERN GLEN,OLIVETAS ST,0,NA,Y,B,-,N,NA,NA,NA,NA,NA,NA,NA,NA,NA,Y,3,0,1,2,A,-,09,21801,A,N,D,C,A,A,H,-,A,A,0,NA,NA,NA,NA,Y,NA,-,NA,0,1,0,0,0,0,0,0,0,-,-,NA,NA,SAN DIEGO,SAN DIEGO,-117.27811007,32.83378011
81796241,2022,2022-06-16,3706,2022-06-05,1158,480,ESCON,7,5,6,3706,0,0,0,NA,0,052,05TH AV,ORANGE ST,0,NA,Y,A,-,N,NA,NA,NA,NA,NA,NA,NA,NA,NA,N,4,0,1,2,A,-,04,21703,NA,F,C,C,A,A,H,-,A,D,0,NA,NA,NA,NA,Y,NA,A,01,0,0,1,0,0,0,0,0,0,-,-,33.11603927612305,-117.08300018310548,SAN DIEGO,ESCONDIDO,NA,NA
81796377,2022,2022-06-16,3701,2022-06-10,1445,CB5427,053,5,5,5,3701,0,0,0,NA,0,005,FARADAY AV,WHIPTAIL LOOP (E),0,NA,Y,A,-,N,NA,NA,NA,NA,NA,NA,NA,NA,NA,Y,3,0,1,2,A,-,12,21453,A,N,D,C,A,A,H,-,A,A,0,NA,NA,Y,NA,Y,NA,C,02,0,1,0,0,0,0,0,0,1,-,-,33.13922119140625,-117.24960327148438,SAN DIEGO,CARLSBAD,-117.25506591796876,33.13866424560547
8179844,2016,2016-12-12,3708,2016-11-14,2042,LM1266,NA,1,5,5,3708,0,0,0,NA,0,004,AMAYA DR,SEVERIN DR,0,NA,Y,A,-,N,NA,NA,NA,NA,NA,NA,NA,NA,NA,N,3,0,3,2,A,-,12,21453,A,N,D,C,A,A,H,-,C,A,0,NA,NA,NA,NA,Y,NA,A,07,0,1,2,0,0,0,0,0,0,-,-,NA,NA,SAN DIEGO,LA MESA,-116.99852009,32.78562001