CASE_ID,ACCIDENT_YEAR,PROC_DATE,JURIS,COLLISION_DATE,COLLISION_TIME,OFFICER_ID,REPORTING_DISTRICT,DAY_OF_WEEK,CHP_SHIFT,POPULATION,CNTY_CITY_LOC,SPECIAL_COND,BEAT_TYPE,CHP_BEAT_TYPE,CITY_DIVISION_LAPD,CHP_BEAT_CLASS,BEAT_NUMBER,PRIMARY_RD,SECONDARY_RD,DISTANCE,DIRECTION,INTERSECTION,WEATHER_1,WEATHER_2,STATE_HWY_IND,CALTRANS_COUNTY,CALTRANS_DISTRICT,STATE_ROUTE,ROUTE_SUFFIX,POSTMILE_PREFIX,POSTMILE,LOCATION_TYPE,RAMP_INTERSECTION,SIDE_OF_HWY,TOW_AWAY,COLLISION_SEVERITY,NUMBER_KILLED,NUMBER_INJURED,PARTY_COUNT,PRIMARY_COLL_FACTOR,PCF_CODE_OF_VIOL,PCF_VIOL_CATEGORY,PCF_VIOLATION,PCF_VIOL_SUBSECTION,HIT_AND_RUN,TYPE_OF_COLLISION,MVIW,PED_ACTION,ROAD_SURFACE,ROAD_COND_1,ROAD_COND_2,LIGHTING,CONTROL_DEVICE,CHP_ROAD_TYPE,PEDESTRIAN_ACCIDENT,BICYCLE_ACCIDENT,MOTORCYCLE_ACCIDENT,TRUCK_ACCIDENT,NOT_PRIVATE_PROPERTY,ALCOHOL_INVOLVED,STWD_VEHTYPE_AT_FAULT,CHP_VEHTYPE_AT_FAULT,COUNT_SEVERE_INJ,COUNT_VISIBLE_INJ,COUNT_COMPLAINT_PAIN,COUNT_PED_KILLED,COUNT_PED_INJURED,COUNT_BICYCLIST_KILLED,COUNT_BICYCLIST_INJURED,COUNT_MC_KILLED,COUNT_MC_INJURED,PRIMARY_RAMP,SECONDARY_RAMP,LATITUDE,LONGITUDE,COUNTY,CITY,POINT_X,POINT_Y
8418062,2017,2018-05-08,3711,2017-07-15,1554,7171,NA,6,5,7,3711,0,0,0,NA,0,625,PACIFIC HWY,TAYLOR ST,500,N,N,A,-,N,NA,NA,NA,NA,NA,NA,NA,NA,NA,Y,2,0,2,2,A,-,08,22107,NA,N,D,G,A,A,H,-,A,D,0,NA,Y,NA,NA,Y,NA,L,04,1,1,0,0,0,0,1,0,0,-,-,NA,NA,SAN DIEGO,SAN DIEGO,-117.20140256,32.75673316
8418067,2017,2017-08-02,3711,2017-07-24,2030,6415,NA,1,5,7,3711,0,0,0,NA,0,321,MISSION GORGE PL,MISSION GORGE RD,500,E,N,B,-,N,NA,NA,NA,NA,NA,NA,NA,NA,NA,Y,3,0,1,3,A,-,08,22107,NA,M,-,E,A,A,H,-,C,D,0,NA,NA,NA,NA,Y,Y,A,01,0,1,0,0,0,0,0,0,0,-,-,NA,NA,SAN DIEGO,SAN DIEGO,-117.09682767,32.78295357
8420627,2017,2018-04-20,3702,2017-06-02,1738,CV1114,NA,5,5,6,3702,0,0,0,NA,0,042,BIRCH RD,RT 125,23,E,N,A,-,Y,SD,11,125,-,-,2.36,R,4,S,Y,4,0,1,2,A,-,03,22350,NA,N,C,C,A,A,H,-,A,A,0,NA,NA,NA,NA,Y,NA,A,01,0,0,1,0,0,0,0,0,0,-,SF,NA,NA,SAN DIEGO,CHULA VISTA,-116.97155545,32.62167872
8423391,2017,2018-07-09,3711,2017-07-17,1935,7503,NA,1,5,7,3711,0,0,0,NA,0,712,SAN YSIDRO BL,RT 805,0,NA,Y,A,-,Y,SD,11,805,-,-,0.872,R,3,N,N,4,0,1,2,A,-,10,21950,A,M,G,B,B,A,H,-,B,A,0,Y,NA,NA,NA,Y,NA,-,NA,0,0,1,0,1,0,0,0,0,-,NO,NA,NA,SAN DIEGO,SAN DIEGO,-117.04167858,32.55472502
8424174,2017,2017-08-14,3702,2017-07-30,0216,CV0847,NA,7,5,6,3702,0,0,0,NA,0,014,2ND AV,LAGUNA ST,88,N,N,A,-,N,NA,NA,NA,NA,NA,NA,NA,NA,NA,Y,3,0,1,2,A,-,01,23152,A,N,C,E,A,B,H,-,C,D,0,NA,NA,NA,NA,Y,Y,A,01,0,1,0,0,0,0,0,0,0,-,-,NA,NA,SAN DIEGO,CHULA VISTA,-117.07233669,32.63354961
8424922,2017,2017-08-16,3711,2017-08-02,1422,8192,NA,3,5,7,3711,0,0,0,NA,0,813,DWIGHT ST,TEXAS ST,0,NA,Y,A,-,N,NA,NA,NA,NA,NA,NA,NA,NA,NA,N,3,0,1,1,A,-,03,22350,NA,N,H,A,A,A,H,-,A,A,0,NA,NA,Y,NA,Y,NA,C,02,0,1,0,0,0,0,0,0,1,-,-,NA,NA,SAN DIEGO,SAN DIEGO,-117.13899009,32.74378009
8425073,2017,2017-08-10,3711,2017-07-30,1100,7643,NA,7,5,7,3711,0,0,0,NA,0,512,25TH ST,IMPERIAL AV,0,NA,Y,A,-,N,NA,NA,NA,NA,NA,NA,NA,NA,NA,Y,3,0,2,2,A,-,12,21453,A,N,D,C,A,A,H,-,A,A,0,NA,NA,NA,NA,Y,NA,-,NA,0,1,1,0,0,0,0,0,0,-,-,NA,NA,SAN DIEGO,SAN DIEGO,-117.14019007,32.70635006
8425577,2017,2017-08-15,3711,2017-07-31,1915,7158,SAN D,1,5,7,3711,0,0,0,NA,0,432,IMPERIAL AV,SAN JACINTO DR,20,E,N,A,-,N,NA,NA,NA,NA,NA,NA,NA,NA,NA,N,4,0,2,2,A,-,03,22350,NA,N,C,C,A,A,H,-,A,A,0,NA,NA,NA,NA,Y,NA,A,01,0,0,2,0,0,0,0,0,0,-,-,NA,NA,SAN DIEGO,SAN DIEGO,-117.08260045,32.7056753
8425722,2017,2018-06-14,3711,2017-08-01,1750,6614,NA,2,5,7,3711,0,0,0,NA,0,122,MISSION BAY DR,RT 5,18,N,N,A,-,Y,SD,11,5,-,R,22.745,R,4,S,Y,4,0,1,2,A,-,00,21453,NA,N,D,C,A,A,H,-,A,A,0,NA,NA,NA,NA,Y,NA,A,01,0,0,1,0,0,0,0,0,0,-,SO,NA,NA,SAN DIEGO,SAN DIEGO,-117.20993995,32.79725177
8426572,2017,2017-11-30,3711,2017-07-31,1447,4310,NA,1,5,7,3711,0,0,0,NA,0,624,LOUISIANA ST,POLK AV,0,NA,Y,A,-,N,NA,NA,NA,NA,NA,NA,NA,NA,NA,Y,4,0,2,2,A,-,09,21802,A,N,D,C,A,A,H,-,A,A,0,NA,NA,NA,NA,Y,NA,A,01,0,0,2,0,0,0,0,0,0,-,-,NA,NA,SAN DIEGO,SAN DIEGO,-117.14005014,32.75216001
8429145,2017,2017-09-13,3710,2017-08-16,0620,OC1422,033,3,5,6,3710,0,0,0,NA,0,009,FRAZEE RD,MISSION AV,0,NA,Y,B,-,N,NA,NA,NA,NA,NA,NA,NA,NA,NA,Y,3,0,1,2,A,-,12,21453,A,N,D,C,A,A,H,-,A,A,0,NA,NA,NA,NA,Y,NA,A,01,0,1,0,0,0,0,0,0,0,-,-,NA,NA,SAN DIEGO,OCEANSIDE,-117.29649005,33.2378501
8430180,2017,2017-08-21,3711,2017-08-09,1815,5245,NA,3,5,7,3711,0,0,0,NA,0,313,RONSON RD,RUFFNER ST,300,W,N,A,-,N,NA,NA,NA,NA,NA,NA,NA,NA,NA,Y,4,0,1,2,A,-,08,22107,NA,N,C,E,A,A,H,-,B,D,0,NA,NA,NA,NA,Y,NA,-,NA,0,0,1,0,0,0,0,0,0,-,-,NA,NA,SAN DIEGO,SAN DIEGO,-117.15944322,32.82899534
8431727,2017,2017-09-25,3700,2017-07-22,1549,SH2784,NA,6,5,3,3783,0,0,0,NA,0,273,S RT 101,RT 101 S 731,56,N,N,A,-,N,NA,NA,NA,NA,NA,NA,NA,NA,NA,Y,2,0,1,2,A,-,09,21804,A,N,B,C,A,A,H,-,A,A,0,NA,NA,Y,NA,Y,NA,A,01,1,0,0,0,0,0,0,0,1,-,-,NA,NA,SAN DIEGO,SOLANA BEACH,NA,NA
8432661,2017,2017-08-23,3705,2017-08-04,1211,EC0337,NA,5,5,5,3705,0,0,0,NA,0,007,N MOLLISON,PEACH,244,S,N,A,-,N,NA,NA,NA,NA,NA,NA,NA,NA,NA,N,3,0,1,2,A,-,08,22107,NA,N,D,G,A,A,H,-,A,D,0,NA,Y,NA,NA,Y,NA,L,04,0,1,0,0,0,0,1,0,0,-,-,NA,NA,SAN DIEGO,EL CAJON,-116.95098,32.80591177
8432693,2017,2017-08-23,3711,2017-08-08,1259,6070,NA,2,5,7,3711,0,0,0,NA,0,122,INGRAHAM ST,THOMAS AV,0,NA,Y,A,-,N,NA,NA,NA,NA,NA,NA,NA,NA,NA,Y,4,0,2,2,A,-,09,21802,A,N,D,C,A,A,H,-,A,D,0,NA,NA,NA,NA,Y,NA,-,NA,0,0,2,0,0,0,0,0,0,-,-,NA,NA,SAN DIEGO,SAN DIEGO,-117.23995007,32.79686009
8433053,2017,2017-10-13,3711,2017-07-31,1226,7131,NA,1,5,7,3711,0,0,0,NA,0,123,EAST MISSION BAY DR,CLAIREMONT DR,1,S,N,B,-,N,NA,NA,NA,NA,NA,NA,NA,NA,NA,Y,4,0,1,2,A,-,09,21801,A,N,D,C,A,A,H,-,A,D,0,NA,NA,NA,NA,Y,NA,A,01,0,0,1,0,0,0,0,0,0,-,-,NA,NA,SAN DIEGO,SAN DIEGO,-117.20918949,32.79030729
8434694,2017,2017-08-24,3711,2017-08-12,1048,6082,NA,6,5,7,3711,0,0,0,NA,0,124,LA JOLLA SHORES DR,LA JOLLA SHORES LN,40,E,N,A,-,N,NA,NA,NA,NA,NA,NA,NA,NA,NA,N,3,0,1,1,A,-,03,22350,NA,N,E,I,A,A,H,-,A,D,0,NA,Y,NA,NA,Y,NA,L,04,0,1,0,0,0,0,1,0,0,-,-,NA,NA,SAN DIEGO,SAN DIEGO,-117.25108764,32.87103671
8434702,2017,2017-08-24,3711,2017-08-11,1115,4421,NA,5,5,7,3711,0,0,0,NA,0,934,GRAYDON RD,CAMARENA RD,0,NA,Y,A,-,N,NA,NA,NA,NA,NA,NA,NA,NA,NA,Y,3,0,2,2,A,-,09,21801,A,N,A,C,A,A,H,-,A,D,0,NA,NA,NA,NA,Y,NA,D,22,0,1,1,0,0,0,0,0,0,-,-,NA,NA,SAN DIEGO,SAN DIEGO,-117.22354012,32.95462004
8435420,2017,2017-08-24,3711,2017-08-08,1726,6785,NA,2,5,7,3711,0,0,0,NA,0,242,BLACK MOUNTAIN RD,MIRA MESA BL,35,S,N,A,-,N,NA,NA,NA,NA,NA,NA,NA,NA,NA,Y,3,0,2,2,A,-,12,21453,A,N,D,C,A,A,G,-,A,A,0,NA,NA,NA,NA,Y,NA,A,01,0,1,1,0,0,0,0,0,0,-,-,NA,NA,SAN DIEGO,SAN DIEGO,-117.1248764,32.91713482
84370368,2024,2024-08-27,3706,2024-08-12,1620,563,NA,1,5,6,3706,0,0,0,NA,0,055,UPAS ST,09TH AV (E),8,S,N,A,-,N,NA,NA,NA,NA,NA,NA,NA,NA,NA,N,4,0,1,2,A,-,03,22350,NA,N,C,C,A,A,H,-,A,D,0,NA,NA,NA,NA,Y,NA,D,22,0,0,1,0,0,0,0,0,0,-,-,33.10845947265625,-117.0886001586914,SAN DIEGO,ESCONDIDO,NA,NA
84370381,2024,2024-08-27,3706,2024-08-24,718,583,NA,6,5,6,3706,0,0,0,NA,0,043,ROCK SPRINGS RD,LINCOLN AV,0,NA,Y,A,-,N,NA,NA,NA,NA,NA,NA,NA,NA,NA,Y,3,0,1,2,A,-,09,21802,A,N,D,C,A,A,H,-,A,D,0,NA,NA,NA,NA,Y,NA,A,01,0,1,0,0,0,0,0,0,0,-,-,33.12992858886719,-117.09906768798828,SAN DIEGO,ESCONDIDO,-117.09908294677734,33.12992858886719
84376098,2024,2024-08-30,3706,2024-08-21,743,546,NA,3,5,6,3706,0,0,0,NA,0,043,EL NORTE PY,LAS VILLAS WY,10,N,N,A,-,N,NA,NA,NA,NA,NA,NA,NA,NA,NA,Y,4,0,2,2,A,-,09,21801,A,N,D,C,A,A,H,-,A,D,0,NA,NA,NA,NA,Y,NA,A,01,0,0,2,0,0,0,0,0,0,-,-,33.140289306640625,-117.0944366455078,SAN DIEGO,ESCONDIDO,-117.09437561035156,33.140403747558594
8437940,2017,2017-08-25,3700,2017-07-31,1637,SH2784,NA,1,5,5,3782,0,0,0,NA,0,214,HERNES AV,CEREUS ST,121,S,N,A,-,N,NA,NA,NA,NA,NA,NA,NA,NA,NA,Y,4,0,1,2,B,-,22,NA,NA,N,A,E,A,A,H,-,A,D,0,NA,NA,NA,NA,Y,NA,A,01,0,0,1,0,0,0,0,0,0,-,-,NA,NA,SAN DIEGO,ENCINITAS,-117.29795689,33.06019225
8438489,2017,2017-08-29,3711,2017-08-08,1353,7344,NA,2,5,7,3711,0,0,0,NA,0,824,EL CAJON BL,50TH ST,100,W,N,A,-,N,NA,NA,NA,NA,NA,NA,NA,NA,NA,N,4,0,1,2,A,-,08,22107,NA,N,A,B,D,A,H,-,A,D,0,Y,NA,NA,NA,Y,NA,-,NA,0,0,1,0,1,0,0,0,0,-,-,NA,NA,SAN DIEGO,SAN DIEGO,-117.08715027,32.7567477
8439549,2017,2017-09-06,3711,2017-08-10,1530,5840,NA,4,5,7,3711,0,0,0,NA,0,611,ROSECRANS ST,ROSECRANS ST 3300,0,NA,-,A,-,N,NA,NA,NA,NA,NA,NA,NA,NA,NA,N,4,0,1,2,A,-,04,21703,NA,M,C,C,A,A,H,-,A,A,0,NA,NA,NA,NA,Y,NA,-,99,0,0,1,0,0,0,0,0,0,-,-,NA,NA,SAN DIEGO,SAN DIEGO,-117.20801175,32.74777047
8440065,2017,2017-09-05,3700,2017-04-12,1615,SH0013,NA,3,5,5,3781,0,0,0,NA,0,519,N MAGNOLIA AV,MISSION GORGE RD,548,N,N,A,-,N,NA,NA,NA,NA,NA,NA,NA,NA,NA,N,2,0,1,2,A,-,03,22350,NA,N,C,C,A,A,H,-,A,D,0,NA,NA,Y,NA,Y,NA,C,02,1,0,0,0,0,0,0,0,1,-,-,NA,NA,SAN DIEGO,SANTEE,-116.9679813,32.83975988
84407128,2024,2024-09-25,3701,2024-09-08,1423,CB5597,NA,7,5,5,3701,0,0,0,NA,0,008,EL CAMINO REAL,CALLE BARCELONA,0,NA,Y,A,-,N,NA,NA,NA,NA,NA,NA,NA,NA,NA,Y,3,0,3,6,A,-,01,23152,A,N,D,C,A,A,H,-,A,A,0,NA,NA,NA,NA,Y,Y,A,01,0,3,0,0,0,0,0,0,0,-,-,33.07307815551758,-117.26252746582033,SAN DIEGO,CARLSBAD,-117.26251220703124,33.073081970214844
84423831,2024,2024-10-09,3706,2024-10-02,1606,540,NA,3,5,6,3706,0,0,0,NA,0,052,CENTRE CITY PY,VALLEY PY,0,NA,Y,A,-,N,NA,NA,NA,NA,NA,NA,NA,NA,NA,Y,4,0,1,2,A,-,03,22350,NA,N,C,C,A,A,H,-,A,A,0,NA,NA,Y,NA,Y,NA,C,02,0,0,1,0,0,0,0,0,1,-,-,33.12004852294922,-117.08724975585938,SAN DIEGO,ESCONDIDO,-117.08737182617188,33.119964599609375
84444840,2024,2024-10-25,3706,2024-09-20,2112,600,NA,5,5,6,3706,0,0,0,NA,0,052,MAPLE ST,11TH AV,192,S,N,A,-,N,NA,NA,NA,NA,NA,NA,NA,NA,NA,Y,2,0,2,3,A,-,01,23152,A,N,B,E,A,A,H,-,C,D,0,NA,NA,NA,NA,Y,Y,D,22,1,1,0,0,0,0,0,0,0,-,-,33.11174011230469,-117.07688903808594,SAN DIEGO,ESCONDIDO,-117.0761489868164,33.11152267456055
8444611,2017,2017-09-11,3706,2017-08-20,1512,322,ESCON,7,5,6,3706,0,0,0,NA,0,053,VALLEY PKWY,CLAUDAN RD,634,S,N,A,-,N,NA,NA,NA,NA,NA,NA,NA,NA,NA,Y,4,0,1,2,A,-,08,22103,NA,N,D,C,A,A,H,-,A,D,0,NA,NA,Y,NA,Y,NA,D,22,0,0,1,0,0,0,0,0,1,-,-,NA,NA,SAN DIEGO,ESCONDIDO,-117.11383716,33.09361808
84448316,2024,2024-10-29,3706,2024-09-14,2500,569,NA,6,5,6,3706,0,0,0,NA,0,043,EL NORTE PY,LAS VILLAS WY,350,W,N,A,-,N,NA,NA,NA,NA,NA,NA,NA,NA,NA,N,4,0,1,2,A,-,05,21650,1,N,D,G,A,A,H,-,A,D,0,NA,Y,NA,NA,Y,NA,L,04,0,0,1,0,0,0,1,0,0,-,-,33.140560150146484,-117.09430694580078,SAN DIEGO,ESCONDIDO,-117.09486389160156,33.141239166259766
84457882,2024,2024-11-05,3701,2024-10-12,1341,CB5595,NA,6,5,5,3701,0,0,0,NA,0,007,BLUE HERON PL,KINGFISHER LN,654,N,N,A,-,N,NA,NA,NA,NA,NA,NA,NA,NA,NA,Y,3,0,1,1,A,-,03,22350,NA,N,E,I,A,A,H,-,A,D,0,NA,NA,NA,NA,Y,NA,A,01,0,1,0,0,0,0,0,0,0,-,-,33.097110748291016,-117.28433990478516,SAN DIEGO,CARLSBAD,-117.28582763671876,33.09749984741211
84459573,2024,2024-11-06,3701,2024-10-23,2120,CB5609,NA,3,5,5,3701,0,0,0,NA,0,006,AVENIDA ENCINAS,COASTER STATION DY 2,300,N,N,A,-,N,NA,NA,NA,NA,NA,NA,NA,NA,NA,Y,3,0,1,1,A,-,03,22350,NA,N,H,A,A,A,H,-,D,D,0,NA,NA,Y,NA,Y,NA,-,-,0,1,0,0,0,0,0,0,1,-,-,33.110450744628906,-117.31861877441406,SAN DIEGO,CARLSBAD,NA,NA
84468794,2024,2024-11-14,3706,2024-11-11,1255,445,NA,1,5,6,3706,0,0,0,NA,0,055,VALLEY PY,TULIP ST (W),20,W,N,A,-,N,NA,NA,NA,NA,NA,NA,NA,NA,NA,N,4,0,1,2,A,-,02,22400,A,N,C,C,A,A,H,-,A,A,0,NA,NA,NA,NA,Y,NA,A,01,0,0,1,0,0,0,0,0,0,-,-,33.117408752441406,-117.09506225585938,SAN DIEGO,ESCONDIDO,-117.09294891357422,33.117183685302734
8447083,2017,2017-09-11,3700,2017-03-03,0815,SH2619,NA,5,5,5,3712,0,0,0,NA,0,355,SOUTH RANCHO SANTA FE RD,W SAN MARCOS,0,NA,N,A,-,N,NA,NA,NA,NA,NA,NA,NA,NA,NA,N,4,0,1,2,A,-,10,21952,NA,N,G,B,D,A,H,-,A,D,0,Y,NA,NA,NA,Y,NA,D,22,0,0,1,0,1,0,0,0,0,-,-,NA,NA,SAN DIEGO,SAN MARCOS,-117.20844013,33.13135006
84474438,2024,2024-11-19,3706,2024-10-28,1345,450,NA,1,5,6,3706,0,0,0,NA,0,045,ANDREASEN DR,INDUSTRIAL AV,0,NA,Y,B,-,N,NA,NA,NA,NA,NA,NA,NA,NA,NA,Y,4,0,2,2,A,-,09,21802,A,N,D,C,A,A,H,-,A,D,0,NA,NA,NA,NA,Y,NA,D,22,0,0,2,0,0,0,0,0,0,-,-,NA,NA,SAN DIEGO,ESCONDIDO,-117.10852813720705,33.1203498840332
8447560,2017,2017-09-11,3700,2017-08-14,1458,SH3079,NA,1,5,5,3713,0,0,0,NA,0,310,VISTA VILLAGE DR,LADO DE LOMA DR,0,NA,Y,A,-,N,NA,NA,NA,NA,NA,NA,NA,NA,NA,N,3,0,1,2,A,-,11,21456,B,N,G,B,B,A,H,-,A,A,0,Y,NA,NA,NA,Y,NA,N,60,0,1,0,0,1,0,0,0,0,-,-,NA,NA,SAN DIEGO,VISTA,-117.24889004,33.19658001
84486878,2024,2024-11-28,3706,2024-11-21,1520,441,NA,4,5,6,3706,0,0,0,NA,0,051,CENTRE CITY PY,ESCONDIDO BL,0,NA,Y,A,-,N,NA,NA,NA,NA,NA,NA,NA,NA,NA,N,4,0,1,2,A,-,09,21801,A,N,D,C,A,A,H,-,A,A,0,NA,NA,NA,NA,Y,NA,A,07,0,0,1,0,0,0,0,0,0,-,-,33.097190856933594,-117.07163238525392,SAN DIEGO,ESCONDIDO,-117.07135009765624,33.086708068847656
84489726,2024,2024-12-03,3706,2024-12-02,759,424,NA,1,5,6,3706,0,0,0,NA,0,051,CENTRE CITY PY,CITRACADO PY (W),628,N,N,A,-,Y,NA,NA,NA,NA,NA,NA,NA,NA,NA,Y,3,0,1,2,A,-,03,22350,NA,N,C,C,A,A,H,-,A,D,0,NA,NA,NA,NA,Y,NA,A,01,0,1,0,0,0,0,0,0,0,-,-,33.0906982421875,-117.07315826416016,SAN DIEGO,ESCONDIDO,-117.07258605957033,33.09243392944336
84494180,2024,2024-12-06,3706,2024-12-04,1825,1914,NA,3,5,6,3706,0,0,0,NA,0,056,CITRUS AV,VALLEY PY,390,S,N,A,-,N,NA,NA,NA,NA,NA,NA,NA,NA,NA,N,4,0,1,2,A,-,10,21952,NA,N,G,B,C,A,H,-,D,D,0,Y,NA,NA,NA,Y,NA,A,01,0,0,1,0,1,0,0,0,0,-,-,33.14051818847656,-117.0443878173828,SAN DIEGO,ESCONDIDO,-117.04366302490234,33.140052795410156
8449790,2017,2017-09-29,3711,2017-08-30,1850,5679,NA,3,5,7,3711,0,0,0,NA,0,233,AZUAGA ST,RANCHO PENASQUITOS BL,850,E,N,A,-,N,NA,NA,NA,NA,NA,NA,NA,NA,NA,N,4,0,2,2,A,-,08,22100,B,N,D,C,A,A,H,-,A,D,0,NA,NA,NA,NA,Y,NA,A,01,0,0,2,0,0,0,0,0,0,-,-,NA,NA,SAN DIEGO,SAN DIEGO,-117.11018171,32.95907317
8450173,2017,2017-09-21,3711,2017-09-07,0626,7095,NA,4,5,7,3711,0,0,0,NA,0,437,ALSACIA ST,ALSACIA ST 6900,0,NA,-,A,-,N,NA,NA,NA,NA,NA,NA,NA,NA,NA,N,3,0,1,2,A,-,-,NA,NA,N,D,C,A,A,H,-,A,D,0,NA,NA,NA,NA,Y,NA,-,NA,0,1,0,0,0,0,0,0,0,-,-,NA,NA,SAN DIEGO,SAN DIEGO,-117.04319984,32.68294245
8450229,2017,2017-09-26,3711,2017-09-07,1137,7579,SDPD,4,5,7,3711,0,0,0,NA,0,931,LUSK BL,LUSK BL 6440,0,NA,-,A,-,N,NA,NA,NA,NA,NA,NA,NA,NA,NA,Y,4,0,3,2,A,-,09,21801,A,N,D,C,A,A,H,-,A,D,0,NA,NA,NA,NA,Y,NA,-,NA,0,0,3,0,0,0,0,0,0,-,-,NA,NA,SAN DIEGO,SAN DIEGO,-117.20043004,32.90184563
8450668,2017,2017-10-06,3701,2017-09-02,1800,CB5501,NA,6,5,5,3701,0,0,0,NA,0,002,CARLSBAD BL,SEQUOIA ST,51,N,N,B,-,N,NA,NA,NA,NA,NA,NA,NA,NA,NA,N,4,0,2,2,A,-,03,22350,NA,N,C,C,A,A,H,-,A,D,0,NA,NA,NA,NA,Y,NA,A,01,0,0,2,0,0,0,0,0,0,-,-,NA,NA,SAN DIEGO,CARLSBAD,-117.34487318,33.14692568
8451055,2017,2017-10-28,3709,2017-08-29,1629,NC0491,NA,2,5,5,3709,0,0,0,NA,0,020,EAST PLAZA BL,B AV,0,NA,Y,A,-,N,NA,NA,NA,NA,NA,NA,NA,NA,NA,Y,4,0,1,2,A,-,08,22107,NA,N,D,C,A,A,H,-,A,D,0,NA,NA,NA,NA,Y,NA,A,01,0,0,1,0,0,0,0,0,0,-,-,NA,NA,SAN DIEGO,NATIONAL CITY,-117.10417011,32.67467011
84515862,2024,2024-12-25,3706,2024-12-21,1005,575,NA,6,5,6,3706,0,0,0,NA,0,052,VALLEY PY,FIG ST,0,NA,Y,A,-,N,NA,NA,NA,NA,NA,NA,NA,NA,NA,Y,4,0,1,2,A,-,09,21801,A,N,D,C,A,A,H,-,A,A,0,NA,NA,NA,NA,Y,NA,A,01,0,0,1,0,0,0,0,0,0,-,-,33.12730026245117,-117.07407379150392,SAN DIEGO,ESCONDIDO,-117.07392120361328,33.127288818359375
84519100,2024,2024-12-30,3701,2024-12-23,708,CB5584,NA,1,5,5,3701,0,0,0,NA,0,003,EL CAMINO REAL,KELLY DR,31,E,N,A,-,N,NA,NA,NA,NA,NA,NA,NA,NA,NA,Y,4,0,1,2,A,-,12,21453,A,N,D,C,A,A,H,-,B,A,0,NA,NA,NA,Y,Y,NA,A,07,0,0,1,0,0,0,0,0,0,-,-,33.15243911743164,-117.31021881103516,SAN DIEGO,CARLSBAD,-117.31009674072266,33.152320861816406
8452065,2017,2017-09-18,3711,2017-09-04,1600,4892,NA,1,5,7,3711,0,0,0,NA,0,611,SPORTS ARENA BL,EAST DR,150,W,N,A,-,N,NA,NA,NA,NA,NA,NA,NA,NA,NA,N,4,0,1,2,A,-,09,21802,A,N,D,G,A,A,H,-,A,D,0,NA,Y,NA,NA,Y,Y,-,NA,0,0,1,0,0,0,1,0,0,-,-,NA,NA,SAN DIEGO,SAN DIEGO,-117.20881503,32.753067970000004
84520813,2024,2024-12-31,3706,2024-12-18,1743,555,NA,3,5,6,3706,0,0,0,NA,0,045,WASHINGTON AV,QUINCE ST,0,NA,Y,A,-,N,NA,NA,NA,NA,NA,NA,NA,NA,NA,Y,4,0,1,2,A,-,12,21453,A,F,D,C,A,A,H,-,C,A,0,NA,NA,NA,NA,Y,Y,D,22,0,0,1,0,0,0,0,0,0,-,-,33.1243782043457,-117.09195709228516,SAN DIEGO,ESCONDIDO,-117.09196472167967,33.12443542480469
84532390,2025,2025-01-10,3706,2025-01-09,1012,424,NA,4,5,6,3706,0,0,0,NA,0,045,09TH AV,I-15 N/B FROM W 9TH AVE,0,NA,Y,A,-,N,NA,NA,NA,NA,NA,NA,NA,NA,NA,Y,4,0,1,2,A,-,12,21453,A,N,D,C,A,A,H,-,A,A,0,NA,NA,NA,NA,Y,NA,A,01,0,0,1,0,0,0,0,0,0,-,-,NA,NA,SAN DIEGO,ESCONDIDO,NA,NA
84536360,2025,2025-01-14,3706,2025-01-10,1151,424,NA,5,5,6,3706,0,0,0,NA,0,042,DATE ST,VALLEY PY,169,N,N,A,-,N,NA,NA,NA,NA,NA,NA,NA,NA,NA,N,3,0,1,2,A,-,08,22107,NA,N,C,E,A,A,H,-,A,D,0,NA,NA,NA,NA,Y,NA,A,01,0,1,0,0,0,0,0,0,0,-,-,33.12828063964844,-117.07144927978516,SAN DIEGO,ESCONDIDO,-117.07145690917967,33.128963470458984
84545123,2025,2025-01-22,3706,2025-01-21,748,526,NA,2,5,6,3706,0,0,0,NA,0,042,ESCONDIDO BL,MISSION AV,166,N,N,A,-,N,NA,NA,NA,NA,NA,NA,NA,NA,NA,Y,4,0,2,2,A,-,09,21804,A,N,D,C,A,A,H,-,A,D,0,NA,NA,NA,NA,Y,NA,A,07,0,0,2,0,0,0,0,0,0,-,-,33.12902069091797,-117.08934783935548,SAN DIEGO,ESCONDIDO,-117.0895538330078,33.1295166015625
8454641,2017,2017-10-10,3709,2017-08-14,1847,NC0492,NA,1,5,5,3709,0,0,0,NA,0,023,PLAZA BONITA RD,BONITA MESA RD,167,N,N,A,-,NA,NA,NA,NA,NA,NA,NA,NA,NA,NA,Y,2,0,3,2,A,-,03,22350,NA,N,A,C,A,A,H,-,A,D,0,NA,NA,NA,NA,Y,NA,A,01,1,0,2,0,0,0,0,0,0,-,-,NA,NA,SAN DIEGO,NATIONAL CITY,-117.06479856,32.65215891
84548090,2025,2025-01-24,3701,2025-01-11,39,CB5567,NA,6,5,5,3701,0,0,0,NA,0,007,CARLSBAD BL,AVENIDA ENCINAS,1056,N,N,A,-,N,NA,NA,NA,NA,NA,NA,NA,NA,NA,N,2,0,1,2,A,-,11,21954,A,F,G,B,E,A,H,-,D,D,0,Y,NA,NA,NA,Y,NA,N,60,1,0,0,0,1,0,0,0,0,-,-,33.0918083190918,-117.31394958496094,SAN DIEGO,CARLSBAD,-117.31537628173828,33.09442138671875
8455208,2017,2017-09-25,3711,2017-09-11,0730,5300,NA,1,5,7,3711,0,0,0,NA,0,111,ECKSTROM AV,MUSTANG ST,9,W,N,A,-,N,NA,NA,NA,NA,NA,NA,NA,NA,NA,N,3,0,1,2,A,-,11,21954,A,N,G,B,E,A,H,-,A,D,0,Y,NA,NA,NA,Y,NA,N,60,0,1,0,0,1,0,0,0,0,-,-,NA,NA,SAN DIEGO,SAN DIEGO,-117.1643192,32.82021