CASE_ID,ACCIDENT_YEAR,PROC_DATE,JURIS,COLLISION_DATE,COLLISION_TIME,OFFICER_ID,REPORTING_DISTRICT,DAY_OF_WEEK,CHP_SHIFT,POPULATION,CNTY_CITY_LOC,SPECIAL_COND,BEAT_TYPE,CHP_BEAT_TYPE,CITY_DIVISION_LAPD,CHP_BEAT_CLASS,BEAT_NUMBER,PRIMARY_RD,SECONDARY_RD,DISTANCE,DIRECTION,INTERSECTION,WEATHER_1,WEATHER_2,STATE_HWY_IND,CALTRANS_COUNTY,CALTRANS_DISTRICT,STATE_ROUTE,ROUTE_SUFFIX,POSTMILE_PREFIX,POSTMILE,LOCATION_TYPE,RAMP_INTERSECTION,SIDE_OF_HWY,TOW_AWAY,COLLISION_SEVERITY,NUMBER_KILLED,NUMBER_INJURED,PARTY_COUNT,PRIMARY_COLL_FACTOR,PCF_CODE_OF_VIOL,PCF_VIOL_CATEGORY,PCF_VIOLATION,PCF_VIOL_SUBSECTION,HIT_AND_RUN,TYPE_OF_COLLISION,MVIW,PED_ACTION,ROAD_SURFACE,ROAD_COND_1,ROAD_COND_2,LIGHTING,CONTROL_DEVICE,CHP_ROAD_TYPE,PEDESTRIAN_ACCIDENT,BICYCLE_ACCIDENT,MOTORCYCLE_ACCIDENT,TRUCK_ACCIDENT,NOT_PRIVATE_PROPERTY,ALCOHOL_INVOLVED,STWD_VEHTYPE_AT_FAULT,CHP_VEHTYPE_AT_FAULT,COUNT_SEVERE_INJ,COUNT_VISIBLE_INJ,COUNT_COMPLAINT_PAIN,COUNT_PED_KILLED,COUNT_PED_INJURED,COUNT_BICYCLIST_KILLED,COUNT_BICYCLIST_INJURED,COUNT_MC_KILLED,COUNT_MC_INJURED,PRIMARY_RAMP,SECONDARY_RAMP,LATITUDE,LONGITUDE,COUNTY,CITY,POINT_X,POINT_Y
8825521,2019,2019-04-02,3702,2019-02-02,2030,CV1177,NA,6,5,6,3702,0,0,0,NA,0,014,3RD AV,H ST,0,NA,Y,A,-,N,NA,NA,NA,NA,NA,NA,NA,NA,NA,Y,4,0,2,2,A,-,09,21801,A,N,D,C,A,B,H,-,C,A,0,NA,NA,NA,NA,Y,NA,A,01,0,0,2,0,0,0,0,0,0,-,-,NA,NA,SAN DIEGO,CHULA VISTA,-117.07723236083984,32.6343994140625
8825928,2019,2019-03-29,3702,2019-02-08,2245,CV1164,NA,5,5,6,3702,0,0,0,NA,0,014,E ST,3RD AV,338,E,N,A,-,N,NA,NA,NA,NA,NA,NA,NA,NA,NA,N,4,0,1,2,A,-,08,22100,B,N,D,C,A,A,H,-,D,A,0,NA,NA,Y,NA,Y,NA,C,02,0,0,1,0,0,0,0,0,1,-,-,NA,NA,SAN DIEGO,CHULA VISTA,-117.08020782470705,32.64505386352539
8826488,2019,2019-05-22,3710,2019-02-14,2331,OC1453,033,4,5,6,3710,0,0,0,NA,0,009,COLLEGE,CHROMA,0,NA,Y,A,-,N,NA,NA,NA,NA,NA,NA,NA,NA,NA,Y,3,0,1,1,A,-,03,22350,NA,N,E,I,A,B,H,-,C,A,0,NA,NA,NA,NA,Y,NA,A,01,0,1,0,0,0,0,0,0,0,-,-,NA,NA,SAN DIEGO,OCEANSIDE,-117.29428100585938,33.22917938232422
8826724,2019,2019-04-23,3711,2019-03-12,1715,SD5105,NA,2,5,7,3711,0,0,0,NA,0,242,CAMINO RUIZ,MIRA MESA BL,0,NA,-,-,-,N,NA,NA,NA,NA,NA,NA,NA,NA,NA,N,4,0,2,2,A,-,09,21800,C,N,-,-,A,-,-,-,-,-,0,NA,NA,NA,NA,Y,NA,A,01,0,0,2,0,0,0,0,0,0,-,-,NA,NA,SAN DIEGO,SAN DIEGO,-117.1439971923828,32.912818908691406
8826728,2019,2019-04-23,3711,2019-03-13,0656,SD6104,NA,3,5,7,3711,0,0,0,NA,0,827,UNIVERSITY AV,54TH ST,0,NA,Y,B,-,N,NA,NA,NA,NA,NA,NA,NA,NA,NA,Y,4,0,1,2,A,-,12,21453,A,N,A,C,A,A,H,-,C,A,0,NA,NA,NA,NA,Y,NA,A,01,0,0,1,0,0,0,0,0,0,-,-,NA,NA,SAN DIEGO,SAN DIEGO,-117.07948303222656,32.7487907409668
8827061,2019,2019-04-02,3700,2019-03-06,1238,SH2558,NA,3,5,5,3712,0,0,0,NA,0,358,LINDA VISTA DR,ARBORVIEW DR,0,NA,Y,C,-,N,NA,NA,NA,NA,NA,NA,NA,NA,NA,Y,4,0,1,1,A,-,03,22350,NA,N,E,I,A,B,H,-,A,D,0,NA,NA,NA,NA,Y,NA,A,01,0,0,1,0,0,0,0,0,0,-,-,NA,NA,SAN DIEGO,SAN MARCOS,-117.2144775390625,33.143638610839844
8827186,2019,2019-03-28,3711,2019-03-14,1943,6000,NA,4,5,7,3711,0,0,0,NA,0,721,14TH ST,ELDER AV,0,NA,Y,A,-,N,NA,NA,NA,NA,NA,NA,NA,NA,NA,Y,4,0,4,2,A,-,09,21800,B,N,D,C,A,A,H,-,C,D,0,NA,NA,NA,NA,Y,NA,A,01,0,0,4,0,0,0,0,0,0,-,-,NA,NA,SAN DIEGO,SAN DIEGO,-117.10321044921876,32.579071044921875
8827362,2019,2019-04-03,3711,2019-02-23,1251,HB4377,NA,6,5,7,3711,0,0,0,NA,0,503,SHELTER ISLAND DR,SHELTER ISLAND DR  1900,0,NA,N,A,-,N,NA,NA,NA,NA,NA,NA,NA,NA,NA,N,4,0,1,2,A,-,17,22517,NA,N,H,G,A,A,-,-,A,D,0,NA,Y,NA,NA,Y,NA,A,01,0,0,1,0,0,0,1,0,0,-,-,NA,NA,SAN DIEGO,SAN DIEGO,NA,NA
8827844,2019,2020-07-30,3706,2019-03-25,1725,318,ESCON,1,5,6,3706,0,0,0,NA,0,042,MISSION AV,BROADWAY,30,W,N,A,-,N,NA,NA,NA,NA,NA,NA,NA,NA,NA,Y,3,0,1,2,A,-,03,22350,NA,F,C,C,A,A,H,-,A,A,0,NA,NA,NA,NA,Y,NA,A,01,0,1,0,0,0,0,0,0,0,-,-,NA,NA,SAN DIEGO,ESCONDIDO,-117.08543395996094,33.130332946777344
8827852,2019,2019-04-05,3706,2019-03-12,1132,453,ESCON,2,5,6,3706,0,0,0,NA,0,052,ESCONDIDO BL,6TH AV,80,N,N,A,-,N,NA,NA,NA,NA,NA,NA,NA,NA,NA,N,3,0,1,2,A,-,03,22350,NA,N,B,C,A,A,H,-,A,B,0,NA,NA,NA,NA,Y,Y,A,01,0,1,0,0,0,0,0,0,0,-,-,NA,NA,SAN DIEGO,ESCONDIDO,-117.08112335205078,33.115966796875
8828573,2019,2019-04-17,3711,2019-03-13,0702,SD6193,NA,3,5,7,3711,0,0,0,NA,0,723,BEYER WAY,PALM AV,8,N,N,B,-,N,NA,NA,NA,NA,NA,NA,NA,NA,NA,N,3,0,1,2,A,-,08,22107,NA,N,D,G,A,A,H,-,A,A,0,NA,Y,NA,NA,Y,NA,D,22,0,1,0,0,0,0,1,0,0,-,-,NA,NA,SAN DIEGO,SAN DIEGO,-117.06200408935548,32.58378982543945
8829050,2019,2019-04-15,3711,2019-03-22,1725,SD8861,NA,5,5,7,3711,0,0,0,NA,0,524,KETTNER BL,W B ST,0,NA,Y,A,-,N,NA,NA,NA,NA,NA,NA,NA,NA,NA,N,2,0,1,2,A,-,17,22517,NA,N,H,A,A,A,H,-,A,D,0,NA,Y,NA,NA,Y,NA,A,01,1,0,0,0,0,0,1,0,0,-,-,NA,NA,SAN DIEGO,SAN DIEGO,-117.16915893554688,32.717750549316406
8829538,2019,2019-04-05,3711,2019-03-22,0814,6785,NA,5,5,7,3711,0,0,0,NA,0,234,RANCHO BERNARDO RD,BERNARDO OAKS DR,150,E,N,A,-,N,NA,NA,NA,NA,NA,NA,NA,NA,NA,Y,3,0,1,2,A,-,03,22350,NA,N,C,C,A,A,H,-,A,D,0,NA,NA,NA,NA,Y,NA,A,01,0,1,0,0,0,0,0,0,0,-,-,NA,NA,SAN DIEGO,SAN DIEGO,-117.06485748291016,33.019039154052734
8829541,2019,2019-04-08,3711,2019-03-19,1225,4759,SANDI,2,5,7,3711,0,0,0,NA,0,121,MISSION BL,SANTA CLARA PL,92,N,N,B,-,N,NA,NA,NA,NA,NA,NA,NA,NA,NA,N,3,0,1,2,A,-,03,22350,NA,N,D,C,A,A,H,-,A,D,0,NA,NA,NA,NA,Y,NA,-,NA,0,1,0,0,0,0,0,0,0,-,-,NA,NA,SAN DIEGO,SAN DIEGO,-117.25257873535156,32.78279113769531
8829549,2019,2019-04-08,3711,2019-03-18,0435,8382,NA,1,5,7,3711,0,0,0,NA,0,122,LAMONT ST,GRAND AV,0,NA,Y,A,-,N,NA,NA,NA,NA,NA,NA,NA,NA,NA,Y,4,0,1,2,A,-,12,21453,A,N,D,C,A,A,H,-,C,A,0,NA,NA,NA,NA,Y,NA,A,01,0,0,1,0,0,0,0,0,0,-,-,NA,NA,SAN DIEGO,SAN DIEGO,-117.23480224609376,32.799190521240234
8829578,2019,2019-04-05,3711,2019-03-20,1134,7729,WESTE,3,5,7,3711,0,0,0,NA,0,626,PACIFIC HWY FRONTAGE RD,WEST WASHINGTON ST,500,N,N,A,-,N,NA,NA,NA,NA,NA,NA,NA,NA,NA,N,3,0,1,1,A,-,03,22350,NA,N,F,I,A,A,G,H,A,D,0,NA,Y,NA,NA,Y,NA,L,04,0,1,0,0,0,0,1,0,0,-,-,NA,NA,SAN DIEGO,SAN DIEGO,-117.18556213378906,32.74137878417969
8829585,2019,2019-04-08,3711,2019-03-21,1800,7874,NA,4,5,7,3711,0,0,0,NA,0,826,UNIVERSITY AV,EUCLID AV,180,E,N,B,-,N,NA,NA,NA,NA,NA,NA,NA,NA,NA,N,3,0,1,2,A,-,08,22107,NA,N,B,G,A,A,H,-,B,D,0,NA,Y,NA,NA,Y,NA,A,01,0,1,0,0,0,0,1,0,0,-,-,NA,NA,SAN DIEGO,SAN DIEGO,-117.09170532226563,32.749542236328125
8833570,2019,2019-04-23,3701,2019-03-22,1549,CB5482,NA,5,5,5,3701,0,0,0,NA,0,005,EL CAMINIO REAL,PALOMAR AIRPORT RD,803,N,N,A,-,N,NA,NA,NA,NA,NA,NA,NA,NA,NA,Y,3,0,1,3,A,-,03,22350,NA,N,C,C,A,A,H,-,A,A,0,NA,NA,NA,NA,Y,NA,A,01,0,1,0,0,0,0,0,0,0,-,-,NA,NA,SAN DIEGO,CARLSBAD,-117.26847076416016,33.13142776489258
8833656,2019,2019-04-10,3710,2019-03-22,1815,OC1474,012,5,5,6,3710,0,0,0,NA,0,005,SKYLARK DR,DOWNS ST,308,E,N,A,-,N,NA,NA,NA,NA,NA,NA,NA,NA,NA,Y,3,0,1,1,A,-,01,23152,A,N,F,A,A,A,H,-,A,D,0,NA,NA,NA,NA,Y,Y,A,01,0,1,0,0,0,0,0,0,0,-,-,33.195980072021484,-117.3500518798828,SAN DIEGO,OCEANSIDE,-117.3490753173828,33.19649124145508
8833664,2019,2019-04-10,3710,2019-03-17,0030,OC0891,016,7,5,6,3710,0,0,0,NA,0,008,DOUGLAS DR,EL CAMINIO REAL,0,NA,Y,A,-,N,NA,NA,NA,NA,NA,NA,NA,NA,NA,Y,3,0,1,1,A,-,01,23152,A,M,E,I,A,A,H,-,C,D,0,NA,NA,NA,NA,Y,Y,A,01,0,1,0,0,0,0,0,0,0,-,-,33.23114013671875,-117.32576751708984,SAN DIEGO,OCEANSIDE,-117.32573699951172,33.23102951049805
8835607,2019,2019-04-11,3711,2019-03-09,1740,SD8861,NA,6,5,7,3711,0,0,0,NA,0,528,COLUMBIA ST,W ELM ST,0,N,N,A,-,N,NA,NA,NA,NA,NA,NA,NA,NA,NA,N,3,0,1,1,A,-,08,22107,NA,N,E,I,A,A,G,-,A,D,0,NA,NA,NA,NA,Y,NA,-,NA,0,1,0,0,0,0,0,0,0,-,-,NA,NA,SAN DIEGO,SAN DIEGO,-117.16754913330078,32.72378921508789
8836757,2019,2019-04-17,3702,2019-03-24,2117,CV1225,NA,7,5,6,3702,0,0,0,NA,0,014,3RD AV,E ST,338,S,N,A,-,N,NA,NA,NA,NA,NA,NA,NA,NA,NA,Y,4,0,1,1,A,-,08,22107,NA,N,F,I,A,A,H,-,C,D,0,NA,NA,NA,NA,Y,NA,A,01,0,0,1,0,0,0,0,0,0,-,-,NA,NA,SAN DIEGO,CHULA VISTA,-117.08090209960938,32.64387130737305
8842672,2019,2019-04-18,3711,2019-04-04,1440,8192,NA,4,5,7,3711,0,0,0,NA,0,822,UNIVERSITY AV,58TH ST,0,NA,Y,A,-,N,NA,NA,NA,NA,NA,NA,NA,NA,NA,N,3,0,3,2,A,-,12,21453,A,N,D,C,A,A,H,-,A,A,0,NA,NA,NA,NA,Y,NA,A,07,0,1,2,0,0,0,0,0,0,-,-,NA,NA,SAN DIEGO,SAN DIEGO,-117.07286834716795,32.749141693115234
8843189,2019,2019-05-03,3701,2019-03-31,1620,5521,002,7,5,5,3701,0,0,0,NA,0,001,CARLSBAD BL,BEECH AV,630,N,N,A,-,N,NA,NA,NA,NA,NA,NA,NA,NA,NA,NA,4,0,2,3,A,-,03,22350,NA,N,C,C,A,A,H,-,A,D,0,NA,NA,NA,NA,Y,NA,A,01,0,0,2,0,0,0,0,0,0,-,-,NA,NA,SAN DIEGO,CARLSBAD,-117.35431671142578,33.16254806518555
8843837,2019,2019-04-18,3711,2019-04-06,0836,SD6532,NA,6,5,7,3711,0,0,0,NA,0,613,GREENE ST,BOLINAS ST,0,NA,Y,B,-,N,NA,NA,NA,NA,NA,NA,NA,NA,NA,N,4,0,1,2,A,-,08,22107,NA,N,B,G,A,A,H,-,A,D,0,NA,Y,NA,NA,Y,NA,L,04,0,0,1,0,0,0,1,0,0,-,-,NA,NA,SAN DIEGO,SAN DIEGO,-117.23605346679688,32.74721908569336
8844790,2019,2019-04-25,3709,2019-04-12,1755,NC0512,NA,5,5,5,3709,0,0,0,NA,0,021,EAST DIVISION ST,EUCLID AV,362,W,N,A,-,N,NA,NA,NA,NA,NA,NA,NA,NA,NA,N,3,0,1,2,A,-,04,21703,NA,N,C,C,A,A,H,-,A,D,0,NA,NA,NA,NA,Y,NA,A,01,0,1,0,0,0,0,0,0,0,-,-,NA,NA,SAN DIEGO,NATIONAL CITY,-117.08623504638672,32.689231872558594
8844828,2019,2019-04-30,3711,2019-03-24,1134,7912,SANDI,7,5,7,3711,0,0,0,NA,0,441,OCEAN VIEW BL,S 46TH ST,20,W,N,A,-,N,NA,NA,NA,NA,NA,NA,NA,NA,NA,N,3,0,2,2,A,-,04,21703,NA,N,C,C,A,A,H,-,A,D,0,NA,NA,NA,NA,Y,NA,A,01,0,1,1,0,0,0,0,0,0,-,-,NA,NA,SAN DIEGO,SAN DIEGO,-117.0959014892578,32.7004508972168
8845658,2019,2019-05-13,3711,2019-04-11,0750,SD6753,NA,4,5,7,3711,0,0,0,NA,0,313,BALBOA AV,PENNISI DRWY,930,E,N,A,-,N,NA,NA,NA,NA,NA,NA,NA,NA,NA,N,2,0,1,2,A,-,05,21650,1,N,D,G,A,A,H,-,A,D,0,NA,Y,NA,Y,Y,NA,L,04,1,0,0,0,0,0,1,0,0,-,-,NA,NA,SAN DIEGO,SAN DIEGO,-117.13832855224608,32.82052993774414
8845847,2019,2019-04-30,3711,2019-04-13,1600,7238,NA,6,5,7,3711,0,0,0,NA,0,821,MONTEZUMA RD,RESERVOIR DR,10,E,N,A,-,N,NA,NA,NA,NA,NA,NA,NA,NA,NA,Y,3,0,2,2,A,-,08,22107,NA,N,D,C,A,A,H,-,A,A,0,NA,NA,NA,NA,Y,NA,A,01,0,1,1,0,0,0,0,0,0,-,-,NA,NA,SAN DIEGO,SAN DIEGO,-117.05648803710938,32.769004821777344
8846155,2019,2019-05-13,3711,2019-04-20,2307,SD7731,NA,6,5,7,3711,0,0,0,NA,0,521,MARKET ST,PARK BL,0,NA,Y,A,-,N,NA,NA,NA,NA,NA,NA,NA,NA,NA,N,4,0,1,2,A,-,06,21750,NA,F,C,C,A,A,H,-,C,A,0,NA,NA,NA,NA,Y,NA,-,NA,0,0,1,0,0,0,0,0,0,-,-,NA,NA,SAN DIEGO,SAN DIEGO,-117.15374755859376,32.71152877807617
8846350,2019,2019-05-15,3711,2019-04-24,1758,SD6788,NA,3,5,7,3711,0,0,0,NA,0,313,LIGHTWAVE AV,OVERLAND AV,20,W,N,A,-,N,NA,NA,NA,NA,NA,NA,NA,NA,NA,N,4,0,1,2,A,-,10,21950,A,N,G,B,B,A,H,-,A,A,0,Y,NA,NA,NA,Y,NA,A,07,0,0,1,0,1,0,0,0,0,-,-,NA,NA,SAN DIEGO,SAN DIEGO,-117.13106536865234,32.82918930053711
8846501,2019,2019-06-24,3711,2019-04-27,2251,SD7834,NA,6,5,7,3711,0,0,0,NA,0,524,KETTNER BL,KETTNER BL 1200,0,NA,N,A,-,N,NA,NA,NA,NA,NA,NA,NA,NA,NA,N,3,0,1,1,A,-,03,22350,NA,N,H,A,A,A,H,-,C,D,0,NA,NA,NA,NA,Y,NA,M,94,0,1,0,0,0,0,0,0,0,-,-,NA,NA,SAN DIEGO,SAN DIEGO,NA,NA
8847030,2019,2019-05-23,3711,2019-05-05,2015,SD4576,NA,7,5,7,3711,0,0,0,NA,0,315,CAMINO DEL RIO S,TEXAS ST,1038,W,N,B,-,N,NA,NA,NA,NA,NA,NA,NA,NA,NA,Y,3,0,2,1,A,-,08,22107,NA,N,E,I,A,A,H,-,C,D,0,NA,NA,NA,NA,Y,Y,A,01,0,2,0,0,0,0,0,0,0,-,-,NA,NA,SAN DIEGO,SAN DIEGO,-117.14194488525392,32.76865005493164
8848513,2019,2019-04-30,3706,2019-04-02,1149,223,ESCON,2,5,6,3706,0,0,0,NA,0,054,VALLEY PKWY,HARDING ST,580,E,N,A,-,N,NA,NA,NA,NA,NA,NA,NA,NA,NA,N,3,0,1,2,A,-,09,21804,A,N,D,C,A,A,H,-,A,D,0,NA,NA,NA,NA,Y,NA,A,01,0,1,0,0,0,0,0,0,0,-,-,33.13201904296875,-117.0636978149414,SAN DIEGO,ESCONDIDO,-117.06192016601563,33.13283920288086
8848894,2019,2019-05-06,3700,2019-04-23,0120,SH0690,NA,2,5,5,3712,0,0,0,NA,0,357,CARMEL ST,HILL ST,0,NA,Y,A,-,N,NA,NA,NA,NA,NA,NA,NA,NA,NA,Y,3,0,1,1,A,-,01,23153,A,N,E,I,A,A,H,-,C,D,0,NA,NA,NA,NA,Y,Y,A,01,0,1,0,0,0,0,0,0,0,-,-,NA,NA,SAN DIEGO,SAN MARCOS,-117.15151214599608,33.13882064819336
8848909,2019,2019-05-01,3711,2019-04-06,1940,7231,3711,6,5,7,3711,0,0,0,NA,0,451,54TH ST,PIROTTE DR,15,S,N,A,-,N,NA,NA,NA,NA,NA,NA,NA,NA,NA,N,4,0,1,2,A,-,12,21453,A,M,D,-,A,A,H,-,C,A,0,NA,NA,NA,NA,Y,NA,-,NA,0,0,1,0,0,0,0,0,0,-,-,NA,NA,SAN DIEGO,SAN DIEGO,-117.08055114746094,32.72880935668945
8848917,2019,2019-05-08,3711,2019-04-17,2225,7523,SD,3,5,7,3711,0,0,0,NA,0,438,ALLEGHANY ST,YELLOWTAIL WY,262,E,N,A,-,N,NA,NA,NA,NA,NA,NA,NA,NA,NA,Y,3,0,1,3,A,-,08,22107,NA,N,B,E,A,A,H,-,C,D,0,NA,NA,NA,NA,Y,Y,-,NA,0,1,0,0,0,0,0,0,0,-,-,NA,NA,SAN DIEGO,SAN DIEGO,-117.06183624267578,32.68081283569336
8853064,2019,2019-05-01,3711,2019-04-22,2119,SD7504,NA,1,5,7,3711,0,0,0,NA,0,935,EL CAMINIO REAL,SEA COUNTRY LN,528,N,N,A,-,N,NA,NA,NA,NA,NA,NA,NA,NA,NA,N,3,0,1,1,A,-,03,22350,NA,N,F,I,A,A,H,-,C,D,0,NA,NA,NA,NA,Y,Y,A,01,0,1,0,0,0,0,0,0,0,-,-,NA,NA,SAN DIEGO,SAN DIEGO,-117.23941802978516,32.97022247314453
8853992,2019,2019-05-08,3711,2019-04-30,0845,SD7903,NA,2,5,7,3711,0,0,0,NA,0,512,WEBSTER AV,S 30TH ST,150,W,N,C,-,N,NA,NA,NA,NA,NA,NA,NA,NA,NA,N,4,0,2,3,A,-,09,21804,A,N,D,C,A,B,H,-,A,D,0,NA,NA,NA,NA,Y,Y,A,01,0,0,2,0,0,0,0,0,0,-,-,NA,NA,SAN DIEGO,SAN DIEGO,-117.1300048828125,32.70429611206055
8854982,2019,2019-05-07,3711,2019-04-03,0500,SD7281,NA,3,5,7,3711,0,0,0,NA,0,525,BROADWAY,1ST AV,0,E,N,C,-,N,NA,NA,NA,NA,NA,NA,NA,NA,NA,N,4,0,1,1,A,-,03,22350,NA,N,H,I,A,B,G,-,C,D,0,NA,NA,NA,NA,Y,NA,-,NA,0,0,1,0,0,0,0,0,0,-,-,NA,NA,SAN DIEGO,SAN DIEGO,-117.16380310058594,32.71577072143555
8855522,2019,2020-03-05,3711,2019-04-25,1600,7238,NA,4,5,7,3711,0,0,0,NA,0,873,COLLEGE AV,ROCK ST,20,N,N,A,-,N,NA,NA,NA,NA,NA,NA,NA,NA,NA,N,4,0,1,2,A,-,08,22107,NA,N,D,C,A,A,H,-,A,D,0,NA,NA,NA,NA,Y,NA,A,07,0,0,1,0,0,0,0,0,0,-,-,NA,NA,SAN DIEGO,SAN DIEGO,-117.06426239013672,32.75189971923828
8855534,2019,2019-05-13,3711,2019-04-29,1027,7280,NA,1,5,7,3711,0,0,0,NA,0,437,PARKSIDE AV,ANNMAR DR,180,NA,N,A,-,N,NA,NA,NA,NA,NA,NA,NA,NA,NA,Y,3,0,2,4,A,-,08,22107,NA,N,A,C,A,A,H,-,A,D,0,NA,NA,NA,NA,Y,NA,A,01,0,2,0,0,0,0,0,0,0,-,-,NA,NA,SAN DIEGO,SAN DIEGO,-117.0437469482422,32.671958923339844
8855941,2019,2019-05-20,3702,2019-04-23,1535,CV1165,NA,2,5,6,3702,0,0,0,NA,0,042,EASTLAKE PKWY,GREENSGATE DR,310,S,N,A,-,N,NA,NA,NA,NA,NA,NA,NA,NA,NA,Y,3,0,1,2,A,-,03,22350,NA,N,C,C,A,A,H,-,A,A,0,NA,NA,NA,NA,Y,NA,A,08,0,1,0,0,0,0,0,0,0,-,-,NA,NA,SAN DIEGO,CHULA VISTA,-116.96633911132813,32.644126892089844
8857159,2019,2019-05-20,3700,2019-04-24,0815,SH3079,NA,3,5,5,3713,0,0,0,NA,0,305,WEST LOS ANGELES DR,NORTH DR,0,NA,Y,A,-,N,NA,NA,NA,NA,NA,NA,NA,NA,NA,Y,4,0,1,3,A,-,03,22350,NA,N,C,C,A,A,H,-,A,D,0,NA,NA,NA,NA,Y,NA,D,22,0,0,1,0,0,0,0,0,0,-,-,NA,NA,SAN DIEGO,VISTA,-117.25153350830078,33.213111877441406
8857359,2019,2019-05-10,3711,2019-05-01,1153,SD4653,NA,3,5,7,3711,0,0,0,NA,0,313,VIEWRIDGE AV,BALBOA AV,0,NA,Y,A,-,N,NA,NA,NA,NA,NA,NA,NA,NA,NA,Y,4,0,1,1,A,-,08,22107,NA,N,E,I,A,A,H,-,A,A,0,NA,NA,NA,NA,Y,NA,A,01,0,0,1,0,0,0,0,0,0,-,-,NA,NA,SAN DIEGO,SAN DIEGO,-117.12496185302734,32.82242965698242
8857361,2019,2019-05-20,3708,2019-04-01,1810,LM1259,NA,1,5,5,3708,0,0,0,NA,0,004,FLETCHER PKWY,ALVARADO AV,66,E,N,A,-,N,NA,NA,NA,NA,NA,NA,NA,NA,NA,Y,4,0,1,1,A,-,08,22107,NA,N,E,I,A,A,H,-,A,A,0,NA,NA,NA,NA,Y,NA,A,01,0,0,1,0,0,0,0,0,0,-,-,NA,NA,SAN DIEGO,LA MESA,-117.03159332275392,32.772762298583984
8859099,2019,2019-05-21,3708,2019-04-12,1515,KM1242,NA,5,5,5,3708,0,0,0,NA,0,003,PARKWAY DR,PARKWAY DR 8000,0,NA,Y,B,-,N,NA,NA,NA,NA,NA,NA,NA,NA,NA,N,4,0,1,2,A,-,05,21650,NA,N,D,G,A,A,H,-,A,D,0,NA,Y,NA,NA,Y,NA,L,04,0,0,1,0,0,0,1,0,0,-,-,NA,NA,SAN DIEGO,LA MESA,-117.02608,32.774432
8859330,2019,2019-06-18,3711,2019-05-06,1317,7702,NA,1,5,7,3711,0,0,0,NA,0,614,SEASIDE,LARKSPUR,90,N,N,A,-,N,NA,NA,NA,NA,NA,NA,NA,NA,NA,N,3,0,1,1,A,-,03,22350,NA,N,E,I,A,A,G,-,A,D,0,NA,NA,Y,NA,Y,NA,C,03,0,1,0,0,0,0,0,0,1,-,-,NA,NA,SAN DIEGO,SAN DIEGO,-117.23760223388672,32.74955368041992
8866124,2019,2019-06-05,3709,2019-05-16,1718,NC0479,NA,4,5,5,3709,0,0,0,NA,0,023,EAST 30TH ST,I AV,119,E,N,A,-,N,NA,NA,NA,NA,NA,NA,NA,NA,NA,N,4,0,1,2,A,-,09,21801,A,N,D,C,A,A,H,-,A,D,0,NA,NA,NA,NA,Y,NA,A,07,0,0,1,0,0,0,0,0,0,-,-,NA,NA,SAN DIEGO,NATIONAL CITY,-117.08993530273438,32.65953826904297
8866128,2019,2019-06-05,3710,2019-05-02,0706,OC1358,NA,4,5,6,3710,0,0,0,NA,0,031,LAKE BL,EMERALD DR,0,NA,Y,A,-,N,NA,NA,NA,NA,NA,NA,NA,NA,NA,Y,2,0,1,1,C,-,18,NA,NA,N,E,I,A,A,H,-,A,A,0,NA,NA,NA,NA,Y,NA,-,-,1,0,0,0,0,0,0,0,0,-,-,NA,NA,SAN DIEGO,OCEANSIDE,-117.2730712890625,33.17728042602539
8868128,2019,2019-05-29,3711,2019-05-16,1344,7856,NA,4,5,7,3711,0,0,0,NA,0,613,WEST POINT LOMA BL,GROTON ST,50,E,N,A,-,N,NA,NA,NA,NA,NA,NA,NA,NA,NA,N,4,0,1,2,A,-,03,22350,NA,M,C,C,A,A,G,-,A,D,0,NA,NA,NA,NA,Y,NA,-,99,0,0,1,0,0,0,0,0,0,-,-,NA,NA,SAN DIEGO,SAN DIEGO,-117.22179412841795,32.75439453125
8868156,2019,2019-05-31,3711,2019-05-19,1720,7129,NA,7,5,7,3711,0,0,0,NA,0,431,60TH ST,UPLAND ST,3,N,N,B,-,N,NA,NA,NA,NA,NA,NA,NA,NA,NA,N,4,0,1,3,A,-,04,21703,NA,N,C,-,A,A,H,-,A,D,0,NA,NA,NA,NA,Y,NA,A,01,0,0,1,0,0,0,0,0,0,-,-,NA,NA,SAN DIEGO,SAN DIEGO,-117.06803131103516,32.72115707397461
8868181,2019,2019-05-30,3711,2019-05-18,2115,8816,NA,6,5,7,3711,0,0,0,NA,0,122,INGRAHAM ST,REED AV,120,N,N,A,-,N,NA,NA,NA,NA,NA,NA,NA,NA,NA,Y,3,0,1,3,A,-,08,22107,NA,N,C,E,A,A,H,-,C,A,0,NA,NA,NA,NA,Y,NA,A,01,0,1,0,0,0,0,0,0,0,-,-,NA,NA,SAN DIEGO,SAN DIEGO,-117.23978424072266,32.79624557495117
8868666,2019,2019-06-14,3711,2019-04-12,0350,SD7652,NA,5,5,7,3711,0,0,0,NA,0,321,FAIRMONT AV,TWAIN AV,0,NA,Y,A,-,N,NA,NA,NA,NA,NA,NA,NA,NA,NA,N,4,0,1,2,A,-,03,22350,NA,N,C,C,A,A,-,-,C,A,0,NA,NA,NA,NA,Y,NA,A,01,0,0,1,0,0,0,0,0,0,-,-,NA,NA,SAN DIEGO,SAN DIEGO,-117.10153198242188,32.78501892089844
8869213,2019,2019-06-04,3711,2019-05-11,0141,SD6415,NA,6,5,7,3711,0,0,0,NA,0,322,ZION AV,MISSION GORGE RD,500,E,N,B,-,N,NA,NA,NA,NA,NA,NA,NA,NA,NA,Y,4,0,1,2,A,-,08,22107,NA,N,B,E,A,A,H,-,C,D,0,NA,NA,NA,NA,Y,NA,A,01,0,0,1,0,0,0,0,0,0,-,-,NA,NA,SAN DIEGO,SAN DIEGO,-117.09595489501952,32.79294967651367