CASE_ID,ACCIDENT_YEAR,PROC_DATE,JURIS,COLLISION_DATE,COLLISION_TIME,OFFICER_ID,REPORTING_DISTRICT,DAY_OF_WEEK,CHP_SHIFT,POPULATION,CNTY_CITY_LOC,SPECIAL_COND,BEAT_TYPE,CHP_BEAT_TYPE,CITY_DIVISION_LAPD,CHP_BEAT_CLASS,BEAT_NUMBER,PRIMARY_RD,SECONDARY_RD,DISTANCE,DIRECTION,INTERSECTION,WEATHER_1,WEATHER_2,STATE_HWY_IND,CALTRANS_COUNTY,CALTRANS_DISTRICT,STATE_ROUTE,ROUTE_SUFFIX,POSTMILE_PREFIX,POSTMILE,LOCATION_TYPE,RAMP_INTERSECTION,SIDE_OF_HWY,TOW_AWAY,COLLISION_SEVERITY,NUMBER_KILLED,NUMBER_INJURED,PARTY_COUNT,PRIMARY_COLL_FACTOR,PCF_CODE_OF_VIOL,PCF_VIOL_CATEGORY,PCF_VIOLATION,PCF_VIOL_SUBSECTION,HIT_AND_RUN,TYPE_OF_COLLISION,MVIW,PED_ACTION,ROAD_SURFACE,ROAD_COND_1,ROAD_COND_2,LIGHTING,CONTROL_DEVICE,CHP_ROAD_TYPE,PEDESTRIAN_ACCIDENT,BICYCLE_ACCIDENT,MOTORCYCLE_ACCIDENT,TRUCK_ACCIDENT,NOT_PRIVATE_PROPERTY,ALCOHOL_INVOLVED,STWD_VEHTYPE_AT_FAULT,CHP_VEHTYPE_AT_FAULT,COUNT_SEVERE_INJ,COUNT_VISIBLE_INJ,COUNT_COMPLAINT_PAIN,COUNT_PED_KILLED,COUNT_PED_INJURED,COUNT_BICYCLIST_KILLED,COUNT_BICYCLIST_INJURED,COUNT_MC_KILLED,COUNT_MC_INJURED,PRIMARY_RAMP,SECONDARY_RAMP,LATITUDE,LONGITUDE,COUNTY,CITY,POINT_X,POINT_Y
90783742,2018,2018-08-03,9645,2018-07-24,1734,021617,NA,2,2,7,3711,0,1,1,NA,2,003,I-5 S/B,FIRST STREET O/C,140,N,N,A,-,Y,NA,NA,5,NA,NA,NA,NA,NA,S,Y,4,0,1,2,A,-,03,22350,NA,N,C,C,A,A,H,-,A,D,0,NA,NA,NA,NA,Y,NA,A,01,0,0,1,0,0,0,0,0,0,-,-,32.72367858886719,-117.16436004638672,SAN DIEGO,SAN DIEGO,-117.1644287109375,32.72359848022461
90784382,2018,2018-08-06,9650,2018-07-31,1613,019270,NA,2,2,9,3700,0,3,5,NA,1,212,LILAC RD,VALLEY CENTER RD,475,W,N,A,-,N,NA,NA,NA,NA,NA,NA,NA,NA,NA,Y,2,0,1,2,A,-,03,22350,NA,N,C,C,A,A,H,-,A,D,0,NA,NA,Y,NA,Y,NA,C,02,1,0,0,0,0,0,0,0,1,-,-,33.2222785949707,-117.03851318359376,SAN DIEGO,UNINCORPORATED,-117.03824615478516,33.22227096557617
90784564,2018,2018-08-06,9645,2018-07-18,0115,021600,NA,3,3,6,3702,0,1,1,NA,2,001,I-5 S/B,E ST. O/C,250,S,N,A,-,Y,NA,NA,NA,NA,NA,NA,NA,NA,NA,Y,4,0,2,3,A,-,03,22350,NA,N,C,C,A,A,H,-,D,D,0,NA,NA,NA,NA,Y,NA,A,01,0,0,2,0,0,0,0,0,0,-,-,32.638248443603516,-117.0094985961914,SAN DIEGO,CHULA VISTA,-117.09983825683594,32.63882827758789
90785249,2018,2018-08-06,9650,2018-08-03,1605,021406,NA,5,2,5,3712,0,1,3,NA,2,019,SR-78 E/B,NORDAHL RD,2640,W,N,A,-,Y,NA,NA,78,NA,NA,NA,NA,NA,E,Y,4,0,4,3,A,-,03,22350,NA,N,C,C,A,A,H,-,A,D,0,NA,NA,NA,NA,Y,NA,A,01,0,0,4,0,0,0,0,0,0,-,-,33.134498596191406,-117.12899780273438,SAN DIEGO,SAN MARCOS,-117.12896728515624,33.13470458984375
90786562,2018,2018-08-08,9645,2018-07-28,2354,021107,NA,6,3,7,3711,0,1,3,NA,2,006,STATE ROUTE 94 EASTBOUND,KELTON ROAD O/C,50,E,N,A,-,Y,NA,NA,94,NA,NA,NA,NA,NA,E,N,4,0,1,3,A,-,08,22107,NA,F,B,C,A,A,H,-,C,D,0,NA,NA,NA,NA,Y,NA,-,99,0,0,1,0,0,0,0,0,0,-,-,32.72420120239258,-117.07521057128906,SAN DIEGO,SAN DIEGO,-117.07524871826172,32.72425842285156
90787032,2018,2018-08-08,9650,2018-07-31,2326,018675,NA,2,3,9,3700,0,1,1,NA,2,001,I-5 S/B,U.S.B.P CHECKPOINT,6864,S,N,A,-,Y,NA,NA,5,NA,NA,NA,NA,NA,S,N,2,0,1,2,A,-,11,21954,A,N,G,B,E,A,H,-,D,D,0,Y,NA,NA,Y,Y,NA,N,60,1,0,0,0,1,0,0,0,0,-,-,33.34027099609375,-117.50849151611328,SAN DIEGO,UNINCORPORATED,-117.50845336914063,33.34031677246094
90787616,2018,2018-08-09,9645,2018-07-30,0825,016156,NA,1,1,7,3711,0,1,1,NA,2,010,I-8 W/B TO I-15 N/B,I-15,1056,E,N,A,-,Y,NA,NA,8,NA,NA,NA,R,NA,W,Y,3,0,1,1,A,-,01,23152,A,N,E,I,A,A,H,-,A,A,0,NA,NA,NA,NA,Y,Y,A,01,0,1,0,0,0,0,0,0,0,-,-,32.779361724853516,-117.10948181152344,SAN DIEGO,SAN DIEGO,-117.10948181152344,32.779361724853516
90788846,2018,2018-08-13,9650,2018-08-10,2027,021406,NA,5,2,5,3713,0,1,3,NA,2,017,SR-78 E/B,MELROSE DR,800,W,N,A,-,Y,NA,NA,78,NA,NA,NA,NA,NA,E,Y,3,0,1,2,A,-,01,23152,A,N,C,C,A,A,H,-,C,D,0,NA,NA,NA,NA,Y,Y,A,01,0,1,0,0,0,0,0,0,0,-,-,33.194091796875,-117.25813293457033,SAN DIEGO,VISTA,-117.25813293457033,33.19409942626953
90789445,2018,2018-08-13,9680,2018-08-03,0630,017996,NA,5,1,9,3700,0,1,3,NA,2,016,SR-67 NORTHBOUND,MAPLEVIEW STREET,25,S,N,A,-,Y,NA,NA,67,NA,NA,NA,NA,NA,N,N,4,0,1,2,A,-,03,22350,NA,N,C,C,A,A,H,-,A,A,0,NA,NA,NA,Y,Y,NA,F,26,0,0,1,0,0,0,0,0,0,-,-,32.86280059814453,-116.92269897460938,SAN DIEGO,UNINCORPORATED,-116.92279052734376,32.86283874511719
90789637,2018,2018-08-13,9680,2018-08-03,2200,015733,NA,5,3,9,3700,0,1,3,NA,1,090,SR-67,WYNOLA ST.,115,N,N,A,-,Y,NA,NA,67,NA,NA,NA,NA,NA,NA,Y,3,0,2,2,A,-,03,22350,NA,N,C,C,A,A,H,-,C,D,0,NA,NA,NA,NA,Y,NA,A,01,0,2,0,0,0,0,0,0,0,-,-,33.02661895751953,-116.89150238037108,SAN DIEGO,UNINCORPORATED,-116.89147186279295,33.02658462524414
9079058,2020,2020-05-21,3702,2020-02-29,2020,CV1320,NA,6,5,6,3702,0,0,0,NA,0,032,OTAY LAKES RD,LANE AV,18,W,N,A,-,N,NA,NA,NA,NA,NA,NA,NA,NA,NA,Y,4,0,1,2,A,-,09,21453,B,N,D,C,A,A,H,-,C,A,0,NA,NA,NA,NA,Y,NA,A,01,0,0,1,0,0,0,0,0,0,-,-,NA,NA,SAN DIEGO,CHULA VISTA,-116.9612274169922,32.6496467590332
9079074,2020,2020-05-21,3702,2020-02-21,1437,CV0730,NA,5,5,6,3702,0,0,0,NA,0,041,EAST PALOMAR ST,BRANDYWINE AV,60,W,N,A,-,N,NA,NA,NA,NA,NA,NA,NA,NA,NA,N,4,0,1,3,A,-,08,22107,NA,N,B,C,A,A,D,-,A,A,0,NA,NA,NA,NA,Y,NA,A,07,0,0,1,0,0,0,0,0,0,-,-,NA,NA,SAN DIEGO,CHULA VISTA,-117.02735137939452,32.61455154418945
90790997,2018,2018-08-15,9680,2018-08-04,2135,021859,NA,6,2,5,3705,0,1,1,NA,2,082,I-8 E/B,BALLANTYNE ST,155,E,N,A,-,Y,NA,NA,8,NA,NA,NA,NA,NA,E,Y,4,0,1,2,A,-,07,21658,A,N,C,C,A,A,H,-,A,D,0,NA,NA,NA,NA,Y,NA,A,01,0,0,1,0,0,0,0,0,0,-,-,32.80289840698242,-116.95755767822266,SAN DIEGO,EL CAJON,-116.95755767822266,32.80289840698242
9079289,2020,2020-09-23,3700,2020-02-22,1536,SH003,NA,6,5,4,3780,0,0,0,NA,0,423,RT 67,PLATINUM PL,2,S,N,B,-,Y,SD,11,67,-,-,14.09,H,-,N,Y,3,0,2,2,A,-,07,21658,A,N,D,C,A,B,H,-,A,D,0,NA,NA,NA,NA,Y,NA,A,01,0,2,0,0,0,0,0,0,0,-,-,NA,NA,SAN DIEGO,POWAY,-116.96227264404295,32.80324935913086
90797458,2018,2018-08-24,9645,2018-07-24,0511,014804,NA,2,3,7,3711,0,1,3,NA,2,025,SR-163 (S/B),SR-52,858,S,N,B,-,Y,NA,NA,163,NA,NA,NA,NA,NA,NA,Y,1,1,0,2,A,-,07,21658,A,N,H,G,A,A,H,-,D,A,0,NA,Y,NA,NA,Y,NA,L,04,0,0,0,0,0,1,0,0,0,-,-,32.83926010131836,-117.13545989990234,SAN DIEGO,SAN DIEGO,-117.1354522705078,32.83925247192383
90798024,2018,2018-08-27,9680,2018-08-16,1800,019910,NA,4,2,9,3700,0,2,4,NA,1,032,LA CRESTA RD,GREENFIELD DR,5808,E,N,A,-,N,NA,NA,NA,NA,NA,NA,NA,NA,NA,Y,3,0,2,1,A,-,08,22107,NA,N,F,A,A,A,H,-,A,D,0,NA,NA,NA,NA,Y,NA,A,01,0,1,1,0,0,0,0,0,0,-,-,32.81000900268555,-116.89398956298828,SAN DIEGO,UNINCORPORATED,-116.89468383789063,32.80982971191406
90798780,2018,2018-08-27,9645,2018-08-15,0708,016061,NA,3,1,7,3711,0,1,1,NA,2,021,SR-15 S/B,I-5,528,N,N,A,-,Y,NA,NA,15,NA,NA,NA,NA,NA,S,Y,4,0,1,2,A,-,03,22350,NA,N,C,C,A,A,H,-,A,D,0,NA,NA,NA,NA,Y,NA,A,01,0,0,1,0,0,0,0,0,0,-,-,32.696380615234375,-117.12127685546876,SAN DIEGO,SAN DIEGO,-117.1210479736328,32.69635772705078
90799096,2018,2018-08-27,9680,2018-08-17,1335,021237,NA,5,1,9,3700,0,2,4,NA,1,026,JAMACHA BLVD,TRACE RD,254,S,N,A,-,N,NA,NA,NA,NA,NA,NA,NA,NA,NA,N,4,0,1,3,A,-,08,22107,NA,N,B,E,A,A,H,-,A,D,0,NA,NA,NA,NA,Y,NA,A,01,0,0,1,0,0,0,0,0,0,-,-,32.73244857788086,-116.9590072631836,SAN DIEGO,UNINCORPORATED,-116.95886993408205,32.73252487182617
90799668,2018,2018-08-28,9645,2018-08-16,1717,019496,NA,4,2,7,3711,0,1,1,NA,2,021,SR-15 S/B,OCEANVIEW BLVD.,1000,S,N,A,-,Y,NA,NA,15,NA,NA,NA,NA,NA,S,Y,3,0,1,2,A,-,07,21658,A,N,B,C,A,A,H,-,A,D,0,NA,NA,Y,NA,Y,NA,A,01,0,1,0,0,0,0,0,0,1,-,-,32.69860076904297,-117.12114715576172,SAN DIEGO,SAN DIEGO,-117.1208953857422,32.6985969543457
90800229,2018,2018-08-28,9680,2018-08-19,1530,020780,NA,7,2,5,3708,0,1,1,NA,2,081,I-8 E/B,LAKE MURRAY BLVD,2640,E,N,A,-,Y,NA,NA,8,NA,NA,NA,NA,NA,E,Y,4,0,1,2,A,-,01,23152,F,N,B,C,A,A,H,-,A,D,0,NA,NA,NA,NA,Y,NA,A,01,0,0,1,0,0,0,0,0,0,-,-,32.77272033691406,-117.03893280029295,SAN DIEGO,LA MESA,-117.0389404296875,32.77275466918945
90800834,2018,2018-08-29,9680,2018-08-18,0235,020884,NA,6,3,9,3700,0,3,5,NA,2,001,JULIAN AVE,CHOISSER LN,292,W,N,A,-,N,NA,NA,NA,NA,NA,NA,NA,NA,NA,Y,3,0,1,1,A,-,01,23152,A,N,E,I,A,A,H,-,C,D,0,NA,NA,NA,NA,Y,Y,A,01,0,1,0,0,0,0,0,0,0,-,-,32.857940673828125,-116.90162658691406,SAN DIEGO,UNINCORPORATED,-116.90167236328124,32.858001708984375
90800901,2018,2018-08-29,9645,2018-08-18,1200,018393,NA,6,1,7,3711,0,1,1,NA,2,017,I-15 N/B,HILLERY DR O/C,770,S,N,A,-,Y,NA,NA,15,NA,NA,NA,NA,NA,N,Y,4,0,1,1,A,-,08,22107,NA,N,E,I,A,A,H,-,A,D,0,NA,NA,NA,NA,Y,NA,A,01,0,0,1,0,0,0,0,0,0,-,-,32.910400390625,-117.11614227294922,SAN DIEGO,SAN DIEGO,-117.11627197265624,32.910400390625
90804096,2018,2018-09-03,9650,2018-08-25,2204,019766,NA,6,3,9,3700,0,3,5,NA,2,211,MOUNTAIN MEADOW ROAD,OAK SPUR WAY,303,N,N,A,-,N,NA,NA,NA,NA,NA,NA,NA,NA,NA,Y,3,0,1,1,A,-,01,23152,A,N,F,A,A,A,H,-,C,D,0,NA,NA,NA,NA,Y,Y,A,08,0,1,0,0,0,0,0,0,0,-,-,33.212501525878906,-117.1086883544922,SAN DIEGO,UNINCORPORATED,-117.10874938964844,33.21243667602539
90804298,2018,2018-09-03,9650,2018-08-23,1420,021200,NA,4,2,9,3700,0,3,5,NA,2,230,W VIA RANCHO PARKWAY,VIA SOLANA,100,E,N,A,-,N,NA,NA,NA,NA,NA,NA,NA,NA,NA,N,3,0,1,3,A,-,03,22350,NA,N,C,C,A,A,H,-,A,D,0,NA,NA,NA,NA,Y,NA,A,08,0,1,0,0,0,0,0,0,0,-,-,33.07767105102539,-117.09786987304688,SAN DIEGO,UNINCORPORATED,-117.09757232666016,33.077606201171875
90805524,2018,2018-09-05,9650,2018-08-08,0223,018496,NA,3,3,9,3700,0,1,3,NA,2,065,SR-76,E. VISTA WAY,0,NA,Y,A,-,Y,NA,NA,76,NA,NA,NA,NA,NA,NA,Y,2,0,5,3,A,-,01,23152,G,N,D,C,A,A,H,-,C,A,0,NA,NA,NA,NA,Y,Y,A,01,2,1,2,0,0,0,0,0,0,-,-,33.257911682128906,-117.23748016357422,SAN DIEGO,UNINCORPORATED,-117.23751068115234,33.257938385009766
9080577,2020,2020-05-18,3702,2020-01-22,1650,CV1242,NA,3,5,6,3702,0,0,0,NA,0,042,OLYMPIC PKWY,WINDINGWALK ST,10,E,N,A,-,N,NA,NA,NA,NA,NA,NA,NA,NA,NA,Y,4,0,1,2,A,-,03,22350,NA,N,C,C,A,A,H,-,A,A,0,NA,NA,NA,NA,Y,NA,A,01,0,0,1,0,0,0,0,0,0,-,-,NA,NA,SAN DIEGO,CHULA VISTA,-116.95420074462892,32.6290283203125
9080601,2020,2020-07-03,3702,2020-01-19,1011,CV1322,NA,7,5,6,3702,0,0,0,NA,0,013,BROADWAY,K ST,566,S,N,A,-,N,NA,NA,NA,NA,NA,NA,NA,NA,NA,Y,3,0,1,3,A,-,08,22107,NA,N,B,E,A,A,H,-,A,D,0,NA,NA,NA,NA,Y,NA,A,07,0,1,0,0,0,0,0,0,0,-,-,NA,NA,SAN DIEGO,CHULA VISTA,-117.0848388671875,32.619117736816406
90806423,2018,2018-09-05,9645,2018-08-23,1828,020939,NA,4,2,7,3711,0,1,1,NA,2,010,I-8 E/B,MISSION CITY PKWY,900,E,N,A,-,Y,NA,NA,8,NA,NA,NA,NA,NA,E,Y,2,0,1,2,A,-,01,23152,A,F,B,C,A,A,H,-,A,D,0,NA,NA,Y,NA,Y,Y,A,01,1,0,0,0,0,0,0,0,1,-,-,32.7765998840332,-117.12149810791016,SAN DIEGO,SAN DIEGO,-117.12147521972656,32.776554107666016
90807330,2018,2018-09-06,9680,2018-08-27,1620,020780,NA,1,2,9,3700,0,2,4,NA,1,011,HWY 8 BUSINESS,LOS COCHES RD,210,W,N,A,-,N,NA,NA,NA,NA,NA,NA,NA,NA,NA,Y,3,0,1,2,A,-,03,22350,NA,N,B,C,A,A,H,-,A,D,0,NA,NA,NA,NA,Y,NA,A,01,0,1,0,0,0,0,0,0,0,-,-,32.83184814453125,-116.90602111816406,SAN DIEGO,UNINCORPORATED,-116.90391540527344,32.826316833496094
90807687,2018,2018-09-07,9645,2018-08-14,1300,019445,NA,2,1,7,3711,0,1,A,NA,2,761,4375 DERRICK DR (PARKING LOT),BALBOA ARMS DR,100,S,N,A,-,N,NA,NA,NA,NA,NA,NA,NA,NA,NA,N,4,0,1,2,B,-,22,NA,NA,F,G,B,F,A,H,-,A,D,0,Y,NA,NA,NA,Y,NA,-,99,0,0,1,0,1,0,0,0,0,-,-,32.8236198425293,-117.18267822265624,SAN DIEGO,SAN DIEGO,-117.18314361572266,32.82374954223633
90808231,2018,2018-09-07,9650,2018-09-05,1650,015868,NA,3,2,9,3700,0,1,1,NA,2,022,INTERSTATE 15 (N/B),RAINBOW VALLEY BLVD,2112,S,N,A,-,Y,NA,NA,15,NA,NA,NA,NA,NA,NA,Y,4,0,2,2,A,-,03,22350,NA,N,C,C,A,A,H,-,A,D,0,NA,NA,NA,NA,Y,NA,A,01,0,0,2,0,0,0,0,0,0,-,-,33.42679977416992,-117.14974975585938,SAN DIEGO,UNINCORPORATED,-117.149658203125,33.42669677734375
90811027,2018,2018-09-12,9680,2018-08-31,0810,017996,NA,5,1,9,3700,0,2,4,NA,1,029,SWEETWATER SPRINGS BOULEVARD,DON PICO ROAD,125,S,N,A,-,N,NA,NA,NA,NA,NA,NA,NA,NA,NA,Y,3,0,2,2,A,-,07,21658,A,N,B,C,A,A,H,-,A,D,0,NA,NA,NA,NA,Y,NA,A,01,0,2,0,0,0,0,0,0,0,-,-,32.74140167236328,-116.97229766845705,SAN DIEGO,UNINCORPORATED,-116.97238159179688,32.74115753173828
90811468,2018,2018-09-12,9645,2018-09-06,0610,016156,NA,4,1,7,3711,0,1,1,NA,2,021,SR-15 S/B,OCEAN VIEW BLVD,250,N,N,B,-,Y,NA,NA,15,NA,NA,NA,NA,NA,S,Y,4,0,1,4,A,-,03,22350,NA,N,C,C,A,A,H,-,B,D,0,NA,NA,NA,NA,Y,NA,A,07,0,0,1,0,0,0,0,0,0,-,-,32.702308654785156,-117.120849609375,SAN DIEGO,SAN DIEGO,-117.12079620361328,32.702308654785156
90812167,2018,2018-09-13,9645,2018-08-31,0812,016138,NA,5,1,7,3711,0,1,3,NA,2,006,SR-94 WESTBOUND,32ND ST. U/C,800,E,N,A,-,Y,NA,NA,94,NA,NA,NA,NA,NA,W,N,4,0,1,2,A,-,03,22350,NA,N,C,C,A,A,H,-,A,D,0,NA,NA,NA,NA,Y,NA,D,22,0,0,1,0,0,0,0,0,0,-,-,32.71635055541992,-117.12124633789063,SAN DIEGO,SAN DIEGO,-117.12123107910156,32.7162971496582
90812826,2018,2018-09-13,9680,2018-09-03,2330,021839,NA,1,3,9,3700,0,2,4,NA,1,013,WILDCAT CANYON RD,MUTH VALLEY RD,920,N,N,A,-,N,NA,NA,NA,NA,NA,NA,NA,NA,NA,Y,4,0,1,2,A,-,03,22350,NA,N,C,C,A,A,H,-,D,D,0,NA,NA,NA,NA,Y,NA,A,07,0,0,1,0,0,0,0,0,0,-,-,32.90193176269531,-116.88600158691406,SAN DIEGO,UNINCORPORATED,-116.886474609375,32.9012451171875
90816533,2018,2018-09-19,9645,2018-09-08,1834,019496,NA,6,2,6,3702,0,1,3,NA,2,031,SR-125 N/B,MT. MIGUEL RD.,1000,N,N,A,-,Y,NA,NA,125,NA,NA,NA,NA,NA,N,Y,3,0,1,1,A,-,01,23152,A,N,E,I,A,A,H,-,A,D,0,NA,NA,NA,NA,Y,Y,A,01,0,1,0,0,0,0,0,0,0,-,-,32.67789077758789,-116.98587036132813,SAN DIEGO,CHULA VISTA,-116.98594665527344,32.677860260009766
90817779,2018,2018-09-20,9645,2018-07-29,2110,021107,NA,7,2,5,3709,0,1,1,NA,2,001,INTERSTATE 5 NORTHBOUND,MILE OF CARS WAY,1300,S,N,A,-,Y,NA,NA,5,NA,NA,NA,NA,NA,N,Y,3,0,3,2,A,-,03,22350,NA,N,C,C,A,A,H,-,C,D,0,NA,NA,NA,NA,Y,NA,A,07,0,3,0,0,0,0,0,0,0,-,-,32.656490325927734,-117.10633850097656,SAN DIEGO,NATIONAL CITY,-117.10636138916016,32.65647888183594
90818135,2018,2018-09-20,9650,2018-09-17,0710,018840,NA,1,1,5,3712,0,1,3,NA,2,019,SR-78 E/B TO I-15 S/B,SR-78 E/B,1000,E,N,A,-,Y,NA,NA,NA,NA,NA,NA,NA,NA,NA,Y,4,0,2,2,A,-,03,22350,NA,N,C,C,A,A,H,-,A,D,0,NA,NA,NA,NA,Y,NA,A,07,0,0,2,0,0,0,0,0,0,-,-,33.12643814086914,-117.10846710205078,SAN DIEGO,SAN MARCOS,NA,NA
90818151,2018,2018-09-21,9650,2018-09-18,0650,018840,NA,2,1,5,3712,0,1,3,NA,2,019,SR-78 E/B,SAN MARCOS BLVD,200,W,N,A,-,Y,NA,NA,78,NA,NA,NA,NA,NA,E,Y,4,0,1,2,A,-,03,22350,NA,N,C,C,A,A,H,-,A,D,0,NA,NA,NA,NA,Y,NA,A,01,0,0,1,0,0,0,0,0,0,-,-,33.138038635253906,-117.17710876464844,SAN DIEGO,SAN MARCOS,-117.1771240234375,33.13801193237305
9082358,2020,2020-05-19,3702,2020-02-16,0845,CV1193,NA,7,5,6,3702,0,0,0,NA,0,042,HUNTE PKWY,OTAY LAKES RD,0,NA,Y,A,-,N,NA,NA,NA,NA,NA,NA,NA,NA,NA,Y,4,0,2,2,A,-,12,21453,A,N,D,C,A,A,H,-,A,A,0,NA,NA,NA,NA,Y,NA,A,01,0,0,2,0,0,0,0,0,0,-,-,NA,NA,SAN DIEGO,CHULA VISTA,-116.95089721679688,32.647308349609375
9082370,2020,2020-05-19,3702,2020-02-22,2108,CV1298,NA,6,5,6,3702,0,0,0,NA,0,012,BEACH AV,MADRONA ST,55,S,N,B,-,N,NA,NA,NA,NA,NA,NA,NA,NA,NA,N,3,0,1,3,A,-,08,22107,NA,N,B,C,E,A,H,-,C,D,0,Y,NA,NA,NA,Y,NA,A,01,0,1,0,0,1,0,0,0,0,-,-,NA,NA,SAN DIEGO,CHULA VISTA,-117.08946990966795,32.63686752319336
90824858,2018,2018-10-01,9645,2018-09-20,0650,014461,NA,4,1,7,3711,0,1,3,NA,2,014,SR-52 WESTBOUND,OAK CANYON BRIDGE,2112,W,N,A,-,Y,NA,NA,52,NA,NA,NA,NA,NA,W,N,4,0,1,2,A,-,03,22350,NA,N,C,C,A,A,H,-,A,D,0,NA,NA,NA,NA,Y,NA,A,01,0,0,1,0,0,0,0,0,0,-,-,32.85438919067383,-117.05860900878906,SAN DIEGO,SAN DIEGO,-117.05858612060548,32.854530334472656
90825751,2018,2018-10-01,9645,2018-09-25,1620,019496,NA,2,2,5,3709,0,1,3,NA,2,008,SR-54 E/B,I-805,1000,W,N,A,-,Y,NA,NA,54,NA,NA,NA,NA,NA,E,Y,4,0,1,2,A,-,03,22350,NA,N,C,C,A,A,H,-,A,D,0,NA,NA,NA,NA,Y,NA,A,01,0,0,1,0,0,0,0,0,0,-,-,32.657501220703125,-117.08220672607422,SAN DIEGO,NATIONAL CITY,-117.08223724365234,32.657588958740234
90826653,2018,2019-01-14,9645,2018-09-12,0240,017529,NA,3,3,7,3711,0,1,1,NA,2,015,I-805 NORTHBOUND,GOVERNOR DR,1954,N,N,A,-,Y,NA,NA,805,NA,NA,NA,NA,NA,N,Y,3,0,1,2,A,-,03,22350,NA,N,C,C,A,A,H,-,C,D,0,NA,NA,NA,Y,Y,NA,G,25,0,1,0,0,0,0,0,0,0,-,-,32.86280822753906,-117.18781280517578,SAN DIEGO,SAN DIEGO,-117.18798828125,32.86263656616211
90826970,2018,2018-10-02,9645,2018-08-11,0459,021107,NA,6,3,7,3711,0,1,1,NA,2,005,INTERSTATE 5 SOUTHBOUND,SEA WORLD DRIVE,1300,N,N,A,-,Y,NA,NA,5,NA,NA,NA,NA,NA,S,Y,3,0,1,1,A,-,01,23152,A,N,F,A,A,A,H,-,C,D,0,NA,NA,NA,NA,Y,Y,A,01,0,1,0,0,0,0,0,0,0,-,-,32.7735595703125,-117.20784759521484,SAN DIEGO,SAN DIEGO,-117.20770263671876,32.773597717285156
90827821,2018,2018-10-03,9650,2018-09-29,1720,021154,NA,6,2,9,3700,0,1,1,NA,2,003,I-5 S/B,HARBOR DR,850,N,N,A,-,Y,NA,NA,5,NA,NA,NA,NA,NA,S,Y,3,0,1,2,A,-,03,22350,NA,N,C,C,A,A,H,-,A,D,0,NA,NA,NA,NA,Y,NA,A,07,0,1,0,0,0,0,0,0,0,-,-,33.20981979370117,-117.38701629638672,SAN DIEGO,UNINCORPORATED,-117.38703918457033,33.209808349609375
9082794,2020,2020-07-24,3700,2020-03-26,1450,SH7085,NA,4,5,5,3713,0,0,0,NA,0,314,SOUTH SANTA FE AV,MONTE VISTA DR,0,NA,N,A,-,N,NA,NA,NA,NA,NA,NA,NA,NA,NA,Y,4,0,1,2,A,-,03,22350,NA,N,C,C,A,A,H,-,A,A,0,NA,NA,NA,NA,Y,NA,A,01,0,0,1,0,0,0,0,0,0,-,-,NA,NA,SAN DIEGO,VISTA,-117.22714233398438,33.19002914428711
90828380,2018,2018-10-04,9645,2018-09-21,0116,019410,NA,5,3,7,3711,0,1,1,NA,2,010,I-8 E/B,COLLEGE AVE. O/C,48,W,N,A,-,Y,NA,NA,8,NA,NA,NA,NA,NA,E,Y,3,0,1,1,A,-,08,22107,NA,N,E,I,A,A,H,-,C,D,0,NA,NA,NA,NA,Y,NA,A,01,0,1,0,0,0,0,0,0,0,-,-,32.77919006347656,-117.06671142578124,SAN DIEGO,SAN DIEGO,-117.06671905517578,32.77932357788086
90828702,2018,2018-10-04,9645,2018-09-26,1230,013111,NA,3,1,7,3711,0,1,1,NA,2,019,I-15 NORTHBOUND,WEST BERNARDO DRIVE,1621,S,N,A,-,Y,NA,NA,15,NA,NA,NA,NA,NA,N,Y,2,0,1,2,A,-,03,22350,NA,N,C,C,A,A,H,-,A,D,0,NA,NA,NA,Y,Y,NA,F,26,1,0,0,0,0,0,0,0,0,-,-,33.05120086669922,-117.07251739501952,SAN DIEGO,SAN DIEGO,-117.07279205322266,33.05122756958008
9082888,2020,2020-07-07,3708,2020-03-11,1117,LM1206,NA,3,5,5,3708,0,0,0,NA,0,002,FLETCHER PKWY,FLETCHER PKWY 8125,0,NA,N,A,-,N,NA,NA,NA,NA,NA,NA,NA,NA,NA,N,4,0,1,2,B,-,22,NA,NA,N,C,B,F,A,H,-,A,D,0,Y,NA,NA,NA,Y,NA,A,01,0,0,1,0,1,0,0,0,0,-,-,NA,NA,SAN DIEGO,LA MESA,NA,NA