CASE_ID,ACCIDENT_YEAR,PROC_DATE,JURIS,COLLISION_DATE,COLLISION_TIME,OFFICER_ID,REPORTING_DISTRICT,DAY_OF_WEEK,CHP_SHIFT,POPULATION,CNTY_CITY_LOC,SPECIAL_COND,BEAT_TYPE,CHP_BEAT_TYPE,CITY_DIVISION_LAPD,CHP_BEAT_CLASS,BEAT_NUMBER,PRIMARY_RD,SECONDARY_RD,DISTANCE,DIRECTION,INTERSECTION,WEATHER_1,WEATHER_2,STATE_HWY_IND,CALTRANS_COUNTY,CALTRANS_DISTRICT,STATE_ROUTE,ROUTE_SUFFIX,POSTMILE_PREFIX,POSTMILE,LOCATION_TYPE,RAMP_INTERSECTION,SIDE_OF_HWY,TOW_AWAY,COLLISION_SEVERITY,NUMBER_KILLED,NUMBER_INJURED,PARTY_COUNT,PRIMARY_COLL_FACTOR,PCF_CODE_OF_VIOL,PCF_VIOL_CATEGORY,PCF_VIOLATION,PCF_VIOL_SUBSECTION,HIT_AND_RUN,TYPE_OF_COLLISION,MVIW,PED_ACTION,ROAD_SURFACE,ROAD_COND_1,ROAD_COND_2,LIGHTING,CONTROL_DEVICE,CHP_ROAD_TYPE,PEDESTRIAN_ACCIDENT,BICYCLE_ACCIDENT,MOTORCYCLE_ACCIDENT,TRUCK_ACCIDENT,NOT_PRIVATE_PROPERTY,ALCOHOL_INVOLVED,STWD_VEHTYPE_AT_FAULT,CHP_VEHTYPE_AT_FAULT,COUNT_SEVERE_INJ,COUNT_VISIBLE_INJ,COUNT_COMPLAINT_PAIN,COUNT_PED_KILLED,COUNT_PED_INJURED,COUNT_BICYCLIST_KILLED,COUNT_BICYCLIST_INJURED,COUNT_MC_KILLED,COUNT_MC_INJURED,PRIMARY_RAMP,SECONDARY_RAMP,LATITUDE,LONGITUDE,COUNTY,CITY,POINT_X,POINT_Y
91441107,2021,2021-06-15,9650,2021-03-02,0648,015080,NA,2,1,9,3700,0,1,1,NA,2,001,I-5 S/B,U.S.B.P. CHECKPOINT,1716,N,N,A,-,Y,NA,NA,5,NA,NA,NA,NA,NA,S,Y,1,1,7,5,A,-,04,21703,NA,N,C,C,A,A,H,-,A,A,0,NA,NA,NA,Y,Y,NA,G,25,1,5,1,0,0,0,0,0,0,-,-,33.35554122924805,-117.53015899658205,SAN DIEGO,UNINCORPORATED,-117.53013610839844,33.35557174682617
91442684,2021,2021-04-05,9650,2021-03-28,1625,018496,NA,7,2,9,3700,0,3,5,NA,1,212,CAMINO DEL REY,OLD HWY 395,0,NA,Y,A,-,N,NA,NA,NA,NA,NA,NA,NA,NA,NA,Y,4,0,1,1,A,-,01,23152,G,N,E,I,A,A,H,-,A,D,0,NA,NA,NA,NA,Y,Y,D,22,0,0,1,0,0,0,0,0,0,-,-,33.26673126220703,-117.1568603515625,SAN DIEGO,UNINCORPORATED,-117.15693,33.26663
91443919,2021,2021-04-06,9645,2021-03-29,1610,017104,NA,1,2,7,3711,0,1,1,NA,2,019,I-15 N/B (ESCONDIDO FREEWAY),DUENDA ROAD,2000,N,N,A,-,Y,NA,NA,NA,NA,NA,NA,NA,NA,NA,N,4,0,1,2,A,-,03,22350,NA,F,C,C,A,A,H,-,A,D,0,NA,NA,NA,NA,Y,NA,A,01,0,0,1,0,0,0,0,0,0,-,-,33.02170181274414,-117.04309844970705,SAN DIEGO,SAN DIEGO,-117.07787322998048,33.03289794921875
91445521,2021,2021-04-07,9680,2021-03-27,1240,015733,NA,6,1,9,3700,0,1,3,NA,1,090,SR-67 (MAIN ST.),JULIAN ST.,258,N,N,A,-,Y,NA,NA,67,NA,NA,NA,NA,NA,NA,Y,3,0,3,3,A,-,03,22350,NA,N,C,C,A,A,H,-,A,D,0,NA,NA,NA,NA,Y,NA,A,01,0,1,2,0,0,0,0,0,0,-,-,33.0313606262207,-116.88536071777344,SAN DIEGO,UNINCORPORATED,-116.8853759765625,33.0313835144043
91446320,2021,2021-04-08,9680,2021-03-28,1750,021441,NA,7,2,5,3705,0,1,1,NA,2,082,I-8 E/B,W. MAIN ST.,1584,E,N,A,-,Y,NA,NA,8,NA,NA,NA,NA,NA,E,N,4,0,1,2,A,-,07,21658,A,N,B,C,A,A,H,-,A,D,0,NA,NA,NA,NA,Y,NA,-,-,0,0,1,0,0,0,0,0,0,-,-,32.798500061035156,-116.97640228271484,SAN DIEGO,EL CAJON,-116.97643280029295,32.79851150512695
91446574,2020,2021-04-08,9645,2020-11-07,0735,018095,NA,6,1,7,3711,0,1,1,NA,2,019,INTERSTATE 15 SOUTHBOUND,CARMEL MTN RD. O/C,2904,N,N,C,-,Y,NA,NA,15,NA,NA,NA,NA,NA,S,Y,1,1,0,2,A,-,08,22107,NA,N,E,I,A,B,H,-,A,D,0,NA,NA,NA,Y,Y,NA,A,01,0,0,0,0,0,0,0,0,0,-,-,32.98672103881836,-117.08291625976563,SAN DIEGO,SAN DIEGO,-117.0829620361328,32.986724853515625
91447307,2021,2021-04-09,9680,2021-03-29,1942,022021,NA,1,2,5,3781,0,1,3,NA,2,028,SR-125 NORTHBOUND,MISSION GORGE ROAD,30,S,N,A,-,Y,NA,NA,125,NA,NA,NA,NA,NA,N,N,4,0,1,2,A,-,03,22350,NA,F,C,C,A,A,H,-,C,A,0,NA,NA,NA,NA,Y,NA,A,01,0,0,1,0,0,0,0,0,0,-,-,32.83829879760742,-117.00321197509766,SAN DIEGO,SANTEE,-117.003173828125,32.83830261230469
91448509,2021,2021-04-12,9645,2021-04-09,1300,018393,NA,5,1,7,3711,0,1,1,NA,2,021,MAIN ST TO SR-15 N/B,I-5 S/B O/C,150,W,N,A,-,Y,NA,NA,NA,NA,NA,NA,NA,NA,NA,N,4,0,1,2,A,-,03,22350,NA,N,C,C,A,A,H,-,A,D,0,NA,NA,NA,NA,Y,NA,D,22,0,0,1,0,0,0,0,0,0,-,-,32.69234085083008,-117.12181854248048,SAN DIEGO,SAN DIEGO,-117.11177825927734,32.682987213134766
91450083,2021,2021-04-14,9645,2021-02-15,0100,021237,NA,1,3,7,3711,0,1,1,NA,2,019,I-15 S/B,TED WILLIAMS PARKWAY,437,N,N,A,-,Y,NA,NA,15,NA,NA,NA,NA,NA,S,Y,4,0,1,2,A,-,01,23152,A,N,C,C,A,A,H,-,C,D,0,NA,NA,NA,Y,Y,Y,D,22,0,0,1,0,0,0,0,0,0,-,-,32.96588134765625,-117.09497833251952,SAN DIEGO,SAN DIEGO,-117.09486389160156,32.96580505371094
91452160,2021,2021-04-16,9680,2021-04-06,1610,020249,NA,2,2,9,3700,0,2,4,NA,1,095,VISTA VICENTE DRIVE,SAN VICENTE ROAD,0,NA,Y,A,-,N,NA,NA,NA,NA,NA,NA,NA,NA,NA,Y,4,0,2,2,A,-,09,21802,A,N,D,C,A,A,H,-,A,A,0,NA,NA,NA,NA,Y,NA,A,07,0,0,2,0,0,0,0,0,0,-,-,33.00556182861328,-116.81922149658205,SAN DIEGO,UNINCORPORATED,-116.81922149658205,33.005645751953125
9145263,2020,2020-10-13,3701,2020-08-24,1657,CB5523,007,1,5,5,3701,0,0,0,NA,0,003,CARLSBAD VILLAGE DR,PIO PICO DR,65,E,N,A,-,N,NA,NA,NA,NA,NA,NA,NA,NA,NA,Y,3,0,1,3,A,-,03,22350,NA,N,C,C,A,A,H,-,A,A,0,NA,NA,NA,NA,Y,NA,A,01,0,1,0,0,0,0,0,0,0,-,-,NA,NA,SAN DIEGO,CARLSBAD,-117.34089660644533,33.164093017578125
91453274,2021,2021-04-19,9680,2021-01-31,1845,021501,NA,7,2,9,3700,0,1,3,NA,1,051,SR-79,AGUANGA RANCHOS ROAD,10560,S,N,A,-,Y,NA,NA,79,NA,NA,NA,NA,NA,NA,Y,2,0,2,3,A,-,17,21711,NA,N,B,C,A,A,H,-,D,D,0,NA,NA,NA,NA,Y,NA,D,22,1,1,0,0,0,0,0,0,0,-,-,33.409358978271484,-116.81619262695313,SAN DIEGO,UNINCORPORATED,-116.81619262695313,33.40935516357422
9146005,2020,2020-09-21,3710,2020-07-18,0503,OC1485,NA,6,5,6,3710,0,0,0,NA,0,005,NORTH COAST HWY,HARBOR DR,249,S,N,A,-,N,NA,NA,NA,NA,NA,NA,NA,NA,NA,Y,2,0,2,1,A,-,03,22350,NA,N,E,I,A,A,H,-,C,D,0,NA,NA,NA,NA,Y,NA,A,01,1,0,1,0,0,0,0,0,0,-,-,NA,NA,SAN DIEGO,OCEANSIDE,-117.38753509521484,33.209503173828125
91460713,2021,2021-04-28,9680,2021-04-18,1035,022554,NA,7,1,9,3700,0,1,3,NA,1,052,SR-78,BARNETT DR.,148,W,N,A,-,Y,NA,NA,78,NA,NA,NA,NA,NA,NA,Y,3,0,1,3,A,-,03,22350,NA,N,C,C,A,A,H,-,A,D,0,NA,NA,NA,NA,Y,NA,A,01,0,1,0,0,0,0,0,0,0,-,-,33.05794906616211,-116.81720733642578,SAN DIEGO,UNINCORPORATED,-116.81719207763672,33.05792999267578
9146131,2020,2020-10-09,3711,2020-08-22,0050,SD7799,NA,6,5,7,3711,0,0,0,NA,0,614,VOLTAIRE ST,BACON ST,0,NA,Y,A,-,N,NA,NA,NA,NA,NA,NA,NA,NA,NA,N,3,0,1,1,A,-,17,21208,B,N,H,A,A,A,H,-,C,D,0,NA,Y,NA,NA,Y,NA,L,04,0,1,0,0,0,0,1,0,0,-,-,NA,NA,SAN DIEGO,SAN DIEGO,-117.24659729003906,32.75202178955078
91464094,2021,2021-05-03,9645,2021-05-01,1325,020165,NA,6,1,7,3711,0,1,1,NA,2,013,I-805 N/B,MISSION CENTER ROAD U/C,1000,N,N,A,-,Y,NA,NA,805,NA,NA,NA,NA,NA,N,N,4,0,2,2,A,-,03,22350,NA,N,C,C,A,A,H,-,A,D,0,NA,NA,NA,NA,Y,NA,A,07,0,0,2,0,0,0,0,0,0,-,-,32.792720794677734,-117.14942169189452,SAN DIEGO,SAN DIEGO,-117.14954376220705,32.79270553588867
9146448,2020,2020-10-10,3710,2020-08-03,1930,OC0873,NA,1,5,6,3710,0,0,0,NA,0,018,AVENIDA DESCANSO,NORTH RIVER RD,200,N,N,A,-,N,NA,NA,NA,NA,NA,NA,NA,NA,NA,N,4,0,1,2,A,-,17,22109,NA,N,C,C,A,A,H,-,C,D,0,NA,NA,NA,NA,Y,NA,A,01,0,0,1,0,0,0,0,0,0,-,-,NA,NA,SAN DIEGO,OCEANSIDE,-117.31459808349608,33.245849609375
9146679,2020,2020-10-19,3711,2020-08-24,2221,SD6213,NA,1,5,7,3711,0,0,0,NA,0,445,MARKET ST,47TH ST,30,W,N,A,-,N,NA,NA,NA,NA,NA,NA,NA,NA,NA,Y,4,0,3,2,A,-,12,21453,A,N,A,C,A,A,H,-,C,A,0,NA,NA,NA,NA,Y,NA,A,07,0,0,3,0,0,0,0,0,0,-,-,NA,NA,SAN DIEGO,SAN DIEGO,-117.09369659423828,32.711429595947266
91468157,2021,2021-05-07,9645,2021-05-03,0620,018697,NA,1,1,7,3711,0,3,5,NA,2,222,SR-905 (W/B),US / MEXICO BORDER,20,N,N,A,-,Y,NA,NA,NA,NA,NA,NA,NA,NA,NA,N,4,0,1,3,A,-,17,21701,NA,N,C,C,E,A,H,-,A,D,0,Y,NA,NA,NA,Y,NA,N,60,0,0,1,0,0,0,0,0,0,-,-,32.550209045410156,-117.93856811523438,SAN DIEGO,SAN DIEGO,NA,NA
91468959,2021,2021-05-10,9650,2021-05-04,0335,021992,NA,2,3,9,3700,0,2,4,NA,1,027,VALLEY CENTER ROAD,SUNDAY DR,500,N,N,A,-,N,NA,NA,NA,NA,NA,NA,NA,NA,NA,Y,4,0,1,1,A,-,08,22107,NA,N,E,I,A,A,H,-,D,D,0,NA,NA,NA,NA,Y,NA,A,01,0,0,1,0,0,0,0,0,0,-,-,33.2157096862793,-117.03366088867188,SAN DIEGO,UNINCORPORATED,-117.03343963623048,33.216129302978516
9147152,2020,2020-10-22,3711,2020-08-25,1809,SD7710,NA,2,5,7,3711,0,0,0,NA,0,445,SOUTH EUCLID AV,MARKET ST,0,NA,Y,A,-,N,NA,NA,NA,NA,NA,NA,NA,NA,NA,N,4,0,1,2,A,-,12,21453,A,N,D,C,A,A,H,-,A,A,0,NA,NA,NA,NA,Y,NA,A,01,0,0,1,0,0,0,0,0,0,-,-,NA,NA,SAN DIEGO,SAN DIEGO,-117.08502960205078,32.7104606628418
91471967,2021,2021-05-12,9680,2021-05-02,1400,021353,NA,7,2,4,3720,0,1,3,NA,2,027,SR-94 W/B,MASSACHUSETTS AVE,1180,E,N,A,-,Y,NA,NA,94,NA,NA,NA,NA,NA,W,Y,4,0,1,3,A,-,07,21658,A,N,C,C,A,A,H,-,A,D,0,NA,NA,NA,NA,Y,NA,A,01,0,0,1,0,0,0,0,0,0,-,-,32.744930267333984,-117.03888702392578,SAN DIEGO,LEMON GROVE,-117.03888702392578,32.74482727050781
91472619,2021,2021-05-13,9645,2021-05-07,1425,017499,NA,5,2,9,3700,0,3,5,NA,2,018,OTAY MOUNTAIN TRUCK TRAIL,ALTA RD,16896,E,N,A,-,N,NA,NA,NA,NA,NA,NA,NA,NA,NA,N,3,0,1,2,A,-,05,21650,NA,N,B,C,A,A,H,-,A,D,0,NA,NA,Y,NA,Y,NA,J,48,0,1,0,0,0,0,0,0,1,-,-,32.57225036621094,-116.864990234375,SAN DIEGO,UNINCORPORATED,-116.87882995605467,32.575828552246094
91473318,2021,2021-05-14,9650,2021-05-06,2125,019490,NA,4,2,6,3706,0,1,1,NA,2,023,I-15 S/B,CITRACADO PKY,1584,S,N,A,-,Y,NA,NA,15,NA,NA,NA,NA,NA,S,Y,3,0,2,2,A,-,01,23152,A,N,B,C,A,A,H,-,C,D,0,NA,NA,NA,NA,Y,Y,D,22,0,1,1,0,0,0,0,0,0,-,-,33.08863067626953,-117.07887268066406,SAN DIEGO,ESCONDIDO,-117.07886505126952,33.0886344909668
91474497,2021,2021-05-17,9645,2021-05-14,1145,015270,NA,5,1,7,3711,0,1,1,NA,2,019,I-15 SB TO RANCHO BERNARDO ROAD,RANCHO BERNARDO ROAD,60,N,N,A,-,Y,NA,NA,15,NA,NA,NA,R,NA,S,N,4,0,1,3,A,-,03,22350,NA,N,C,C,A,A,H,-,A,A,0,NA,NA,NA,NA,Y,NA,A,01,0,0,1,0,0,0,0,0,0,-,-,33.023780822753906,-117.08045196533205,SAN DIEGO,SAN DIEGO,-117.08045196533205,33.023780822753906
91475503,2021,2021-05-18,9680,2021-05-06,0554,018672,NA,4,3,9,3700,0,1,3,NA,1,052,STATE ROUTE 78,SPRINGVIEW ROAD,1584,W,N,A,-,Y,NA,NA,78,NA,NA,NA,NA,NA,NA,Y,4,0,1,1,A,-,08,22107,NA,N,E,I,A,A,H,-,A,D,0,NA,NA,NA,NA,Y,NA,A,01,0,0,1,0,0,0,0,0,0,-,-,33.10567092895508,-116.6550521850586,SAN DIEGO,UNINCORPORATED,-116.65505981445313,33.105594635009766
91476528,2021,2021-05-19,9645,2021-05-16,0518,021077,NA,7,3,7,3711,0,1,1,NA,2,010,I-8 E/B,MISSION CITY PKWY,25,W,N,A,-,Y,NA,NA,8,NA,NA,NA,NA,NA,E,Y,3,0,1,2,A,-,03,22350,NA,N,D,C,A,A,H,-,C,D,0,NA,NA,NA,NA,Y,NA,A,01,0,1,0,0,0,0,0,0,0,-,-,32.77473831176758,-117.12458038330078,SAN DIEGO,SAN DIEGO,-117.12462615966795,32.77482986450195
9147711,2020,2020-10-21,3700,2020-08-20,1042,SH2659,NA,4,5,5,3712,0,0,0,NA,0,354,NORDAHL RD,CENTER DR,336,S,N,A,-,N,NA,NA,NA,NA,NA,NA,NA,NA,NA,Y,3,0,1,3,A,-,12,21453,A,N,D,C,A,A,H,-,A,A,0,NA,NA,NA,NA,Y,NA,A,01,0,1,0,0,0,0,0,0,0,-,-,NA,NA,SAN DIEGO,SAN MARCOS,-117.1211166381836,33.13277053833008
91478047,2021,2021-05-20,9680,2021-05-10,2255,017996,NA,1,3,5,3705,0,1,1,NA,2,081,I-8 WESTBOUND,W. MAIN STREET,100,E,N,A,-,Y,NA,NA,8,NA,NA,NA,NA,NA,W,Y,4,0,2,2,A,-,03,22350,NA,N,C,C,A,A,H,-,C,D,0,NA,NA,NA,NA,Y,NA,A,01,0,0,2,0,0,0,0,0,0,-,-,32.7953987121582,-116.97730255126952,SAN DIEGO,EL CAJON,-116.9772491455078,32.79539108276367
91482439,2021,2021-05-27,9645,2021-05-22,1113,017717,NA,6,1,7,3711,0,1,1,NA,2,003,I-5 N/B,PARK BL,10,S,N,B,-,Y,NA,NA,5,NA,NA,NA,NA,NA,N,Y,3,0,1,3,A,-,08,22107,NA,N,B,C,A,A,H,-,A,D,0,NA,NA,Y,NA,Y,NA,C,02,0,1,0,0,0,0,0,0,1,-,-,32.72412872314453,-117.1510772705078,SAN DIEGO,SAN DIEGO,-117.15109252929688,32.724098205566406
91482831,2021,2021-05-27,9680,2021-05-17,0735,015877,NA,1,1,5,3708,0,1,1,NA,2,081,I-8 W/B,GROSSMONT BLVD.,200,E,N,B,-,Y,NA,NA,8,NA,NA,NA,NA,NA,W,Y,3,0,2,4,A,-,03,22350,NA,N,C,C,A,A,H,-,A,D,0,NA,NA,NA,NA,Y,NA,A,07,0,2,0,0,0,0,0,0,0,-,-,32.779178619384766,-116.98973083496094,SAN DIEGO,LA MESA,-116.98973083496094,32.77919006347656
91488733,2021,2021-06-03,9680,2021-05-21,1440,022030,NA,5,2,9,3700,0,2,4,NA,1,026,JAMACHA BLVD,SWEETWATER RD,528,E,N,A,-,N,NA,NA,NA,NA,NA,NA,NA,NA,NA,N,3,0,1,2,A,-,08,22101,D,N,D,C,A,A,H,-,A,A,0,NA,NA,Y,NA,Y,NA,C,06,0,1,0,0,0,0,0,0,1,-,-,32.7064094543457,-117.00894165039063,SAN DIEGO,UNINCORPORATED,-117.00912475585938,32.70625305175781
91491230,2021,2021-06-07,9645,2021-05-24,1909,020992,NA,1,2,6,3702,0,1,1,NA,2,001,I-5 SOUTHBOUND,L STREET,300,S,N,A,-,Y,NA,NA,5,NA,NA,NA,NA,NA,S,Y,3,0,1,1,A,-,08,22107,NA,N,F,A,A,A,H,-,A,D,0,NA,NA,NA,NA,Y,NA,A,01,0,1,0,0,0,0,0,0,0,-,-,32.61172103881836,-117.09095001220705,SAN DIEGO,CHULA VISTA,-117.09095764160156,32.61172103881836
91491744,2021,2021-06-08,9645,2021-05-22,1200,017678,NA,6,1,7,3711,0,1,1,NA,2,010,I-8 WESTBOUND,MISSION GORGE ROAD,300,E,N,A,-,Y,NA,NA,8,NA,NA,NA,NA,NA,W,N,4,0,2,2,A,-,08,22107,NA,N,B,C,A,A,H,-,A,D,0,NA,NA,NA,NA,Y,NA,A,07,0,0,2,0,0,0,0,0,0,-,-,32.78023910522461,-117.09638214111328,SAN DIEGO,SAN DIEGO,-117.09634399414063,32.780025482177734
91492666,2021,2021-06-09,9650,2021-05-29,1944,021584,NA,6,2,9,3700,0,1,3,NA,1,028,RT 76,MAGEE ROAD,103,W,N,A,-,Y,NA,NA,76,NA,NA,NA,NA,NA,NA,Y,3,0,2,2,A,-,03,22350,NA,N,C,C,A,A,H,-,D,D,0,NA,NA,NA,NA,Y,NA,A,01,0,1,1,0,0,0,0,0,0,-,-,33.36381912231445,-117.05792999267578,SAN DIEGO,UNINCORPORATED,-117.05792999267578,33.363765716552734
91493069,2021,2021-06-09,9645,2021-06-08,1648,020165,NA,2,2,7,3711,0,1,1,NA,2,021,SR-15 S/B FROM UNIVERSTIY AVENUE,UNIVERSITY AVENUE,200,S,N,A,-,Y,NA,NA,15,NA,NA,NA,R,NA,S,Y,3,0,1,2,A,-,03,22350,NA,N,C,D,A,A,H,-,A,D,0,NA,NA,NA,NA,Y,NA,A,01,0,1,0,0,0,0,0,0,0,-,-,32.74898147583008,-117.10929107666016,SAN DIEGO,SAN DIEGO,-117.10929107666016,32.74898147583008
91493097,2021,2021-06-09,9680,2021-05-28,1900,021994,NA,5,2,9,3700,0,3,5,NA,2,004,BARRETT LAKE ROAD,STATE ROUTE 94 (CAMPO ROAD),2640,N,N,A,-,N,NA,NA,NA,NA,NA,NA,NA,NA,NA,Y,4,0,1,1,A,-,03,22350,NA,N,F,A,A,A,H,-,A,A,0,NA,NA,NA,NA,Y,NA,D,22,0,0,1,0,0,0,0,0,0,-,-,32.61587142944336,-116.69914245605467,SAN DIEGO,UNINCORPORATED,-116.70005035400392,32.61530685424805
91495997,2021,2021-06-14,9645,2021-06-01,2250,021494,NA,2,3,6,3702,0,1,1,NA,2,009,I-805 S/B,EAST J ST.,550,N,N,A,-,Y,NA,NA,805,NA,NA,NA,NA,NA,S,Y,3,0,1,2,A,-,01,23152,A,N,C,C,A,A,H,-,C,D,0,NA,NA,NA,Y,Y,Y,A,07,0,1,0,0,0,0,0,0,0,-,-,32.635658264160156,-117.04828643798828,SAN DIEGO,CHULA VISTA,-117.04833984375,32.635597229003906
91497013,2021,2021-06-15,9650,2021-06-05,1130,019227,NA,6,1,5,3712,0,1,3,NA,2,019,SR-78 W/B,MISSION AVE.,200,W,N,A,-,Y,NA,NA,78,NA,NA,NA,NA,NA,W,Y,4,0,1,2,A,-,03,22350,NA,N,C,C,A,A,H,-,A,D,0,NA,NA,NA,NA,Y,NA,A,01,0,0,1,0,0,0,0,0,0,-,-,33.13494873046875,-117.12954711914063,SAN DIEGO,SAN MARCOS,-117.12953948974608,33.1349983215332
91497821,2021,2021-06-15,9680,2021-06-03,0715,015983,NA,4,1,9,3700,0,1,1,NA,2,085,I-8 WESTBOUND,SR-79,1584,E,N,A,-,Y,NA,NA,8,NA,NA,NA,NA,NA,W,Y,4,0,1,2,A,-,08,22107,NA,F,B,C,A,A,H,-,A,D,0,NA,NA,NA,NA,Y,NA,A,01,0,0,1,0,0,0,0,0,0,-,-,32.82453918457031,-116.61988830566406,SAN DIEGO,UNINCORPORATED,-116.6198959350586,32.82451248168945
91498515,2021,2021-08-26,9645,2021-06-10,0714,016138,NA,4,1,7,3711,0,1,1,NA,2,017,I-15 NORTHBOUND,H AVENUE,1260,S,N,A,-,Y,NA,NA,15,NA,NA,NA,NA,NA,N,Y,3,0,3,5,A,-,03,22350,NA,N,C,C,A,A,H,-,A,D,0,NA,NA,NA,NA,Y,NA,D,22,0,3,0,0,0,0,0,0,0,-,-,32.85176086425781,-117.11547088623048,SAN DIEGO,SAN DIEGO,-117.11548614501952,32.85176467895508
91499666,2021,2021-06-17,9650,2021-06-09,1700,021584,NA,3,2,9,3700,0,1,1,NA,2,005,I-5 N/B,LA COSTA AVENUE,528,N,N,A,-,Y,NA,NA,NA,NA,NA,NA,NA,NA,NA,Y,3,0,1,3,A,-,03,22350,NA,N,C,C,A,A,H,-,A,D,0,NA,NA,NA,NA,Y,NA,D,22,0,1,0,0,0,0,0,0,0,-,-,33.0860481262207,-117.29940032958984,SAN DIEGO,UNINCORPORATED,-117.29875946044922,33.085540771484375
91500271,2021,2021-06-18,9650,2021-06-09,2200,021698,NA,3,3,9,3700,0,2,4,NA,2,061,S. MISSION RD,GREEN CANYON RD,273,N,N,A,-,N,NA,NA,NA,NA,NA,NA,NA,NA,NA,Y,2,0,1,1,A,-,01,23152,A,N,E,I,A,A,H,-,D,D,0,NA,NA,NA,NA,Y,Y,D,22,1,0,0,0,0,0,0,0,0,-,-,33.3338508605957,-117.23609161376952,SAN DIEGO,UNINCORPORATED,-117.23611450195313,33.333740234375
91501472,2021,2021-06-21,9650,2021-06-18,1225,013636,NA,5,1,3,3783,0,1,1,NA,2,007,I-5 N/B,VIA DE LA VALLE,1320,N,N,A,-,Y,NA,NA,5,NA,NA,NA,NA,NA,N,N,4,0,2,2,A,-,03,22350,NA,N,C,C,A,A,H,-,A,D,0,NA,NA,NA,NA,Y,NA,A,01,0,0,2,0,0,0,0,0,0,-,-,32.98366165161133,-117.25434112548828,SAN DIEGO,SOLANA BEACH,-117.25436401367188,32.98365020751953
91501642,2021,2021-06-21,9645,2021-06-11,1805,020180,NA,5,2,7,3711,0,1,1,NA,2,021,SR-15 S/B,MYRTLE AVE,2006,S,N,A,-,Y,NA,NA,15,NA,NA,NA,NA,NA,S,N,4,0,1,2,A,-,04,21703,NA,N,C,C,A,A,H,-,A,D,0,NA,NA,NA,NA,Y,NA,A,01,0,0,1,0,0,0,0,0,0,-,-,32.73699951171875,-117.11351776123048,SAN DIEGO,SAN DIEGO,-117.1135482788086,32.73698806762695
91502059,2021,2021-06-21,9645,2021-06-18,2310,021697,NA,5,3,7,3711,0,1,1,NA,2,003,I-5 S/B,SIXTH AVE. O/C,32,S,N,A,-,Y,NA,NA,5,NA,NA,NA,NA,NA,S,Y,3,0,1,2,A,-,03,22350,NA,N,C,C,A,A,H,-,D,D,0,NA,NA,NA,NA,Y,NA,A,01,0,1,0,0,0,0,0,0,0,-,-,32.72296905517578,-117.15923309326172,SAN DIEGO,SAN DIEGO,-117.15924072265624,32.72300338745117
91505125,2021,2021-06-24,9650,2021-05-06,1035,016997,NA,4,1,9,3700,0,3,5,NA,2,070,EL CAMINO REAL (16800 BLOCK),LOS MORROS,225,N,N,A,-,N,NA,NA,NA,NA,NA,NA,NA,NA,NA,Y,2,0,2,2,A,-,06,21750,NA,N,B,C,A,A,H,-,A,D,0,NA,NA,NA,NA,Y,NA,A,01,2,0,0,0,0,0,0,0,0,-,-,33.01784133911133,-117.24017333984376,SAN DIEGO,UNINCORPORATED,-117.23975372314452,33.017425537109375
91505702,2021,2021-06-24,9645,2021-06-11,1810,017104,NA,5,2,9,3700,0,3,5,NA,2,024,10514 CRAFTSMAN WAY,RANCHO BERNARDO ROAD,73,S,N,A,-,N,NA,NA,NA,NA,NA,NA,NA,NA,NA,N,2,0,1,2,B,-,22,NA,NA,N,G,B,D,A,H,-,A,D,0,Y,NA,NA,NA,Y,NA,A,07,1,0,0,0,1,0,0,0,0,-,-,33.01150131225586,-117.06439971923828,SAN DIEGO,UNINCORPORATED,-117.11880493164063,33.02096176147461
91508276,2021,2021-06-28,9680,2021-04-30,1720,021901,NA,5,2,9,3700,0,1,3,NA,1,052,SR-78,RANCHO VISTA DR.,600,E,N,A,-,Y,NA,NA,78,NA,NA,NA,NA,NA,NA,Y,3,0,1,2,A,-,05,21460,A,F,F,A,A,A,H,-,A,D,0,NA,NA,NA,NA,Y,NA,A,01,0,1,0,0,0,0,0,0,0,-,-,33.04861068725586,-116.82237243652344,SAN DIEGO,UNINCORPORATED,-116.82234954833984,33.04855728149414