CASE_ID,ACCIDENT_YEAR,PROC_DATE,JURIS,COLLISION_DATE,COLLISION_TIME,OFFICER_ID,REPORTING_DISTRICT,DAY_OF_WEEK,CHP_SHIFT,POPULATION,CNTY_CITY_LOC,SPECIAL_COND,BEAT_TYPE,CHP_BEAT_TYPE,CITY_DIVISION_LAPD,CHP_BEAT_CLASS,BEAT_NUMBER,PRIMARY_RD,SECONDARY_RD,DISTANCE,DIRECTION,INTERSECTION,WEATHER_1,WEATHER_2,STATE_HWY_IND,CALTRANS_COUNTY,CALTRANS_DISTRICT,STATE_ROUTE,ROUTE_SUFFIX,POSTMILE_PREFIX,POSTMILE,LOCATION_TYPE,RAMP_INTERSECTION,SIDE_OF_HWY,TOW_AWAY,COLLISION_SEVERITY,NUMBER_KILLED,NUMBER_INJURED,PARTY_COUNT,PRIMARY_COLL_FACTOR,PCF_CODE_OF_VIOL,PCF_VIOL_CATEGORY,PCF_VIOLATION,PCF_VIOL_SUBSECTION,HIT_AND_RUN,TYPE_OF_COLLISION,MVIW,PED_ACTION,ROAD_SURFACE,ROAD_COND_1,ROAD_COND_2,LIGHTING,CONTROL_DEVICE,CHP_ROAD_TYPE,PEDESTRIAN_ACCIDENT,BICYCLE_ACCIDENT,MOTORCYCLE_ACCIDENT,TRUCK_ACCIDENT,NOT_PRIVATE_PROPERTY,ALCOHOL_INVOLVED,STWD_VEHTYPE_AT_FAULT,CHP_VEHTYPE_AT_FAULT,COUNT_SEVERE_INJ,COUNT_VISIBLE_INJ,COUNT_COMPLAINT_PAIN,COUNT_PED_KILLED,COUNT_PED_INJURED,COUNT_BICYCLIST_KILLED,COUNT_BICYCLIST_INJURED,COUNT_MC_KILLED,COUNT_MC_INJURED,PRIMARY_RAMP,SECONDARY_RAMP,LATITUDE,LONGITUDE,COUNTY,CITY,POINT_X,POINT_Y
92251842,2023,2023-12-04,9650,2023-11-09,2005,022031,NA,4,2,9,3700,0,3,5,NA,2,213,RICE CANYON RD,RANCHO TAZA RD,615,N,N,A,-,N,NA,NA,NA,NA,NA,NA,NA,NA,NA,Y,4,0,1,1,A,-,08,22107,NA,N,F,A,A,A,H,-,D,D,0,NA,NA,NA,NA,Y,NA,D,22,0,0,1,0,0,0,0,0,0,-,-,33.39883041381836,-117.1461181640625,SAN DIEGO,UNINCORPORATED,-117.14607238769533,33.398746490478516
92254002,2023,2023-12-06,9680,2023-11-24,2130,021724,NA,5,2,5,3705,0,1,1,NA,2,082,I-8 W/B,BALLANTYNE ST,923,E,N,A,-,Y,SD,NA,8,NA,NA,16.24,H,NA,L,Y,3,0,1,2,A,-,01,23152,A,N,B,C,A,A,H,-,C,D,0,NA,NA,NA,NA,Y,Y,A,01,0,1,0,0,0,0,0,0,0,-,-,32.80324172973633,-116.95503997802734,SAN DIEGO,EL CAJON,-116.95503997802734,32.80315399169922
92257486,2023,2023-12-08,9645,2023-11-29,1615,019577,NA,3,2,7,3711,0,1,1,NA,2,013,I-805 S/B,MISSION CENTER RD.,329,N,N,B,-,Y,SD,NA,805,NA,NA,19.275,H,NA,L,Y,4,0,1,3,A,-,03,22350,NA,N,B,C,A,A,H,-,B,D,0,NA,NA,Y,NA,Y,NA,C,02,0,0,1,0,0,0,0,0,1,-,-,32.7901496887207,-117.14913940429688,SAN DIEGO,SAN DIEGO,-117.149169921875,32.79014205932617
92257514,2023,2023-12-08,9650,2023-12-01,1755,022403,NA,5,2,9,3700,0,2,4,NA,2,061,SOUTH MISSION RD,GREEN CANYON RD,310,N,N,A,-,N,NA,NA,NA,NA,NA,NA,NA,NA,NA,N,3,0,2,3,A,-,03,22350,NA,N,C,C,A,A,H,-,D,D,0,NA,NA,NA,NA,Y,NA,D,22,0,1,1,0,0,0,0,0,0,-,-,33.33393859863281,-117.23621368408205,SAN DIEGO,UNINCORPORATED,-117.23615264892578,33.33383560180664
92258731,2023,2023-12-11,9645,2023-11-29,2113,022479,NA,3,2,7,3711,0,1,1,NA,2,010,I-8 W/B,QUALCOMN WAY,1880,W,N,C,-,Y,SD,NA,8,NA,NA,3.539,H,NA,L,Y,4,0,1,2,A,-,08,22107,NA,M,B,C,A,B,H,-,D,D,0,NA,NA,NA,NA,Y,NA,-,99,0,0,1,0,0,0,0,0,0,-,-,32.76797866821289,-117.1455307006836,SAN DIEGO,SAN DIEGO,-117.1454620361328,32.767860412597656
92260270,2023,2023-12-12,9645,2023-12-03,1445,022193,NA,7,2,7,3711,0,1,1,NA,2,017,I-15 S/B,SR-56,1056,S,N,A,-,Y,SD,NA,15,NA,M,19.113,H,NA,L,N,4,0,1,2,A,-,08,22107,NA,N,B,C,A,A,H,-,A,D,0,NA,NA,NA,NA,Y,NA,A,07,0,0,1,0,0,0,0,0,0,-,-,32.96028137207031,-117.09870910644533,SAN DIEGO,SAN DIEGO,-117.09867095947266,32.96025848388672
92262274,2023,2023-12-14,9650,2023-12-07,15,023426,NA,4,3,9,3700,0,1,1,NA,2,003,I-5 N/B,HARBOR DR,1214,N,N,A,-,Y,SD,NA,5,NA,R,54.633,H,NA,R,N,4,0,2,2,D,-,00,NA,NA,N,C,C,A,A,H,-,D,D,0,NA,NA,NA,NA,Y,NA,-,-,0,0,2,0,0,0,0,0,0,-,-,33.21355056762695,-117.38906097412108,SAN DIEGO,UNINCORPORATED,-117.38905334472656,33.21355056762695
92263221,2023,2023-12-15,9645,2023-12-08,730,015270,NA,5,1,9,3700,0,3,5,NA,2,024,CAMINO DEL NORTE W/B,4S RANCH PARKWAY,0,NA,Y,A,-,N,NA,NA,NA,NA,NA,NA,NA,NA,NA,Y,4,0,1,2,A,-,12,21453,A,N,D,C,A,A,H,-,A,A,0,NA,NA,NA,NA,Y,NA,D,22,0,0,1,0,0,0,0,0,0,-,-,33.018829345703125,-117.11540985107422,SAN DIEGO,UNINCORPORATED,-117.11531829833984,33.018192291259766
9226327,2021,2021-03-22,3700,2021-01-27,0924,SH2558,NA,3,5,5,3712,0,0,0,NA,0,359,WEST SAN MARCOS BL,VIA VERA CRUZ,0,NA,Y,A,-,N,NA,NA,NA,NA,NA,NA,NA,NA,NA,Y,4,0,1,3,A,-,12,21453,A,N,D,C,A,A,H,-,A,A,0,NA,NA,NA,NA,Y,NA,A,01,0,0,1,0,0,0,0,0,0,-,-,NA,NA,SAN DIEGO,SAN MARCOS,-117.18797302246094,33.134849548339844
92263524,2023,2023-12-15,9680,2023-11-16,2235,021724,NA,4,3,9,3700,0,3,5,NA,2,002,VISTA WAY,MONAHAN RD,45,S,N,A,-,N,NA,NA,NA,NA,NA,NA,NA,NA,NA,Y,3,0,1,1,A,-,01,23152,A,N,E,8,A,A,H,-,D,A,0,NA,NA,NA,NA,Y,Y,A,01,0,1,0,0,0,0,0,0,0,-,-,32.7586784362793,-116.97339630126952,SAN DIEGO,UNINCORPORATED,-116.97359466552734,32.758628845214844
92265081,2023,2023-12-18,9680,2023-10-15,1447,023255,NA,7,2,9,3700,0,3,5,NA,2,004,HONEY SPRINGS ROAD,SR-94 (CAMPO ROAD),4752,N,N,A,-,N,NA,NA,NA,NA,NA,NA,NA,NA,NA,N,3,0,1,2,A,-,08,22107,NA,F,B,G,A,A,H,-,A,D,0,NA,Y,NA,NA,Y,NA,A,07,0,1,0,0,0,0,1,0,0,-,-,32.66682815551758,-116.79826354980467,SAN DIEGO,UNINCORPORATED,-116.81243896484376,32.67052459716797
92265270,2023,2023-12-18,9680,2023-11-18,2155,023255,NA,6,2,9,3700,0,2,4,NA,1,025,SWEETWATER ROAD,ILDICA ST,528,N,N,A,-,N,NA,NA,NA,NA,NA,NA,NA,NA,NA,Y,3,0,1,2,A,-,01,23152,A,N,C,C,A,A,H,-,D,D,0,NA,NA,NA,NA,Y,Y,A,01,0,1,0,0,0,0,0,0,0,-,-,32.72930908203125,-117.0144271850586,SAN DIEGO,UNINCORPORATED,-117.0143585205078,32.72904586791992
92269136,2023,2024-04-29,9645,2023-12-09,2010,022196,NA,6,2,7,3711,0,1,1,NA,2,007,I-5,CARMEL VALLEY ROAD,200,N,N,A,-,Y,SD,NA,5,NA,R,32.874,H,NA,R,Y,4,0,2,3,A,-,07,21658,A,N,B,A,A,A,H,-,D,A,0,NA,NA,NA,NA,Y,NA,A,01,0,0,2,0,0,0,0,0,0,-,-,32.93199920654297,-117.24128723144533,SAN DIEGO,SAN DIEGO,-117.24102020263672,32.93202590942383
92269331,2023,2023-12-22,9645,2023-12-19,1610,020180,NA,2,2,7,3711,0,1,1,NA,2,019,I-15 N/B FROM CARMEL MTN ROAD,CARMEL MOUNTAIN ROAD,475,N,N,A,-,Y,NA,NA,NA,NA,NA,NA,NA,NA,NA,Y,2,0,2,2,A,-,03,22350,NA,N,C,C,A,A,H,-,C,A,0,NA,NA,NA,NA,Y,NA,A,07,1,1,0,0,0,0,0,0,0,-,-,32.980201721191406,-117.0849380493164,SAN DIEGO,SAN DIEGO,-117.0849380493164,32.980201721191406
9227072,2021,2021-04-15,3711,2021-03-01,1619,SD5718,NA,1,5,7,3711,0,0,0,NA,0,232,WORLD TRADE DR,HIGHLAND RANCH RD,0,NA,Y,A,-,N,NA,NA,NA,NA,NA,NA,NA,NA,NA,Y,4,0,1,2,A,-,12,21453,A,N,D,C,A,A,H,-,A,A,0,NA,NA,NA,NA,Y,NA,A,01,0,0,1,0,0,0,0,0,0,-,-,NA,NA,SAN DIEGO,SAN DIEGO,-117.07411956787108,32.982147216796875
92272313,2023,2023-12-27,9650,2023-12-16,400,020343,NA,6,3,6,3710,0,1,1,NA,2,005,I-5 N/B,CASSIDY ST,40,N,N,A,-,Y,SD,NA,5,NA,R,51.476,H,NA,R,Y,2,0,2,2,A,-,01,23152,A,N,C,E,A,A,H,-,C,D,0,NA,NA,NA,Y,Y,Y,A,01,1,0,1,0,0,0,0,0,0,-,-,33.1804313659668,-117.35375213623048,SAN DIEGO,OCEANSIDE,-117.3538818359375,33.18035125732422
92274107,2023,2023-12-28,9680,2023-12-18,620,016415,NA,1,1,9,3700,0,3,5,NA,2,001,RIVERFORD ROAD,NORTH WOODSIDE AVENUE,0,NA,Y,A,-,N,NA,NA,NA,NA,NA,NA,NA,NA,NA,N,4,0,1,2,A,-,09,21801,A,N,D,C,A,A,H,-,B,D,0,NA,NA,NA,NA,Y,NA,A,01,0,0,1,0,0,0,0,0,0,-,-,32.85601043701172,-116.94744110107422,SAN DIEGO,UNINCORPORATED,-116.94667816162108,32.85422897338867
92274310,2023,2023-12-29,9650,2023-12-18,150,021992,NA,1,3,5,3713,0,1,3,NA,2,017,SR-78 W/B,MAR VISTA DR,752,E,N,A,-,Y,SD,NA,78,NA,NA,7.968,H,NA,L,Y,3,0,1,2,A,-,08,22107,NA,F,B,C,A,A,H,-,C,D,0,NA,NA,NA,NA,Y,Y,D,22,0,1,0,0,0,0,0,0,0,-,-,33.177921295166016,-117.22811889648438,SAN DIEGO,VISTA,-117.22805786132813,33.177947998046875
92274772,2023,2023-12-29,9650,2023-12-09,1545,023524,NA,6,2,5,3782,0,3,5,NA,2,070,EL CAMINO REAL,STONEBRIDGE LN,500,N,N,A,-,N,NA,NA,NA,NA,NA,NA,NA,NA,NA,Y,2,0,1,1,A,-,01,23152,A,M,H,8,A,A,H,-,A,D,0,NA,NA,NA,NA,Y,Y,A,07,1,0,0,0,0,0,0,0,0,-,-,33.0213508605957,-117.24054718017578,SAN DIEGO,ENCINITAS,-117.24048614501952,33.021671295166016
92276055,2023,2024-01-01,9650,2023-12-23,1705,022403,NA,6,2,9,3700,0,3,5,NA,2,006,OLD HIGHWAY 395,MOHEGAN LN,0,NA,Y,B,-,N,NA,NA,NA,NA,NA,NA,NA,NA,NA,Y,4,0,3,2,A,-,09,21801,A,N,D,C,A,A,H,-,A,A,0,NA,NA,NA,NA,Y,NA,A,01,0,0,3,0,0,0,0,0,0,-,-,33.33631896972656,-117.16023254394533,SAN DIEGO,UNINCORPORATED,NA,NA
92276154,2023,2024-01-02,9680,2023-12-20,1725,019936,NA,3,2,5,3708,0,1,1,NA,2,081,INTERSTATE 8 WESTBOUND,JACKSON DR,540,E,N,B,-,Y,SD,NA,8,NA,NA,11.883,H,NA,L,Y,4,0,2,2,A,-,03,22350,NA,N,C,C,A,A,H,-,C,D,0,NA,NA,NA,NA,Y,NA,A,01,0,0,2,0,0,0,0,0,0,-,-,32.77579116821289,-117.00940704345705,SAN DIEGO,LA MESA,-117.00936126708984,32.775691986083984
92276681,2023,2024-01-02,9680,2023-12-20,1945,020682,NA,3,2,5,3708,0,1,1,NA,2,081,I-8 E/B,SR-125,300,W,N,A,-,Y,SD,NA,8,NA,NA,12.171,H,NA,R,N,3,0,2,2,A,-,03,22350,NA,M,C,C,A,A,H,-,D,D,0,NA,NA,NA,NA,Y,NA,A,01,0,2,0,0,0,0,0,0,0,-,-,32.77717971801758,-117.00470733642578,SAN DIEGO,LA MESA,-117.00467681884766,32.77711486816406
9227815,2021,2021-04-19,3711,2021-03-03,1620,SD1280,NA,3,5,7,3711,0,0,0,NA,0,314,CLAIREMONT MESA BL,RT 805,0,NA,Y,-,-,N,NA,NA,NA,NA,NA,NA,NA,NA,NA,N,4,0,1,2,A,-,00,20002,A,M,C,C,A,-,-,-,A,A,0,NA,NA,NA,NA,Y,NA,-,NA,0,0,1,0,0,0,0,0,0,-,-,NA,NA,SAN DIEGO,SAN DIEGO,-117.1697235107422,32.83355712890625
92280682,2023,2024-01-05,9645,2023-12-24,205,021651,NA,7,3,7,3711,0,1,1,NA,2,019,I-15 S/B,CAMINO DEL NORTE U/C,2500,S,N,A,-,Y,SD,NA,15,NA,M,21.407,H,NA,L,Y,4,0,1,1,A,-,01,23152,A,N,F,A,A,A,H,-,D,D,0,NA,NA,NA,NA,Y,Y,A,07,0,0,1,0,0,0,0,0,0,-,-,32.99028015136719,-117.08361053466795,SAN DIEGO,SAN DIEGO,-117.08338165283205,32.990318298339844
92282620,2024,2024-01-09,9650,2024-01-05,1550,022031,NA,5,2,5,3701,0,1,1,NA,2,005,I-5 N/B,POINSETTIA LN,1958,S,N,A,-,Y,SD,NA,5,NA,R,45.196,H,NA,R,Y,4,0,2,3,A,-,03,22350,NA,N,C,C,A,A,H,-,A,D,0,NA,NA,NA,NA,Y,NA,A,01,0,0,2,0,0,0,0,0,0,-,-,33.098628997802734,-117.30735778808594,SAN DIEGO,CARLSBAD,-117.30731964111328,33.09865188598633
92282749,2023,2024-01-09,9645,2023-12-30,831,017678,NA,6,1,7,3711,0,1,1,NA,2,021,I-15 N/B,I-8,1000,S,N,B,C,Y,SD,NA,15,NA,M,6.409,H,NA,R,N,4,0,2,1,A,-,03,22350,NA,N,E,I,A,B,H,-,A,D,0,NA,NA,NA,NA,Y,NA,A,01,0,0,2,0,0,0,0,0,0,-,-,32.77436828613281,-117.1120376586914,SAN DIEGO,SAN DIEGO,-117.11190032958984,32.77433776855469
92287071,2024,2024-01-15,9650,2024-01-06,935,022403,NA,6,1,9,3700,0,2,4,NA,2,061,EAST MISSION RD,RIVERVIEW DR,0,NA,Y,A,-,N,NA,NA,NA,NA,NA,NA,NA,NA,NA,Y,4,0,2,2,A,-,08,22107,NA,F,B,C,A,A,H,-,A,A,0,NA,NA,NA,NA,Y,NA,D,22,0,0,2,0,0,0,0,0,0,-,-,33.391658782958984,-117.2123565673828,SAN DIEGO,UNINCORPORATED,-117.2122802734375,33.39158248901367
92287530,2023,2024-01-16,9650,2023-11-10,1729,022884,NA,5,2,9,3700,0,1,3,NA,2,065,CAMINO DEL REY,SR-76,100,S,N,A,-,N,NA,NA,NA,NA,NA,NA,NA,NA,NA,N,4,0,1,3,A,-,03,22350,NA,F,C,C,A,A,H,-,C,A,0,NA,NA,NA,NA,Y,NA,A,07,0,0,1,0,0,0,0,0,0,-,-,33.288909912109375,-117.22509002685548,SAN DIEGO,UNINCORPORATED,-117.2251205444336,33.28876876831055
92288437,2024,2024-01-16,9680,2024-01-04,650,019936,NA,4,1,9,3700,0,1,1,NA,2,086,INTERSTATE 8 EASTBOUND,MANZANITA ROAD,334,E,N,A,-,Y,SD,NA,8,NA,R,63.403,H,NA,R,Y,4,0,1,1,A,-,03,22350,NA,N,F,A,A,C,H,-,A,A,0,NA,NA,NA,NA,Y,NA,D,22,0,0,1,0,0,0,0,0,0,-,-,32.70024108886719,-116.3239974975586,SAN DIEGO,UNINCORPORATED,-116.32401275634766,32.70020294189453
92291424,2023,2024-01-19,9650,2023-12-17,1830,022965,NA,7,2,9,3700,0,3,5,NA,1,212,COOL VALLEY RD,TERRACE VIEW,333,W,N,A,-,N,NA,NA,NA,NA,NA,NA,NA,NA,NA,Y,4,0,1,1,A,-,01,23152,A,N,A,I,A,A,H,-,D,D,0,NA,NA,NA,NA,Y,Y,A,01,0,0,1,0,0,0,0,0,0,-,-,33.267189025878906,-117.018798828125,SAN DIEGO,UNINCORPORATED,-117.01876831054688,33.26723861694336
92295360,2024,2024-01-24,9680,2024-01-12,820,020884,NA,5,1,5,3705,0,1,3,NA,2,016,SR-67 S/B,BROADWAY,17,S,N,A,-,Y,SD,NA,67,NA,R,0.309,H,NA,L,N,3,0,3,4,A,-,03,22350,NA,N,C,C,A,A,H,-,A,A,0,NA,NA,NA,NA,Y,NA,A,01,0,1,2,0,0,0,0,0,0,-,-,32.807498931884766,-116.96208953857422,SAN DIEGO,EL CAJON,-116.96227264404295,32.8075065612793
9229751,2021,2021-03-27,3711,2021-02-13,2134,SD7274,NA,6,5,7,3711,0,0,0,NA,0,442,NATIONAL AV,41ST ST,0,NA,Y,B,-,N,NA,NA,NA,NA,NA,NA,NA,NA,NA,N,3,0,2,3,A,-,08,22107,NA,N,A,C,A,A,H,-,C,A,0,NA,NA,NA,NA,Y,NA,-,NA,0,1,1,0,0,0,0,0,0,-,-,NA,NA,SAN DIEGO,SAN DIEGO,-117.10602569580078,32.69609069824219
9229758,2021,2021-03-27,3711,2021-02-15,0500,SD7858,NA,1,5,7,3711,0,0,0,NA,0,712,SAMPSON ST,MAIN ST,0,NA,Y,B,-,N,NA,NA,NA,NA,NA,NA,NA,NA,NA,N,4,0,1,2,A,-,08,22107,NA,N,G,B,B,A,G,-,B,D,0,Y,NA,NA,NA,Y,NA,A,01,0,0,1,0,1,0,0,0,0,-,-,NA,NA,SAN DIEGO,SAN DIEGO,-117.14166259765624,32.695594787597656
92298065,2024,2024-01-26,9680,2024-01-16,1605,020020,NA,2,2,9,3700,0,2,4,NA,1,026,JAMACHA ROAD,SWEETWATER ROAD,395,E,N,A,-,N,NA,NA,NA,NA,NA,NA,NA,NA,NA,Y,3,0,2,2,A,-,09,21804,A,N,D,C,A,A,H,-,A,A,0,NA,NA,NA,NA,Y,NA,A,07,0,2,0,0,0,0,0,0,0,-,-,32.714759826660156,-117.0112533569336,SAN DIEGO,UNINCORPORATED,-117.01144409179688,32.71477127075195
92299365,2023,2024-01-29,9650,2023-12-22,1718,022884,NA,5,2,9,3700,0,3,5,NA,2,230,DEL DIOS HWY,VIA RANCHO PKY,0,NA,Y,B,-,N,NA,NA,NA,NA,NA,NA,NA,NA,NA,Y,4,0,1,1,A,-,01,23152,A,N,E,I,A,A,H,-,C,A,0,NA,NA,NA,NA,Y,Y,A,01,0,0,1,0,0,0,0,0,0,-,-,33.0894889831543,-117.11441040039063,SAN DIEGO,UNINCORPORATED,-117.11431121826172,33.0894889831543
92299583,2024,2024-01-29,9650,2024-01-20,1020,022851,NA,6,1,9,3700,0,1,1,NA,2,001,I-5 NB,BASILONE ROAD O/C,58,N,N,A,-,Y,SD,NA,5,NA,R,71.386,H,NA,R,N,4,0,1,2,A,-,03,22350,NA,N,C,C,A,B,H,-,A,D,0,NA,NA,NA,NA,Y,NA,A,01,0,0,1,0,0,0,0,0,0,-,-,33.38563919067383,-117.58323669433594,SAN DIEGO,UNINCORPORATED,-117.58322143554688,33.385677337646484
92300848,2024,2024-01-30,9650,2024-01-22,1320,018496,NA,1,1,5,3713,0,1,3,NA,2,015,SR-78 W/B,COLLEGE BLVD,650,E,N,B,C,Y,SD,NA,78,NA,NA,4.089,H,NA,L,Y,3,0,3,3,A,-,03,22350,NA,N,C,C,A,B,H,-,A,D,0,NA,NA,NA,NA,Y,NA,A,01,0,1,2,0,0,0,0,0,0,-,-,33.18587112426758,-117.28392791748048,SAN DIEGO,VISTA,-117.28392791748048,33.18586730957031
92300875,2024,2024-01-30,9680,2024-01-19,1805,021584,NA,5,2,9,3700,0,1,3,NA,1,090,HANSON LANE,RAMONA STREET,528,E,N,A,-,N,NA,NA,NA,NA,NA,NA,NA,NA,NA,N,2,0,1,2,A,-,17,21805,C,N,H,J,A,A,H,-,D,D,0,NA,NA,NA,NA,Y,NA,M,95,1,0,0,0,0,0,0,0,0,-,-,33.02579116821289,-116.87782287597656,SAN DIEGO,UNINCORPORATED,-116.87774658203124,33.025753021240234
92301013,2024,2024-01-30,9680,2024-01-19,2020,023234,NA,5,2,9,3700,0,3,5,NA,2,002,JAMACHA RD,SR-125 N/B TO JAMACHA RD,181,W,N,B,C,Y,SD,NA,125,NA,NA,10.631,H,NA,L,N,4,0,1,2,A,-,01,23152,A,N,C,C,A,B,H,-,D,A,0,NA,NA,NA,NA,Y,Y,A,01,0,0,1,0,0,0,0,0,0,-,-,32.71466064453125,-117.01431274414063,SAN DIEGO,UNINCORPORATED,-117.01448822021484,32.71463394165039
92301855,2024,2024-01-31,9680,2024-01-22,1915,021828,NA,1,2,9,3700,0,3,5,NA,2,003,VIA DIEGUENOS,CALLE COLINA ROCA,528,E,N,B,C,N,NA,NA,NA,NA,NA,NA,NA,NA,NA,Y,3,0,1,1,A,-,03,22350,NA,N,E,8,A,B,H,-,D,D,0,NA,NA,NA,NA,Y,NA,A,07,0,1,0,0,0,0,0,0,0,-,-,32.8132209777832,-116.73568725585938,SAN DIEGO,UNINCORPORATED,-116.73606872558594,32.813541412353516
92301938,2024,2024-01-31,9680,2024-01-22,1448,019936,NA,1,2,5,3705,0,1,1,NA,2,081,INTERSTATE 8 WESTBOUND,WEST MAIN ST,580,E,N,B,C,Y,SD,NA,8,NA,NA,14.711,H,NA,L,Y,4,0,1,1,A,-,03,22350,NA,N,E,8,A,B,H,-,A,D,0,NA,NA,NA,NA,Y,NA,D,22,0,0,1,0,0,0,0,0,0,-,-,32.796630859375,-116.97733306884766,SAN DIEGO,EL CAJON,-116.97704315185548,32.796592712402344
92302020,2024,2024-01-31,9680,2024-01-20,1745,023102,NA,6,2,9,3700,0,1,3,NA,2,016,SR-67 S/B,WINTER GARDENS BLVD,160,S,N,C,-,Y,SD,NA,67,NA,R,4.802,H,NA,L,Y,3,0,2,2,A,-,03,22350,NA,N,B,2,A,B,H,-,D,D,0,NA,NA,NA,NA,Y,NA,D,22,0,1,1,0,0,0,0,0,0,-,-,32.85813903808594,-116.93273162841795,SAN DIEGO,UNINCORPORATED,-116.93274688720705,32.858184814453125
92304170,2024,2024-02-02,9645,2024-01-31,1845,019577,NA,3,2,7,3711,0,1,1,NA,2,013,I-805 S/B,SR-163,200,S,N,B,-,Y,SD,NA,805,NA,NA,20.537,H,NA,L,Y,3,0,2,2,A,-,03,22350,NA,N,C,C,A,A,H,-,D,D,0,NA,NA,NA,NA,Y,NA,A,01,0,1,1,0,0,0,0,0,0,-,-,32.80799102783203,-117.15238189697266,SAN DIEGO,SAN DIEGO,-117.1523895263672,32.8079833984375
92304365,2024,2024-02-02,9680,2024-01-23,1640,017804,NA,2,2,9,3700,0,3,5,NA,2,001,E/B W BRADLEY AVENUE,MAGNOLIA AVENUE,130,E,N,A,-,N,NA,NA,NA,NA,NA,NA,NA,NA,NA,N,4,0,3,2,A,-,03,22350,NA,N,C,C,A,A,H,-,A,A,0,NA,NA,NA,NA,Y,NA,A,07,0,0,3,0,0,0,0,0,0,-,-,32.81909942626953,-116.96188354492188,SAN DIEGO,UNINCORPORATED,-116.9618911743164,32.81911087036133
92307219,2024,2024-02-06,9645,2024-02-02,915,016766,NA,5,1,7,3711,0,1,1,NA,2,017,I-15 N/B TO CARROLL CANYON ROAD,CARROLL CANYON ROAD,20,S,N,B,-,Y,NA,NA,NA,NA,NA,NA,NA,NA,NA,Y,2,0,1,2,A,-,07,21658,A,F,B,C,A,B,H,-,A,D,0,NA,NA,NA,NA,Y,NA,-,99,1,0,0,0,0,0,0,0,0,-,-,32.903289794921875,-117.11570739746094,SAN DIEGO,SAN DIEGO,-117.11570739746094,32.903289794921875
9230916,2020,2021-03-11,3700,2020-10-20,0742,SJ0158,NA,2,5,4,3780,0,0,0,NA,0,417,SCRIPPS POWAY PKWY,DANIELSON ST,33,E,N,B,-,N,NA,NA,NA,NA,NA,NA,NA,NA,NA,N,4,0,1,2,A,-,03,22350,NA,M,C,C,A,A,H,-,A,A,0,NA,NA,NA,NA,Y,NA,-,NA,0,0,1,0,0,0,0,0,0,-,-,NA,NA,SAN DIEGO,POWAY,-117.02027893066406,32.94027328491211
92312984,2024,2024-02-13,9645,2024-02-02,1845,017499,NA,5,2,5,3709,0,1,3,NA,2,008,SR-54 E/B,REO DRIVE,528,E,N,A,-,Y,SD,NA,54,NA,NA,3.674,H,NA,R,Y,3,0,1,2,A,-,03,22350,NA,N,C,2,A,A,H,-,C,D,0,NA,NA,NA,NA,Y,NA,A,01,0,1,0,0,0,0,0,0,0,-,-,32.668540954589844,-117.04653167724608,SAN DIEGO,NATIONAL CITY,-117.04653167724608,32.66854476928711
92313238,2024,2024-02-13,9680,2024-02-03,1550,020682,NA,6,2,9,3700,0,2,4,NA,1,014,WINTER GARDENS BLVD,ROYAL RD,137,N,N,A,-,N,NA,NA,NA,NA,NA,NA,NA,NA,NA,N,3,0,1,2,A,-,03,22350,NA,N,C,C,A,A,H,-,A,D,0,NA,NA,NA,NA,Y,NA,A,07,0,1,0,0,0,0,0,0,0,-,-,32.82450866699219,-116.93343353271484,SAN DIEGO,UNINCORPORATED,-116.93348693847656,32.824466705322266
92313736,2024,2024-02-14,9650,2024-02-02,1055,022625,NA,5,1,9,3700,0,1,1,NA,2,023,I-15 S/B,VALLEY PKY,165,N,N,C,-,Y,SD,NA,15,NA,R,30.686,H,NA,L,Y,3,0,1,1,A,-,03,22350,NA,N,E,I,A,B,H,-,A,D,0,NA,NA,NA,NA,Y,NA,D,22,0,1,0,0,0,0,0,0,0,-,-,33.11594009399414,-117.09934997558594,SAN DIEGO,UNINCORPORATED,-117.09950256347656,33.11587905883789
92314005,2024,2024-02-14,9650,2024-02-05,1345,017392,NA,1,1,5,3782,0,1,1,NA,2,007,I-5 N/B,BIRMINGHAM DR,528,S,N,B,C,Y,SD,NA,5,NA,R,39.66,H,NA,R,Y,4,0,3,1,A,-,03,22350,NA,N,E,I,A,B,H,-,A,D,0,NA,NA,NA,NA,Y,NA,A,01,0,0,3,0,0,0,0,0,0,-,-,33.024051666259766,-117.27381896972656,SAN DIEGO,ENCINITAS,-117.27371978759766,33.02407455444336