CASE_ID,ACCIDENT_YEAR,PROC_DATE,JURIS,COLLISION_DATE,COLLISION_TIME,OFFICER_ID,REPORTING_DISTRICT,DAY_OF_WEEK,CHP_SHIFT,POPULATION,CNTY_CITY_LOC,SPECIAL_COND,BEAT_TYPE,CHP_BEAT_TYPE,CITY_DIVISION_LAPD,CHP_BEAT_CLASS,BEAT_NUMBER,PRIMARY_RD,SECONDARY_RD,DISTANCE,DIRECTION,INTERSECTION,WEATHER_1,WEATHER_2,STATE_HWY_IND,CALTRANS_COUNTY,CALTRANS_DISTRICT,STATE_ROUTE,ROUTE_SUFFIX,POSTMILE_PREFIX,POSTMILE,LOCATION_TYPE,RAMP_INTERSECTION,SIDE_OF_HWY,TOW_AWAY,COLLISION_SEVERITY,NUMBER_KILLED,NUMBER_INJURED,PARTY_COUNT,PRIMARY_COLL_FACTOR,PCF_CODE_OF_VIOL,PCF_VIOL_CATEGORY,PCF_VIOLATION,PCF_VIOL_SUBSECTION,HIT_AND_RUN,TYPE_OF_COLLISION,MVIW,PED_ACTION,ROAD_SURFACE,ROAD_COND_1,ROAD_COND_2,LIGHTING,CONTROL_DEVICE,CHP_ROAD_TYPE,PEDESTRIAN_ACCIDENT,BICYCLE_ACCIDENT,MOTORCYCLE_ACCIDENT,TRUCK_ACCIDENT,NOT_PRIVATE_PROPERTY,ALCOHOL_INVOLVED,STWD_VEHTYPE_AT_FAULT,CHP_VEHTYPE_AT_FAULT,COUNT_SEVERE_INJ,COUNT_VISIBLE_INJ,COUNT_COMPLAINT_PAIN,COUNT_PED_KILLED,COUNT_PED_INJURED,COUNT_BICYCLIST_KILLED,COUNT_BICYCLIST_INJURED,COUNT_MC_KILLED,COUNT_MC_INJURED,PRIMARY_RAMP,SECONDARY_RAMP,LATITUDE,LONGITUDE,COUNTY,CITY,POINT_X,POINT_Y
9381318,2022,2022-02-04,3711,2022-01-14,2300,SD1578,NA,5,5,7,3711,0,0,0,NA,0,313,CONVOY ST,DAGGET ST,25,E,N,A,-,N,NA,NA,NA,NA,NA,NA,NA,NA,NA,Y,4,0,1,2,A,-,08,22107,NA,N,D,C,A,A,H,-,C,D,0,NA,NA,NA,NA,Y,NA,A,01,0,0,1,0,0,0,0,0,0,-,-,NA,NA,SAN DIEGO,SAN DIEGO,-117.15517425537108,32.82351303100586
9382042,2022,2022-02-01,3711,2022-01-16,0042,SD7737,NA,7,5,7,3711,0,0,0,NA,0,521,16TH ST,F ST,28,N,N,A,-,N,NA,NA,NA,NA,NA,NA,NA,NA,NA,Y,4,0,3,2,A,-,12,21453,A,M,D,C,A,A,H,-,C,A,0,NA,NA,NA,NA,Y,NA,A,01,0,0,3,0,0,0,0,0,0,-,-,NA,NA,SAN DIEGO,SAN DIEGO,-117.14942932128906,32.7137451171875
9384574,2021,2022-01-12,3711,2021-12-17,1215,SD1177,NA,5,5,7,3711,0,0,0,NA,0,627,WASHINGTON ST,8TH AV,0,NA,Y,A,-,N,NA,NA,NA,NA,NA,NA,NA,NA,NA,Y,4,0,1,2,A,-,17,22109,NA,N,C,C,A,A,H,-,A,A,0,NA,NA,NA,NA,Y,NA,A,07,0,0,1,0,0,0,0,0,0,-,-,NA,NA,SAN DIEGO,SAN DIEGO,-117.1574249267578,32.75013732910156
9384582,2021,2022-01-12,3711,2021-12-16,1700,SD7957,NA,4,5,7,3711,0,0,0,NA,0,813,PARK BL,B ST,0,NA,Y,B,-,N,NA,NA,NA,NA,NA,NA,NA,NA,NA,N,3,0,1,2,A,-,08,22107,NA,N,D,G,A,A,H,-,B,A,0,NA,Y,NA,NA,Y,NA,A,01,0,1,0,0,0,0,1,0,0,-,-,NA,NA,SAN DIEGO,SAN DIEGO,-117.15381622314452,32.71781539916992
9384810,2021,2022-01-26,3711,2021-12-20,1103,SD5985,NA,1,5,7,3711,0,0,0,NA,0,514,25TH ST,MARKET ST,0,NA,Y,A,-,N,NA,NA,NA,NA,NA,NA,NA,NA,NA,Y,4,0,1,2,A,-,12,21453,A,N,D,C,A,A,H,-,A,A,0,NA,NA,NA,NA,Y,NA,A,01,0,0,1,0,0,0,0,0,0,-,-,NA,NA,SAN DIEGO,SAN DIEGO,-117.14026641845705,32.71159744262695
9385218,2021,2022-01-12,3711,2021-12-23,1002,SD1521,NA,4,5,7,3711,0,0,0,NA,0,122,MISSION BAY DR,GRAND AV,0,NA,Y,A,-,N,NA,NA,NA,NA,NA,NA,NA,NA,NA,Y,3,0,1,2,A,-,08,22107,NA,N,B,C,A,A,H,-,A,A,0,NA,NA,NA,NA,Y,NA,A,01,0,1,0,0,0,0,0,0,0,-,-,NA,NA,SAN DIEGO,SAN DIEGO,-117.21520233154295,32.801849365234375
9386041,2021,2022-01-14,3711,2021-12-15,1900,SD1540,NA,3,5,7,3711,0,0,0,NA,0,234,CAMINO DEL NORTE,RT 15,0,NA,Y,A,-,N,NA,NA,NA,NA,NA,NA,NA,NA,NA,N,4,0,1,2,A,-,00,21462,A,M,D,C,A,A,H,-,C,A,0,NA,NA,NA,NA,Y,NA,-,NA,0,0,1,0,0,0,0,0,0,-,NO,NA,NA,SAN DIEGO,SAN DIEGO,NA,NA
9387422,2021,2022-01-04,3711,2021-12-01,1404,SD1488,NA,3,5,7,3711,0,0,0,NA,0,313,BALBOA AV,RUFFNER ST,0,NA,Y,A,-,N,NA,NA,NA,NA,NA,NA,NA,NA,NA,Y,4,0,1,2,A,-,03,22350,NA,M,C,C,A,A,H,-,A,A,0,NA,NA,NA,NA,Y,NA,A,01,0,0,1,0,0,0,0,0,0,-,-,NA,NA,SAN DIEGO,SAN DIEGO,-117.15681457519533,32.821678161621094
9387426,2021,2022-01-05,3711,2021-12-03,0700,SD1598,NA,5,5,7,3711,0,0,0,NA,0,627,PARK BL,ROBINSON AV,0,NA,Y,B,-,N,NA,NA,NA,NA,NA,NA,NA,NA,NA,N,3,0,1,2,A,-,17,21451,A,N,D,C,A,A,H,-,A,A,0,NA,NA,NA,NA,Y,NA,A,01,0,1,0,0,0,0,0,0,0,-,-,NA,NA,SAN DIEGO,SAN DIEGO,-117.14629364013672,32.746437072753906
9387500,2021,2022-01-04,3711,2021-11-26,1627,SD1474,NA,5,5,7,3711,0,0,0,NA,0,242,WESTVIEW PKWY,MIRA MESA BL,0,NA,Y,A,-,N,NA,NA,NA,NA,NA,NA,NA,NA,NA,N,3,0,4,4,A,-,12,21453,A,N,D,C,A,A,H,-,B,A,0,NA,NA,NA,NA,Y,NA,-,NA,0,1,3,0,0,0,0,0,0,-,-,NA,NA,SAN DIEGO,SAN DIEGO,-117.12052154541016,32.917320251464844
9390091,2021,2022-01-21,3700,2021-12-26,1246,SH3913,NA,7,5,5,3712,0,0,0,NA,0,357,E BARHAM LN,WILKINSON RD,323,W,N,A,-,N,NA,NA,NA,NA,NA,NA,NA,NA,NA,Y,3,0,1,2,A,-,03,22350,NA,N,C,C,A,A,H,-,A,D,0,NA,NA,Y,NA,Y,NA,C,02,0,1,0,0,0,0,0,0,1,-,-,NA,NA,SAN DIEGO,SAN MARCOS,-117.15148162841795,33.135433197021484
9390148,2021,2022-01-25,3700,2021-11-27,1531,SH7085,NA,6,5,5,3713,0,0,0,NA,0,303,MAXWELL LN,WARMLANDS AV,486,W,N,A,-,N,NA,NA,NA,NA,NA,NA,NA,NA,NA,N,4,0,1,1,A,-,21,22106,NA,N,E,I,A,A,H,-,A,D,0,NA,NA,NA,NA,Y,NA,D,22,0,0,1,0,0,0,0,0,0,-,-,NA,NA,SAN DIEGO,VISTA,-117.21661376953124,33.22531509399414
9390462,2021,2022-01-21,3700,2021-11-19,2355,SH0214,NA,5,5,4,3720,0,0,0,NA,0,605,MASSACHUSETTS AV,SAINT CROIX CT,528,N,N,A,-,N,NA,NA,NA,NA,NA,NA,NA,NA,NA,Y,3,0,2,2,A,-,01,23153,A,N,A,C,A,A,H,-,C,A,0,NA,NA,NA,NA,Y,Y,A,01,0,1,1,0,0,0,0,0,0,-,-,NA,NA,SAN DIEGO,LEMON GROVE,-117.04297637939452,32.7314453125
9390776,2021,2022-01-21,3700,2021-11-12,0933,SH2001,NA,5,5,5,3781,0,0,0,NA,0,502,LAKE CANYON RD,GANDY AV,95,W,N,A,-,N,NA,NA,NA,NA,NA,NA,NA,NA,NA,N,2,0,1,1,D,-,00,NA,NA,N,H,A,A,A,H,-,A,D,0,NA,Y,NA,NA,Y,NA,-,-,1,0,0,0,0,0,1,0,0,-,-,NA,NA,SAN DIEGO,SANTEE,-116.9946746826172,32.85709762573242
9391023,2021,2022-02-02,3700,2021-09-30,2150,SH3095,NA,4,5,5,3781,0,0,0,NA,0,516,MISSION GORGE RD,RT 52,0,NA,Y,A,-,Y,SD,11,52,-,-,14.477,R,4,W,Y,3,0,1,2,A,-,09,21453,C,N,D,C,A,A,H,-,C,A,0,NA,NA,NA,NA,Y,NA,A,07,0,1,0,0,0,0,0,0,0,-,WO,NA,NA,SAN DIEGO,SANTEE,-117.01155853271484,32.83613967895508
9391534,2021,2022-01-25,3709,2021-12-17,1718,NC0532,NA,5,5,5,3709,0,0,0,NA,0,021,E 11TH ST,E 11TH ST 1600,0,NA,-,A,-,N,NA,NA,NA,NA,NA,NA,NA,NA,NA,N,4,0,1,2,A,-,08,22107,NA,N,G,B,C,A,H,-,D,D,0,Y,NA,NA,NA,Y,NA,A,01,0,0,1,0,1,0,0,0,0,-,-,NA,NA,SAN DIEGO,NATIONAL CITY,-117.10591888427734,32.67322540283203
9391631,2021,2022-01-20,3709,2021-12-09,1026,NC0439,NA,4,5,5,3709,0,0,0,NA,0,020,EAST 8TH ST,E 8TH ST 800,0,NA,-,B,-,N,NA,NA,NA,NA,NA,NA,NA,NA,NA,Y,4,0,1,2,A,-,09,21804,A,N,D,C,A,B,H,-,-,D,0,NA,NA,NA,NA,Y,NA,A,01,0,0,1,0,0,0,0,0,0,-,-,NA,NA,SAN DIEGO,NATIONAL CITY,-117.10692596435548,32.67584228515625
9391865,2022,2022-01-27,3711,2022-01-11,0634,SD7894,NA,2,5,7,3711,0,0,0,NA,0,312,CALLE MARISELDA,CALLE MARISELDA 6141,0,NA,N,A,-,N,NA,NA,NA,NA,NA,NA,NA,NA,NA,Y,4,0,1,2,A,-,09,21801,A,N,D,C,A,A,H,-,A,D,0,NA,NA,NA,NA,Y,NA,D,22,0,0,1,0,0,0,0,0,0,-,-,NA,NA,SAN DIEGO,SAN DIEGO,NA,NA
9392357,2022,2022-02-01,3710,2022-01-04,1407,OC1489,NA,2,5,6,3710,0,0,0,NA,0,012,GRANDVIEW ST,KURTZ ST,169,W,N,A,-,N,NA,NA,NA,NA,NA,NA,NA,NA,NA,Y,4,0,1,2,A,-,08,22107,NA,N,B,C,A,A,H,-,A,D,0,NA,NA,NA,NA,Y,NA,A,07,0,0,1,0,0,0,0,0,0,-,-,NA,NA,SAN DIEGO,OCEANSIDE,-117.35801696777344,33.18838882446289
9392478,2021,2022-01-27,3708,2021-12-26,0040,LM1284,NA,7,5,5,3708,0,0,0,NA,0,003,LAKE MURRAY BL,KIOWA DR,42,E,N,B,C,N,NA,NA,NA,NA,NA,NA,NA,NA,NA,N,4,0,1,2,A,-,03,22350,NA,M,C,C,A,B,H,-,C,A,0,NA,NA,NA,NA,Y,NA,-,-,0,0,1,0,0,0,0,0,0,-,-,NA,NA,SAN DIEGO,LA MESA,-117.04043579101563,32.77934265136719
9393509,2022,2022-02-04,3710,2022-01-14,1745,OC1494,NA,5,5,6,3710,0,0,0,NA,0,007,OCEANSIDE BL,RT 5,0,NA,Y,A,-,N,NA,NA,NA,NA,NA,NA,NA,NA,NA,N,2,0,1,2,A,-,10,21950,A,F,G,B,B,A,H,-,D,A,0,Y,NA,NA,NA,Y,NA,-,NA,1,0,0,0,1,0,0,0,0,-,SF,NA,NA,SAN DIEGO,OCEANSIDE,-117.3624267578125,33.19025421142578
9395931,2022,2022-02-25,3711,2022-01-24,0805,SD7648,NA,1,5,7,3711,0,0,0,NA,0,NA,EASTGATE MALL,EASTER WY,0,NA,Y,A,-,N,NA,NA,NA,NA,NA,NA,NA,NA,NA,N,4,0,1,2,A,-,12,21453,A,N,D,C,A,A,H,-,A,A,0,NA,NA,NA,NA,Y,NA,A,07,0,0,1,0,0,0,0,0,0,-,-,NA,NA,SAN DIEGO,SAN DIEGO,-117.21112060546876,32.87837600708008
9396006,2022,2022-02-04,3711,2022-01-25,0812,SD7405,NA,2,5,7,3711,0,0,0,NA,0,444,42ND ST,HILLTOP DR,0,NA,Y,A,-,N,NA,NA,NA,NA,NA,NA,NA,NA,NA,N,3,0,1,1,B,-,22,NA,NA,N,H,I,A,A,H,-,A,A,0,NA,NA,Y,NA,Y,NA,C,02,0,1,0,0,0,0,0,0,1,-,-,NA,NA,SAN DIEGO,SAN DIEGO,-117.10466003417967,32.71510696411133
9396204,2021,2022-02-04,3702,2021-12-24,2116,CV1377,NA,5,5,6,3702,0,0,0,NA,0,014,3RD AV,F ST,3,S,N,A,-,N,NA,NA,NA,NA,NA,NA,NA,NA,NA,N,2,0,2,3,A,-,06,21750,NA,F,G,B,F,A,H,-,C,A,0,Y,NA,NA,NA,Y,NA,A,07,2,0,0,0,2,0,0,0,0,-,-,NA,NA,SAN DIEGO,CHULA VISTA,-117.07998657226563,32.64119338989258
9396220,2021,2022-02-04,3710,2021-12-23,1709,OC1500,NA,4,5,6,3710,0,0,0,NA,0,006,NORTH COAST HWY,SURFRIDER WY,162,S,N,C,-,N,NA,NA,NA,NA,NA,NA,NA,NA,NA,Y,4,0,1,1,A,-,03,22350,NA,N,E,I,A,B,H,-,C,D,0,NA,NA,NA,NA,Y,NA,A,01,0,0,1,0,0,0,0,0,0,-,-,NA,NA,SAN DIEGO,OCEANSIDE,-117.382080078125,33.19892883300781
9396619,2021,2022-02-04,3705,2021-11-02,1816,EC0371,NA,2,5,5,3705,0,0,0,NA,0,004,E WASHINGTON AV,S MAGNOLIA AV,34,W,N,A,-,N,NA,NA,NA,NA,NA,NA,NA,NA,NA,Y,4,0,1,2,C,-,18,NA,NA,N,C,C,A,A,H,-,C,A,0,NA,NA,NA,NA,Y,NA,-,-,0,0,1,0,0,0,0,0,0,-,-,NA,NA,SAN DIEGO,EL CAJON,-116.96233367919922,32.78767013549805
93983541,2024,2024-08-09,9650,2024-07-30,1705,021876,NA,2,2,6,3706,0,1,1,NA,2,023,I-15 S/B,SR-78,125,S,N,A,-,Y,SD,NA,15,NA,R,31.31,H,NA,R,N,4,0,1,3,A,-,07,21658,A,N,B,C,A,A,H,-,A,D,0,NA,NA,NA,NA,Y,NA,-,-,0,0,1,0,0,0,0,0,0,-,-,33.12419891357422,-117.10368347167967,SAN DIEGO,ESCONDIDO,-117.10372161865234,33.12418746948242
9400138,2022,2022-02-10,3710,2022-01-17,0530,OC1304,NA,1,5,6,3710,0,0,0,NA,0,015,OCEANSIDE BL,EL CAMINIO REAL,625,W,N,A,-,N,NA,NA,NA,NA,NA,NA,NA,NA,NA,Y,2,0,1,1,A,-,01,23152,A,N,E,I,A,A,H,-,C,D,0,NA,NA,NA,NA,Y,Y,A,01,1,0,0,0,0,0,0,0,0,-,-,NA,NA,SAN DIEGO,OCEANSIDE,-117.33424377441406,33.201786041259766
9400139,2022,2022-02-09,3710,2022-01-03,0745,OC1211,NA,1,5,6,3710,0,0,0,NA,0,018,VANDEGRIFT BL,DOUGLAS DR,25,S,N,A,-,N,NA,NA,NA,NA,NA,NA,NA,NA,NA,N,4,0,1,2,D,-,00,NA,NA,N,G,B,B,A,H,-,B,A,0,Y,NA,NA,NA,Y,NA,-,-,0,0,1,0,1,0,0,0,0,-,-,NA,NA,SAN DIEGO,OCEANSIDE,-117.29615020751952,33.27341079711914
9400510,2021,2022-02-15,3702,2021-12-03,2210,CV1308,NA,5,5,6,3702,0,0,0,NA,0,011,WOODLAWN AV,F ST,150,N,N,A,-,N,NA,NA,NA,NA,NA,NA,NA,NA,NA,Y,3,0,1,3,A,-,01,23152,A,N,B,C,A,A,H,-,C,D,0,NA,NA,NA,NA,Y,Y,D,22,0,1,0,0,0,0,0,0,0,-,-,NA,NA,SAN DIEGO,CHULA VISTA,-117.09636688232422,32.637107849121094
94019378,2024,2024-08-09,9645,2024-07-31,812,018987,NA,3,1,7,3711,0,1,1,NA,2,005,I-5 NORTHBOUND,SR-52,2112,N,N,B,-,Y,SD,NA,5,NA,R,26.338,H,NA,R,N,4,0,1,2,A,-,07,21658,A,N,B,C,A,A,H,-,A,D,0,NA,NA,NA,NA,Y,NA,-,-,0,0,1,0,0,0,0,0,0,-,-,32.84284973144531,-117.23638153076172,SAN DIEGO,SAN DIEGO,-117.23635864257813,32.84284973144531
94019464,2024,2024-08-09,9645,2024-07-28,1050,023628,NA,7,1,7,3711,0,1,1,NA,2,005,I-5 NB,WASHINGTON STREET,1584,N,N,A,-,Y,SD,NA,5,NA,R,18.559,H,NA,R,Y,3,0,1,2,A,-,07,21658,A,F,F,A,A,A,H,-,A,D,0,NA,NA,Y,NA,Y,NA,C,02,0,1,0,0,0,0,0,0,1,-,-,32.74433898925781,-117.186279296875,SAN DIEGO,SAN DIEGO,-117.18627166748048,32.74435806274414
9403173,2022,2022-02-22,3711,2022-02-01,1507,SD1593,NA,2,5,7,3711,0,0,0,NA,0,122,NOYES ST,FELSPAR ST,0,NA,Y,A,-,N,NA,NA,NA,NA,NA,NA,NA,NA,NA,Y,4,0,2,2,A,-,09,21802,A,N,D,C,A,A,H,-,A,D,0,NA,NA,NA,NA,Y,NA,A,08,0,0,2,0,0,0,0,0,0,-,-,NA,NA,SAN DIEGO,SAN DIEGO,-117.2319793701172,32.80271530151367
9403641,2022,2022-04-13,3711,2022-03-03,1819,SD1536,NA,4,5,7,3711,0,0,0,NA,0,931,CARROLL CANYON RD,NANCY RIDGE DR,0,NA,Y,A,-,N,NA,NA,NA,NA,NA,NA,NA,NA,NA,N,4,0,1,2,A,-,09,21803,A,N,A,C,A,A,H,-,C,A,0,NA,NA,NA,NA,Y,NA,A,01,0,0,1,0,0,0,0,0,0,-,-,NA,NA,SAN DIEGO,SAN DIEGO,-117.19232177734376,32.89188766479492
9405055,2022,2022-02-22,3711,2022-01-29,1155,SD1193,NA,6,5,7,3711,0,0,0,NA,0,436,PARADISE VALLEY RD,S MEADOWBROOK DR,0,NA,Y,B,-,N,NA,NA,NA,NA,NA,NA,NA,NA,NA,Y,4,0,2,2,A,-,03,22350,NA,N,D,C,A,A,H,-,A,A,0,NA,NA,NA,NA,Y,NA,A,01,0,0,2,0,0,0,0,0,0,-,-,NA,NA,SAN DIEGO,SAN DIEGO,-117.02584838867188,32.697513580322266
9406168,2022,2022-02-16,3700,2022-01-15,1740,SH0817,NA,6,5,5,3712,0,0,0,NA,0,354,EAST MISSION RD,BENNETT AV,794,E,N,A,-,N,NA,NA,NA,NA,NA,NA,NA,NA,NA,Y,4,0,1,2,A,-,17,24250,NA,N,D,C,A,A,H,-,C,D,0,NA,NA,NA,NA,Y,NA,A,01,0,0,1,0,0,0,0,0,0,-,-,NA,NA,SAN DIEGO,SAN MARCOS,-117.12757110595705,33.13383865356445
9406198,2022,2022-02-25,3711,2022-02-02,1602,SD1208,NA,3,5,7,3711,0,0,0,NA,0,714,EAST SAN YSIDRO BL,EAST SAN YSIDRO BL 721,0,NA,Y,A,-,N,NA,NA,NA,NA,NA,NA,NA,NA,NA,N,4,0,1,2,A,-,03,22350,NA,M,C,C,A,-,-,-,A,-,0,NA,NA,NA,NA,Y,NA,-,NA,0,0,1,0,0,0,0,0,0,-,-,NA,NA,SAN DIEGO,SAN DIEGO,-117.02951049804688,32.545135498046875
9406205,2022,2022-03-02,3710,2022-02-02,1835,OC1508,NA,3,5,6,3710,0,0,0,NA,0,026,RANCHO DEL ORO DR,CAMEO DR,0,NA,Y,A,-,N,NA,NA,NA,NA,NA,NA,NA,NA,NA,Y,4,0,3,2,A,-,12,21453,A,N,D,C,A,A,H,-,C,A,0,NA,NA,NA,NA,Y,NA,A,01,0,0,3,0,0,0,0,0,0,-,-,NA,NA,SAN DIEGO,OCEANSIDE,-117.30921936035156,33.19277572631836
9406214,2022,2022-03-02,3711,2022-02-05,1455,SD7816,NA,6,5,7,3711,0,0,0,NA,0,323,WARING RD,ADOBE FALLS RD,100,N,N,A,-,N,NA,NA,NA,NA,NA,NA,NA,NA,NA,Y,4,0,1,1,A,-,08,22107,NA,N,A,I,A,A,H,-,A,D,0,NA,NA,NA,NA,Y,NA,A,01,0,0,1,0,0,0,0,0,0,-,-,NA,NA,SAN DIEGO,SAN DIEGO,-117.08554840087892,32.784793853759766
9406761,2022,2022-03-11,3711,2022-02-28,0453,SD7975,NA,1,5,7,3711,0,0,0,NA,0,112,GENESEE AV,GENESEE AV 3300,0,NA,Y,A,-,N,NA,NA,NA,NA,NA,NA,NA,NA,NA,Y,3,0,1,1,A,-,08,38314,NA,N,F,A,A,A,H,-,C,A,0,NA,NA,NA,NA,Y,NA,A,01,0,1,0,0,0,0,0,0,0,-,-,NA,NA,SAN DIEGO,SAN DIEGO,-117.2051010131836,32.85655975341797
9406908,2022,2022-03-08,3711,2022-02-08,1514,SD7182,NA,2,5,7,3711,0,0,0,NA,0,511,HARBOR DR,SOUTH 32ND,150,W,N,A,-,N,NA,NA,NA,NA,NA,NA,NA,NA,NA,N,3,0,1,2,A,-,06,21750,NA,N,B,C,A,A,H,-,A,A,0,NA,NA,Y,NA,Y,NA,C,02,0,1,0,0,0,0,0,0,1,-,-,NA,NA,SAN DIEGO,SAN DIEGO,-117.12581634521484,32.68608856201172
9407069,2022,2022-04-06,3702,2022-02-09,0305,CV1264,NA,3,5,6,3702,0,0,0,NA,0,024,MAIN ST,ALBANY AV,32,E,N,A,-,N,NA,NA,NA,NA,NA,NA,NA,NA,NA,Y,4,0,1,2,A,-,03,22350,NA,N,C,C,A,A,H,-,C,A,0,NA,NA,NA,NA,Y,NA,A,01,0,0,1,0,0,0,0,0,0,-,-,NA,NA,SAN DIEGO,CHULA VISTA,-117.05802917480467,32.59474182128906
9407279,2021,2022-03-24,3700,2021-12-10,1406,SH0214,NA,5,5,4,3720,0,0,0,NA,0,607,PALM ST,WASHINGTON ST,0,NA,Y,A,-,N,NA,NA,NA,NA,NA,NA,NA,NA,NA,Y,4,0,1,3,A,-,09,21802,A,N,A,C,A,A,H,-,A,A,0,NA,NA,NA,NA,Y,NA,A,01,0,0,1,0,0,0,0,0,0,-,-,NA,NA,SAN DIEGO,LEMON GROVE,-117.02330017089844,32.73469161987305
9407608,2022,2022-03-04,3702,2022-01-18,2230,CV1203,NA,2,5,6,3702,0,0,0,NA,0,014,E ST,2ND AV,356,E,N,A,-,N,NA,NA,NA,NA,NA,NA,NA,NA,NA,Y,4,0,1,2,A,-,03,22350,NA,M,C,E,A,A,H,-,C,D,0,NA,NA,NA,NA,Y,NA,A,01,0,0,1,0,0,0,0,0,0,-,-,NA,NA,SAN DIEGO,CHULA VISTA,-117.07608032226563,32.64620590209961
9410098,2022,2022-03-23,3700,2022-01-04,0440,SH7478,NA,2,5,4,3780,0,0,0,NA,0,410,TOBIASON RD,VAUGHN DR,300,S,N,A,-,N,NA,NA,NA,NA,NA,NA,NA,NA,NA,N,4,0,2,2,A,-,08,22100,B,N,D,C,A,A,H,-,A,A,0,NA,NA,NA,NA,Y,NA,A,01,0,0,2,0,0,0,0,0,0,-,-,NA,NA,SAN DIEGO,POWAY,-117.05999755859376,32.96529006958008
9410880,2021,2022-02-17,3700,2021-10-18,0643,SH5476,NA,1,5,4,3707,0,0,0,NA,0,702,PALM AV,FLORENCE ST,0,NA,Y,A,-,N,NA,NA,NA,NA,NA,NA,NA,NA,NA,Y,4,0,1,2,A,-,01,23152,A,N,C,C,A,A,H,-,A,A,0,NA,NA,NA,NA,Y,NA,A,01,0,0,1,0,0,0,0,0,0,-,-,NA,NA,SAN DIEGO,IMPERIAL BEACH,-117.1068878173828,32.583797454833984
9411913,2022,2022-03-09,3711,2022-02-02,1400,SD7964,NA,3,5,7,3711,0,0,0,NA,0,712,OTAY MESA RD,BEYER BL,0,NA,Y,A,-,N,NA,NA,NA,NA,NA,NA,NA,NA,NA,N,3,0,1,2,A,-,11,21950,B,N,G,B,D,A,H,-,A,D,0,Y,NA,NA,NA,Y,NA,N,60,0,1,0,0,1,0,0,0,0,-,-,NA,NA,SAN DIEGO,SAN DIEGO,-117.040771484375,32.55824661254883
9411947,2021,2022-02-22,3702,2021-12-31,1618,CV1308,NA,5,5,6,3702,0,0,0,NA,0,024,MAIN ST,MACE ST,0,NA,Y,C,-,N,NA,NA,NA,NA,NA,NA,NA,NA,NA,Y,3,0,1,2,A,-,09,21801,A,N,D,C,A,B,H,-,B,A,0,NA,NA,NA,NA,Y,NA,A,01,0,1,0,0,0,0,0,0,0,-,-,NA,NA,SAN DIEGO,CHULA VISTA,-117.05369567871094,32.594722747802734
9411948,2021,2022-02-22,3702,2021-12-17,1118,CV1099,NA,5,5,6,3702,0,0,0,NA,0,014,H ST,HILLTOP DR,267,W,N,A,-,N,NA,NA,NA,NA,NA,NA,NA,NA,NA,Y,4,0,1,2,A,-,03,22350,NA,N,C,C,A,A,H,-,A,D,0,NA,NA,NA,NA,Y,NA,A,07,0,0,1,0,0,0,0,0,0,-,-,NA,NA,SAN DIEGO,CHULA VISTA,-117.06581115722656,32.637596130371094
9412323,2022,2022-02-28,3700,2022-01-22,1812,SH0029,NA,6,5,5,3713,0,0,0,NA,0,311,EAST VISTA WY,CIVIC CENTER DR,0,NA,Y,A,-,N,NA,NA,NA,NA,NA,NA,NA,NA,NA,Y,3,0,1,2,A,-,12,21453,A,N,D,C,A,A,H,-,C,A,0,NA,NA,NA,NA,Y,NA,D,22,0,1,0,0,0,0,0,0,0,-,-,NA,NA,SAN DIEGO,VISTA,-117.23712921142578,33.20532989501953
9412409,2022,2022-03-01,3711,2022-02-04,1511,7966,NA,5,5,7,3711,0,0,0,NA,0,441,S 36TH ST,FRANKLIN AV,2,N,N,A,-,N,NA,NA,NA,NA,NA,NA,NA,NA,NA,N,4,0,1,2,A,-,09,21801,A,N,D,C,A,A,H,-,A,D,0,NA,NA,NA,NA,Y,NA,A,01,0,0,1,0,0,0,0,0,0,-,-,NA,NA,SAN DIEGO,SAN DIEGO,-117.11681365966795,32.702484130859375
9412478,2022,2022-03-04,3709,2022-02-09,1903,NC0498,NA,3,5,5,3709,0,0,0,NA,0,023,L AV,E 22ND ST,63,S,N,A,-,N,NA,NA,NA,NA,NA,NA,NA,NA,NA,Y,4,0,1,3,A,-,01,23152,B,N,B,E,A,A,H,-,C,D,0,NA,NA,NA,NA,Y,Y,A,08,0,0,1,0,0,0,0,0,0,-,-,NA,NA,SAN DIEGO,NATIONAL CITY,-117.0898666381836,32.667015075683594
9412768,2022,2022-02-28,3709,2022-01-28,1604,NC0533,NA,5,5,5,3709,0,0,0,NA,0,021,EAST 16TH ST,RACHAEL AV,0,NA,Y,A,-,N,NA,NA,NA,NA,NA,NA,NA,NA,NA,Y,4,0,1,2,A,-,08,22107,NA,N,D,C,A,A,H,-,A,D,0,NA,NA,Y,NA,Y,NA,A,01,0,0,1,0,0,0,0,0,1,-,-,NA,NA,SAN DIEGO,NATIONAL CITY,-117.07149505615234,32.67811965942383
9413461,2022,2022-03-10,3702,2022-02-08,1140,CV0815,NA,2,5,6,3702,0,0,0,NA,0,014,4TH AV,DAVIDSON ST,6,S,N,-,-,N,NA,NA,NA,NA,NA,NA,NA,NA,NA,N,4,0,1,2,A,-,10,21950,A,N,G,B,B,A,H,-,A,A,0,Y,NA,NA,NA,Y,NA,A,08,0,0,1,0,1,0,0,0,0,-,-,NA,NA,SAN DIEGO,CHULA VISTA,-117.08462524414063,32.641815185546875
9413497,2022,2022-05-09,3711,2022-02-17,1242,SD5700,NA,4,5,7,3711,0,0,0,NA,0,529,6TH AV,6TH AVE 1800,0,NA,N,A,-,N,NA,NA,NA,NA,NA,NA,NA,NA,NA,Y,3,0,1,2,A,-,08,22107,NA,N,B,C,A,A,H,-,A,D,0,NA,NA,NA,NA,Y,NA,A,01,0,1,0,0,0,0,0,0,0,-,-,NA,NA,SAN DIEGO,SAN DIEGO,-117.07826232910156,33.11714553833008