CASE_ID,ACCIDENT_YEAR,PROC_DATE,JURIS,COLLISION_DATE,COLLISION_TIME,OFFICER_ID,REPORTING_DISTRICT,DAY_OF_WEEK,CHP_SHIFT,POPULATION,CNTY_CITY_LOC,SPECIAL_COND,BEAT_TYPE,CHP_BEAT_TYPE,CITY_DIVISION_LAPD,CHP_BEAT_CLASS,BEAT_NUMBER,PRIMARY_RD,SECONDARY_RD,DISTANCE,DIRECTION,INTERSECTION,WEATHER_1,WEATHER_2,STATE_HWY_IND,CALTRANS_COUNTY,CALTRANS_DISTRICT,STATE_ROUTE,ROUTE_SUFFIX,POSTMILE_PREFIX,POSTMILE,LOCATION_TYPE,RAMP_INTERSECTION,SIDE_OF_HWY,TOW_AWAY,COLLISION_SEVERITY,NUMBER_KILLED,NUMBER_INJURED,PARTY_COUNT,PRIMARY_COLL_FACTOR,PCF_CODE_OF_VIOL,PCF_VIOL_CATEGORY,PCF_VIOLATION,PCF_VIOL_SUBSECTION,HIT_AND_RUN,TYPE_OF_COLLISION,MVIW,PED_ACTION,ROAD_SURFACE,ROAD_COND_1,ROAD_COND_2,LIGHTING,CONTROL_DEVICE,CHP_ROAD_TYPE,PEDESTRIAN_ACCIDENT,BICYCLE_ACCIDENT,MOTORCYCLE_ACCIDENT,TRUCK_ACCIDENT,NOT_PRIVATE_PROPERTY,ALCOHOL_INVOLVED,STWD_VEHTYPE_AT_FAULT,CHP_VEHTYPE_AT_FAULT,COUNT_SEVERE_INJ,COUNT_VISIBLE_INJ,COUNT_COMPLAINT_PAIN,COUNT_PED_KILLED,COUNT_PED_INJURED,COUNT_BICYCLIST_KILLED,COUNT_BICYCLIST_INJURED,COUNT_MC_KILLED,COUNT_MC_INJURED,PRIMARY_RAMP,SECONDARY_RAMP,LATITUDE,LONGITUDE,COUNTY,CITY,POINT_X,POINT_Y
9413612,2022,2022-03-28,3710,2022-01-29,1059,OC1443,NA,6,5,6,3710,0,0,0,NA,0,009,SOUTH COAST HWY,EATON ST,0,NA,Y,B,-,N,NA,NA,NA,NA,NA,NA,NA,NA,NA,N,2,0,1,2,A,-,09,21801,A,N,D,G,A,A,H,-,A,D,0,NA,Y,NA,NA,Y,NA,J,48,1,0,0,0,0,0,1,0,0,-,-,NA,NA,SAN DIEGO,OCEANSIDE,-117.35832214355467,33.17060852050781
9413698,2022,2022-02-28,3711,2022-02-07,1809,SD1618,NA,1,5,7,3711,0,0,0,NA,0,115,NOBEL DR,REGENTS RD,359,W,N,A,-,N,NA,NA,NA,NA,NA,NA,NA,NA,NA,N,4,0,2,3,A,-,21,22106,NA,N,C,C,A,A,H,-,C,A,0,NA,NA,NA,NA,Y,NA,A,01,0,0,2,0,0,0,0,0,0,-,-,NA,NA,SAN DIEGO,SAN DIEGO,-117.22018432617188,32.86790466308594
9414460,2022,2022-03-25,3705,2022-01-14,1134,EC0279,NA,5,5,5,3705,0,0,0,NA,0,001,FLETCHER PKWY,RT 8,0,NA,Y,A,-,Y,SD,11,67,-,R,0.599,R,4,S,Y,3,0,4,2,C,-,18,NA,NA,N,D,C,A,A,H,-,A,A,0,NA,NA,NA,NA,Y,NA,-,-,0,3,1,0,0,0,0,0,0,-,WO,NA,NA,SAN DIEGO,EL CAJON,-116.96201324462892,32.81173324584961
9414985,2022,2022-03-08,3710,2022-02-20,1630,OC1452,NA,7,5,6,3710,0,0,0,NA,0,021,RANCHO DEL ORO,RT 76,60,S,N,A,-,Y,SD,11,76,-,R,4.211,I,6,E,N,4,0,1,3,A,-,01,23153,A,N,C,C,A,A,H,-,A,A,0,NA,NA,NA,NA,Y,Y,A,01,0,0,1,0,0,0,0,0,0,-,-,NA,NA,SAN DIEGO,OCEANSIDE,-117.31830596923828,33.227787017822266
9415813,2022,2022-03-18,3702,2022-01-28,1500,CV1278,NA,5,5,6,3702,0,0,0,NA,0,042,EAST PALOMAR ST,LA MEDIA,16,E,N,A,-,N,NA,NA,NA,NA,NA,NA,NA,NA,NA,N,4,0,1,2,A,-,03,22350,NA,N,C,C,A,A,H,-,A,A,0,NA,NA,NA,NA,Y,NA,A,01,0,0,1,0,0,0,0,0,0,-,-,NA,NA,SAN DIEGO,CHULA VISTA,-116.9881591796875,32.632259368896484
9416184,2022,2022-03-25,3711,2022-03-08,0621,SD1324,NA,2,5,7,3711,0,0,0,NA,0,524,BROADWAY,11TH AV,0,NA,Y,B,-,N,NA,NA,NA,NA,NA,NA,NA,NA,NA,N,3,0,2,2,A,-,-,NA,NA,N,D,C,A,A,C,-,A,A,0,NA,NA,NA,NA,Y,NA,A,01,0,2,0,0,0,0,0,0,0,-,-,NA,NA,SAN DIEGO,SAN DIEGO,-117.15473175048828,32.715736389160156
9416553,2022,2022-03-21,3708,2022-02-06,0021,LM1206,NA,7,5,5,3708,0,0,0,NA,0,001,LA MESA BL,UNIVERSITY AV,218,N,N,A,-,N,NA,NA,NA,NA,NA,NA,NA,NA,NA,Y,2,0,1,1,A,-,01,23152,A,N,E,I,A,A,H,-,C,D,0,NA,NA,NA,NA,Y,Y,A,01,1,0,0,0,0,0,0,0,0,-,-,NA,NA,SAN DIEGO,LA MESA,-117.02696990966795,32.76534652709961
9417594,2021,2022-03-24,3700,2021-12-26,1808,SH0169,NA,7,5,4,3720,0,0,0,NA,0,602,NEW JERSEY AV,PACIFIC AV,10,N,N,A,-,N,NA,NA,NA,NA,NA,NA,NA,NA,NA,N,4,0,2,2,A,-,09,21802,A,N,B,C,A,A,H,-,C,A,0,NA,NA,NA,NA,Y,NA,A,01,0,0,2,0,0,0,0,0,0,-,-,NA,NA,SAN DIEGO,LEMON GROVE,-117.0363998413086,32.74170684814453
9417734,2022,2022-05-11,3711,2022-04-08,1305,SD7971,NA,5,5,7,3711,0,0,0,NA,0,511,HARBOR DR,SOUTH SIGSBEE ST,0,NA,Y,A,-,N,NA,NA,NA,NA,NA,NA,NA,NA,NA,Y,3,0,3,2,A,-,09,21803,A,N,A,C,A,A,H,-,A,D,0,NA,NA,NA,NA,Y,NA,A,01,0,2,1,0,0,0,0,0,0,-,-,NA,NA,SAN DIEGO,SAN DIEGO,-117.15080261230467,32.70047378540039
9419212,2022,2022-05-13,3711,2022-04-02,2115,SD7237,NA,6,5,7,3711,0,0,0,NA,0,121,BAYSIDE LN,SUN SET CT,52,N,N,A,-,N,NA,NA,NA,NA,NA,NA,NA,NA,NA,N,4,0,1,2,A,-,06,21750,NA,M,C,C,A,A,H,-,C,D,0,NA,NA,NA,NA,Y,NA,-,NA,0,0,1,0,0,0,0,0,0,-,-,NA,NA,SAN DIEGO,SAN DIEGO,-117.25257873535156,32.785972595214844
9420043,2022,2022-04-20,3711,2022-04-10,1427,SD8695,NA,7,5,7,3711,0,0,0,NA,0,124,TORREY PINES RD,POTTERY PARK DRWY,0,NA,-,A,-,N,NA,NA,NA,NA,NA,NA,NA,NA,NA,Y,2,0,2,1,A,-,08,22107,NA,N,E,-,A,A,H,-,A,A,0,NA,NA,NA,NA,Y,NA,A,01,1,0,1,0,0,0,0,0,0,-,-,NA,NA,SAN DIEGO,SAN DIEGO,-117.26964569091795,32.845069885253906
9420494,2022,2022-06-03,3710,2022-03-18,0134,OC1480,NA,5,5,6,3710,0,0,0,NA,0,008,OCEANSIDE BL,TAIT ST,0,NA,Y,A,-,N,NA,NA,NA,NA,NA,NA,NA,NA,NA,N,3,0,1,2,A,-,09,21802,B,F,H,A,A,A,H,-,C,D,0,NA,NA,Y,NA,Y,Y,-,99,0,1,0,0,0,0,0,0,1,-,-,NA,NA,SAN DIEGO,OCEANSIDE,-117.37228393554688,33.181793212890625
9420524,2022,2022-05-05,3710,2022-04-04,1050,OC1518,NA,1,5,6,3710,0,0,0,NA,0,011,OCEANSIDE BL,COMMERCE ST,16,W,N,A,-,N,NA,NA,NA,NA,NA,NA,NA,NA,NA,N,3,0,1,2,A,-,08,22100,A,F,D,G,A,A,H,-,A,A,0,NA,Y,NA,NA,Y,Y,-,-,0,1,0,0,0,0,1,0,0,-,-,NA,NA,SAN DIEGO,OCEANSIDE,-117.36125183105467,33.19107437133789
9420862,2022,2022-04-22,3710,2022-03-29,1251,OC1443,NA,2,5,6,3710,0,0,0,NA,0,012,EL CAMINO REAL,SKYLINE DR,0,NA,Y,A,-,N,NA,NA,NA,NA,NA,NA,NA,NA,NA,Y,3,0,2,2,A,-,12,21453,A,N,D,C,A,A,H,-,A,A,0,NA,NA,NA,NA,Y,NA,A,01,0,1,1,0,0,0,0,0,0,-,-,NA,NA,SAN DIEGO,OCEANSIDE,-117.32797241210938,33.192604064941406
9421388,2022,2022-04-01,3711,2022-03-10,0941,SD7247,NA,4,5,7,3711,0,0,0,NA,0,931,SORRENTO VALLEY BL,VISTA SORRENTO PKWY,0,NA,Y,A,-,N,NA,NA,NA,NA,NA,NA,NA,NA,NA,Y,4,0,1,2,A,-,12,21453,A,N,D,C,A,A,H,-,A,A,0,NA,NA,NA,NA,Y,NA,A,01,0,0,1,0,0,0,0,0,0,-,-,NA,NA,SAN DIEGO,SAN DIEGO,-117.2213897705078,32.902469635009766
9422767,2022,2022-03-29,3711,2022-03-01,0828,SD7277,NA,2,5,7,3711,0,0,0,NA,0,617,CATALINA BL,DUPONT ST,50,S,N,A,-,N,NA,NA,NA,NA,NA,NA,NA,NA,NA,N,4,0,1,1,D,-,00,NA,NA,N,F,A,A,A,H,-,A,D,0,NA,NA,Y,NA,Y,NA,-,-,0,0,1,0,0,0,0,0,1,-,-,NA,NA,SAN DIEGO,SAN DIEGO,-117.24738311767578,32.715396881103516
9422795,2022,2022-03-29,3711,2022-03-14,1825,SD7024,NA,1,5,7,3711,0,0,0,NA,0,524,KETTNER BL,WEST BROADWAY,0,NA,Y,A,-,N,NA,NA,NA,NA,NA,NA,NA,NA,NA,N,4,0,1,2,A,-,12,21453,A,M,D,C,A,A,H,-,A,A,0,NA,NA,NA,NA,Y,NA,-,99,0,0,1,0,0,0,0,0,0,-,-,NA,NA,SAN DIEGO,SAN DIEGO,-117.16919708251952,32.71565628051758
9423221,2022,2022-03-22,3710,2022-03-12,2226,OC1486,NA,6,5,6,3710,0,0,0,NA,0,017,DOUGLAS DR,WESTPORT DR,360,N,N,A,-,N,NA,NA,NA,NA,NA,NA,NA,NA,NA,Y,3,0,1,1,A,-,03,22350,NA,N,E,I,A,A,H,-,D,D,0,NA,NA,NA,NA,Y,NA,A,01,0,1,0,0,0,0,0,0,0,-,-,NA,NA,SAN DIEGO,OCEANSIDE,-117.32269287109376,33.24844741821289
9425156,2022,2022-04-19,3710,2022-03-29,1520,OC1508,NA,2,5,6,3710,0,0,0,NA,0,032,WILDCAT WY,RANCHO DEL ORO DR,0,NA,Y,A,-,N,NA,NA,NA,NA,NA,NA,NA,NA,NA,N,3,0,1,2,A,-,00,21456,3,N,D,G,A,A,H,-,A,A,0,NA,Y,NA,NA,Y,NA,L,04,0,1,0,0,0,0,1,0,0,-,-,NA,NA,SAN DIEGO,OCEANSIDE,NA,NA
9425178,2022,2022-04-11,3700,2022-02-06,1539,SH0315,NA,7,5,5,3782,0,0,0,NA,0,206,LEUCADIA BL,QUAIL GARDENS DR,108,E,N,A,-,N,NA,NA,NA,NA,NA,NA,NA,NA,NA,Y,3,0,2,1,A,-,01,23153,A,M,E,I,A,A,H,-,A,D,0,NA,NA,NA,NA,Y,Y,A,01,0,2,0,0,0,0,0,0,0,-,-,NA,NA,SAN DIEGO,ENCINITAS,-117.27809143066406,33.065338134765625
9425334,2022,2022-04-19,3700,2022-02-18,2105,SH6005,NA,5,5,5,3782,0,0,0,NA,0,214,ENCINITAS BL,ENCINITAS BL 160,0,NA,N,A,-,N,NA,NA,NA,NA,NA,NA,NA,NA,NA,Y,4,0,1,2,A,-,01,23152,A,N,C,C,A,A,H,-,C,A,0,NA,NA,NA,NA,Y,Y,A,01,0,0,1,0,0,0,0,0,0,-,-,NA,NA,SAN DIEGO,ENCINITAS,-117.2646026611328,33.046119689941406
9425651,2022,2022-04-21,3711,2022-03-27,0035,SD1521,NA,7,5,7,3711,0,0,0,NA,0,122,OCEAN BL,GRAND AV,0,NA,Y,A,-,N,NA,NA,NA,NA,NA,NA,NA,NA,NA,N,4,0,1,2,A,-,03,22350,NA,N,G,B,E,A,A,B,C,D,0,Y,NA,NA,NA,Y,Y,M,94,0,0,1,0,1,0,0,0,0,-,-,NA,NA,SAN DIEGO,SAN DIEGO,-117.25595092773438,32.79436111450195
9425657,2022,2022-04-21,3711,2022-03-22,2204,SD1113,NA,2,5,7,3711,0,0,0,NA,0,611,ROSECRANS ST,SPORTS ARENA BL,0,NA,Y,A,-,N,NA,NA,NA,NA,NA,NA,NA,NA,NA,N,3,0,2,2,A,-,08,22107,NA,N,G,B,C,A,H,-,C,D,0,Y,NA,Y,NA,Y,NA,C,02,0,2,0,0,1,0,0,0,1,-,-,NA,NA,SAN DIEGO,SAN DIEGO,-117.20494079589844,32.751529693603516
9427169,2022,2022-04-15,3711,2022-03-21,1418,SD8334,NA,1,5,7,3711,0,0,0,NA,0,441,MARKET ST,36TH ST,0,NA,N,A,-,N,NA,NA,NA,NA,NA,NA,NA,NA,NA,Y,4,0,1,2,A,-,09,21453,C,M,D,C,A,A,H,-,A,A,0,NA,NA,NA,NA,Y,NA,-,99,0,0,1,0,0,0,0,0,0,-,-,NA,NA,SAN DIEGO,SAN DIEGO,-117.11656951904295,32.711551666259766
9427313,2022,2022-04-19,3700,2022-03-18,0745,SH1706,NA,5,5,5,3782,0,0,0,NA,0,242,MACKINNON AV,MUNEVAR RD,0,NA,Y,A,-,N,NA,NA,NA,NA,NA,NA,NA,NA,NA,N,4,0,1,2,A,-,08,22107,NA,M,B,G,A,A,H,-,A,D,0,NA,Y,NA,NA,Y,NA,-,NA,0,0,1,0,0,0,1,0,0,-,-,NA,NA,SAN DIEGO,ENCINITAS,-117.27722930908205,33.034420013427734
9427740,2022,2022-05-05,3711,2022-04-08,1147,SD1333,NA,5,5,7,3711,0,0,0,NA,0,124,PEARL ST,EADS AV,0,NA,Y,A,-,N,NA,NA,NA,NA,NA,NA,NA,NA,NA,N,3,0,1,2,A,-,03,22350,NA,N,D,C,A,A,H,-,A,A,0,NA,NA,Y,NA,Y,NA,C,02,0,1,0,0,0,0,0,0,1,-,-,NA,NA,SAN DIEGO,SAN DIEGO,-117.27490997314452,32.83994674682617
9428871,2022,2022-05-11,3711,2022-04-09,0250,SD8672,NA,6,5,7,3711,0,0,0,NA,0,623,ULRIC ST,FASHION HILLS BL,41,N,N,A,-,N,NA,NA,NA,NA,NA,NA,NA,NA,NA,Y,4,0,2,3,A,-,05,21651,B,M,E,I,A,A,H,-,C,D,0,NA,NA,NA,NA,Y,NA,A,01,0,0,2,0,0,0,0,0,0,-,-,NA,NA,SAN DIEGO,SAN DIEGO,-117.16791534423828,32.77398681640625
9429148,2022,2022-04-05,3711,2022-03-22,0015,SD6583,NA,2,5,7,3711,0,0,0,NA,0,529,5TH AV,LAUREL ST,0,NA,Y,A,-,N,NA,NA,NA,NA,NA,NA,NA,NA,NA,Y,4,0,2,2,A,-,12,21453,A,N,B,C,A,A,H,-,C,A,0,NA,NA,NA,NA,Y,NA,A,07,0,0,2,0,0,0,0,0,0,-,-,NA,NA,SAN DIEGO,SAN DIEGO,-117.16029357910156,32.73139953613281
9429300,2022,2022-04-20,3710,2022-03-23,0723,OC1487,NA,3,5,6,3710,0,0,0,NA,0,023,RT 76,GUAJOME LAKE RD,500,W,N,A,-,Y,SD,11,76,-,R,7.24,H,-,W,N,4,0,1,2,A,-,04,21703,NA,N,C,C,A,A,H,-,B,A,0,NA,NA,NA,NA,Y,NA,A,01,0,0,1,0,0,0,0,0,0,-,-,NA,NA,SAN DIEGO,OCEANSIDE,-117.27332305908205,33.248783111572266
9429734,2022,2022-04-14,3711,2022-03-24,2007,SD6203,NA,4,5,7,3711,0,0,0,NA,0,431,EUCLID AV,GENEVA AV,242,S,N,A,-,N,NA,NA,NA,NA,NA,NA,NA,NA,NA,N,4,0,1,2,A,-,03,22350,NA,M,C,C,A,A,H,-,C,A,0,NA,NA,NA,NA,Y,Y,-,NA,0,0,1,0,0,0,0,0,0,-,-,NA,NA,SAN DIEGO,SAN DIEGO,-117.0849838256836,32.71605682373047
9430191,2022,2022-04-08,3702,2022-03-08,1236,CV1358,NA,2,5,6,3702,0,0,0,NA,0,042,EASTLAKE PARKWAY,OTAY LAKES RD,0,S,N,A,-,N,NA,NA,NA,NA,NA,NA,NA,NA,NA,Y,4,0,1,2,A,-,03,22350,NA,N,C,C,A,A,H,-,A,A,0,NA,NA,NA,NA,Y,NA,A,07,0,0,1,0,0,0,0,0,0,-,-,NA,NA,SAN DIEGO,CHULA VISTA,-116.96556091308594,32.64825439453125
9430196,2022,2022-04-08,3700,2022-03-07,1358,AH3684,NA,1,5,5,3713,0,0,0,NA,0,319,SHADOWRIDGE DR,SOUTH MELROSE DR,58,W,N,A,-,N,NA,NA,NA,NA,NA,NA,NA,NA,NA,Y,4,0,1,1,A,-,08,22107,NA,N,E,I,A,A,H,-,A,D,0,NA,NA,NA,NA,Y,NA,A,01,0,0,1,0,0,0,0,0,0,-,-,NA,NA,SAN DIEGO,VISTA,-117.24234008789063,33.161476135253906
9430380,2022,2022-04-05,3702,2022-02-21,2040,CV1253,NA,1,5,6,3702,0,0,0,NA,0,042,HUNTE PKWY,EASTLAKE PKWY,0,NA,Y,A,-,N,NA,NA,NA,NA,NA,NA,NA,NA,NA,Y,3,0,1,1,A,-,03,22350,NA,N,E,I,A,A,H,-,C,B,0,NA,NA,NA,NA,Y,NA,A,01,0,1,0,0,0,0,0,0,0,-,-,NA,NA,SAN DIEGO,CHULA VISTA,-116.9593505859375,32.61336135864258
9431040,2022,2022-04-19,3711,2022-03-25,1352,SD6881,NA,5,5,7,3711,0,0,0,NA,0,624,ALABAMA ST,MEADE AV,0,NA,N,-,-,N,NA,NA,NA,NA,NA,NA,NA,NA,NA,N,3,0,1,3,A,-,09,21804,A,N,C,E,E,-,-,-,-,-,0,Y,NA,NA,NA,Y,NA,A,01,0,1,0,0,1,0,0,0,0,-,-,NA,NA,SAN DIEGO,SAN DIEGO,-117.14254760742188,32.75722885131836
9431077,2022,2022-04-19,3711,2022-03-25,1518,D1196,NA,5,5,7,3711,0,0,0,NA,0,524,WEST BROADWAY,KETTNER BL,0,NA,Y,A,-,N,NA,NA,NA,NA,NA,NA,NA,NA,NA,N,4,0,1,1,A,-,17,21235,G,N,E,I,A,A,H,-,A,A,0,NA,NA,NA,NA,Y,NA,-,NA,0,0,1,0,0,0,0,0,0,-,-,NA,NA,SAN DIEGO,SAN DIEGO,-117.16919708251952,32.71565628051758
9432481,2022,2022-08-11,3708,2022-07-11,1916,LM1310,NA,1,5,5,3708,0,0,0,NA,0,004,JACKSON DR,EL PASO ST,0,NA,Y,A,-,N,NA,NA,NA,NA,NA,NA,NA,NA,NA,Y,3,0,2,2,A,-,09,21801,A,N,D,C,A,A,H,-,A,A,0,NA,NA,NA,NA,Y,NA,A,01,0,2,0,0,0,0,0,0,0,-,-,NA,NA,SAN DIEGO,LA MESA,-117.01840209960938,32.788143157958984
9432694,2022,2022-08-23,3702,2022-06-08,1618,CV1253,NA,3,5,6,3702,0,0,0,NA,0,031,TELEGRAPHY CANYON RD,APACHE DR,153,W,N,A,-,N,NA,NA,NA,NA,NA,NA,NA,NA,NA,Y,4,0,1,4,A,-,04,21703,NA,N,C,C,A,A,H,-,A,D,0,NA,NA,NA,NA,Y,NA,A,01,0,0,1,0,0,0,0,0,0,-,-,NA,NA,SAN DIEGO,CHULA VISTA,-116.99523162841795,32.63425064086914
9432849,2022,2022-08-31,3700,2022-07-15,2117,SH0645,NA,5,5,5,3782,0,0,0,NA,0,212,LEUCADIA BL,PIRAEUS,0,NA,N,A,-,N,NA,NA,NA,NA,NA,NA,NA,NA,NA,N,4,0,1,2,A,-,03,22350,NA,N,C,C,A,A,H,-,C,A,0,NA,NA,NA,NA,Y,Y,A,07,0,0,1,0,0,0,0,0,0,-,-,NA,NA,SAN DIEGO,ENCINITAS,-117.29129791259766,33.06510925292969
9435050,2022,2022-05-03,3711,2022-04-03,0549,SD7238,NA,7,5,7,3711,0,0,0,NA,0,838,37TH ST,ORANGE AV,0,NA,Y,A,-,N,NA,NA,NA,NA,NA,NA,NA,NA,NA,Y,3,0,1,3,A,-,08,22107,NA,N,A,E,A,A,H,-,A,D,0,NA,NA,NA,NA,Y,Y,-,NA,0,1,0,0,0,0,0,0,0,-,-,NA,NA,SAN DIEGO,SAN DIEGO,-117.11367797851563,32.753257751464844
9435131,2022,2022-04-26,3711,2022-03-31,1608,SD7712,NA,4,5,7,3711,0,0,0,NA,0,824,FAIRMOUNT AV,FAIRMOUNT AV 4500,0,NA,Y,B,-,N,NA,NA,NA,NA,NA,NA,NA,NA,NA,N,4,0,1,3,A,-,04,21703,NA,N,C,C,A,A,H,-,A,D,0,NA,NA,NA,NA,Y,NA,A,01,0,0,1,0,0,0,0,0,0,-,-,NA,NA,SAN DIEGO,SAN DIEGO,-117.10155487060548,32.78019714355469
94354417,2024,2024-08-14,9645,2024-08-08,1826,018678,NA,4,2,7,3711,0,1,3,NA,2,025,SR-163 (S/B) TO I-805 (S/B),AERO DRIVE O/C,200,S,N,A,-,Y,SD,NA,163,NA,NA,7.107,H,NA,L,N,4,0,1,2,A,-,03,22350,NA,N,C,C,A,A,H,-,A,D,0,NA,NA,NA,NA,Y,NA,A,01,0,0,1,0,0,0,0,0,0,-,-,32.80992126464844,-117.15286254882813,SAN DIEGO,SAN DIEGO,-117.15261840820313,32.80985641479492
94354527,2024,2024-08-14,9680,2024-08-05,1825,021764,NA,1,2,9,3700,0,3,5,NA,2,001,JULIAN AVE,CACTUS ST,0,NA,Y,A,-,N,NA,NA,NA,NA,NA,NA,NA,NA,NA,Y,4,0,2,2,A,-,09,21801,A,N,A,C,A,A,H,-,A,A,0,NA,NA,NA,NA,Y,NA,A,01,0,0,2,0,0,0,0,0,0,-,-,32.85493850708008,-116.9226303100586,SAN DIEGO,UNINCORPORATED,-116.92261505126952,32.85488510131836
9435492,2022,2022-04-26,3702,2022-03-15,0648,CV1133,NA,2,5,6,3702,0,0,0,NA,0,024,MAIN ST,MAXWELL RD,0,NA,Y,A,-,N,NA,NA,NA,NA,NA,NA,NA,NA,NA,Y,4,0,1,2,A,-,12,21453,A,N,D,C,A,A,H,-,B,A,0,NA,NA,NA,NA,Y,NA,A,01,0,0,1,0,0,0,0,0,0,-,-,NA,NA,SAN DIEGO,CHULA VISTA,-117.01943969726563,32.5937614440918
94355275,2024,2024-08-15,9650,2024-08-04,1200,022851,NA,7,1,9,3700,0,1,1,NA,2,003,I-5 S/B,COCKLEBURR RD O/C,17,N,N,A,-,Y,SD,NA,5,NA,R,58.138,H,NA,L,N,4,0,1,3,A,-,03,22350,NA,N,C,C,A,A,H,-,A,D,0,NA,NA,NA,NA,Y,NA,A,01,0,0,1,0,0,0,0,0,0,-,-,33.25368881225586,-117.4232177734375,SAN DIEGO,UNINCORPORATED,-117.42322540283205,33.253684997558594
94355371,2024,2024-08-15,9680,2024-08-04,1200,021501,NA,7,1,9,3700,0,1,3,NA,1,053,SR-76,MESA GRANDE ROAD/CENTER LOOP E,0,NA,Y,A,-,Y,SD,NA,76,NA,NA,50.309,H,NA,R,Y,3,0,2,2,A,-,04,21703,NA,N,C,C,A,A,H,-,A,D,0,NA,NA,Y,NA,Y,NA,C,02,0,2,0,0,0,0,0,0,2,-,-,33.21384048461914,-116.739501953125,SAN DIEGO,UNINCORPORATED,-116.73947143554688,33.21385192871094
94355503,2024,2024-08-15,9650,2024-08-14,1735,018406,NA,3,2,9,3700,0,3,5,NA,2,070,VIA DE LA VALLE,VIA DE SANTA FE,890,W,N,A,-,N,NA,NA,NA,NA,NA,NA,NA,NA,NA,Y,3,0,1,2,A,-,08,22107,NA,N,B,C,A,A,H,-,A,D,0,NA,NA,NA,NA,Y,NA,A,01,0,1,0,0,0,0,0,0,0,-,-,33.01197052001953,-117.20056915283205,SAN DIEGO,UNINCORPORATED,-117.19927215576172,33.01530838012695
94361820,2024,2024-08-20,9645,2024-08-10,1520,022512,NA,6,2,7,3711,0,1,1,NA,2,001,INTERSTATE 5 SOUTHBOUND,CORONADO AVENUE,1245,S,N,A,-,Y,SD,NA,5,NA,NA,3.795,H,NA,L,Y,4,0,2,1,A,-,08,22107,NA,N,A,I,A,A,H,-,A,D,0,NA,NA,NA,NA,Y,NA,A,08,0,0,2,0,0,0,0,0,0,-,-,32.573448181152344,-117.080322265625,SAN DIEGO,SAN DIEGO,-117.08017730712892,32.57352828979492
94361903,2024,2024-08-20,9650,2024-08-19,850,019346,NA,1,1,5,3713,0,1,3,NA,2,017,SR-78 W/B FROM SYCAMORE AVE,SYCAMORE AVE,1320,W,N,A,-,Y,SD,NA,78,NA,NA,8.994,H,NA,L,N,3,0,1,2,A,-,03,22350,NA,N,C,C,A,A,H,-,A,A,0,NA,NA,NA,NA,Y,NA,A,01,0,1,0,0,0,0,0,0,0,-,-,33.16822052001953,-117.21546173095705,SAN DIEGO,VISTA,-117.21564483642578,33.16804122924805
94364565,2024,2024-08-21,9645,2024-08-20,820,020515,NA,2,1,7,3711,0,1,1,NA,2,010,I-8 (WESTBOUND),COLLEGE AVE.,845,W,N,A,-,Y,SD,NA,8,NA,NA,8.175,H,NA,R,Y,4,0,2,3,A,-,03,22350,NA,N,C,2,A,A,H,-,A,D,0,NA,NA,NA,NA,Y,NA,A,01,0,0,2,0,0,0,0,0,0,-,-,32.7794303894043,-117.06916809082033,SAN DIEGO,SAN DIEGO,-117.06915283203124,32.77920913696289
94365020,2024,2024-08-22,9645,2024-08-14,1440,021231,NA,3,2,7,3711,0,1,1,NA,2,017,I-15 N/B FROM POMERADO RD.,MIRAMAR RD.,200,N,N,A,-,Y,SD,NA,15,NA,M,14.412,H,NA,R,N,3,0,1,2,A,-,03,22350,NA,N,C,C,A,A,H,-,A,A,0,NA,NA,NA,NA,Y,NA,A,01,0,1,0,0,0,0,0,0,0,-,-,32.895050048828125,-117.1152801513672,SAN DIEGO,SAN DIEGO,-117.11548614501952,32.895015716552734
94366294,2024,2024-08-22,9680,2024-08-11,1640,017621,NA,7,2,9,3700,0,2,4,NA,1,094,WILDCAT CANYON ROAD,KETUUL UUNYA WAY,3168,N,N,C,-,N,NA,NA,NA,NA,NA,NA,NA,NA,NA,Y,3,0,1,2,A,-,03,22350,NA,N,D,C,A,B,H,-,A,A,0,NA,NA,NA,NA,Y,NA,A,01,0,1,0,0,0,0,0,0,0,-,-,32.968109130859375,-116.83280181884766,SAN DIEGO,UNINCORPORATED,NA,NA
94368251,2024,2024-08-23,9645,2024-08-23,550,016156,NA,5,3,7,3711,0,1,1,NA,2,017,I-15 S/B TO SR-52,SR-52 O/C,50,N,N,A,-,Y,SD,NA,15,NA,R,10.605,H,NA,L,Y,3,0,1,2,A,-,07,21658,A,N,B,C,A,A,H,-,B,D,0,NA,NA,Y,NA,Y,NA,C,02,0,1,0,0,0,0,0,0,1,-,-,32.84233093261719,-117.12097930908205,SAN DIEGO,SAN DIEGO,-117.12069702148438,32.842254638671875
94368505,2024,2024-08-26,9680,2024-08-14,800,018801,NA,3,1,9,3700,0,1,3,NA,2,016,STATE ROUTE 67 SOUTHBOUND,WOODSIDE AVENUE,7,S,N,A,-,Y,SD,NA,67,NA,R,2.672,H,NA,L,N,2,0,1,2,A,-,08,22107,NA,N,C,C,A,A,H,-,A,D,0,NA,NA,Y,NA,Y,NA,C,02,1,0,0,0,0,0,0,0,1,-,-,32.841529846191406,-116.96156311035156,SAN DIEGO,UNINCORPORATED,-116.96157073974608,32.84153366088867
94369058,2024,2024-08-26,9650,2024-06-28,1740,022657,NA,5,2,5,3782,0,1,1,NA,2,007,I-5 N/B,MANCHESTER AVE,385,S,N,A,-,Y,SD,NA,5,NA,R,38.306,H,NA,R,N,4,0,1,2,A,-,03,22350,NA,M,C,C,A,A,H,-,A,D,0,NA,NA,NA,NA,Y,Y,A,08,0,0,1,0,0,0,0,0,0,-,-,33.00791931152344,-117.26171875,SAN DIEGO,ENCINITAS,-117.26171112060548,33.00792694091797