CASE_ID,ACCIDENT_YEAR,PROC_DATE,JURIS,COLLISION_DATE,COLLISION_TIME,OFFICER_ID,REPORTING_DISTRICT,DAY_OF_WEEK,CHP_SHIFT,POPULATION,CNTY_CITY_LOC,SPECIAL_COND,BEAT_TYPE,CHP_BEAT_TYPE,CITY_DIVISION_LAPD,CHP_BEAT_CLASS,BEAT_NUMBER,PRIMARY_RD,SECONDARY_RD,DISTANCE,DIRECTION,INTERSECTION,WEATHER_1,WEATHER_2,STATE_HWY_IND,CALTRANS_COUNTY,CALTRANS_DISTRICT,STATE_ROUTE,ROUTE_SUFFIX,POSTMILE_PREFIX,POSTMILE,LOCATION_TYPE,RAMP_INTERSECTION,SIDE_OF_HWY,TOW_AWAY,COLLISION_SEVERITY,NUMBER_KILLED,NUMBER_INJURED,PARTY_COUNT,PRIMARY_COLL_FACTOR,PCF_CODE_OF_VIOL,PCF_VIOL_CATEGORY,PCF_VIOLATION,PCF_VIOL_SUBSECTION,HIT_AND_RUN,TYPE_OF_COLLISION,MVIW,PED_ACTION,ROAD_SURFACE,ROAD_COND_1,ROAD_COND_2,LIGHTING,CONTROL_DEVICE,CHP_ROAD_TYPE,PEDESTRIAN_ACCIDENT,BICYCLE_ACCIDENT,MOTORCYCLE_ACCIDENT,TRUCK_ACCIDENT,NOT_PRIVATE_PROPERTY,ALCOHOL_INVOLVED,STWD_VEHTYPE_AT_FAULT,CHP_VEHTYPE_AT_FAULT,COUNT_SEVERE_INJ,COUNT_VISIBLE_INJ,COUNT_COMPLAINT_PAIN,COUNT_PED_KILLED,COUNT_PED_INJURED,COUNT_BICYCLIST_KILLED,COUNT_BICYCLIST_INJURED,COUNT_MC_KILLED,COUNT_MC_INJURED,PRIMARY_RAMP,SECONDARY_RAMP,LATITUDE,LONGITUDE,COUNTY,CITY,POINT_X,POINT_Y
9443136,2022,2022-05-03,3709,2022-04-13,1828,NC0492,NA,3,5,5,3709,0,0,0,NA,0,020,WEST 8TH ST,W 8TH ST  0-99,0,NA,Y,A,-,N,NA,NA,NA,NA,NA,NA,NA,NA,NA,Y,4,0,1,1,A,-,08,22107,NA,N,E,I,A,A,H,-,A,D,0,NA,NA,NA,NA,Y,NA,A,01,0,0,1,0,0,0,0,0,0,-,-,NA,NA,SAN DIEGO,NATIONAL CITY,-117.10692596435548,32.67584228515625
94432802,2024,2024-10-16,9650,2024-10-08,937,019652,NA,2,1,6,3706,0,1,3,NA,2,019,SR-78 E/B,I-15 S/B,1500,W,N,A,-,Y,SD,NA,78,NA,R,15.808,H,NA,R,N,4,0,1,3,A,-,03,22350,NA,N,C,C,A,A,H,-,A,D,0,NA,NA,NA,NA,Y,NA,A,01,0,0,1,0,0,0,0,0,0,-,-,33.129859924316406,-117.1165771484375,SAN DIEGO,ESCONDIDO,-117.11658477783205,33.129852294921875
94432922,2024,2024-10-16,9645,2024-10-08,943,017473,NA,2,1,7,3711,0,1,3,NA,2,006,SR-94 W/B,EUCLID AVENUE,500,W,N,A,-,Y,SD,NA,94,NA,NA,4.824,H,NA,L,Y,4,0,1,1,A,-,08,22107,NA,N,E,I,A,A,H,-,A,D,0,NA,NA,NA,NA,Y,NA,-,-,0,0,1,0,0,0,0,0,0,-,-,32.717891693115234,-117.09039306640624,SAN DIEGO,SAN DIEGO,-117.09038543701172,32.71799087524414
94433819,2024,2024-10-16,9645,2024-10-15,1820,020992,NA,2,2,7,3711,0,1,1,NA,2,015,I-805 SOUTHBOUND,GOVERNOR DRIVE,1580,S,N,A,-,Y,SD,NA,805,NA,NA,24.135,H,NA,L,Y,4,0,1,2,A,-,03,22350,NA,N,C,C,A,A,H,-,A,D,0,NA,NA,NA,NA,Y,NA,D,22,0,0,1,0,0,0,0,0,0,-,-,32.8537483215332,-117.18213653564452,SAN DIEGO,SAN DIEGO,-117.18209075927734,32.8537712097168
94435001,2024,2024-10-17,9680,2024-10-05,644,023984,NA,6,1,9,3700,0,2,S,NA,2,841,WILDCAT CANYON ROAD,WILLOW ROAD,6442,N,N,A,-,N,NA,NA,NA,NA,NA,NA,NA,NA,NA,Y,3,0,1,1,A,-,03,22350,NA,N,E,8,A,A,H,-,A,D,0,NA,NA,NA,NA,Y,NA,A,01,0,1,0,0,0,0,0,0,0,-,-,32.88603973388672,-116.8947525024414,SAN DIEGO,UNINCORPORATED,-116.8948974609375,32.885963439941406
94435037,2024,2024-10-17,9680,2024-10-07,1325,016415,NA,1,1,9,3700,0,3,5,NA,2,003,VIEJAS GRADE RD.,WILLOWS RD.,2798,N,N,A,-,N,NA,NA,NA,NA,NA,NA,NA,NA,NA,Y,4,0,1,1,A,-,08,22107,NA,N,F,A,A,A,H,-,A,D,0,NA,NA,NA,NA,Y,NA,A,01,0,0,1,0,0,0,0,0,0,-,-,32.84206008911133,-116.71160888671876,SAN DIEGO,UNINCORPORATED,-116.71163940429688,32.841915130615234
94437049,2024,2024-10-18,9680,2024-10-03,1550,023909,NA,4,2,5,3708,0,1,1,NA,2,081,I-8 W/B,SEVERIN DR,580,E,N,A,-,Y,SD,NA,8,NA,NA,12.786,H,NA,L,Y,4,0,1,2,A,-,08,22107,NA,N,E,I,A,A,H,-,A,D,0,NA,NA,NA,NA,Y,NA,A,01,0,0,1,0,0,0,0,0,0,-,-,32.77925109863281,-116.99485778808594,SAN DIEGO,LA MESA,-116.99485778808594,32.77937316894531
94438816,2024,2024-10-21,9650,2024-10-16,2020,022739,NA,3,2,9,3700,0,2,4,NA,2,061,SOUTH MISSION RD,CLEMMENS LANE,475,S,N,A,-,N,NA,NA,NA,NA,NA,NA,NA,NA,NA,N,4,0,1,2,A,-,11,21954,A,N,G,B,D,A,H,-,C,D,0,Y,NA,NA,NA,Y,NA,N,60,0,0,1,0,1,0,0,0,0,-,-,33.36798095703125,-117.25054168701172,SAN DIEGO,UNINCORPORATED,-117.25057983398438,33.36808776855469
94438952,2024,2024-10-21,9645,2024-10-15,1528,024012,NA,2,2,7,3711,0,1,3,NA,2,023,SR-163 S/B,FRIARS ROAD O/C,500,S,N,A,-,Y,SD,NA,163,NA,NA,4.026,H,NA,L,N,4,0,1,2,A,-,03,22350,NA,N,C,C,A,A,H,-,A,D,0,NA,NA,NA,NA,Y,NA,A,01,0,0,1,0,0,0,0,0,0,-,-,32.76668167114258,-117.16278076171876,SAN DIEGO,SAN DIEGO,-117.16271209716795,32.766666412353516
94441171,2024,2024-10-22,9680,2024-10-12,1830,023332,NA,6,2,9,3700,0,3,5,NA,2,002,JAMACHA RD,WILLOW GLEN DR,0,NA,Y,A,-,N,NA,NA,NA,NA,NA,NA,NA,NA,NA,Y,4,0,1,2,A,-,12,21453,A,N,D,C,A,A,H,-,C,A,0,NA,NA,NA,NA,Y,NA,A,07,0,0,1,0,0,0,0,0,0,-,-,32.74488830566406,-116.9294204711914,SAN DIEGO,UNINCORPORATED,-116.9293975830078,32.74490737915039
94441648,2024,2024-10-23,9650,2024-10-21,800,017833,NA,1,1,9,3700,0,3,5,NA,2,210,I-15,LILAC RD,3168,N,N,A,-,Y,SD,NA,15,NA,R,44.935,H,NA,R,N,4,0,1,3,A,-,03,22350,NA,N,C,C,A,A,H,-,A,A,0,NA,NA,NA,NA,Y,NA,A,01,0,0,1,0,0,0,0,0,0,-,-,33.31013870239258,-117.15113067626952,SAN DIEGO,UNINCORPORATED,-117.15093994140624,33.310176849365234
94443626,2024,2024-10-24,9645,2024-10-17,520,021097,NA,4,3,7,3711,0,1,3,NA,2,023,SR-163 N/B TO I-805 N/B,I-805 FREEWAY S/B,50,S,N,B,-,Y,SD,NA,805,NA,NA,20.54,H,NA,L,Y,4,0,1,1,A,-,08,22107,NA,N,E,I,A,A,H,-,D,D,0,NA,NA,NA,NA,Y,NA,A,01,0,0,1,0,0,0,0,0,0,-,-,32.807918548583984,-117.15265655517578,SAN DIEGO,SAN DIEGO,-117.15241241455078,32.80802536010742
94443744,2024,2024-10-24,9650,2024-10-22,1045,019979,NA,2,1,6,3706,0,1,1,NA,2,023,I-15 N/B,VALLEY PARKWAY,700,S,N,A,-,Y,SD,NA,15,NA,R,30.332,H,NA,R,N,4,0,2,2,A,-,03,22350,NA,N,C,C,A,A,H,-,A,D,0,NA,NA,NA,NA,Y,NA,A,01,0,0,2,0,0,0,0,0,0,-,-,33.11140060424805,-117.09647369384766,SAN DIEGO,ESCONDIDO,-117.09653472900392,33.11137390136719
94444215,2024,2024-10-24,9645,2024-10-18,1900,019712,NA,5,2,7,3711,0,1,1,NA,2,003,I-5 S/B,3RD AVENUE,10,S,N,A,-,Y,SD,NA,5,NA,R,16.466,H,NA,L,Y,3,0,1,2,A,-,03,22350,NA,N,C,C,A,A,H,-,D,D,0,NA,NA,Y,Y,Y,NA,C,02,0,1,0,0,0,0,0,0,1,-,-,32.7227897644043,-117.1619110107422,SAN DIEGO,SAN DIEGO,-117.16193389892578,32.722652435302734
9444478,2022,2022-05-25,3711,2022-04-19,1629,SD1042,NA,2,5,7,3711,0,0,0,NA,0,623,TAYLOR ST,TAYLOR ST 4000,0,NA,Y,A,-,N,NA,NA,NA,NA,NA,NA,NA,NA,NA,N,3,0,1,2,A,-,08,22107,NA,N,B,C,A,A,H,-,A,D,0,NA,NA,NA,NA,Y,NA,A,01,0,1,0,0,0,0,0,0,0,-,-,NA,NA,SAN DIEGO,SAN DIEGO,-117.11219024658205,32.7110595703125
9444480,2022,2022-05-25,3711,2022-04-20,2040,SD6856,NA,3,5,7,3711,0,0,0,NA,0,521,IMPERIAL AV,16TH ST,0,NA,Y,A,-,N,NA,NA,NA,NA,NA,NA,NA,NA,NA,N,3,0,2,2,A,-,08,22107,NA,M,B,C,A,A,H,-,C,A,0,NA,NA,Y,NA,Y,NA,-,NA,0,2,0,0,0,0,0,0,2,-,-,NA,NA,SAN DIEGO,SAN DIEGO,-117.14945220947266,32.70627975463867
94446011,2024,2024-10-25,9645,2024-10-07,1555,023850,NA,1,2,7,3711,0,1,1,NA,2,017,I-15 NB,MIRAMAR WAY,360,E,N,A,-,Y,NA,NA,NA,NA,NA,NA,NA,NA,NA,Y,4,0,1,1,A,-,08,22107,NA,N,E,I,A,A,H,-,A,D,0,NA,NA,NA,NA,Y,NA,A,01,0,0,1,0,0,0,0,0,0,-,-,32.880958557128906,-117.10684967041016,SAN DIEGO,SAN DIEGO,-117.10831451416016,32.88066101074219
9444665,2022,2022-06-16,3711,2022-05-06,0034,SD7766,NA,5,5,7,3711,0,0,0,NA,0,521,TONY GWYN DR,L ST,0,NA,Y,A,-,N,NA,NA,NA,NA,NA,NA,NA,NA,NA,Y,3,0,2,2,A,-,08,22107,NA,N,C,E,A,A,H,-,C,D,0,NA,NA,NA,Y,Y,Y,A,01,0,2,0,0,0,0,0,0,0,-,-,NA,NA,SAN DIEGO,SAN DIEGO,-117.15826416015624,32.7072868347168
9444872,2022,2022-06-10,3705,2022-04-29,1544,EC0407,NA,5,5,5,3705,0,0,0,NA,0,001,EL CAJON BL,CHASE AV,520,S,N,A,-,N,NA,NA,NA,NA,NA,NA,NA,NA,NA,N,4,0,1,3,A,-,03,22350,NA,N,C,C,A,A,H,-,A,D,0,NA,NA,NA,NA,Y,NA,A,07,0,0,1,0,0,0,0,0,0,-,-,NA,NA,SAN DIEGO,EL CAJON,-116.98096466064452,32.782508850097656
9444902,2022,2022-06-21,3710,2022-05-12,2205,OC1528,NA,4,5,6,3710,0,0,0,NA,0,018,NORTH RIVER RD,VANDERGRIFT BL,0,NA,Y,A,-,N,NA,NA,NA,NA,NA,NA,NA,NA,NA,N,4,0,2,2,-,-,-,NA,NA,N,D,C,A,A,H,-,C,D,0,NA,NA,NA,NA,Y,NA,-,-,0,0,2,0,0,0,0,0,0,-,-,NA,NA,SAN DIEGO,OCEANSIDE,-117.30027770996094,33.250831604003906
9444931,2022,2022-06-17,3711,2022-05-14,2100,SD6976,NA,6,5,7,3711,0,0,0,NA,0,615,ROSECRANS ST,RUSSELL ST,0,NA,Y,A,-,N,NA,NA,NA,NA,NA,NA,NA,NA,NA,N,4,0,1,2,A,-,03,22350,NA,N,C,C,A,A,H,-,B,A,0,NA,NA,NA,NA,Y,NA,A,07,0,0,1,0,0,0,0,0,0,-,-,NA,NA,SAN DIEGO,SAN DIEGO,-117.22275543212892,32.732215881347656
9444957,2022,2022-06-21,3711,2022-05-10,1230,SD16104,NA,2,5,7,3711,0,0,0,NA,0,829,THORN ST,EUCLID AV,802,N,N,A,-,N,NA,NA,NA,NA,NA,NA,NA,NA,NA,N,3,0,1,2,A,-,08,22100,B,N,D,C,A,A,H,-,A,D,0,NA,NA,NA,NA,Y,NA,A,01,0,1,0,0,0,0,0,0,0,-,-,NA,NA,SAN DIEGO,SAN DIEGO,-117.09232330322266,32.740318298339844
9445146,2022,2022-06-06,3705,2022-03-26,2204,EC0419,NA,6,5,5,3705,0,0,0,NA,0,004,WASHINGTON AV,LINCOLN AV,0,NA,Y,A,-,N,NA,NA,NA,NA,NA,NA,NA,NA,NA,Y,4,0,2,2,A,-,09,21802,A,N,D,C,A,A,-,-,C,D,0,NA,NA,NA,NA,Y,NA,D,22,0,0,2,0,0,0,0,0,0,-,-,NA,NA,SAN DIEGO,EL CAJON,-116.95368957519533,32.78763961791992
94452667,2024,2024-10-31,9680,2024-06-07,1705,023332,NA,5,2,4,3720,0,1,3,NA,2,027,SR-94 E/B,GROVE ST,300,E,N,A,-,Y,SD,NA,94,NA,NA,9.309,H,NA,R,N,4,0,1,3,A,-,03,22350,NA,M,C,C,A,A,H,-,A,D,0,NA,NA,NA,NA,Y,NA,A,01,0,0,1,0,0,0,0,0,0,-,-,32.7469482421875,-117.02577209472656,SAN DIEGO,LEMON GROVE,-117.02576446533205,32.746971130371094
94453120,2024,2024-12-24,9645,2024-10-24,1325,017678,NA,4,1,7,3711,0,1,1,NA,2,015,I-805 S/B,BALBOA AVE. O/C,150,S,N,A,-,Y,SD,NA,805,NA,NA,21.611,H,NA,L,N,4,0,1,2,A,-,03,22350,NA,N,C,C,A,A,H,-,A,D,0,NA,NA,NA,NA,Y,NA,A,01,0,0,1,0,0,0,0,0,0,-,-,32.821250915527344,-117.16219329833984,SAN DIEGO,SAN DIEGO,-117.1623077392578,32.82120132446289
94457543,2024,2024-11-04,9680,2024-10-24,550,017524,NA,4,3,4,3720,0,1,3,NA,2,027,SR-94 E/B,MASSACHUSETTS AVE,528,E,N,A,-,Y,SD,NA,94,NA,NA,8.396,H,NA,R,Y,3,0,1,2,A,-,08,22107,NA,F,B,C,A,A,H,-,D,D,0,NA,NA,NA,NA,Y,NA,-,99,0,1,0,0,0,0,0,0,0,-,-,32.74467849731445,-117.04100036621094,SAN DIEGO,LEMON GROVE,-117.04100036621094,32.74472427368164
94458532,2024,2024-11-05,9645,2024-11-01,1430,022729,NA,5,2,7,3711,0,1,1,NA,2,021,SR-15 SOUTHBOUND,OCEAN VIEW BLVD,270,S,N,A,-,Y,SD,NA,15,NA,R,0.528,H,NA,L,Y,4,0,1,2,A,-,03,22350,NA,N,C,C,A,A,H,-,A,D,0,NA,NA,NA,NA,Y,NA,D,22,0,0,1,0,0,0,0,0,0,-,-,32.70037841796875,-117.12085723876952,SAN DIEGO,SAN DIEGO,-117.12091064453124,32.700382232666016
9446123,2022,2022-05-31,3705,2022-04-24,2013,EC0421,NA,7,5,5,3705,0,0,0,NA,0,001,N JOHNSON AV,FLETCHER PKWY,0,S,N,A,-,N,NA,NA,NA,NA,NA,NA,NA,NA,NA,N,3,0,1,2,A,-,03,22350,NA,F,A,B,D,A,H,-,C,D,0,Y,NA,NA,NA,Y,NA,A,01,0,1,0,0,1,0,0,0,0,-,-,NA,NA,SAN DIEGO,EL CAJON,-116.97100830078124,32.80755615234375
94462637,2024,2024-11-07,9680,2024-10-27,745,021353,NA,7,1,9,3700,0,1,3,NA,2,028,SR-125 S/B,JAMACHA RD,959,S,N,A,-,Y,SD,NA,125,NA,NA,10.454,H,NA,L,N,4,0,1,1,A,-,08,22107,NA,N,F,A,A,A,H,-,A,D,0,NA,NA,Y,NA,Y,NA,C,02,0,0,1,0,0,0,0,0,1,-,-,32.71213912963867,-117.01360321044922,SAN DIEGO,UNINCORPORATED,-117.01358795166016,32.71214294433594
94463296,2024,2024-11-08,9645,2024-11-01,2205,023923,NA,5,3,7,3711,0,1,1,NA,2,019,I-15 SB,POMERADO RD.,686,S,N,A,-,Y,SD,NA,15,NA,M,25.821,H,NA,L,Y,3,0,2,2,A,-,08,22107,NA,N,B,C,A,A,H,-,C,D,0,NA,NA,Y,NA,Y,NA,C,02,0,2,0,0,0,0,0,0,2,-,-,33.053131103515625,-117.07274627685548,SAN DIEGO,SAN DIEGO,-117.07276916503906,33.05313491821289
94465027,2024,2024-11-11,9645,2024-11-02,1330,023659,NA,6,1,7,3711,0,1,1,NA,2,009,I-805 SB,SWEETWATER RD,2323,N,N,A,-,Y,SD,NA,805,NA,NA,9.543,H,NA,L,N,4,0,2,8,A,-,03,22350,NA,M,C,C,A,A,H,-,A,D,0,NA,NA,NA,NA,Y,NA,A,01,0,0,2,0,0,0,0,0,0,-,-,32.6668586730957,-117.08045959472656,SAN DIEGO,SAN DIEGO,-117.08041381835938,32.666873931884766
9446911,2022,2022-05-26,3709,2022-04-16,1752,NC0541,NA,6,5,5,3709,0,0,0,NA,0,024,EAST 18TH ST,D AV,14,W,N,A,-,N,NA,NA,NA,NA,NA,NA,NA,NA,NA,Y,4,0,1,2,A,-,-,NA,NA,N,C,C,A,A,H,-,A,A,0,NA,NA,NA,NA,Y,NA,D,22,0,0,1,0,0,0,0,0,0,-,-,NA,NA,SAN DIEGO,NATIONAL CITY,-117.09947967529295,32.66832733154297
94470190,2024,2024-11-14,9645,2024-11-08,1735,020992,NA,5,2,7,3711,0,1,1,NA,2,007,I-5 SOUTHBOUND FROM VIA DE LA VALLE EASTBOUND,VIA DE LA VALLE,560,S,N,A,-,Y,SD,NA,5,NA,R,36.17,H,NA,L,Y,4,0,2,3,A,-,03,22350,NA,N,C,C,A,A,H,-,A,A,0,NA,NA,NA,NA,Y,NA,A,01,0,0,2,0,0,0,0,0,0,-,-,32.97837829589844,-117.2529525756836,SAN DIEGO,SAN DIEGO,-117.25270080566406,32.97844696044922
94470938,2024,2024-11-15,9645,2024-11-04,310,023922,NA,1,3,7,3711,0,1,1,NA,2,013,I-805 NB,SR-163,200,S,N,A,-,Y,SD,NA,805,NA,NA,20.541,H,NA,R,N,4,0,1,2,A,-,01,23152,A,N,C,2,A,A,H,-,D,D,0,NA,NA,NA,NA,Y,Y,D,22,0,0,1,0,0,0,0,0,0,-,-,32.8083381652832,-117.15226745605467,SAN DIEGO,SAN DIEGO,-117.15238189697266,32.808292388916016
94473166,2024,2024-11-18,9650,2024-11-10,1355,021532,NA,7,1,6,3710,0,3,5,NA,2,150,SR 78 W/B,INTERSTATE 5,50,E,N,A,-,Y,SD,NA,78,NA,NA,0.106,H,NA,L,Y,4,0,1,2,A,-,01,23152,A,N,C,C,A,A,H,-,A,D,0,NA,NA,NA,NA,Y,Y,A,01,0,0,1,0,0,0,0,0,0,-,-,33.17789840698242,-117.34989166259766,SAN DIEGO,OCEANSIDE,-117.34992980957033,33.177940368652344
9447449,2022,2022-07-12,3705,2022-05-15,2239,EC0403,NA,7,5,5,3705,0,0,0,NA,0,001,FLETCHER PKWY,MARSHALL AV,19,S,N,A,-,N,NA,NA,NA,NA,NA,NA,NA,NA,NA,Y,4,0,1,2,A,-,03,22350,NA,N,C,C,A,A,H,-,C,A,0,NA,NA,NA,NA,Y,NA,A,07,0,0,1,0,0,0,0,0,0,-,-,NA,NA,SAN DIEGO,EL CAJON,-116.97559356689452,32.80776596069336
94476009,2024,2024-11-19,9645,2024-11-17,1740,024072,NA,7,2,7,3711,0,1,3,NA,2,023,SR-163 NORTHBOUND,I-5 O/C,1325,N,N,A,-,Y,SD,NA,163,NA,NA,1.153,H,NA,R,Y,4,0,3,1,A,-,08,22107,NA,N,E,I,A,A,H,-,C,D,0,NA,NA,NA,NA,Y,NA,A,07,0,0,3,0,0,0,0,0,0,-,-,32.727901458740234,-117.15567779541016,SAN DIEGO,SAN DIEGO,-117.15564727783205,32.72789001464844
9447638,2022,2022-10-05,3709,2022-09-06,0600,NC0524,NA,2,5,5,3709,0,0,0,NA,0,024,EAST 24TH ST,A AV,0,NA,Y,A,-,N,NA,NA,NA,NA,NA,NA,NA,NA,NA,N,4,0,1,2,A,-,08,22107,NA,N,D,C,A,A,H,-,B,D,0,NA,NA,Y,NA,Y,NA,A,01,0,0,1,0,0,0,0,0,1,-,-,NA,NA,SAN DIEGO,NATIONAL CITY,-117.10050964355467,32.662315368652344
94477619,2024,2024-11-20,9645,2024-11-09,1448,023617,NA,6,2,6,3702,0,1,1,NA,2,001,I-5 S/B DAIRY MART ROAD,DAIRY MART ROAD,680,N,N,A,-,Y,SD,NA,5,NA,NA,2.429,H,NA,L,N,4,0,2,2,A,-,03,22350,NA,N,C,C,A,A,H,-,A,D,0,NA,NA,NA,NA,Y,NA,A,07,0,0,2,0,0,0,0,0,0,-,-,32.55904006958008,-117.06429290771484,SAN DIEGO,CHULA VISTA,-117.06414794921876,32.55925369262695
94478117,2024,2024-11-21,9650,2024-11-20,1854,021463,NA,3,2,9,3700,0,1,1,NA,2,003,I-5 S/B,COCKLEBURR CANYON,836,S,N,A,-,Y,SD,NA,5,NA,R,57.97,H,NA,L,N,4,0,1,1,A,-,03,22350,NA,N,E,I,A,A,H,-,D,D,0,NA,NA,NA,NA,Y,NA,A,07,0,0,1,0,0,0,0,0,0,-,-,33.25165939331055,-117.42151641845705,SAN DIEGO,UNINCORPORATED,-117.4215850830078,33.251625061035156
94478589,2024,2024-11-21,9680,2024-11-12,1515,018697,NA,2,2,9,3700,0,1,3,NA,2,028,STATE ROUTE 125 (S/B),SPRING STREET,270,S,N,A,-,Y,SD,NA,125,NA,NA,13.454,H,NA,R,Y,4,0,1,3,A,-,03,22350,NA,N,C,C,A,A,H,-,A,D,0,NA,NA,NA,NA,Y,NA,A,01,0,0,1,0,0,0,0,0,0,-,-,32.752899169921875,-117.01239013671876,SAN DIEGO,UNINCORPORATED,-117.01217651367188,32.75271987915039
94479804,2024,2024-11-22,9650,2024-11-17,1140,022493,NA,7,1,9,3700,0,1,1,NA,2,003,I-5 N/B,LAS PULGAS RD,3000,S,N,A,-,Y,SD,NA,5,NA,R,61.387,H,NA,R,N,4,0,1,2,A,-,03,22350,NA,N,C,C,A,A,H,-,A,D,0,NA,NA,NA,NA,Y,NA,A,01,0,0,1,0,0,0,0,0,0,-,-,33.291221618652344,-117.45654296875,SAN DIEGO,UNINCORPORATED,-117.45654296875,33.291221618652344
94480493,2024,2024-11-22,9680,2024-11-14,905,023932,NA,4,1,4,3720,0,1,3,NA,2,027,SR-94 W/B FROM BROADWAY,COLLEGE AVE,245,E,N,A,-,Y,SD,NA,94,NA,NA,7.82,H,NA,L,Y,3,0,2,2,A,-,03,22350,NA,N,C,C,A,A,H,-,A,A,0,NA,NA,NA,NA,Y,NA,A,01,0,1,1,0,0,0,0,0,0,-,-,32.7424201965332,-117.05001068115234,SAN DIEGO,LEMON GROVE,-117.0501708984375,32.74256896972656
9448615,2022,2022-06-02,3711,2022-05-20,0800,SD1566,NA,5,5,7,3711,0,0,0,NA,0,621,COMSTOCK ST,MORELY ST,0,NA,Y,B,C,N,NA,NA,NA,NA,NA,NA,NA,NA,NA,N,3,0,3,2,A,-,12,22450,A,N,D,C,A,B,H,-,B,A,0,NA,NA,NA,NA,Y,NA,A,01,0,1,2,0,0,0,0,0,0,-,-,NA,NA,SAN DIEGO,SAN DIEGO,-117.17211151123048,32.78346252441406
94488823,2024,2024-12-02,9650,2024-11-22,1755,022992,NA,5,2,9,3700,0,1,3,NA,2,019,SR-78 EB,NORDAHL ROAD,2000,E,N,A,-,Y,SD,NA,78,NA,R,15.879,H,NA,R,N,4,0,1,2,A,-,03,22350,NA,N,C,C,A,A,H,-,A,D,0,NA,NA,NA,NA,Y,NA,A,07,0,0,1,0,0,0,0,0,0,-,-,33.12944030761719,-117.11546325683594,SAN DIEGO,UNINCORPORATED,-117.1155014038086,33.12937927246094
94489043,2024,2024-12-02,9645,2024-11-08,1820,023641,NA,5,2,6,3702,0,1,1,NA,2,009,I-805 S/B,TELEGRAPH CANYON RD,1505,N,N,A,-,Y,SD,NA,805,NA,NA,6.393,H,NA,L,N,4,0,2,2,A,-,03,22350,NA,N,C,C,A,A,H,-,C,D,0,NA,NA,NA,NA,Y,NA,A,01,0,0,2,0,0,0,0,0,0,-,-,32.633018493652344,-117.0461196899414,SAN DIEGO,CHULA VISTA,-117.04605102539063,32.633052825927734
9449218,2022,2022-09-06,3711,2022-06-01,0832,SD7277,NA,3,5,7,3711,0,0,0,NA,0,826,UNIVERSITY AV,54TH ST,170,W,N,A,-,N,NA,NA,NA,NA,NA,NA,NA,NA,NA,N,3,0,1,2,A,-,08,22107,NA,N,B,A,A,A,H,-,A,A,0,NA,Y,NA,NA,Y,NA,L,04,0,1,0,0,0,0,1,0,0,-,-,NA,NA,SAN DIEGO,SAN DIEGO,-117.08000946044922,32.74891662597656
94492408,2024,2024-12-04,9680,2024-09-17,1925,016694,NA,2,2,9,3700,0,1,3,NA,2,028,SR-125 S/B,MERRITT BLVD,1373,N,N,A,-,Y,SD,NA,125,NA,NA,14.382,H,NA,L,Y,3,0,2,6,A,-,03,22350,NA,N,C,2,E,A,H,-,D,D,0,Y,NA,NA,Y,Y,NA,A,01,0,2,0,0,1,0,0,0,0,-,-,32.763038635253906,-117.00228118896484,SAN DIEGO,UNINCORPORATED,-117.0022430419922,32.76303482055664
94494468,2024,2024-12-06,9650,2024-11-28,155,021805,NA,4,3,9,3700,0,1,1,NA,2,021,I-15 N/B,N NUTMEG ST,528,S,N,A,-,Y,SD,NA,15,NA,R,34.119,H,NA,R,Y,2,0,1,1,A,-,01,23152,A,N,F,A,A,A,H,-,D,D,0,NA,NA,Y,NA,Y,Y,C,02,1,0,0,0,0,0,0,0,1,-,-,33.164310455322266,-117.10652160644533,SAN DIEGO,UNINCORPORATED,-117.10655212402344,33.1642951965332
94494999,2024,2024-12-06,9680,2024-11-27,1128,018672,NA,3,1,9,3700,0,3,5,NA,2,007,GREAT SOUTHERN OVERLAND STAGE RTE,CANBRAKE CANYON ROAD,1584,N,N,A,-,N,NA,NA,NA,NA,NA,NA,NA,NA,NA,Y,3,0,1,1,A,-,08,22107,NA,N,F,A,A,A,H,-,A,D,0,NA,NA,NA,NA,Y,NA,A,07,0,1,0,0,0,0,0,0,0,-,-,32.90742111206055,-116.23238372802734,SAN DIEGO,UNINCORPORATED,NA,NA
94496042,2024,2024-12-10,9680,2024-12-01,1600,020780,NA,7,2,9,3700,0,1,1,NA,2,083,I-8 W/B,OLDE HIGHWAY 80 U/C,515,E,N,A,-,Y,SD,NA,8,NA,R,23.783,H,NA,L,Y,4,0,3,2,A,-,03,22350,NA,N,C,C,A,A,H,-,A,D,0,NA,NA,NA,NA,Y,NA,D,22,0,0,3,0,0,0,0,0,0,-,-,32.85348129272461,-116.85166931152344,SAN DIEGO,UNINCORPORATED,-116.85166931152344,32.85348892211914