CASE_ID,ACCIDENT_YEAR,PROC_DATE,JURIS,COLLISION_DATE,COLLISION_TIME,OFFICER_ID,REPORTING_DISTRICT,DAY_OF_WEEK,CHP_SHIFT,POPULATION,CNTY_CITY_LOC,SPECIAL_COND,BEAT_TYPE,CHP_BEAT_TYPE,CITY_DIVISION_LAPD,CHP_BEAT_CLASS,BEAT_NUMBER,PRIMARY_RD,SECONDARY_RD,DISTANCE,DIRECTION,INTERSECTION,WEATHER_1,WEATHER_2,STATE_HWY_IND,CALTRANS_COUNTY,CALTRANS_DISTRICT,STATE_ROUTE,ROUTE_SUFFIX,POSTMILE_PREFIX,POSTMILE,LOCATION_TYPE,RAMP_INTERSECTION,SIDE_OF_HWY,TOW_AWAY,COLLISION_SEVERITY,NUMBER_KILLED,NUMBER_INJURED,PARTY_COUNT,PRIMARY_COLL_FACTOR,PCF_CODE_OF_VIOL,PCF_VIOL_CATEGORY,PCF_VIOLATION,PCF_VIOL_SUBSECTION,HIT_AND_RUN,TYPE_OF_COLLISION,MVIW,PED_ACTION,ROAD_SURFACE,ROAD_COND_1,ROAD_COND_2,LIGHTING,CONTROL_DEVICE,CHP_ROAD_TYPE,PEDESTRIAN_ACCIDENT,BICYCLE_ACCIDENT,MOTORCYCLE_ACCIDENT,TRUCK_ACCIDENT,NOT_PRIVATE_PROPERTY,ALCOHOL_INVOLVED,STWD_VEHTYPE_AT_FAULT,CHP_VEHTYPE_AT_FAULT,COUNT_SEVERE_INJ,COUNT_VISIBLE_INJ,COUNT_COMPLAINT_PAIN,COUNT_PED_KILLED,COUNT_PED_INJURED,COUNT_BICYCLIST_KILLED,COUNT_BICYCLIST_INJURED,COUNT_MC_KILLED,COUNT_MC_INJURED,PRIMARY_RAMP,SECONDARY_RAMP,LATITUDE,LONGITUDE,COUNTY,CITY,POINT_X,POINT_Y
94498814,2024,2024-12-13,9650,2024-12-06,1658,022493,NA,5,2,6,3710,0,1,1,NA,2,005,I-5 S/B,HARBOR DR,200,S,N,A,-,Y,SD,NA,5,NA,R,54.356,H,NA,L,N,4,0,1,2,A,-,03,22350,NA,N,C,C,A,A,H,-,A,D,0,NA,NA,NA,NA,Y,NA,A,01,0,0,1,0,0,0,0,0,0,-,-,33.20988082885742,-117.38697052001952,SAN DIEGO,OCEANSIDE,-117.38706207275392,33.2098388671875
94499737,2024,2024-12-13,9650,2024-12-10,32,021805,NA,2,3,6,3706,0,1,1,NA,2,023,I-15 S/B,CITRACADO PKY,230,N,N,A,-,Y,SD,NA,15,NA,R,28.87,H,NA,L,Y,4,0,1,2,A,-,08,22107,NA,N,C,C,A,A,H,-,E,D,0,NA,NA,NA,NA,Y,NA,D,22,0,0,1,0,0,0,0,0,0,-,-,33.0932502746582,-117.083740234375,SAN DIEGO,ESCONDIDO,-117.08374786376952,33.09324264526367
94500876,2024,2024-12-13,9680,2024-12-01,1727,023086,NA,7,2,9,3700,0,2,4,NA,1,014,WINTER GARDENS BLVD,STERLING HILL LN,30,S,N,A,-,N,NA,NA,NA,NA,NA,NA,NA,NA,NA,N,4,0,1,2,A,-,03,22350,NA,F,C,C,A,A,H,-,C,D,0,NA,NA,NA,NA,Y,NA,A,01,0,0,1,0,0,0,0,0,0,-,-,32.842811584472656,-116.93271636962892,SAN DIEGO,UNINCORPORATED,-116.93276214599608,32.84286117553711
94501609,2024,2024-12-13,9645,2024-12-04,339,019410,NA,3,3,7,3711,0,1,1,NA,2,019,I-15 S/B,MIRA MESA BLVD. U/C,350,N,N,B,-,Y,SD,NA,15,NA,M,16.074,H,NA,L,Y,3,0,1,1,A,-,08,22107,NA,N,E,I,A,A,H,-,C,D,0,NA,NA,NA,NA,Y,Y,A,01,0,1,0,0,0,0,0,0,0,-,-,32.919071197509766,-117.1160125732422,SAN DIEGO,SAN DIEGO,-117.11608123779295,32.91907501220703
9450272,2022,2022-06-15,3710,2022-04-24,1655,OC1185,NA,7,5,6,3710,0,0,0,NA,0,009,SOUTH COAST HWY,EATON ST,0,NA,Y,A,-,N,NA,NA,NA,NA,NA,NA,NA,NA,NA,Y,3,0,2,4,A,-,06,21755,A,N,G,B,F,A,H,-,A,D,0,Y,NA,Y,NA,Y,NA,C,02,0,1,1,0,1,0,0,0,1,-,-,NA,NA,SAN DIEGO,OCEANSIDE,-117.35832214355467,33.17060852050781
94503504,2024,2024-12-13,9645,2024-11-21,1836,023617,NA,4,2,6,3702,0,1,1,NA,2,009,I-805 N/B TO MAIN STREET,MAIN STREET,950,S,N,A,-,Y,SD,NA,805,NA,NA,3.475,H,NA,R,Y,4,0,1,2,A,-,03,22350,NA,N,C,C,A,A,H,-,C,D,0,NA,NA,NA,NA,Y,NA,A,07,0,0,1,0,0,0,0,0,0,-,-,32.592159271240234,-117.03605651855467,SAN DIEGO,CHULA VISTA,-117.03618621826172,32.5921630859375
94503752,2024,2024-12-13,9645,2024-12-06,638,024170,NA,5,1,7,3711,0,1,1,NA,2,009,I-805 NB,OCEAN VIEW BLVD,500,S,N,A,-,Y,SD,NA,805,NA,NA,11.932,H,NA,R,Y,4,0,1,5,A,-,03,22350,NA,N,C,C,A,A,H,-,A,D,0,NA,NA,NA,NA,Y,NA,A,01,0,0,1,0,0,0,0,0,0,-,-,32.69824981689453,-117.09480285644533,SAN DIEGO,SAN DIEGO,-117.09479522705078,32.69824981689453
94504908,2024,2024-12-16,9645,2024-12-10,852,017678,NA,2,1,7,3711,0,1,3,NA,2,006,SR-94 W/B,25TH STREET O/C,250,W,N,A,-,Y,SD,NA,94,NA,NA,1.728,H,NA,L,Y,4,0,2,4,A,-,03,22350,NA,N,C,C,A,A,H,-,A,D,0,NA,NA,NA,NA,Y,NA,D,22,0,0,2,0,0,0,0,0,0,-,-,32.71324157714844,-117.14237213134766,SAN DIEGO,SAN DIEGO,-117.14237213134766,32.713260650634766
94508370,2024,2024-12-18,9645,2024-12-14,2036,023850,NA,6,2,7,3711,0,1,3,NA,2,023,SR-163 N/B,GENESEE AVE,3072,S,N,A,-,Y,SD,NA,163,NA,NA,4.989,H,NA,R,Y,3,0,1,1,A,-,08,22107,NA,N,E,C,A,A,H,-,C,D,0,NA,NA,NA,NA,Y,NA,A,01,0,1,0,0,0,0,0,0,0,-,-,32.78030014038086,-117.16265869140624,SAN DIEGO,SAN DIEGO,-117.16283416748048,32.780311584472656
94510852,2024,2024-12-19,9680,2024-12-10,1355,023088,NA,2,1,9,3700,0,3,5,NA,2,002,S. BARCELONA STREET,DOLORES STREET,30,N,N,A,-,N,NA,NA,NA,NA,NA,NA,NA,NA,NA,N,4,0,1,2,A,-,03,22350,NA,N,C,C,A,A,H,-,A,A,0,NA,NA,NA,NA,Y,NA,A,01,0,0,1,0,0,0,0,0,0,-,-,32.747169494628906,-116.98181915283205,SAN DIEGO,UNINCORPORATED,-116.98193359375,32.74712371826172
9451164,2022,2022-06-15,3705,2022-01-18,2330,EC0411,NA,2,5,5,3705,0,0,0,NA,0,004,AVOCADO,E WASHINGTON AV,0,NA,Y,A,-,N,NA,NA,NA,NA,NA,NA,NA,NA,NA,Y,4,0,1,2,A,-,09,21801,B,N,D,C,A,A,H,-,C,A,0,NA,NA,NA,NA,Y,NA,A,01,0,0,1,0,0,0,0,0,0,-,-,NA,NA,SAN DIEGO,EL CAJON,-116.95767211914063,32.78764724731445
94513376,2024,2024-12-23,9650,2024-12-09,220,022992,NA,1,3,9,3700,0,3,5,NA,2,213,PALA TEMECULA ROAD,TEMEPA ROAD,750,N,N,A,-,N,NA,NA,NA,NA,NA,NA,NA,NA,NA,Y,3,0,1,1,A,-,01,23152,A,N,E,I,A,A,H,-,D,D,0,NA,NA,NA,NA,Y,Y,A,01,0,1,0,0,0,0,0,0,0,-,-,33.42060852050781,-117.08780670166016,SAN DIEGO,UNINCORPORATED,-117.0876922607422,33.420562744140625
94513486,2024,2024-12-23,9680,2024-12-11,1603,024144,NA,3,2,9,3700,0,1,3,NA,1,024,SR-94,JEFFERSON RD,100,E,N,A,-,Y,SD,NA,94,NA,NA,19.806,H,NA,R,N,4,0,1,2,A,-,03,22350,NA,N,C,C,A,A,H,-,A,A,0,NA,NA,NA,NA,Y,NA,A,01,0,0,1,0,0,0,0,0,0,-,-,32.7168083190918,-116.87554168701172,SAN DIEGO,UNINCORPORATED,-116.87554931640624,32.71676254272461
94514239,2024,2024-12-23,9680,2024-12-12,630,023077,NA,4,1,9,3700,0,1,1,NA,2,086,INTERSTATE 8 EASTBOUND,CARRIZO GORGE RD,5280,E,N,A,-,Y,SD,NA,8,NA,R,74.989,H,NA,R,Y,3,0,1,1,A,-,08,22107,NA,N,E,8,A,A,H,-,A,D,0,NA,NA,NA,NA,Y,NA,A,01,0,1,0,0,0,0,0,0,0,-,-,32.63386154174805,-116.14859771728516,SAN DIEGO,UNINCORPORATED,-116.14860534667967,32.6339111328125
94515273,2024,2024-12-24,9680,2024-12-12,1515,024144,NA,4,2,4,3720,0,1,3,NA,2,027,SR-94 E/B,COLLEGE GROVE WAY,200,W,N,A,-,Y,SD,NA,94,NA,NA,7.219,H,NA,R,N,4,0,1,2,A,-,03,22350,NA,N,C,C,A,A,H,-,A,D,0,NA,NA,NA,NA,Y,NA,A,01,0,0,1,0,0,0,0,0,0,-,-,32.735870361328125,-117.05661010742188,SAN DIEGO,LEMON GROVE,-117.05663299560548,32.73588562011719
9451637,2022,2022-06-01,3711,2022-05-16,2100,SD4310,NA,1,5,7,3711,0,0,0,NA,0,241,IRONWOOD RD,TRIBUNA AV,28,N,N,A,-,N,NA,NA,NA,NA,NA,NA,NA,NA,NA,Y,3,0,1,2,A,-,08,22107,NA,N,B,E,A,A,H,-,C,D,0,NA,NA,NA,NA,Y,NA,A,01,0,1,0,0,0,0,0,0,0,-,-,NA,NA,SAN DIEGO,SAN DIEGO,-117.09041595458984,32.906044006347656
94519387,2024,2024-12-30,9650,2024-12-06,1155,022139,NA,5,1,9,3700,0,1,3,NA,2,019,S SANTA FE RD,SMILAX RD,0,NA,Y,A,-,Y,NA,NA,NA,NA,NA,NA,NA,NA,NA,Y,4,0,1,2,A,-,09,21801,A,N,D,C,A,A,H,-,A,A,0,NA,NA,NA,NA,Y,NA,A,08,0,0,1,0,0,0,0,0,0,-,-,33.16175079345703,-117.20509338378906,SAN DIEGO,UNINCORPORATED,-117.2051010131836,33.16176986694336
94521675,2024,2024-12-31,9680,2024-12-19,1425,020500,NA,4,2,9,3700,0,1,3,NA,1,052,SR-78,RIVERWOOD ROAD,800,E,N,A,-,Y,SD,NA,78,NA,NA,52.944,H,NA,R,Y,4,0,1,1,A,-,08,22107,NA,N,E,I,A,A,H,-,A,A,0,NA,NA,NA,NA,Y,NA,A,01,0,0,1,0,0,0,0,0,0,-,-,33.10710144042969,-116.65872955322266,SAN DIEGO,UNINCORPORATED,-116.6587142944336,33.10708999633789
9452216,2022,2022-06-27,3700,2022-05-22,2031,SH0371,NA,7,5,5,3713,0,0,0,NA,0,311,CIVIC CENTER DR,MORNINGSIDE DR,0,NA,Y,A,-,N,NA,NA,NA,NA,NA,NA,NA,NA,NA,Y,3,0,2,2,A,-,09,21802,A,N,D,C,A,A,H,-,C,D,0,NA,NA,NA,NA,Y,Y,D,22,0,1,1,0,0,0,0,0,0,-,-,NA,NA,SAN DIEGO,VISTA,-117.2343292236328,33.199317932128906
94526740,2024,2025-01-06,9645,2024-12-15,1300,021617,NA,7,1,7,3711,0,3,5,NA,2,018,OTAY LAKES ROAD,MILE MARKER 5.0,500,E,N,A,-,N,NA,NA,NA,NA,NA,NA,NA,NA,NA,Y,4,0,1,2,A,-,05,21650,NA,N,A,C,A,A,H,-,A,D,0,NA,NA,NA,NA,Y,NA,-,-,0,0,1,0,0,0,0,0,0,-,-,32.63515090942383,-116.9216537475586,SAN DIEGO,SAN DIEGO,-117.07178497314452,32.56557846069336
94532149,2025,2025-01-09,9645,2025-01-08,1415,022183,NA,3,2,7,3711,0,1,3,NA,2,016,SR 52 EB,SANTO ROAD,4224,E,N,A,-,Y,SD,NA,52,NA,NA,9.475,H,NA,R,N,4,0,1,2,A,-,03,22350,NA,N,C,C,A,A,H,-,A,D,0,NA,NA,NA,NA,Y,NA,D,22,0,0,1,0,0,0,0,0,0,-,-,32.84349060058594,-117.08460998535156,SAN DIEGO,SAN DIEGO,-117.08460235595705,32.84346008300781
9453362,2022,2022-06-20,3711,2022-05-29,0937,SD1559,NA,7,5,7,3711,0,0,0,NA,0,441,OCEAN VIEW BL,S 37TH ST,0,NA,Y,B,-,N,NA,NA,NA,NA,NA,NA,NA,NA,NA,Y,4,0,2,2,A,-,09,21801,A,M,D,C,A,A,H,-,A,D,0,NA,NA,NA,NA,Y,Y,A,08,0,0,2,0,0,0,0,0,0,-,-,NA,NA,SAN DIEGO,SAN DIEGO,-117.11463928222656,32.701255798339844
94533742,2024,2025-01-10,9680,2024-12-29,1740,023255,NA,7,2,5,3705,0,1,1,NA,2,081,I-8 W/B,EL CAJON BOULEVARD,295,E,N,A,-,Y,SD,NA,8,NA,NA,13.627,H,NA,L,Y,3,0,1,4,A,-,03,22350,NA,N,C,C,A,A,C,-,D,D,0,NA,NA,NA,NA,Y,NA,A,07,0,1,0,0,0,0,0,0,0,-,-,32.781639099121094,-116.9819107055664,SAN DIEGO,EL CAJON,-116.98185729980467,32.781620025634766
94533769,2024,2025-01-10,9680,2024-12-29,2048,018672,NA,7,2,9,3700,0,3,5,NA,2,009,HIGHLAND VALLEY ROAD,GREEN VALLEY TRUCK TRAIL,430,E,N,A,-,N,NA,NA,NA,NA,NA,NA,NA,NA,NA,Y,4,0,3,4,A,-,03,22350,NA,N,D,E,E,A,H,-,D,A,0,Y,NA,NA,NA,Y,NA,A,01,0,0,3,0,2,0,0,0,0,-,-,33.03649139404297,-116.97344207763672,SAN DIEGO,UNINCORPORATED,-116.97152709960938,33.037513732910156
94538135,2024,2025-01-15,9650,2024-12-22,220,023524,NA,7,3,9,3700,0,3,5,NA,2,211,COUGAR PASS RD,NORTH BROADWAY,925,E,N,A,-,N,NA,NA,NA,NA,NA,NA,NA,NA,NA,Y,2,0,4,1,A,-,01,23152,A,N,E,I,A,A,H,-,D,D,0,NA,NA,NA,NA,Y,Y,D,22,1,3,0,0,0,0,0,0,0,-,-,33.20542907714844,-117.08638763427734,SAN DIEGO,UNINCORPORATED,-117.08609008789063,33.197547912597656
94539851,2024,2025-01-16,9680,2024-08-07,455,017996,NA,3,3,9,3700,0,3,5,NA,2,002,DEHESA ROAD,VISTA DE LA MONTANA,863,E,N,A,-,N,NA,NA,NA,NA,NA,NA,NA,NA,NA,N,1,1,0,2,A,-,11,21954,A,N,G,B,E,A,H,-,D,D,0,Y,NA,NA,NA,Y,NA,N,60,0,0,0,1,0,0,0,0,0,-,-,32.79045104980469,-116.83686065673828,SAN DIEGO,UNINCORPORATED,-116.83777618408205,32.79093551635742
94542514,2025,2025-01-17,9645,2025-01-14,1200,016156,NA,2,1,7,3711,0,1,1,NA,2,005,I-5 N/B,OLD TOWN AVENUE,1584,S,N,A,-,Y,SD,NA,5,NA,R,18.723,H,NA,R,N,4,0,1,2,A,-,07,21658,A,N,B,C,A,A,H,-,A,D,0,NA,NA,NA,NA,Y,NA,A,01,0,0,1,0,0,0,0,0,0,-,-,32.74546813964844,-117.18875885009766,SAN DIEGO,SAN DIEGO,-117.18873596191406,32.745506286621094
94542971,2025,2025-01-20,9680,2025-01-08,1148,015877,NA,3,1,9,3700,0,1,3,NA,2,016,SR-67 S/B,WOODSIDE AVE.,2112,N,N,A,-,Y,SD,NA,67,NA,R,3.108,H,NA,L,N,3,0,1,1,A,-,03,22350,NA,N,F,A,A,A,H,-,A,D,0,NA,NA,Y,NA,Y,NA,-,-,0,1,0,0,0,0,0,0,1,-,-,32.84661865234375,-116.95704650878906,SAN DIEGO,UNINCORPORATED,-116.95704650878906,32.84661865234375
94543285,2025,2025-01-20,9645,2025-01-05,1900,023923,NA,7,2,7,3711,0,1,1,NA,2,003,I-5 SB TO SR-15 NB,RIGEL ST.,124,N,N,A,-,Y,NA,NA,NA,NA,NA,NA,NA,NA,NA,Y,3,0,1,1,A,-,01,23152,A,N,E,I,A,A,H,-,C,D,0,NA,NA,NA,NA,Y,Y,A,07,0,1,0,0,0,0,0,0,0,-,-,32.69166946411133,-117.1211395263672,SAN DIEGO,SAN DIEGO,-117.1213836669922,32.69255828857422
94544247,2025,2025-01-21,9645,2025-01-10,2100,022765,NA,5,2,6,3702,0,1,1,NA,2,009,I-805 N/B COLLECTOR ROAD FROM H STREET,BONITA ROAD U/C,2300,S,N,A,-,Y,SD,NA,805,NA,NA,7.491,H,NA,R,N,2,0,1,1,A,-,08,22107,NA,N,F,I,A,A,H,-,C,D,0,NA,NA,Y,NA,Y,NA,C,02,1,0,0,0,0,0,0,0,1,-,-,32.644779205322266,-117.05789947509766,SAN DIEGO,CHULA VISTA,-117.05796051025392,32.64475631713867
94544874,2025,2025-01-21,9645,2025-01-13,1825,022765,NA,1,2,7,3711,0,1,3,NA,2,006,SR-94 W/B,32ND STREET U/C,1205,E,N,A,-,Y,SD,NA,94,NA,NA,2.905,H,NA,L,N,3,0,2,3,A,-,21,22106,NA,N,C,C,A,A,H,-,C,D,0,NA,NA,NA,NA,Y,NA,A,01,0,2,0,0,0,0,0,0,0,-,-,32.71596908569336,-117.12248229980467,SAN DIEGO,SAN DIEGO,-117.12246704101563,32.71593475341797
94547403,2025,2025-01-23,9650,2025-01-15,1448,020747,NA,3,2,9,3700,0,1,1,NA,2,021,I-15 N/B,LAWRENCE WELK LN,492,S,N,A,-,Y,SD,NA,15,NA,R,39.26,H,NA,R,Y,3,0,1,1,A,-,08,22107,NA,N,F,A,A,A,H,-,A,D,0,NA,NA,NA,NA,Y,NA,D,22,0,1,0,0,0,0,0,0,0,-,-,33.230960845947266,-117.14637756347656,SAN DIEGO,UNINCORPORATED,-117.14623260498048,33.23100662231445
94548828,2025,2025-01-24,9645,2025-01-06,1308,021617,NA,1,1,7,3711,0,1,1,NA,2,021,SR-15 N/B FROM MAIN STREET,MAIN STREET,540,N,N,A,-,Y,SD,NA,15,NA,NA,0.494,H,NA,R,Y,4,0,2,2,A,-,03,22350,NA,N,C,C,A,A,H,-,A,A,0,NA,NA,NA,NA,Y,NA,A,01,0,0,2,0,0,0,0,0,0,-,-,32.692100524902344,-117.12201690673828,SAN DIEGO,SAN DIEGO,-117.12218475341795,32.692195892333984
94550489,2025,2025-01-27,9680,2025-01-15,630,024079,NA,3,1,9,3700,0,1,1,NA,2,081,I-8 W/B,WEST MAIN,990,W,N,A,-,Y,SD,NA,8,NA,NA,14.408,H,NA,L,Y,4,0,2,3,A,-,03,22350,NA,N,C,C,A,A,H,-,A,D,0,NA,NA,NA,NA,Y,NA,-,-,0,0,2,0,0,0,0,0,0,-,-,32.792171478271484,-116.9777374267578,SAN DIEGO,UNINCORPORATED,-116.97781372070313,32.79217529296875
94552810,2025,2025-01-28,9650,2025-01-25,750,022480,NA,6,1,9,3700,0,3,5,NA,2,006,WEST LILAC RD,ANNA MARIE,300,S,N,A,-,N,NA,NA,NA,NA,NA,NA,NA,NA,NA,Y,4,0,1,1,A,-,03,22350,NA,N,E,J,A,A,H,-,A,D,0,NA,NA,Y,NA,Y,NA,C,02,0,0,1,0,0,0,0,0,1,-,-,33.294578552246094,-117.19473266601563,SAN DIEGO,UNINCORPORATED,-117.19635009765624,33.29493713378906
9455857,2022,2022-07-07,3703,2022-06-01,1630,1270,3,3,5,3,3703,0,0,0,NA,0,003,RT 75,ATTU RD,0,NA,Y,A,-,Y,SD,11,75,-,-,15.135,I,5,N,N,3,0,3,4,A,-,09,21804,A,N,B,G,A,A,H,-,A,D,0,NA,Y,NA,NA,Y,NA,A,01,0,2,1,0,0,0,3,0,0,-,-,NA,NA,SAN DIEGO,CORONADO,-117.14442443847656,32.64085388183594
9456198,2022,2022-06-21,3711,2022-03-19,1900,SD8695,NA,6,5,7,3711,0,0,0,NA,0,123,SEA WORLD DR,PACIFIC HWY,0,NA,-,A,-,N,NA,NA,NA,NA,NA,NA,NA,NA,NA,N,4,0,1,2,A,-,04,21703,NA,M,-,-,A,A,H,-,C,-,0,NA,NA,NA,NA,Y,NA,-,99,0,0,1,0,0,0,0,0,0,-,-,NA,NA,SAN DIEGO,SAN DIEGO,-117.20860290527344,32.767127990722656
94562940,2025,2025-02-03,9680,2025-01-22,1640,021077,NA,3,2,9,3700,0,1,3,NA,1,024,SR-94 (CAMPO RD) E/B,OLD CAMPO RD,380,W,N,A,-,Y,SD,NA,94,NA,NA,16.398,H,NA,R,Y,3,0,1,2,A,-,03,22350,NA,N,C,C,A,A,H,-,A,D,0,NA,NA,NA,NA,Y,NA,A,01,0,1,0,0,0,0,0,0,0,-,-,32.72745895385742,-116.92379760742188,SAN DIEGO,UNINCORPORATED,-116.92379760742188,32.72745895385742
94564928,2025,2025-02-21,9645,2025-01-26,1110,017139,NA,7,1,7,3711,0,1,1,NA,2,019,I-15 N/B,S/ RD EDGE OF THE RANCHO BERNARDO RD U/C,50,N,N,B,C,Y,SD,NA,15,NA,M,23.694,H,NA,R,Y,4,0,1,2,A,-,03,22350,NA,N,C,C,A,B,H,-,A,D,0,NA,NA,NA,Y,Y,NA,D,22,0,0,1,0,0,0,0,0,0,-,-,33.0229606628418,-117.07839965820313,SAN DIEGO,SAN DIEGO,-117.07858276367188,33.02295684814453
9456645,2022,2022-06-29,3710,2022-05-31,1546,OC1510,NA,2,5,6,3710,0,0,0,NA,0,006,NORTH COAST HWY,PIER VIEW WY,2,N,N,A,-,N,NA,NA,NA,NA,NA,NA,NA,NA,NA,N,3,0,1,2,A,-,08,22107,NA,N,G,B,B,A,H,-,A,A,0,Y,NA,NA,NA,Y,NA,A,07,0,1,0,0,1,0,0,0,0,-,-,NA,NA,SAN DIEGO,OCEANSIDE,-117.38021087646484,33.19671630859375
9456897,2022,2022-06-27,3711,2022-06-10,2150,SD1325,NA,5,5,7,3711,0,0,0,NA,0,531,FLORIDA ST,MORLEY FIELD DR,0,NA,Y,B,-,N,NA,NA,NA,NA,NA,NA,NA,NA,NA,N,3,0,1,1,A,-,03,22350,NA,N,H,-,A,B,H,-,D,D,0,NA,Y,NA,NA,Y,NA,L,04,0,1,0,0,0,0,1,0,0,-,-,NA,NA,SAN DIEGO,SAN DIEGO,-117.14373779296876,32.739784240722656
94570171,2025,2025-02-07,9680,2025-01-28,520,024079,NA,2,3,9,3700,0,2,4,NA,1,025,SWEETWATER RD,JAMACHA RD,0,NA,Y,A,-,N,NA,NA,NA,NA,NA,NA,NA,NA,NA,N,3,0,1,2,A,-,05,21650,NA,N,H,G,A,A,H,-,C,A,0,NA,Y,NA,NA,Y,NA,L,04,0,1,0,0,0,0,1,0,0,-,-,32.714881896972656,-117.01260375976563,SAN DIEGO,UNINCORPORATED,-117.0127182006836,32.71475601196289
9457130,2022,2022-07-13,3702,2022-06-15,1018,CV1397,NA,3,5,6,3702,0,0,0,NA,0,021,BROADWAY,CRESTED BUTTE ST,60,S,N,A,-,N,NA,NA,NA,NA,NA,NA,NA,NA,NA,Y,4,0,2,2,A,-,17,21207,5,N,B,G,A,A,H,-,A,D,0,NA,Y,NA,NA,Y,NA,L,04,0,0,2,0,0,0,2,0,0,-,-,NA,NA,SAN DIEGO,CHULA VISTA,-117.08203887939452,32.611793518066406
94575536,2025,2025-02-12,9680,2025-01-31,1515,021441,NA,5,2,9,3700,0,1,3,NA,2,028,SR-125 S/B,JAMACHA RD,1584,N,N,A,-,Y,SD,NA,125,NA,NA,11.005,H,NA,L,N,4,0,1,3,A,-,03,22350,NA,N,C,C,A,A,D,-,A,D,0,NA,NA,NA,NA,Y,NA,A,07,0,0,1,0,0,0,0,0,0,-,-,32.72003936767578,-117.01487731933594,SAN DIEGO,UNINCORPORATED,-117.01485443115234,32.72003936767578
94576893,2025,2025-02-12,9680,2025-01-31,1755,023932,NA,5,2,9,3700,0,1,3,NA,1,024,SR-94 (CAMPO RD),LUCKY SIX TRUCK TRAIL,15,W,N,A,-,Y,SD,NA,94,NA,NA,31.226,H,NA,R,Y,3,0,1,1,A,-,08,22107,NA,N,E,I,A,A,H,-,B,D,0,NA,NA,NA,NA,Y,NA,A,07,0,1,0,0,0,0,0,0,0,-,-,32.62411117553711,-116.75431823730467,SAN DIEGO,UNINCORPORATED,-116.75428771972656,32.6240348815918
94577074,2024,2025-02-12,9680,2024-11-25,2220,021839,NA,1,3,4,3720,0,1,3,NA,2,027,SR-94 W/B TO MASSACHUSETTS AVE.,MASSACHUSETTS AVE,110,E,N,A,-,Y,NA,NA,NA,NA,NA,NA,NA,NA,NA,N,3,0,1,2,A,-,03,22350,NA,F,C,C,A,A,H,-,C,A,0,NA,NA,NA,NA,Y,NA,-,99,0,1,0,0,0,0,0,0,0,-,-,32.74530029296875,-117.0425033569336,SAN DIEGO,LEMON GROVE,-117.04244995117188,32.74493408203125
94582771,2025,2025-02-18,9645,2025-02-09,2142,023309,NA,7,2,7,3711,0,1,1,NA,2,021,SR-15 NORTHBOUND,SR-94,200,S,N,A,-,Y,SD,NA,94,NA,NA,3.229,H,NA,R,Y,3,0,1,1,A,-,01,23152,A,N,E,I,A,A,H,-,D,D,0,NA,NA,Y,NA,Y,Y,C,02,0,1,0,0,0,0,0,0,1,-,-,32.71630096435547,-117.11707305908205,SAN DIEGO,SAN DIEGO,-117.11711883544922,32.71652603149414
9458287,2022,2022-06-15,3711,2022-05-19,0855,SD6395,NA,4,5,7,3711,0,0,0,NA,0,512,NATIONAL AV,SOUTH 28TH ST,0,NA,Y,B,-,N,NA,NA,NA,NA,NA,NA,NA,NA,NA,N,4,0,1,2,D,-,00,NA,NA,M,G,B,B,A,H,-,A,A,0,Y,NA,NA,NA,Y,NA,-,-,0,0,1,0,1,0,0,0,0,-,-,NA,NA,SAN DIEGO,SAN DIEGO,-117.13379669189452,32.69593811035156
94583107,2025,2025-02-18,9645,2025-02-01,1655,024107,NA,6,2,7,3711,0,1,1,NA,2,021,SR-15 NORTHBOUND,I-805 O/C,2145,S,N,B,-,Y,SD,NA,15,NA,R,2.917,H,NA,R,Y,2,0,2,2,A,-,03,22350,NA,N,C,C,A,A,H,-,A,D,0,NA,NA,Y,NA,Y,NA,C,02,1,0,1,0,0,0,0,0,1,-,-,32.72591018676758,-117.11347198486328,SAN DIEGO,SAN DIEGO,-117.1134796142578,32.725914001464844