CASE_ID,ACCIDENT_YEAR,PROC_DATE,JURIS,COLLISION_DATE,COLLISION_TIME,OFFICER_ID,REPORTING_DISTRICT,DAY_OF_WEEK,CHP_SHIFT,POPULATION,CNTY_CITY_LOC,SPECIAL_COND,BEAT_TYPE,CHP_BEAT_TYPE,CITY_DIVISION_LAPD,CHP_BEAT_CLASS,BEAT_NUMBER,PRIMARY_RD,SECONDARY_RD,DISTANCE,DIRECTION,INTERSECTION,WEATHER_1,WEATHER_2,STATE_HWY_IND,CALTRANS_COUNTY,CALTRANS_DISTRICT,STATE_ROUTE,ROUTE_SUFFIX,POSTMILE_PREFIX,POSTMILE,LOCATION_TYPE,RAMP_INTERSECTION,SIDE_OF_HWY,TOW_AWAY,COLLISION_SEVERITY,NUMBER_KILLED,NUMBER_INJURED,PARTY_COUNT,PRIMARY_COLL_FACTOR,PCF_CODE_OF_VIOL,PCF_VIOL_CATEGORY,PCF_VIOLATION,PCF_VIOL_SUBSECTION,HIT_AND_RUN,TYPE_OF_COLLISION,MVIW,PED_ACTION,ROAD_SURFACE,ROAD_COND_1,ROAD_COND_2,LIGHTING,CONTROL_DEVICE,CHP_ROAD_TYPE,PEDESTRIAN_ACCIDENT,BICYCLE_ACCIDENT,MOTORCYCLE_ACCIDENT,TRUCK_ACCIDENT,NOT_PRIVATE_PROPERTY,ALCOHOL_INVOLVED,STWD_VEHTYPE_AT_FAULT,CHP_VEHTYPE_AT_FAULT,COUNT_SEVERE_INJ,COUNT_VISIBLE_INJ,COUNT_COMPLAINT_PAIN,COUNT_PED_KILLED,COUNT_PED_INJURED,COUNT_BICYCLIST_KILLED,COUNT_BICYCLIST_INJURED,COUNT_MC_KILLED,COUNT_MC_INJURED,PRIMARY_RAMP,SECONDARY_RAMP,LATITUDE,LONGITUDE,COUNTY,CITY,POINT_X,POINT_Y
9470038,2023,2023-09-13,3711,2023-08-30,416,SD1648,NA,3,5,7,3711,0,0,0,NA,0,821,EL CAJON BL,70TH ST,8,W,N,A,-,N,NA,NA,NA,NA,NA,NA,NA,NA,NA,N,4,0,2,2,A,-,-,NA,NA,N,D,C,A,A,H,-,C,A,0,NA,NA,NA,NA,Y,NA,A,01,0,0,2,0,0,0,0,0,0,-,-,NA,NA,SAN DIEGO,SAN DIEGO,-117.04712677001952,32.768699645996094
94704946,2025,2025-05-29,9650,2025-05-24,1248,020180,NA,6,1,9,3700,0,1,3,NA,1,028,VALLEY CENTER RD,VALLEY CIR RD,215,S,N,A,-,N,NA,NA,NA,NA,NA,NA,NA,NA,NA,N,3,0,2,2,A,-,08,22107,NA,N,A,C,A,A,H,-,A,D,0,NA,NA,NA,NA,Y,NA,A,01,0,1,1,0,0,0,0,0,0,-,-,33.28533172607422,-116.95526885986328,SAN DIEGO,UNINCORPORATED,-117.030517578125,33.16046142578125
9470540,2022,2023-10-13,3711,2022-06-24,1410,SD1265,NA,5,5,7,3711,0,0,0,NA,0,315,STATION VILLAGE WY,STATION VILLAGE WY 2180,0,NA,Y,A,-,N,NA,NA,NA,NA,NA,NA,NA,NA,NA,N,4,0,1,1,B,-,22,NA,NA,N,E,-,A,A,-,-,-,-,0,NA,NA,NA,NA,Y,NA,A,01,0,0,1,0,0,0,0,0,0,-,-,NA,NA,SAN DIEGO,SAN DIEGO,-117.14261627197266,32.774383544921875
9470698,2023,2023-10-23,3711,2023-08-17,1911,HB6402,NA,4,5,7,3711,0,0,0,NA,0,503,NORTH HARBOR DR,N HARBOR DR 3200,0,NA,N,A,-,N,NA,NA,NA,NA,NA,NA,NA,NA,NA,Y,3,0,1,3,A,-,07,21658,A,N,D,C,A,A,H,-,B,A,0,NA,NA,Y,NA,Y,NA,C,02,0,1,0,0,0,0,0,0,1,-,-,NA,NA,SAN DIEGO,SAN DIEGO,-117.17105865478516,32.71147155761719
94709099,2025,2025-06-02,9645,2025-05-16,2355,023413,NA,5,3,7,3711,0,1,3,NA,2,023,INTERSTATE 8 EASTBOUND FROM STATE ROUTE 163 NORTHB,I-8,220,S,N,A,-,Y,NA,NA,NA,NA,NA,NA,NA,NA,NA,Y,2,0,2,1,A,-,01,23152,A,N,F,A,A,A,H,-,C,D,0,NA,NA,Y,NA,Y,Y,C,02,2,0,0,0,0,0,0,0,2,-,-,32.76165008544922,-117.16291046142578,SAN DIEGO,SAN DIEGO,-117.162918,32.761519
94709641,2025,2025-06-02,9650,2025-05-19,1410,022132,NA,1,2,6,3710,0,1,3,NA,2,015,SR-78 W/B,JEFFERSON ST,2160,E,N,A,-,Y,SD,NA,78,NA,NA,1.168,H,NA,L,Y,4,0,1,1,A,-,08,22107,NA,N,F,I,A,A,H,-,A,D,0,NA,NA,NA,NA,Y,NA,-,-,0,0,1,0,0,0,0,0,0,-,-,33.18136978149414,-117.33255767822266,SAN DIEGO,OCEANSIDE,-117.33255767822266,33.1812858581543
94710088,2025,2025-06-02,9645,2025-05-30,745,023521,NA,5,1,7,3711,0,1,3,NA,2,006,SR-94 WESTBOUND,I-805,160,W,N,A,-,Y,SD,NA,94,NA,NA,3.981,H,NA,L,Y,4,0,1,3,A,-,03,22350,NA,N,C,C,A,A,H,-,A,D,0,NA,NA,NA,NA,Y,NA,A,01,0,0,1,0,0,0,0,0,0,-,-,32.71881103515625,-117.10459136962892,SAN DIEGO,SAN DIEGO,-117.10460662841795,32.71886444091797
94712510,2025,2025-06-04,9645,2025-05-23,1510,017499,NA,5,2,7,3711,0,1,3,NA,2,006,SR-94 EASTBOUND,SR-15 UC,528,W,N,A,-,Y,SD,NA,94,NA,NA,2.996,H,NA,R,Y,4,0,1,2,A,-,03,22350,NA,N,C,C,A,A,H,-,A,D,0,NA,NA,NA,NA,Y,NA,A,01,0,0,1,0,0,0,0,0,0,-,-,32.715919494628906,-117.12103271484376,SAN DIEGO,SAN DIEGO,-117.12101745605467,32.71587371826172
94713157,2025,2025-06-04,9645,2025-05-23,1525,023482,NA,5,2,7,3711,0,1,3,NA,2,023,SR-163 S/B,GENESEE AVE U/C,200,N,N,A,-,Y,SD,NA,163,NA,NA,5.853,H,NA,L,N,3,0,1,2,A,-,03,22350,NA,N,C,C,A,A,H,-,A,D,0,NA,NA,NA,NA,Y,NA,A,01,0,1,0,0,0,0,0,0,0,-,-,32.792301177978516,-117.15892028808594,SAN DIEGO,SAN DIEGO,-117.15896606445313,32.79231262207031
94716651,2025,2025-06-06,9680,2025-05-25,1900,024143,NA,7,2,9,3700,0,2,4,NA,1,018,I-8 W/B TO LOS COCHES RD,LOS COCHES RD,0,NA,Y,A,-,Y,NA,NA,NA,NA,NA,NA,NA,NA,NA,N,4,0,1,2,A,-,12,21453,A,N,D,C,A,A,H,-,A,A,0,NA,NA,NA,NA,Y,NA,A,07,0,0,1,0,0,0,0,0,0,-,-,32.82701873779297,-116.90367126464844,SAN DIEGO,UNINCORPORATED,-116.90341186523438,32.826698303222656
94716670,2025,2025-06-06,9650,2025-06-03,2248,020340,NA,2,3,6,3710,0,1,1,NA,2,005,INTERSTATE 5,CASSIDY STREET,200,S,N,B,-,Y,SD,NA,5,NA,R,51.444,H,NA,R,N,4,0,1,2,A,-,03,22350,NA,N,C,C,A,B,H,-,C,D,0,NA,NA,NA,NA,Y,NA,A,07,0,0,1,0,0,0,0,0,0,-,-,33.179988861083984,-117.35355377197266,SAN DIEGO,OCEANSIDE,-117.35356903076172,33.17997741699219
94720100,2025,2025-06-10,9680,2025-03-29,10,023436,NA,6,3,9,3700,0,2,4,NA,1,025,SWEETWATER RD,TROY ST,0,NA,Y,A,-,N,NA,NA,NA,NA,NA,NA,NA,NA,NA,Y,3,0,1,2,A,-,12,21453,A,F,D,C,A,A,H,-,C,A,0,NA,NA,NA,NA,Y,Y,-,-,0,1,0,0,0,0,0,0,0,-,-,32.736610412597656,-117.01457977294922,SAN DIEGO,UNINCORPORATED,-117.01447296142578,32.7366828918457
94720282,2025,2025-06-10,9680,2025-05-25,150,024178,NA,7,3,5,3705,0,1,3,NA,2,028,STATE ROUTE 125 SOUTHBOUND,GROSSMONT COLLEGE DRIVE,190,N,N,B,-,Y,SD,NA,125,NA,NA,20.485,H,NA,L,Y,3,0,1,1,A,-,01,23152,A,N,E,8,A,A,H,-,C,D,0,NA,NA,NA,NA,Y,Y,A,01,0,1,0,0,0,0,0,0,0,-,-,32.812950134277344,-117.00338745117188,SAN DIEGO,EL CAJON,-117.00328826904295,32.81290054321289
94721192,2025,2025-06-11,9650,2025-06-03,2030,021463,NA,2,2,9,3700,0,2,4,NA,2,061,S. MISSION ROAD,S. STAGE COACH LANE,0,NA,Y,C,-,N,NA,NA,NA,NA,NA,NA,NA,NA,NA,N,3,0,2,2,A,-,12,21453,A,N,D,C,A,B,H,-,C,A,0,NA,NA,NA,NA,Y,NA,D,22,0,1,1,0,0,0,0,0,0,-,-,33.349300384521484,-117.24437713623048,SAN DIEGO,UNINCORPORATED,-117.24442291259766,33.34931945800781
94721680,2025,2025-06-11,9680,2025-05-30,1405,023255,NA,5,2,5,3708,0,1,1,NA,2,081,I-8 W/B,GROSSMONT BOULEVARD,78,E,N,A,-,Y,SD,NA,8,NA,NA,13.065,H,NA,L,Y,4,0,1,3,A,-,03,22350,NA,N,C,C,A,A,H,-,A,D,0,NA,NA,NA,NA,Y,NA,A,01,0,0,1,0,0,0,0,0,0,-,-,32.77922821044922,-116.99008178710938,SAN DIEGO,LA MESA,-116.99008178710938,32.779205322265625
9472294,2022,2022-07-21,3711,2022-07-13,1449,SD5679,NA,3,5,7,3711,0,0,0,NA,0,242,BLACK MOUNTAIN RD,GEMINI AV,0,NA,Y,A,-,N,NA,NA,NA,NA,NA,NA,NA,NA,NA,Y,4,0,1,2,A,-,12,21453,A,N,D,C,A,A,H,-,A,A,0,NA,NA,NA,NA,Y,NA,A,01,0,0,1,0,0,0,0,0,0,-,-,NA,NA,SAN DIEGO,SAN DIEGO,-117.12512969970705,32.919307708740234
94723875,2025,2025-06-12,9645,2025-05-29,1655,022512,NA,4,2,7,3711,0,1,1,NA,2,030,INTERSTATE 15 NORTHBOUND (HIGH OCCUPANCY LANES),GEORGE COOKE EXPRESS DRIVE,1780,S,N,A,-,Y,SD,NA,15,NA,M,22.884,H,NA,R,Y,4,0,1,2,A,-,07,21658,A,N,C,C,A,A,H,-,A,D,0,NA,NA,Y,NA,Y,NA,A,07,0,0,1,0,0,0,0,0,1,-,-,33.011409759521484,-117.07994842529295,SAN DIEGO,SAN DIEGO,-117.07965087890624,33.01138687133789
9472483,2022,2022-07-25,3711,2022-07-12,0945,SD104,NA,2,5,7,3711,0,0,0,NA,0,831,EL CAJON BL,EUCLID AV,36,W,N,A,-,N,NA,NA,NA,NA,NA,NA,NA,NA,NA,N,4,0,1,2,A,-,09,21804,A,M,D,C,A,A,H,-,A,A,0,NA,NA,NA,NA,Y,Y,-,99,0,0,1,0,0,0,0,0,0,-,-,NA,NA,SAN DIEGO,SAN DIEGO,-117.09232330322266,32.75602340698242
9472496,2022,2022-07-25,3711,2022-07-12,2043,SD1397,NA,2,5,7,3711,0,0,0,NA,0,611,SPORTS ARENA BL,HANCOCK ST,420,E,N,A,-,N,NA,NA,NA,NA,NA,NA,NA,NA,NA,N,4,0,1,2,A,-,11,21955,NA,N,-,B,D,A,H,-,C,D,0,Y,NA,NA,NA,Y,NA,N,60,0,0,1,0,1,0,0,0,0,-,-,NA,NA,SAN DIEGO,SAN DIEGO,-117.21580505371094,32.75442886352539
9472511,2022,2022-07-21,3711,2022-07-09,1046,SD1652,NA,6,5,7,3711,0,0,0,NA,0,813,30TH ST,HOWARD AV,324,S,N,A,-,N,NA,NA,NA,NA,NA,NA,NA,NA,NA,Y,4,0,1,4,A,-,09,21804,A,N,C,E,A,A,B,-,A,D,0,NA,NA,NA,NA,Y,NA,A,01,0,0,1,0,0,0,0,0,0,-,-,NA,NA,SAN DIEGO,SAN DIEGO,-117.13020324707033,32.75318145751953
9472521,2022,2022-07-22,3711,2022-07-03,0500,SD7900,NA,7,5,7,3711,0,0,0,NA,0,725,DEL SOL BL,DENNERY RD,0,NA,Y,A,-,N,NA,NA,NA,NA,NA,NA,NA,NA,NA,N,4,0,1,1,A,-,08,22107,NA,N,A,I,A,A,H,-,C,A,0,NA,NA,NA,NA,Y,NA,A,01,0,0,1,0,0,0,0,0,0,-,-,NA,NA,SAN DIEGO,SAN DIEGO,-117.03600311279295,32.573158264160156
94727179,2025,2025-06-16,9690,2025-06-07,1500,017988,NA,6,2,9,3700,0,1,S,NA,2,904,I-5 S/B (SAN DIEGO FRWY),CRISTIANITOS RD.,0,NA,Y,A,-,Y,NA,NA,NA,NA,NA,NA,NA,NA,NA,Y,3,0,1,1,A,-,03,22350,NA,N,E,8,A,A,H,-,A,A,0,NA,NA,NA,NA,Y,NA,A,01,0,1,0,0,0,0,0,0,0,-,-,33.39501190185547,-117.59368133544922,SAN DIEGO,UNINCORPORATED,-117.59311676025392,33.39529037475586
94727519,2025,2025-06-16,9645,2025-05-30,1622,024450,NA,5,2,7,3711,0,1,1,NA,2,007,I-5 SOUTHBOUND FROM DEL MAR HEIGHTS ROAD,DEL MAR HEIGHTS ROAD,300,S,N,A,-,Y,NA,NA,NA,NA,NA,NA,NA,NA,NA,Y,3,0,1,2,A,-,03,22350,NA,N,C,C,A,A,H,-,A,A,0,NA,NA,NA,NA,Y,NA,A,07,0,1,0,0,0,0,0,0,0,-,-,32.94755935668945,-117.24375152587892,SAN DIEGO,SAN DIEGO,-117.24371337890624,32.94917678833008
94729040,2025,2025-06-17,9680,2025-04-24,2040,024143,NA,4,2,9,3700,0,1,3,NA,1,023,SR-94 W/B,SOUTH BARCELONA ST,120,E,N,A,-,Y,SD,NA,94,NA,R,12.343,H,NA,L,Y,3,0,1,1,C,-,18,NA,NA,N,E,I,A,A,H,-,C,D,0,NA,NA,NA,NA,Y,NA,-,-,0,1,0,0,0,0,0,0,0,-,-,32.7446403503418,-116.9813995361328,SAN DIEGO,UNINCORPORATED,-116.9813995361328,32.744693756103516
94731056,2024,2025-06-18,9680,2024-11-19,1805,023255,NA,2,2,9,3700,0,2,4,NA,1,026,JAMACHA BOULEVARD,POINTE PARKWAY,3,E,N,A,-,N,NA,NA,NA,NA,NA,NA,NA,NA,NA,N,1,1,0,2,A,-,11,21950,B,F,G,B,D,A,H,-,C,A,0,Y,NA,NA,NA,Y,NA,N,60,0,0,0,1,0,0,0,0,0,-,-,32.720951080322266,-116.97247314453124,SAN DIEGO,UNINCORPORATED,-116.97249603271484,32.72079849243164
94732412,2025,2025-06-19,9680,2025-06-09,540,020780,NA,1,3,5,3705,0,1,1,NA,2,082,I-8 W/B,EAST MAIN STREET U/C,700,W,N,B,-,Y,SD,NA,8,NA,NA,17.701,H,NA,L,Y,4,0,2,3,A,-,03,22350,NA,N,C,C,A,A,H,-,B,D,0,NA,NA,NA,NA,Y,NA,A,01,0,0,2,0,0,0,0,0,0,-,-,32.803199768066406,-116.92984771728516,SAN DIEGO,EL CAJON,-116.92984771728516,32.803199768066406
94733932,2025,2025-06-20,9645,2025-05-25,115,023210,NA,7,3,3,3703,0,1,3,NA,1,004,SR-75 W/B,GLORIETTA BOULEVARD,225,E,N,B,-,N,NA,NA,NA,NA,NA,NA,NA,NA,NA,Y,2,0,1,1,A,-,01,23152,A,N,E,8,A,A,H,-,C,D,0,NA,NA,NA,NA,Y,Y,A,07,1,0,0,0,0,0,0,0,0,-,-,32.691558837890625,-117.16824340820313,SAN DIEGO,CORONADO,-117.16820526123048,32.69169616699219
9473442,2022,2022-08-25,3700,2022-06-26,0052,SH7085,NA,7,5,5,3713,0,0,0,NA,0,302,GOODWIN DR,BARSBY ST,0,NA,N,A,-,N,NA,NA,NA,NA,NA,NA,NA,NA,NA,Y,2,0,1,1,A,-,01,23152,A,M,E,I,A,A,H,-,D,D,0,NA,NA,NA,NA,Y,Y,A,01,1,0,0,0,0,0,0,0,0,-,-,NA,NA,SAN DIEGO,VISTA,-117.24403381347656,33.23419952392578
94735363,2025,2025-06-26,9650,2025-05-18,325,022657,NA,7,3,6,3710,0,1,1,NA,2,005,I-5 N/B,CALIFORNIA STREET,55,N,N,A,-,Y,SD,NA,5,NA,R,51.862,H,NA,R,N,2,0,1,2,A,-,01,23152,A,F,C,C,A,A,H,-,C,D,0,NA,NA,NA,NA,Y,Y,A,01,1,0,0,0,0,0,0,0,0,-,-,33.18497848510742,-117.3576431274414,SAN DIEGO,OCEANSIDE,-117.35769653320313,33.1849479675293
94735423,2025,2025-06-23,9650,2025-06-17,950,022480,NA,2,1,5,3712,0,1,3,NA,2,019,STATE ROUTE 78,WOODLAND PARKWAY,200,E,N,A,-,Y,SD,NA,78,NA,NA,14.316,H,NA,R,Y,4,0,1,2,A,-,17,23114,A,M,E,C,A,A,H,-,A,D,0,NA,NA,NA,NA,Y,NA,-,99,0,0,1,0,0,0,0,0,0,-,-,33.13825988769531,-117.1400909423828,SAN DIEGO,SAN MARCOS,-117.14015197753906,33.138160705566406
94735842,2024,2025-06-23,9645,2024-08-25,2155,023901,NA,7,2,7,3711,0,1,3,NA,2,006,STATE ROUTE 94 WESTBOUND,MILE POST MARKER 1.416,32.5,E,N,A,-,Y,SD,NA,94,NA,NA,1.463,H,NA,L,Y,1,1,0,2,A,-,11,21956,A,N,G,B,E,A,H,-,C,D,0,Y,NA,NA,NA,Y,Y,N,60,0,0,0,1,0,0,0,0,0,-,-,32.713680267333984,-117.14691162109376,SAN DIEGO,SAN DIEGO,-117.14691162109376,32.713653564453125
94735986,2025,2025-06-23,9680,2025-06-11,1120,023077,NA,3,1,9,3700,0,1,3,NA,1,022,SR-54 (JAMACHA RD),WILLOW GLEN DR,0,NA,Y,A,-,Y,SD,NA,54,NA,T,11.85,H,NA,R,Y,3,0,3,3,A,-,12,21453,A,N,D,C,A,A,H,-,A,A,0,NA,NA,NA,NA,Y,NA,A,01,0,3,0,0,0,0,0,0,0,-,-,32.744991302490234,-116.92933654785156,SAN DIEGO,UNINCORPORATED,-116.9292449951172,32.744789123535156
94739094,2025,2025-06-25,9680,2025-06-14,2048,024178,NA,6,2,9,3700,0,2,4,NA,1,020,FUERTE DR,MAYAPAN DR,65,E,N,A,-,N,NA,NA,NA,NA,NA,NA,NA,NA,NA,Y,3,0,1,1,A,-,08,22107,NA,N,E,8,A,A,H,-,C,D,0,NA,NA,NA,NA,Y,NA,A,07,0,1,0,0,0,0,0,0,0,-,-,32.76478958129883,-116.95947265625,SAN DIEGO,UNINCORPORATED,-116.95953369140624,32.76476287841797
94739369,2025,2025-06-25,9680,2025-06-15,1810,024079,T628,7,2,9,3700,0,3,5,NA,2,003,WILLOWS RD,VIEJAS VIEW LN,260,W,N,A,-,N,NA,NA,NA,NA,NA,NA,NA,NA,NA,Y,4,0,2,2,A,-,09,21801,A,N,D,C,A,A,H,-,A,D,0,NA,NA,NA,NA,Y,NA,A,01,0,0,2,0,0,0,0,0,0,-,-,32.842288970947266,-116.69660186767578,SAN DIEGO,UNINCORPORATED,-116.69654083251952,32.84226989746094
9474050,2022,2022-10-25,3708,2022-07-25,1641,LM1274,NA,1,5,5,3708,0,0,0,NA,0,003,COMANCHE DR,SARANAC PL,0,NA,Y,A,-,N,NA,NA,NA,NA,NA,NA,NA,NA,NA,Y,3,0,1,2,A,-,03,22350,NA,N,C,E,A,A,H,-,A,D,0,NA,NA,NA,NA,Y,NA,A,01,0,1,0,0,0,0,0,0,0,-,-,NA,NA,SAN DIEGO,LA MESA,-117.03244018554688,32.77236557006836
9474063,2022,2022-09-06,3711,2022-08-04,1627,SD7663,NA,4,5,7,3711,0,0,0,NA,0,325,MISSION GORGE RD,DEERFIELD CIR,352,W,N,A,-,N,NA,NA,NA,NA,NA,NA,NA,NA,NA,N,3,0,1,1,A,-,05,21650,1,N,H,-,A,A,B,C,A,D,0,NA,Y,NA,NA,Y,NA,L,04,0,1,0,0,0,0,1,0,0,-,-,NA,NA,SAN DIEGO,SAN DIEGO,-117.06285858154295,32.815486907958984
94743811,2025,2025-06-30,9650,2025-06-15,325,023426,NA,7,3,9,3700,0,3,5,NA,2,211,MEADOW GLEN WAY E,GRANITE RIDGE RD,0,NA,Y,E,-,N,NA,NA,NA,NA,NA,NA,NA,NA,NA,Y,4,0,1,1,A,-,01,23152,A,M,E,8,A,A,H,-,C,A,0,NA,NA,NA,NA,Y,Y,D,22,0,0,1,0,0,0,0,0,0,-,-,33.21744155883789,-117.09544372558594,SAN DIEGO,UNINCORPORATED,-117.09530639648438,33.21741485595703
94751172,2025,2025-07-07,9650,2025-07-01,1150,020180,NA,2,1,9,3700,0,2,4,NA,2,061,WINTER HAVEN RD,BROOKE RD,341,E,N,A,-,N,NA,NA,NA,NA,NA,NA,NA,NA,NA,N,3,0,1,1,C,-,18,NA,NA,N,E,8,A,A,H,-,A,D,0,NA,NA,NA,NA,Y,NA,-,-,0,1,0,0,0,0,0,0,0,-,-,33.347679138183594,-117.2306671142578,SAN DIEGO,UNINCORPORATED,-117.2306671142578,33.34772491455078
94752016,2025,2025-07-07,9645,2025-06-25,950,024170,NA,3,1,7,3711,0,1,1,NA,2,010,I-8 W/B,TEXAS STREET,500,W,N,A,-,Y,SD,NA,8,NA,NA,3.681,H,NA,L,Y,4,0,1,2,A,-,08,22107,NA,N,E,I,A,A,H,-,A,D,0,NA,NA,NA,NA,Y,NA,D,22,0,0,1,0,0,0,0,0,0,-,-,32.768768310546875,-117.14325714111328,SAN DIEGO,SAN DIEGO,-117.14329528808594,32.768829345703125
94752111,2025,2025-07-07,9645,2025-06-24,1550,024543,NA,2,2,9,3700,0,3,5,NA,2,018,OTAY LAKES ROAD E/B,MILE MARKER 5.0,634,E,N,A,-,N,NA,NA,NA,NA,NA,NA,NA,NA,NA,Y,3,0,1,1,A,-,03,22350,NA,N,F,A,A,A,H,-,A,D,0,NA,NA,Y,NA,Y,NA,C,02,0,1,0,0,0,0,0,0,1,-,-,32.63615036010742,-116.92252349853516,SAN DIEGO,UNINCORPORATED,-117.07140350341795,32.56574630737305
94753093,2025,2025-07-08,9650,2025-07-01,2245,020340,NA,2,3,5,3713,0,1,3,NA,2,017,STATE ROUTE 78,MAR VISTA DRIVE,70,E,N,A,-,Y,SD,NA,78,NA,NA,7.728,H,NA,R,N,4,0,3,3,A,-,03,22350,NA,N,C,C,A,A,H,-,C,D,0,NA,NA,NA,NA,Y,NA,A,01,0,0,3,0,0,0,0,0,0,-,-,33.18101119995117,-117.23036956787108,SAN DIEGO,VISTA,-117.23040771484376,33.180992126464844
9475372,2022,2022-07-22,3711,2022-07-05,2112,SD5679,NA,2,5,7,3711,0,0,0,NA,0,232,CARMEL MOUNTAIN RD,STONEY PEAK DR,0,NA,Y,A,-,N,NA,NA,NA,NA,NA,NA,NA,NA,NA,Y,3,0,2,2,A,-,12,21453,A,M,D,C,A,A,H,-,C,A,0,NA,NA,NA,NA,Y,Y,I,11,0,1,1,0,0,0,0,0,0,-,-,NA,NA,SAN DIEGO,SAN DIEGO,-117.07821655273438,32.980411529541016
94755292,2025,2025-07-09,9680,2025-06-27,705,021200,NA,5,1,9,3700,0,1,3,NA,1,023,SR-94 E/B,S. BARCELONA ST,895,W,N,B,-,Y,SD,NA,94,NA,R,12.147,H,NA,R,Y,4,0,2,2,A,-,03,22350,NA,N,C,C,A,A,H,-,A,D,0,NA,NA,NA,NA,Y,NA,A,01,0,0,2,0,0,0,0,0,0,-,-,32.7446403503418,-116.98475646972656,SAN DIEGO,UNINCORPORATED,-116.98477172851563,32.74460983276367
9475663,2022,2022-07-11,3702,2022-04-25,0139,CV1352,NA,1,5,6,3702,0,0,0,NA,0,014,2ND AV,F ST,30,S,N,A,-,N,NA,NA,NA,NA,NA,NA,NA,NA,NA,Y,4,0,1,1,A,-,01,23152,A,M,E,I,A,A,H,-,C,A,0,NA,NA,NA,NA,Y,Y,A,07,0,0,1,0,0,0,0,0,0,-,-,NA,NA,SAN DIEGO,CHULA VISTA,-117.07578277587892,32.642333984375
94759575,2025,2025-07-14,9650,2025-06-27,2020,023524,NA,5,2,9,3700,0,2,4,NA,2,061,S. MISSION RD,ROCKY CREST RD,0,NA,Y,A,-,N,NA,NA,NA,NA,NA,NA,NA,NA,NA,Y,4,0,1,2,A,-,09,21802,B,N,D,C,A,A,H,-,C,D,0,NA,NA,NA,NA,Y,NA,A,07,0,0,1,0,0,0,0,0,0,-,-,33.362060546875,-117.24933624267578,SAN DIEGO,UNINCORPORATED,-117.24932098388672,33.36195755004883
94761158,2025,2025-07-14,9680,2025-07-01,1000,015972,NA,2,1,9,3700,0,1,3,NA,1,090,STATE ROUTE-67,LETTON STREET,40,S,N,A,-,Y,SD,NA,67,NA,NA,23.258,H,NA,R,Y,4,0,1,2,A,-,03,22350,NA,N,C,C,A,A,H,-,A,D,0,NA,NA,NA,NA,Y,NA,A,01,0,0,1,0,0,0,0,0,0,-,-,33.032291412353516,-116.8843231201172,SAN DIEGO,UNINCORPORATED,-116.88429260253906,33.03226089477539
94761788,2025,2025-07-15,9650,2025-07-11,455,020673,NA,5,3,9,3700,0,3,5,NA,2,070,DEL DIOS HWY.,EL CAMINO DEL NORTE,0,NA,Y,A,-,N,NA,NA,NA,NA,NA,NA,NA,NA,NA,N,4,0,1,1,A,-,08,22107,NA,N,H,I,A,A,H,-,D,D,0,NA,NA,NA,NA,Y,NA,A,01,0,0,1,0,0,0,0,0,0,-,-,33.03575897216797,-117.18401336669922,SAN DIEGO,UNINCORPORATED,-117.183837890625,33.03559875488281
94762074,2025,2025-07-15,9645,2025-06-26,1530,024493,NA,4,2,7,3711,0,1,3,NA,2,022,SR-56 E/B,I-15 NB TO SR-56,0,NA,Y,A,-,Y,SD,NA,56,NA,NA,9.787,H,NA,R,Y,3,0,5,3,A,-,12,21453,A,N,D,C,A,A,H,-,A,D,0,NA,NA,NA,NA,Y,NA,A,08,0,2,3,0,0,0,0,0,0,-,-,32.96472930908203,-117.09422302246094,SAN DIEGO,SAN DIEGO,-117.09422302246094,32.96472930908203
9476217,2022,2022-07-13,3705,2022-06-01,0846,EC0437,NA,3,5,5,3705,0,0,0,NA,0,003,JAMACHA RD,GRANITE HILLS DR,0,NA,Y,A,-,N,NA,NA,NA,NA,NA,NA,NA,NA,NA,N,3,0,1,2,A,-,08,22107,NA,N,G,B,B,A,H,-,A,A,0,Y,NA,NA,NA,Y,NA,A,01,0,1,0,0,1,0,0,0,0,-,-,NA,NA,SAN DIEGO,EL CAJON,-116.92792510986328,32.7852897644043