CASE_ID,ACCIDENT_YEAR,PROC_DATE,JURIS,COLLISION_DATE,COLLISION_TIME,OFFICER_ID,REPORTING_DISTRICT,DAY_OF_WEEK,CHP_SHIFT,POPULATION,CNTY_CITY_LOC,SPECIAL_COND,BEAT_TYPE,CHP_BEAT_TYPE,CITY_DIVISION_LAPD,CHP_BEAT_CLASS,BEAT_NUMBER,PRIMARY_RD,SECONDARY_RD,DISTANCE,DIRECTION,INTERSECTION,WEATHER_1,WEATHER_2,STATE_HWY_IND,CALTRANS_COUNTY,CALTRANS_DISTRICT,STATE_ROUTE,ROUTE_SUFFIX,POSTMILE_PREFIX,POSTMILE,LOCATION_TYPE,RAMP_INTERSECTION,SIDE_OF_HWY,TOW_AWAY,COLLISION_SEVERITY,NUMBER_KILLED,NUMBER_INJURED,PARTY_COUNT,PRIMARY_COLL_FACTOR,PCF_CODE_OF_VIOL,PCF_VIOL_CATEGORY,PCF_VIOLATION,PCF_VIOL_SUBSECTION,HIT_AND_RUN,TYPE_OF_COLLISION,MVIW,PED_ACTION,ROAD_SURFACE,ROAD_COND_1,ROAD_COND_2,LIGHTING,CONTROL_DEVICE,CHP_ROAD_TYPE,PEDESTRIAN_ACCIDENT,BICYCLE_ACCIDENT,MOTORCYCLE_ACCIDENT,TRUCK_ACCIDENT,NOT_PRIVATE_PROPERTY,ALCOHOL_INVOLVED,STWD_VEHTYPE_AT_FAULT,CHP_VEHTYPE_AT_FAULT,COUNT_SEVERE_INJ,COUNT_VISIBLE_INJ,COUNT_COMPLAINT_PAIN,COUNT_PED_KILLED,COUNT_PED_INJURED,COUNT_BICYCLIST_KILLED,COUNT_BICYCLIST_INJURED,COUNT_MC_KILLED,COUNT_MC_INJURED,PRIMARY_RAMP,SECONDARY_RAMP,LATITUDE,LONGITUDE,COUNTY,CITY,POINT_X,POINT_Y
94968566,2025,2025-12-15,9650,2025-12-07,1509,020349,NA,7,2,5,3713,0,1,3,NA,2,017,SR-78 W/B,VISTA VILLAGE DR,1500,E,N,A,-,Y,SD,NA,78,NA,NA,6.474,H,NA,L,N,4,0,1,3,A,-,03,22350,NA,N,B,C,A,A,H,-,A,D,0,NA,NA,NA,NA,Y,NA,A,01,0,0,1,0,0,0,0,0,0,-,-,33.193138122558594,-117.24593353271484,SAN DIEGO,VISTA,-117.24594116210938,33.19313049316406
94968671,2025,2025-12-11,9680,2025-12-03,1533,021077,NA,3,2,9,3700,0,1,3,NA,2,016,SR-67 N/B,VIGILANTE ROAD,0,NA,Y,A,-,Y,SD,NA,67,NA,NA,9.115,H,NA,R,Y,3,0,2,2,A,-,09,21801,A,N,A,C,A,A,H,-,A,A,0,NA,NA,NA,NA,Y,NA,A,01,0,2,0,0,0,0,0,0,0,-,-,32.90470886230469,-116.94010925292967,SAN DIEGO,UNINCORPORATED,-116.94012451171876,32.904701232910156
9496912,2022,2022-09-06,3700,2022-08-15,0128,SJH1911,NA,1,5,5,3712,0,0,0,NA,0,355,WEST SAN MARCOS BL,SOUTH RANCHO SANTA FE RD,100,E,N,A,-,N,NA,NA,NA,NA,NA,NA,NA,NA,NA,Y,4,0,1,1,A,-,01,23152,A,N,E,I,A,A,H,-,C,A,0,NA,NA,NA,NA,Y,Y,A,01,0,0,1,0,0,0,0,0,0,-,-,NA,NA,SAN DIEGO,SAN MARCOS,-117.20784759521484,33.13142013549805
94972105,2025,2025-12-15,9645,2025-12-05,1205,023309,NA,5,1,7,3711,0,1,1,NA,2,021,SR-15 SOUTHBOUND TO I-8 EASTBOUND,I-8 WESTBOUND,500,N,N,A,-,Y,SD,NA,15,NA,R,6.534,H,NA,L,Y,3,0,1,2,A,-,08,22107,NA,F,F,A,A,A,H,-,A,D,0,NA,NA,NA,NA,Y,NA,-,99,0,1,0,0,0,0,0,0,0,-,-,32.78422164916992,-117.11454010009766,SAN DIEGO,SAN DIEGO,-117.11436462402344,32.784244537353516
9497220,2022,2022-09-14,3711,2022-08-27,2102,SD1362,NA,6,5,7,3711,0,0,0,NA,0,246,SCRIPPS POWAY PKWY,SPRINGBROOK DR,0,NA,Y,A,-,N,NA,NA,NA,NA,NA,NA,NA,NA,NA,N,3,0,10,2,A,-,12,21453,A,N,D,C,A,A,H,-,C,A,0,NA,NA,NA,NA,Y,NA,A,01,0,1,9,0,0,0,0,0,0,-,-,NA,NA,SAN DIEGO,SAN DIEGO,-117.07309722900392,32.93453598022461
94972542,2025,2025-12-15,9645,2025-08-29,1749,024447,NA,5,2,7,3711,0,1,1,NA,2,001,INTERSTATE 5 SOUTHBOUND TO TOCAYO AVENUE,INTERSTATE 5 SOUTHBOUND,432,W,N,A,-,Y,NA,NA,NA,NA,NA,NA,NA,NA,NA,Y,1,1,0,1,A,-,03,22350,NA,N,E,I,A,A,H,-,A,D,0,NA,NA,NA,NA,Y,NA,A,01,0,0,0,0,0,0,0,0,0,-,-,32.56494903564453,-117.07525634765624,SAN DIEGO,SAN DIEGO,-117.075256,32.564949
94972701,2025,2025-12-15,9650,2025-12-05,1300,024814,NA,5,1,9,3700,0,3,5,NA,2,230,VIA RANCHO PKY,HIGHLANDS WEST DR,40,W,N,A,-,N,NA,NA,NA,NA,NA,NA,NA,NA,NA,N,3,0,1,2,A,-,03,22350,NA,N,C,C,A,A,H,-,A,D,0,NA,NA,Y,NA,Y,NA,C,02,0,1,0,0,0,0,0,0,1,-,-,33.088218688964844,-117.1103973388672,SAN DIEGO,UNINCORPORATED,-117.11027526855467,33.08816909790039
94974634,2025,2025-12-16,9650,2025-12-01,225,023084,NA,1,3,9,3700,0,1,1,NA,2,021,I-15 N/B,DULIN ROAD,2700,S,N,A,-,Y,NA,NA,NA,NA,NA,NA,NA,NA,NA,N,3,0,1,1,A,-,01,23152,A,N,F,I,A,A,H,-,D,D,0,NA,NA,NA,NA,Y,Y,A,07,0,1,0,0,0,0,0,0,0,-,-,33.316650390625,-117.15360260009766,SAN DIEGO,UNINCORPORATED,-117.1577606201172,33.32318878173828
94975051,2025,2025-12-16,9645,2025-12-02,2226,024843,NA,2,3,7,3711,0,1,3,NA,2,023,STATE ROUTE 163 NORTHBOUND,ROBINSON AVENUE,654,S,N,A,-,Y,SD,NA,163,NA,NA,2.362,H,NA,R,N,3,0,1,2,A,-,03,22350,NA,N,C,C,A,A,H,-,D,D,0,NA,NA,NA,NA,Y,NA,J,48,0,1,0,0,0,0,0,0,0,-,-,32.744869232177734,-117.15634155273438,SAN DIEGO,SAN DIEGO,-117.1562957763672,32.744873046875
94975190,2025,2025-12-17,9650,2025-12-13,1255,024814,NA,6,1,9,3700,0,1,1,NA,2,003,I-5 S/B,DONALD COOK RD.,1320,N,N,A,-,Y,SD,NA,5,NA,R,58.621,H,NA,L,N,3,0,1,2,A,-,07,21658,A,N,B,2,A,A,H,-,A,D,0,NA,NA,Y,NA,Y,NA,A,01,0,1,0,0,0,0,0,0,1,-,-,33.2595100402832,-117.42777252197266,SAN DIEGO,UNINCORPORATED,-117.42781829833984,33.25947952270508
94975941,2025,2025-12-17,9645,2025-12-08,1430,017499,NA,1,2,7,3711,0,1,1,NA,2,009,I-805 SOUTHBOUND,SR-94,50,S,N,A,-,Y,SD,NA,805,NA,NA,13.479,H,NA,L,N,4,0,1,2,A,-,08,22107,NA,N,B,C,A,A,H,-,A,D,0,NA,NA,NA,NA,Y,NA,A,01,0,0,1,0,0,0,0,0,0,-,-,32.71870040893555,-117.10295104980467,SAN DIEGO,SAN DIEGO,-117.1029052734375,32.71870040893555
94976358,2025,2025-12-17,9645,2025-12-09,1510,022814,NA,2,2,7,3711,0,1,1,NA,2,007,I-5 SOUTHBOUND,GENESEE AVE.,510,N,N,A,-,Y,SD,NA,5,NA,R,29.573,H,NA,L,Y,4,0,1,2,A,-,03,22350,NA,N,C,C,A,A,H,-,A,D,0,NA,NA,NA,NA,Y,NA,A,01,0,0,1,0,0,0,0,0,0,-,-,32.88887023925781,-117.2276611328125,SAN DIEGO,SAN DIEGO,-117.22772216796876,32.88887405395508
94976396,2025,2025-12-17,9680,2025-09-04,1150,021764,NA,4,1,9,3700,0,1,1,NA,2,082,I-8 W/B FROM MOLLISON AVE,MOLLISON AVE,45,W,N,A,-,Y,NA,NA,NA,NA,NA,NA,NA,NA,NA,N,3,0,1,2,A,-,09,21453,B,N,D,C,A,A,H,-,A,A,0,NA,NA,NA,NA,Y,NA,A,01,0,1,0,0,0,0,0,0,0,-,-,32.803470611572266,-116.95124816894533,SAN DIEGO,UNINCORPORATED,-116.95211791992188,32.80318832397461
94976398,2025,2025-12-17,9645,2025-11-21,1855,024081,NA,5,2,7,3711,0,1,1,NA,2,010,INTERSTATE 8 EASTBOUND,INTERSTATE 15,2270,W,N,A,-,Y,SD,NA,8,NA,NA,5.186,H,NA,R,N,3,0,1,2,A,-,01,23152,A,F,C,C,A,A,H,-,D,D,0,NA,NA,NA,NA,Y,Y,A,01,0,1,0,0,0,0,0,0,0,-,-,32.777339935302734,-117.119873046875,SAN DIEGO,SAN DIEGO,-117.11990356445313,32.77739715576172
94979432,2025,2025-12-19,9680,2025-05-19,1325,021501,NA,1,1,9,3700,0,2,4,NA,2,072,BORREGO SALTON SEAWAY,ELLA WASH,4224,W,N,A,-,N,NA,NA,NA,NA,NA,NA,NA,NA,NA,Y,2,0,1,1,A,-,03,22350,NA,N,F,A,A,A,H,-,A,A,0,NA,NA,Y,NA,Y,NA,C,02,1,0,0,0,0,0,0,0,1,-,-,33.2896614074707,-116.16880035400392,SAN DIEGO,UNINCORPORATED,NA,NA
94979689,2025,2025-12-19,9680,2025-12-07,407,018672,NA,7,3,9,3700,0,3,5,NA,2,007,GREAT SOUTHERN OVERLAND STAGE RTE,STAG HORN ROAD,2112,S,N,A,-,N,NA,NA,NA,NA,NA,NA,NA,NA,NA,Y,4,0,1,1,A,-,08,22107,NA,N,F,A,A,A,H,-,D,D,0,NA,NA,NA,NA,Y,NA,D,22,0,0,1,0,0,0,0,0,0,-,-,32.90959930419922,-116.23384857177734,SAN DIEGO,UNINCORPORATED,NA,NA
94979782,2025,2025-12-19,9680,2025-09-29,2100,023240,NA,1,2,9,3700,0,3,5,NA,2,004,JAMUL DR,FOWLER CANYON RD,464,E,N,A,-,Y,NA,NA,NA,NA,NA,NA,NA,NA,NA,N,4,0,1,1,A,-,08,22107,NA,N,E,I,A,A,H,-,C,D,0,NA,NA,NA,NA,Y,NA,D,22,0,0,1,0,0,0,0,0,0,-,-,32.73609161376953,-116.8918914794922,SAN DIEGO,UNINCORPORATED,-116.89189910888672,32.73597717285156
94979908,2025,2025-12-19,9650,2025-12-11,1240,017833,NA,4,1,3,3783,0,1,1,NA,2,007,I-5 NORTHBOUND,VIA DE LA VALLE,792,N,N,A,-,Y,SD,NA,5,NA,R,36.453,H,NA,R,Y,4,0,1,2,A,-,03,22350,NA,N,C,C,A,A,H,-,A,D,0,NA,NA,NA,NA,Y,NA,A,01,0,0,1,0,0,0,0,0,0,-,-,32.98242950439453,-117.2539520263672,SAN DIEGO,SOLANA BEACH,-117.25391387939452,32.98244094848633
94982598,2025,2025-12-22,9645,2025-12-12,1419,024759,NA,5,2,7,3711,0,1,1,NA,2,003,I-5 SOUTHBOUND,SR-15,792,N,N,A,-,Y,SD,NA,5,NA,R,12.801,H,NA,L,N,4,0,1,2,A,-,03,22350,NA,N,F,0,A,A,H,-,A,D,0,NA,NA,Y,NA,Y,NA,C,02,0,0,1,0,0,0,0,0,1,-,-,32.69395065307617,-117.12400817871094,SAN DIEGO,SAN DIEGO,-117.1240005493164,32.6939697265625
9498282,2022,2022-10-13,3700,2022-08-27,1225,SH0141,NA,6,5,5,3712,0,0,0,NA,0,356,SMILAX RD,MIMOSA AV,0,NA,Y,A,-,N,NA,NA,NA,NA,NA,NA,NA,NA,NA,N,3,0,1,2,A,-,09,21801,A,N,D,C,A,A,H,-,A,D,0,NA,NA,NA,NA,Y,NA,A,01,0,1,0,0,0,0,0,0,0,-,-,NA,NA,SAN DIEGO,SAN MARCOS,-117.20731353759766,33.15742111206055
94984156,2025,2025-12-23,9680,2025-12-12,1600,022132,NA,5,2,9,3700,0,2,4,NA,1,011,HWY 8 BUSINESS,LOS COCHES RD,528,S,N,A,-,N,NA,NA,NA,NA,NA,NA,NA,NA,NA,Y,4,0,1,2,A,-,08,22107,NA,N,D,C,A,A,H,-,A,D,0,NA,NA,NA,NA,Y,NA,D,22,0,0,1,0,0,0,0,0,0,-,-,32.83116149902344,-116.90666961669922,SAN DIEGO,UNINCORPORATED,NA,NA
9498417,2022,2022-10-18,3711,2022-09-30,2121,SD1689,NA,5,5,7,3711,0,0,0,NA,0,524,B ST,7TH ST,0,NA,Y,A,-,N,NA,NA,NA,NA,NA,NA,NA,NA,NA,Y,4,0,1,2,B,-,22,NA,NA,N,G,B,B,A,H,-,C,A,0,Y,NA,NA,NA,Y,NA,A,01,0,0,1,0,1,0,0,0,0,-,-,NA,NA,SAN DIEGO,SAN DIEGO,-117.1583251953125,32.71780014038086
94984576,2025,2025-12-23,9680,2025-12-22,1205,020780,NA,1,1,9,3700,0,2,4,NA,1,013,WILDCAT CANYON RD,WILLOW RD,700,N,N,B,-,N,NA,NA,NA,NA,NA,NA,NA,NA,NA,N,4,0,1,2,A,-,03,22350,NA,N,C,C,A,A,H,-,A,A,0,NA,NA,NA,Y,Y,NA,A,07,0,0,1,0,0,0,0,0,0,-,-,32.87691116333008,-116.90899658203124,SAN DIEGO,UNINCORPORATED,-116.9091796875,32.876808166503906
9498821,2022,2022-11-09,3711,2022-10-27,1838,SD1745,NA,4,5,7,3711,0,0,0,NA,0,115,COSTA VERDE BL,LAS PALMAS SQ,0,NA,-,A,-,N,NA,NA,NA,NA,NA,NA,NA,NA,NA,Y,3,0,1,2,A,-,08,22107,NA,N,D,C,A,A,H,-,C,D,0,NA,NA,NA,NA,Y,NA,A,01,0,1,0,0,0,0,0,0,0,-,-,NA,NA,SAN DIEGO,SAN DIEGO,-117.21694183349608,32.8692512512207
94991787,2025,2025-12-30,9680,2025-12-17,1150,023897,NA,3,1,5,3705,0,1,1,NA,2,081,I-8 EASTBOUND,CHASE AVE,1900,W,N,A,-,Y,SD,NA,8,NA,NA,13.42,H,NA,R,N,4,0,1,2,A,-,03,22350,NA,N,C,C,A,A,D,-,A,A,0,NA,NA,NA,NA,Y,NA,D,22,0,0,1,0,0,0,0,0,0,-,-,32.779380798339844,-116.98387908935548,SAN DIEGO,EL CAJON,-116.98389434814452,32.77940368652344
94993921,2025,2025-12-31,9645,2025-12-18,1750,022814,NA,4,2,7,3711,0,1,1,NA,2,007,I-5 NORTHBOUND,CARMEL MOUNTAIN ROAD,2000,S,N,A,-,Y,SD,NA,5,NA,R,31.436,H,NA,R,Y,3,0,1,3,C,-,18,NA,NA,N,C,C,A,A,H,-,C,D,0,NA,NA,NA,NA,Y,NA,-,-,0,1,0,0,0,0,0,0,0,-,-,32.91402816772461,-117.2296905517578,SAN DIEGO,SAN DIEGO,-117.2297592163086,32.913997650146484
9499502,2022,2022-10-28,3705,2022-09-24,0810,EC5392,NA,6,5,5,3705,0,0,0,NA,0,004,N MOLLISON AV,GREENFIELD,0,NA,Y,A,-,N,NA,NA,NA,NA,NA,NA,NA,NA,NA,Y,3,0,1,2,A,-,09,21453,C,N,B,C,A,A,H,-,A,A,0,NA,NA,NA,NA,Y,NA,A,01,0,1,0,0,0,0,0,0,0,-,-,NA,NA,SAN DIEGO,EL CAJON,-116.95069885253906,32.81330871582031
94996885,2025,2026-01-05,9650,2025-12-26,1750,024880,NA,5,2,9,3700,0,1,1,NA,2,021,I-15 S/B,CAMINO DEL REY,3800,N,N,C,-,Y,SD,NA,15,NA,R,42.563,H,NA,L,N,4,0,1,1,A,-,03,22350,NA,N,E,8,A,B,H,-,C,D,0,NA,NA,NA,NA,Y,NA,A,01,0,0,1,0,0,0,0,0,0,-,-,33.27666091918945,-117.15380096435548,SAN DIEGO,UNINCORPORATED,-117.1540069580078,33.2767448425293
94996886,2025,2026-01-08,9650,2025-12-27,740,021532,NA,6,1,9,3700,0,3,5,NA,2,213,STATE ROUTE 76,ADAMS DRIVE,100,E,N,A,-,Y,SD,NA,76,NA,NA,28.184,H,NA,R,Y,4,0,1,1,A,-,08,22107,NA,N,E,I,A,A,H,-,A,D,0,NA,NA,NA,NA,Y,NA,A,01,0,0,1,0,0,0,0,0,0,-,-,33.33937072753906,-117.00872802734376,SAN DIEGO,UNINCORPORATED,-117.00877380371094,33.33926773071289
9499955,2022,2022-10-04,3711,2022-09-20,2226,SD4310,NA,2,5,7,3711,0,0,0,NA,0,524,11TH AV,E ST,66,S,N,A,-,N,NA,NA,NA,NA,NA,NA,NA,NA,NA,Y,4,0,4,4,A,-,03,22350,NA,N,C,C,A,A,H,-,C,A,0,NA,NA,NA,NA,Y,NA,A,01,0,0,4,0,0,0,0,0,0,-,-,NA,NA,SAN DIEGO,SAN DIEGO,-117.15469360351563,32.71451950073242
9499959,2022,2022-10-06,3711,2022-09-04,2118,SD7815,NA,7,5,7,3711,0,0,0,NA,0,512,OCEANVIEW BL,31ST ST,0,NA,Y,A,-,N,NA,NA,NA,NA,NA,NA,NA,NA,NA,Y,3,0,3,2,A,-,09,21801,A,N,A,C,A,A,H,-,C,D,0,NA,NA,NA,NA,Y,NA,A,01,0,1,2,0,0,0,0,0,0,-,-,NA,NA,SAN DIEGO,SAN DIEGO,-117.12738800048828,32.701202392578125
94999760,2025,2026-01-06,9650,2025-12-31,2045,020343,NA,3,2,5,3713,0,1,3,NA,2,017,SR-78 WB,VISTA VILLAGE DR,1320,E,N,C,-,Y,SD,NA,78,NA,NA,6.469,H,NA,L,Y,4,0,1,3,A,-,03,22350,NA,N,C,D,A,B,H,-,C,D,0,NA,NA,NA,NA,Y,NA,A,01,0,0,1,0,0,0,0,0,0,-,-,33.19313049316406,-117.2460479736328,SAN DIEGO,VISTA,-117.24600982666016,33.193172454833984
9499977,2022,2022-10-05,3711,2022-09-13,1132,SD1442,NA,2,5,7,3711,0,0,0,NA,0,934,DEL MAR HEIGHTS,EL CAMINO REAL,0,NA,Y,A,-,N,NA,NA,NA,NA,NA,NA,NA,NA,NA,N,4,0,1,2,A,-,00,21458,B,N,G,B,B,A,H,-,A,A,0,Y,NA,NA,NA,Y,NA,N,60,0,0,1,0,1,0,0,0,0,-,-,NA,NA,SAN DIEGO,SAN DIEGO,-117.23416900634766,32.953861236572266
95000731,2025,2026-01-06,9645,2025-12-19,1155,024543,NA,5,1,7,3711,0,1,3,NA,2,006,SR-94 W/B,I-805,250,E,N,A,-,Y,SD,NA,94,NA,NA,4.56,H,NA,L,Y,4,0,1,3,A,-,07,21658,A,N,B,C,A,A,H,-,A,D,0,NA,NA,NA,NA,Y,NA,A,01,0,0,1,0,0,0,0,0,0,-,-,32.71889877319336,-117.0947494506836,SAN DIEGO,SAN DIEGO,-117.09475708007813,32.7188720703125
95004587,2025,2026-01-08,9645,2025-12-29,1740,023901,NA,1,2,7,3711,0,1,1,NA,2,027,I-15 NORTHBOUND,FRIARS RD,3432,N,N,A,-,Y,SD,NA,15,NA,R,7.489,H,NA,R,Y,4,0,1,2,A,-,08,22107,NA,N,B,C,A,A,H,-,C,D,0,NA,NA,NA,NA,Y,NA,A,01,0,0,1,0,0,0,0,0,0,-,-,32.797828674316406,-117.11219787597656,SAN DIEGO,SAN DIEGO,-117.11217498779295,32.79783248901367
95006409,2025,2026-01-09,9680,2025-12-29,1033,024835,NA,1,1,9,3700,0,1,3,NA,1,024,SR-94,JAMACHA BLVD,0,NA,Y,A,-,Y,SD,NA,94,NA,NA,14.329,H,NA,R,N,4,0,1,2,A,-,09,21453,C,N,D,C,A,A,H,-,A,A,0,NA,NA,NA,NA,Y,NA,A,01,0,0,1,0,0,0,0,0,0,-,-,32.73994064331055,-116.95166778564452,SAN DIEGO,UNINCORPORATED,-116.95169067382813,32.739898681640625
95006491,2025,2026-01-09,9680,2025-12-29,1050,024830,NA,1,1,5,3705,0,1,1,NA,2,082,I-8 W/B,MOLLISON AVE,362,W,N,A,-,Y,SD,NA,8,NA,NA,16.397,H,NA,L,Y,4,0,1,2,A,-,03,22350,NA,N,C,C,A,A,H,-,A,D,0,NA,NA,NA,NA,Y,NA,A,01,0,0,1,0,0,0,0,0,0,-,-,32.803218841552734,-116.95233154296876,SAN DIEGO,EL CAJON,-116.95233154296876,32.80316162109375
95009641,2025,2026-01-12,9645,2025-11-27,525,024529,NA,4,3,7,3711,0,1,1,NA,2,003,INTERSTATE 5 SOUTHBOUND,WASHINGTON STREET,646,S,N,A,-,Y,SD,NA,5,NA,R,18.17,H,NA,L,N,4,0,1,1,A,-,08,22107,NA,N,E,I,A,A,H,-,C,D,0,NA,NA,NA,NA,Y,NA,A,01,0,0,1,0,0,0,0,0,0,-,-,32.74147033691406,-117.18049621582033,SAN DIEGO,SAN DIEGO,-117.18056488037108,32.74140930175781
9501132,2022,2022-10-26,3711,2022-10-08,1013,SD7722,NA,6,5,7,3711,0,0,0,NA,0,821,EL CAJON BL,ART ST,0,NA,Y,A,-,N,NA,NA,NA,NA,NA,NA,NA,NA,NA,N,4,0,1,2,A,-,12,21453,A,M,A,B,B,A,H,-,C,A,0,Y,NA,NA,NA,Y,NA,-,NA,0,0,1,0,1,0,0,0,0,-,-,NA,NA,SAN DIEGO,SAN DIEGO,-117.06089019775392,32.764869689941406
9501331,2022,2022-10-18,3711,2022-09-27,1451,SD7247,NA,2,5,7,3711,0,0,0,NA,0,935,SAN DIEGUITO RD,CAMINITO PACIFICA,147,E,N,A,-,N,NA,NA,NA,NA,NA,NA,NA,NA,NA,N,4,0,1,2,A,-,03,22350,NA,N,C,C,A,A,H,-,A,A,0,NA,NA,NA,NA,Y,NA,A,01,0,0,1,0,0,0,0,0,0,-,-,NA,NA,SAN DIEGO,SAN DIEGO,-117.2225341796875,32.975440979003906
9501460,2022,2022-10-21,3711,2022-10-07,1050,SD1669,NA,5,5,7,3711,0,0,0,NA,0,934,EL CAMINIO REAL,CARMEL MOUNTAIN RD,0,NA,Y,A,-,N,NA,NA,NA,NA,NA,NA,NA,NA,NA,Y,4,0,1,2,A,-,17,21451,B,N,D,C,A,A,H,-,A,A,0,NA,NA,NA,NA,Y,NA,A,01,0,0,1,0,0,0,0,0,0,-,-,NA,NA,SAN DIEGO,SAN DIEGO,-117.22843933105467,32.922367095947266
9501743,2022,2022-10-27,3711,2022-10-07,1648,SD7322,NA,5,5,7,3711,0,0,0,NA,0,311,RANDROCK RD,HAMMOND DR,13,S,N,A,-,N,NA,NA,NA,NA,NA,NA,NA,NA,NA,Y,4,0,2,2,A,-,12,21453,A,N,A,C,A,A,H,-,A,D,0,NA,NA,NA,NA,Y,NA,A,01,0,0,2,0,0,0,0,0,0,-,-,NA,NA,SAN DIEGO,SAN DIEGO,-117.13999938964844,32.80436706542969
9501749,2022,2022-10-27,3711,2022-10-08,0723,SD6946,NA,6,5,7,3711,0,0,0,NA,0,115,GENESEE AV,LUIGI TER,13,S,N,B,-,N,NA,NA,NA,NA,NA,NA,NA,NA,NA,N,2,0,1,2,A,-,09,21802,A,N,D,G,A,A,H,-,A,B,0,NA,Y,NA,NA,Y,NA,A,01,1,0,0,0,0,0,1,0,0,-,-,NA,NA,SAN DIEGO,SAN DIEGO,-117.20706939697266,32.85935592651367
95020773,2025,2026-01-20,9645,2025-11-21,1640,023866,NA,5,2,7,3711,0,1,3,NA,2,016,STATE ROUTE 52 EASTBOUND,MAST BOULEVARD,7920,W,N,A,-,Y,SD,NA,52,NA,NA,11.617,H,NA,R,N,3,0,1,2,A,-,03,22350,NA,F,C,C,A,A,H,-,A,D,0,NA,NA,NA,NA,Y,NA,A,01,0,1,0,0,0,0,0,0,0,-,-,32.853309631347656,-117.05209350585938,SAN DIEGO,SAN DIEGO,-117.05209350585938,32.853294372558594
95022961,2025,2026-01-21,9645,2025-12-28,1652,024508,NA,7,2,5,3709,0,1,1,NA,2,009,I-805 NORTHBOUND,EAST 4TH ST,132,S,N,A,-,Y,SD,NA,805,NA,NA,10.852,H,NA,R,N,2,0,1,2,A,-,08,22107,NA,N,E,I,A,A,H,-,A,D,0,NA,NA,Y,NA,Y,NA,C,02,1,0,0,0,0,0,0,0,1,-,-,32.684268951416016,-117.08895874023438,SAN DIEGO,NATIONAL CITY,-117.08885955810548,32.68435287475586
9502501,2022,2022-11-14,3700,2022-09-04,1810,SD1536,NA,7,5,2,3704,0,0,0,NA,0,933,CORDERO RD,NOGALES DR,0,NA,Y,A,-,N,NA,NA,NA,NA,NA,NA,NA,NA,NA,N,3,0,1,2,A,-,12,22450,A,N,D,G,A,A,H,-,A,D,0,NA,Y,NA,NA,Y,Y,L,04,0,1,0,0,0,0,1,0,0,-,-,NA,NA,SAN DIEGO,DEL MAR,-117.2552490234375,32.947120666503906
9502896,2022,2022-09-26,3700,2022-08-16,1136,SH0315,NA,2,5,3,3783,0,0,0,NA,0,292,CAMINO DEL MAR,VIA DE LA VALLE,0,NA,Y,A,-,N,NA,NA,NA,NA,NA,NA,NA,NA,NA,Y,2,0,2,3,A,-,12,21453,A,N,D,C,A,A,H,-,A,A,0,NA,NA,Y,NA,Y,NA,C,02,1,1,0,0,0,0,0,0,1,-,-,NA,NA,SAN DIEGO,SOLANA BEACH,-117.26901245117188,32.98023986816406
9503411,2022,2022-10-11,3711,2022-09-05,0928,SD6082,NA,1,5,7,3711,0,0,0,NA,0,124,BELLEVUE AV,FORWARD ST,70,N,N,A,-,N,NA,NA,NA,NA,NA,NA,NA,NA,NA,N,3,0,1,1,A,-,03,22350,NA,N,E,I,A,A,H,-,A,D,0,NA,Y,NA,NA,Y,NA,-,NA,0,1,0,0,0,0,1,0,0,-,-,NA,NA,SAN DIEGO,SAN DIEGO,-117.26579284667967,32.8148078918457
9503418,2022,2022-10-11,3711,2022-09-05,2201,SD5690,NA,1,5,7,3711,0,0,0,NA,0,234,RANCHO BERNARDO RD,RANCHO BERNARDO RD 12100,291,E,N,A,-,N,NA,NA,NA,NA,NA,NA,NA,NA,NA,Y,3,0,2,3,A,-,08,22107,NA,N,C,E,A,A,H,-,C,D,0,NA,NA,NA,NA,Y,NA,A,01,0,1,1,0,0,0,0,0,0,-,-,NA,NA,SAN DIEGO,SAN DIEGO,-117.06092834472656,33.018653869628906
9503500,2022,2022-10-03,3702,2022-08-09,0047,CV1241,NA,2,5,6,3702,0,0,0,NA,0,013,4TH AV,I ST,243,S,N,A,-,N,NA,NA,NA,NA,NA,NA,NA,NA,NA,Y,4,0,1,2,A,-,01,23152,A,N,C,E,A,A,H,-,D,D,0,NA,NA,NA,NA,Y,Y,A,01,0,0,1,0,0,0,0,0,0,-,-,NA,NA,SAN DIEGO,CHULA VISTA,-117.07968139648438,32.629150390625
9503605,2022,2022-09-26,3700,2022-08-20,1420,SH1147,NA,6,5,5,3782,0,0,0,NA,0,223,NORTH EL CAMINO REAL,VIA MONTORO,100,N,N,A,-,N,NA,NA,NA,NA,NA,NA,NA,NA,NA,N,2,0,1,1,A,-,03,22350,NA,N,F,A,A,A,H,-,A,D,0,NA,Y,NA,NA,Y,NA,L,04,1,0,0,0,0,0,1,0,0,-,-,NA,NA,SAN DIEGO,ENCINITAS,-117.26122283935548,33.0532112121582