CASE_ID,ACCIDENT_YEAR,PROC_DATE,JURIS,COLLISION_DATE,COLLISION_TIME,OFFICER_ID,REPORTING_DISTRICT,DAY_OF_WEEK,CHP_SHIFT,POPULATION,CNTY_CITY_LOC,SPECIAL_COND,BEAT_TYPE,CHP_BEAT_TYPE,CITY_DIVISION_LAPD,CHP_BEAT_CLASS,BEAT_NUMBER,PRIMARY_RD,SECONDARY_RD,DISTANCE,DIRECTION,INTERSECTION,WEATHER_1,WEATHER_2,STATE_HWY_IND,CALTRANS_COUNTY,CALTRANS_DISTRICT,STATE_ROUTE,ROUTE_SUFFIX,POSTMILE_PREFIX,POSTMILE,LOCATION_TYPE,RAMP_INTERSECTION,SIDE_OF_HWY,TOW_AWAY,COLLISION_SEVERITY,NUMBER_KILLED,NUMBER_INJURED,PARTY_COUNT,PRIMARY_COLL_FACTOR,PCF_CODE_OF_VIOL,PCF_VIOL_CATEGORY,PCF_VIOLATION,PCF_VIOL_SUBSECTION,HIT_AND_RUN,TYPE_OF_COLLISION,MVIW,PED_ACTION,ROAD_SURFACE,ROAD_COND_1,ROAD_COND_2,LIGHTING,CONTROL_DEVICE,CHP_ROAD_TYPE,PEDESTRIAN_ACCIDENT,BICYCLE_ACCIDENT,MOTORCYCLE_ACCIDENT,TRUCK_ACCIDENT,NOT_PRIVATE_PROPERTY,ALCOHOL_INVOLVED,STWD_VEHTYPE_AT_FAULT,CHP_VEHTYPE_AT_FAULT,COUNT_SEVERE_INJ,COUNT_VISIBLE_INJ,COUNT_COMPLAINT_PAIN,COUNT_PED_KILLED,COUNT_PED_INJURED,COUNT_BICYCLIST_KILLED,COUNT_BICYCLIST_INJURED,COUNT_MC_KILLED,COUNT_MC_INJURED,PRIMARY_RAMP,SECONDARY_RAMP,LATITUDE,LONGITUDE,COUNTY,CITY,POINT_X,POINT_Y
9719713,2024,2024-08-23,3711,2024-07-23,139,SD1851,NA,2,5,7,3711,0,0,0,NA,0,813,UNIVERSITY AV,30TH ST,0,NA,Y,A,-,N,NA,NA,NA,NA,NA,NA,NA,NA,NA,Y,4,0,1,2,A,-,08,22107,NA,N,D,C,A,A,H,-,C,A,0,NA,NA,NA,NA,Y,NA,A,01,0,0,1,0,0,0,0,0,0,-,-,NA,NA,SAN DIEGO,SAN DIEGO,-117.13011169433594,32.748451232910156
9719781,2024,2024-08-23,3711,2024-07-19,2328,SD8404,NA,5,5,7,3711,0,0,0,NA,0,624,LINCOLN AV,WASHINGTON ST,0,NA,Y,-,-,N,NA,NA,NA,NA,NA,NA,NA,NA,NA,N,4,0,2,2,A,-,12,21453,A,M,D,C,A,A,H,-,C,A,0,NA,NA,NA,NA,Y,NA,-,99,0,0,2,0,0,0,0,0,0,-,-,NA,NA,SAN DIEGO,SAN DIEGO,-117.15045166015624,32.75175476074219
9720047,2024,2024-08-26,3711,2024-07-07,1026,SD1911,NA,7,5,7,3711,0,0,0,NA,0,436,PARADISE VALLEY RD,S MEADOWBROOK DR,0,NA,Y,A,-,N,NA,NA,NA,NA,NA,NA,NA,NA,NA,N,4,0,1,2,A,-,11,21456,A,N,H,G,A,A,H,-,A,A,0,NA,Y,NA,NA,Y,NA,L,04,0,0,1,0,0,0,1,0,0,-,-,NA,NA,SAN DIEGO,SAN DIEGO,-117.02584838867188,32.697513580322266
9720057,2024,2024-08-30,3711,2024-07-03,1408,SD8861,NA,3,5,7,3711,0,0,0,NA,0,524,C ST,11TH AV,22,W,N,A,-,N,NA,NA,NA,NA,NA,NA,NA,NA,NA,Y,3,0,2,2,A,-,17,21451,A,M,D,C,A,A,C,-,A,A,0,NA,NA,NA,NA,Y,NA,-,99,0,1,1,0,0,0,0,0,0,-,-,NA,NA,SAN DIEGO,SAN DIEGO,-117.15477752685548,32.71678924560547
9720120,2024,2024-09-05,3700,2024-06-08,1618,SH7085,NA,6,5,5,3713,0,0,0,NA,0,316,SYCAMORE AV,RT 78,211,N,N,A,-,N,NA,NA,NA,NA,NA,NA,NA,NA,NA,N,3,0,1,2,A,-,05,21650,1,N,D,G,A,A,H,-,A,D,0,NA,Y,NA,NA,Y,NA,L,04,0,1,0,0,0,0,1,0,0,-,WF,NA,NA,SAN DIEGO,VISTA,-117.2145767211914,33.16728973388672
9720139,2023,2024-08-28,3703,2023-07-25,750,1270,1,2,5,3,3703,0,0,0,NA,0,001,3RD,ORANGE AV,116,E,N,A,-,Y,SD,11,75,-,R,19.72,H,-,S,N,4,0,2,2,A,-,03,22350,NA,N,C,C,A,A,H,-,A,D,0,NA,NA,NA,NA,Y,NA,A,01,0,0,2,0,0,0,0,0,0,-,-,32.696048736572266,-117.17339324951172,SAN DIEGO,CORONADO,-117.1737060546875,32.69579315185547
9720998,2024,2024-08-23,3702,2024-07-23,2325,CV1526,NA,2,5,6,3702,0,0,0,NA,0,021,BROADWAY,PALOMAR ST,0,NA,Y,A,-,N,NA,NA,NA,NA,NA,NA,NA,NA,NA,Y,4,0,1,2,A,-,12,21453,A,N,D,C,A,A,H,-,C,A,0,NA,NA,NA,NA,Y,NA,A,01,0,0,1,0,0,0,0,0,0,-,-,NA,NA,SAN DIEGO,CHULA VISTA,-117.07875823974608,32.603416442871094
9722242,2024,2024-09-20,3705,2024-08-12,1940,EC0438,NA,1,5,5,3705,0,0,0,NA,0,001,FLETCHER PKWY,MARSHALL AV,0,NA,Y,A,-,N,NA,NA,NA,NA,NA,NA,NA,NA,NA,Y,3,0,1,4,A,-,01,23152,A,N,D,C,A,A,H,-,C,A,0,NA,NA,NA,NA,Y,Y,A,01,0,1,0,0,0,0,0,0,0,-,-,NA,NA,SAN DIEGO,EL CAJON,-116.97553253173828,32.80777359008789
9723165,2024,2024-09-30,3705,2024-08-04,2038,EC0403,NA,7,5,5,3705,0,0,0,NA,0,004,S MOLLISON AV,E WASHINGTON AV,53,S,N,A,-,N,NA,NA,NA,NA,NA,NA,NA,NA,NA,N,4,0,2,3,A,-,03,22350,NA,F,C,C,A,A,H,-,C,A,0,NA,NA,NA,NA,Y,Y,A,07,0,0,2,0,0,0,0,0,0,-,-,NA,NA,SAN DIEGO,EL CAJON,-116.95095825195313,32.78749465942383
9723190,2024,2024-09-26,3708,2024-08-29,1444,LM1206,NA,4,5,5,3708,0,0,0,NA,0,004,CENTER DR,GROSSMONT CENTER DR,584,W,N,A,-,N,NA,NA,NA,NA,NA,NA,NA,NA,NA,N,4,0,1,2,A,-,09,21804,A,N,D,C,A,A,H,-,A,D,0,NA,NA,NA,NA,Y,NA,A,01,0,0,1,0,0,0,0,0,0,-,-,NA,NA,SAN DIEGO,LA MESA,-117.01233673095705,32.78014373779297
9724193,2024,2024-10-22,3700,2024-09-25,1012,SH3319,NA,3,5,5,3712,0,0,0,NA,0,352,NORTH TWIN OAKS VALLEY DR,RICHMAR AV,78,N,N,B,-,N,NA,NA,NA,NA,NA,NA,NA,NA,NA,N,3,0,1,1,A,-,03,22350,NA,N,E,I,A,A,H,-,A,D,0,NA,Y,NA,NA,Y,NA,L,04,0,1,0,0,0,0,1,0,0,-,-,NA,NA,SAN DIEGO,SAN MARCOS,-117.16255950927734,33.14430236816406
9724425,2024,2024-08-21,3702,2024-07-11,1643,CV1426,NA,4,5,6,3702,0,0,0,NA,0,014,4TH AVE,D ST,0,NA,Y,A,-,N,NA,NA,NA,NA,NA,NA,NA,NA,NA,Y,3,0,3,2,A,-,08,22107,NA,N,A,C,A,A,H,-,A,A,0,NA,NA,NA,NA,Y,NA,A,01,0,2,1,0,0,0,0,0,0,-,-,NA,NA,SAN DIEGO,CHULA VISTA,-117.08663940429688,32.64704895019531
9724439,2024,2024-08-23,3711,2024-07-21,1819,SD1799,NA,7,5,7,3711,0,0,0,NA,0,613,SPORTS ARENA BL,MIDWAY DR,0,NA,Y,A,-,N,NA,NA,NA,NA,NA,NA,NA,NA,NA,Y,3,0,1,2,A,-,00,22348,A,N,C,C,A,A,H,-,A,A,0,NA,NA,NA,NA,Y,Y,-,NA,0,1,0,0,0,0,0,0,0,-,-,NA,NA,SAN DIEGO,SAN DIEGO,-117.21951293945313,32.754844665527344
9724494,2024,2024-08-21,3702,2024-06-10,1842,CV1425,NA,1,5,6,3702,0,0,0,NA,0,012,H ST,H ST 500,2,S,N,B,-,N,NA,NA,NA,NA,NA,NA,NA,NA,NA,N,4,0,1,2,A,-,11,21456,A,N,H,G,A,A,H,-,A,A,0,NA,Y,NA,NA,Y,NA,L,04,0,0,1,0,0,0,1,0,0,-,-,NA,NA,SAN DIEGO,CHULA VISTA,-117.06499481201172,32.6378288269043
9724961,2024,2024-08-28,3711,2024-07-30,1437,SD1551,NA,2,5,7,3711,0,0,0,NA,0,517,30TH ST,C ST,0,NA,Y,A,-,N,NA,NA,NA,NA,NA,NA,NA,NA,NA,Y,3,0,2,2,A,-,11,21954,A,N,B,C,A,A,H,-,A,D,0,NA,NA,NA,NA,Y,Y,A,01,0,1,1,0,0,0,0,0,0,-,-,NA,NA,SAN DIEGO,SAN DIEGO,-117.1296157836914,32.7169075012207
9724966,2024,2024-08-28,3711,2024-07-30,1908,SD1839,NA,2,5,7,3711,0,0,0,NA,0,628,PACIFIC HWY,SASSAFRAS ST,0,NA,Y,A,-,N,NA,NA,NA,NA,NA,NA,NA,NA,NA,N,3,0,3,3,A,-,08,22107,NA,N,C,C,A,A,H,-,B,A,0,NA,NA,NA,NA,Y,NA,A,01,0,1,2,0,0,0,0,0,0,-,-,NA,NA,SAN DIEGO,SAN DIEGO,-117.17829895019533,32.735897064208984
9724980,2024,2025-04-25,3711,2024-07-19,1239,SD7759,NA,5,5,7,3711,0,0,0,NA,0,116,MORENA BL,AVATI DR,1484,N,N,A,-,N,NA,NA,NA,NA,NA,NA,NA,NA,NA,Y,1,1,1,2,A,-,21,22106,NA,N,D,C,A,A,H,-,A,D,0,NA,NA,NA,NA,Y,NA,A,01,0,0,1,0,0,0,0,0,0,-,-,NA,NA,SAN DIEGO,SAN DIEGO,-117.2208251953125,32.81671905517578
9725243,2024,2024-09-30,3711,2024-08-01,2209,SD1388,NA,4,5,7,3711,0,0,0,NA,0,437,SOUTH WOODMAN ST,PARADISE VALLEY,0,NA,Y,A,-,N,NA,NA,NA,NA,NA,NA,NA,NA,NA,N,4,0,2,2,A,-,12,21453,A,N,D,C,A,A,H,-,C,A,0,NA,NA,NA,NA,Y,NA,A,01,0,0,2,0,0,0,0,0,0,-,-,NA,NA,SAN DIEGO,SAN DIEGO,-117.04648590087892,32.68898010253906
9726406,2024,2024-10-23,3711,2024-08-16,1303,SD5654,NA,5,5,7,3711,0,0,0,NA,0,114,GENESEE AV,RT 52 E,491,S,N,A,-,N,NA,NA,NA,NA,NA,NA,NA,NA,NA,N,3,0,1,1,A,-,08,22107,NA,N,F,J,A,A,D,-,A,D,0,NA,NA,NA,NA,Y,NA,A,07,0,1,0,0,0,0,0,0,0,-,SO,NA,NA,SAN DIEGO,SAN DIEGO,-117.20107269287108,32.84566879272461
9726422,2024,2024-08-29,3711,2024-08-16,1440,SD1958,NA,5,5,7,3711,0,0,0,NA,0,611,ROSECRANS ST,MIDWAY DR,0,NA,Y,A,-,N,NA,NA,NA,NA,NA,NA,NA,NA,NA,Y,4,0,2,2,A,-,12,21453,A,N,B,C,A,A,H,-,A,A,0,NA,NA,NA,NA,Y,NA,A,01,0,0,2,0,0,0,0,0,0,-,-,NA,NA,SAN DIEGO,SAN DIEGO,-117.20616912841795,32.74970245361328
9726434,2024,2024-09-24,3711,2024-08-18,2058,SD1843,NA,7,5,7,3711,0,0,0,NA,0,712,CAMINO DEL PLAZA,I-5 SOUTHBOUND,0,NA,Y,A,-,N,NA,NA,NA,NA,NA,NA,NA,NA,NA,N,4,0,1,2,A,-,11,21453,D,N,G,B,B,A,H,-,C,A,0,Y,NA,NA,NA,Y,NA,N,60,0,0,1,0,1,0,0,0,0,-,SO,NA,NA,SAN DIEGO,SAN DIEGO,NA,NA
9726462,2024,2024-08-26,3702,2024-07-31,2040,CV0790,NA,3,5,6,3702,0,0,0,NA,0,024,HERITAGE RD,ENTERTAINMENT CIRCLE,0,NA,Y,A,-,N,NA,NA,NA,NA,NA,NA,NA,NA,NA,Y,3,0,2,2,A,-,12,22450,A,N,D,C,A,A,H,-,D,D,0,NA,NA,NA,NA,Y,NA,A,01,0,1,1,0,0,0,0,0,0,-,-,NA,NA,SAN DIEGO,CHULA VISTA,-117.00284576416016,32.58644485473633
9726551,2024,2024-08-29,3710,2024-08-07,2255,OC1552,NA,3,5,6,3710,0,0,0,NA,0,006,WISCONSIN AV,TREMONT ST,25,W,N,A,-,N,NA,NA,NA,NA,NA,NA,NA,NA,NA,N,4,0,1,2,A,-,11,21954,A,F,G,B,E,A,H,-,C,D,0,Y,NA,NA,NA,Y,Y,N,60,0,0,1,0,1,0,0,0,0,-,-,NA,NA,SAN DIEGO,OCEANSIDE,-117.37417602539063,33.18803024291992
9726665,2024,2024-08-28,3710,2024-07-31,1515,OC3250,NA,3,5,6,3710,0,0,0,NA,0,018,MISSION AV,DOUGLAS DR,0,NA,Y,A,-,N,NA,NA,NA,NA,NA,NA,NA,NA,NA,N,4,0,1,2,B,-,22,NA,NA,F,C,C,A,A,H,-,A,A,0,NA,NA,NA,NA,Y,NA,A,01,0,0,1,0,0,0,0,0,0,-,-,NA,NA,SAN DIEGO,OCEANSIDE,-117.3260498046875,33.227821350097656
9726720,2024,2024-09-13,3711,2024-08-24,2041,SD5958,NA,6,5,7,3711,0,0,0,NA,0,232,CARMEL MOUNTAIN RD,STONEY PEAK DR,100,S,N,-,-,N,NA,NA,NA,NA,NA,NA,NA,NA,NA,N,4,0,1,2,A,-,03,22350,NA,N,C,C,A,A,H,-,A,A,0,NA,NA,NA,NA,Y,NA,A,01,0,0,1,0,0,0,0,0,0,-,-,NA,NA,SAN DIEGO,SAN DIEGO,-117.07847595214844,32.98024368286133
9726972,2024,2024-12-11,3711,2024-11-19,1210,SD1140,NA,2,5,7,3711,0,0,0,NA,0,116,CLAIREMONT DR,HARTFORD CT,0,NA,Y,A,-,N,NA,NA,NA,NA,NA,NA,NA,NA,NA,N,4,0,1,2,A,-,08,38314,NA,N,B,C,A,A,H,-,A,D,0,NA,NA,NA,NA,Y,NA,A,01,0,0,1,0,0,0,0,0,0,-,-,NA,NA,SAN DIEGO,SAN DIEGO,-117.19879150390624,32.790958404541016
9726990,2024,2024-12-09,3705,2024-10-18,1645,EC0435,NA,5,5,5,3705,0,0,0,NA,0,001,FURNER DR,WELD BL,0,NA,Y,A,-,N,NA,NA,NA,NA,NA,NA,NA,NA,NA,Y,3,0,1,1,A,-,01,23152,A,N,E,I,A,A,H,-,A,D,0,NA,NA,NA,NA,Y,Y,A,07,0,1,0,0,0,0,0,0,0,-,-,NA,NA,SAN DIEGO,EL CAJON,-116.9968032836914,32.82423400878906
9727105,2024,2024-12-16,3711,2024-11-30,2132,SD4310,NA,6,5,7,3711,0,0,0,NA,0,521,OCEANVIEW BL,MARKETPLACE AV,0,NA,Y,A,-,N,NA,NA,NA,NA,NA,NA,NA,NA,NA,N,4,0,1,2,D,-,00,NA,NA,M,C,C,A,A,H,-,C,D,0,NA,NA,NA,NA,Y,NA,-,-,0,0,1,0,0,0,0,0,0,-,-,NA,NA,SAN DIEGO,SAN DIEGO,-117.10088348388672,32.70054626464844
9727160,2024,2024-12-20,3710,2024-11-26,154,OC1415,NA,2,5,6,3710,0,0,0,NA,0,004,EATON ST,SOUTH PACIFIC ST,5,E,N,A,-,N,NA,NA,NA,NA,NA,NA,NA,NA,NA,Y,4,0,3,1,A,-,01,23153,A,N,E,I,A,A,H,-,C,D,0,NA,NA,NA,NA,Y,Y,D,22,0,0,3,0,0,0,0,0,0,-,-,NA,NA,SAN DIEGO,OCEANSIDE,-117.36117553710938,33.168888092041016
9728643,2024,2024-10-01,3711,2024-07-12,925,SD7759,NA,5,5,7,3711,0,0,0,NA,0,114,REGENTS RD,RT 52,7,S,N,A,-,Y,SD,11,52,-,-,1.559,R,4,W,Y,4,0,1,2,A,-,12,21453,A,N,D,C,A,A,H,-,A,A,0,NA,NA,NA,NA,Y,NA,D,22,0,0,1,0,0,0,0,0,0,-,WF,NA,NA,SAN DIEGO,SAN DIEGO,-117.21479034423828,32.843505859375
9729817,2024,2024-09-10,3711,2024-08-28,1200,SD1821,NA,3,5,7,3711,0,0,0,NA,0,313,BALBOA AV,BALBOA AV 7700,0,NA,N,F,-,N,NA,NA,NA,NA,NA,NA,NA,NA,NA,N,2,0,1,2,D,-,00,NA,NA,N,G,B,E,-,G,-,-,A,0,Y,NA,NA,NA,Y,NA,-,-,1,0,0,0,1,0,0,0,0,-,-,NA,NA,SAN DIEGO,SAN DIEGO,-117.23413848876952,32.79947280883789
9729955,2024,2024-09-11,3711,2024-08-28,2221,SD1658,NA,3,5,7,3711,0,0,0,NA,0,611,SPORTS ARENA BL,WEST DR,15,E,N,A,-,N,NA,NA,NA,NA,NA,NA,NA,NA,NA,N,3,0,1,2,A,-,12,21453,A,N,D,G,A,A,H,-,C,A,0,NA,Y,NA,NA,Y,NA,L,04,0,1,0,0,0,0,1,0,0,-,-,NA,NA,SAN DIEGO,SAN DIEGO,NA,NA
9730159,2024,2024-10-10,3711,2024-08-09,2127,HB6454,NA,5,5,7,3711,0,0,0,NA,0,503,NORTH HARBOR DR,CROSSWIND WY,0,NA,Y,A,-,N,NA,NA,NA,NA,NA,NA,NA,NA,NA,N,4,0,1,2,A,-,03,22350,NA,N,C,C,A,A,H,-,C,A,0,NA,NA,NA,NA,Y,NA,A,01,0,0,1,0,0,0,0,0,0,-,-,NA,NA,SAN DIEGO,SAN DIEGO,NA,NA
9730374,2024,2024-09-30,3711,2024-08-26,418,SD1042,NA,1,5,7,3711,0,0,0,NA,0,621,GENESEE AV,MARLESTA DR,1373,S,N,A,-,N,NA,NA,NA,NA,NA,NA,NA,NA,NA,Y,2,0,2,2,A,-,05,21651,B,F,A,C,A,A,H,-,C,D,0,NA,NA,NA,NA,Y,NA,A,07,1,1,0,0,0,0,0,0,0,-,-,NA,NA,SAN DIEGO,SAN DIEGO,-117.17365264892578,32.801456451416016
9730584,2024,2024-10-07,3711,2024-09-05,1534,SD7316,NA,4,5,7,3711,0,0,0,NA,0,234,POMERADO RD,RT 15,0,NA,Y,A,-,Y,SD,11,15,-,M,14.016,R,4,N,Y,4,0,2,2,A,-,12,21453,A,N,A,C,A,A,H,-,A,A,0,NA,NA,NA,NA,Y,NA,A,01,0,0,2,0,0,0,0,0,0,-,NF,NA,NA,SAN DIEGO,SAN DIEGO,-117.11328887939452,32.88957214355469
9730686,2024,2024-09-04,3710,2024-07-20,1205,OC1488,NA,6,5,6,3710,0,0,0,NA,0,002,COAST HWY,NEPTUNE WY,0,NA,Y,A,-,N,NA,NA,NA,NA,NA,NA,NA,NA,NA,N,4,0,1,2,A,-,09,21802,A,M,D,C,A,A,H,-,A,D,0,NA,NA,Y,NA,Y,NA,A,01,0,0,1,0,0,0,0,0,1,-,-,NA,NA,SAN DIEGO,OCEANSIDE,-117.3838348388672,33.200992584228516
9730771,2024,2024-09-10,3711,2024-08-13,1655,SD7090,NA,2,5,7,3711,0,0,0,NA,0,931,LUSK BL,PACIFIC CENTER BL,0,NA,N,A,-,N,NA,NA,NA,NA,NA,NA,NA,NA,NA,N,3,0,2,3,A,-,09,21801,A,N,D,C,A,A,H,-,A,D,0,NA,NA,NA,NA,Y,NA,A,01,0,1,1,0,0,0,0,0,0,-,-,NA,NA,SAN DIEGO,SAN DIEGO,-117.1995849609375,32.901859283447266
9731032,2024,2024-10-02,3711,2024-09-14,2120,SD1817,NA,6,5,7,3711,0,0,0,NA,0,821,EL CAJON BL,68TH ST,0,NA,Y,A,-,N,NA,NA,NA,NA,NA,NA,NA,NA,NA,N,3,0,1,2,A,-,08,22107,NA,N,D,C,A,A,H,-,C,-,0,NA,NA,NA,NA,Y,NA,A,01,0,1,0,0,0,0,0,0,0,-,-,NA,NA,SAN DIEGO,SAN DIEGO,-117.05148315429688,32.768638610839844
9731225,2024,2024-08-30,3710,2024-08-08,1820,OC1561,NA,4,5,6,3710,0,0,0,NA,0,025,OCEANSIDE BL,RANCHO DEL ORO DR,0,NA,Y,A,-,N,NA,NA,NA,NA,NA,NA,NA,NA,NA,N,3,0,1,2,A,-,11,21461,5,N,G,B,B,A,H,-,A,A,0,Y,NA,NA,NA,Y,Y,N,60,0,1,0,0,1,0,0,0,0,-,-,NA,NA,SAN DIEGO,OCEANSIDE,-117.31101989746094,33.20319747924805
9731709,2024,2024-09-23,3711,2024-09-03,1040,SD6927,NA,2,5,7,3711,0,0,0,NA,0,115,LA JOLLA VILLAGE DR,LEBON DR,0,NA,Y,A,-,N,NA,NA,NA,NA,NA,NA,NA,NA,NA,N,3,0,1,1,B,-,22,NA,NA,N,H,A,A,A,G,-,A,A,0,NA,NA,Y,NA,Y,NA,C,02,0,1,0,0,0,0,0,0,1,-,-,NA,NA,SAN DIEGO,SAN DIEGO,-117.22361755371094,32.8708610534668
9731710,2024,2024-09-23,3711,2024-09-03,848,SD7874,NA,2,5,7,3711,0,0,0,NA,0,115,GENESEE AV,EXECUTIVE DR,0,NA,Y,A,-,N,NA,NA,NA,NA,NA,NA,NA,NA,NA,N,3,0,1,2,A,-,08,22107,NA,N,D,G,A,A,H,-,A,A,0,NA,Y,NA,NA,Y,NA,A,01,0,1,0,0,0,0,1,0,0,-,-,NA,NA,SAN DIEGO,SAN DIEGO,-117.21414947509766,32.87512969970703
9732589,2024,2024-09-10,3702,2024-08-22,1646,CV1360,NA,4,5,6,3702,0,0,0,NA,0,022,2ND AV,EMERSON ST,0,NA,Y,A,-,N,NA,NA,NA,NA,NA,NA,NA,NA,NA,N,4,0,1,2,A,-,10,21950,A,N,G,B,B,A,H,-,A,D,0,Y,NA,NA,NA,Y,NA,A,07,0,0,1,0,1,0,0,0,0,-,-,NA,NA,SAN DIEGO,CHULA VISTA,-117.06433868408205,32.613094329833984
9732600,2024,2024-09-11,3702,2024-08-19,815,CV1278,NA,1,5,6,3702,0,0,0,NA,0,041,OLYMPIC PKWY,SANTA VENETIA,1814,W,N,A,-,N,NA,NA,NA,NA,NA,NA,NA,NA,NA,Y,4,0,2,2,A,-,03,22350,NA,N,C,C,A,A,H,-,A,D,0,NA,NA,NA,NA,Y,NA,A,07,0,0,2,0,0,0,0,0,0,-,-,NA,NA,SAN DIEGO,CHULA VISTA,-116.99471282958984,32.62026596069336
9732603,2024,2024-09-11,3702,2024-08-21,2252,CV1381,NA,3,5,6,3702,0,0,0,NA,0,024,SEQUOIA ST,BRANDYWINE AV,480,W,N,A,-,N,NA,NA,NA,NA,NA,NA,NA,NA,NA,Y,4,0,2,3,A,-,08,22107,NA,N,B,C,A,A,H,-,D,D,0,NA,NA,NA,NA,Y,NA,A,01,0,0,2,0,0,0,0,0,0,-,-,NA,NA,SAN DIEGO,CHULA VISTA,-117.0308837890625,32.60198974609375
9733043,2024,2024-11-22,3711,2024-04-29,820,SD1536,NA,1,5,7,3711,0,0,0,NA,0,936,FALLHAVEN RD,CAMINO DEL SUR,0,NA,Y,A,-,N,NA,NA,NA,NA,NA,NA,NA,NA,NA,N,3,0,1,2,B,-,22,NA,NA,N,C,G,A,A,H,-,A,A,0,NA,Y,NA,NA,Y,NA,L,04,0,1,0,0,0,0,1,0,0,-,-,NA,NA,SAN DIEGO,SAN DIEGO,-117.14665985107422,32.966575622558594
9736275,2024,2024-09-30,3710,2024-09-08,2303,OC0873,NA,7,5,6,3710,0,0,0,NA,0,018,N REDONDO DR,VANDERGRIFT BL,0,NA,Y,A,-,N,NA,NA,NA,NA,NA,NA,NA,NA,NA,Y,4,0,4,2,A,-,12,21453,A,N,D,C,A,A,H,-,C,A,0,NA,NA,NA,NA,Y,NA,D,22,0,0,4,0,0,0,0,0,0,-,-,NA,NA,SAN DIEGO,OCEANSIDE,-117.29940032958984,33.25482177734375
9736333,2024,2024-09-24,3710,2024-08-16,1600,OC1478,NA,5,5,6,3710,0,0,0,NA,0,011,OCEANSIDE BL,CANYON DR,207,W,N,A,-,N,NA,NA,NA,NA,NA,NA,NA,NA,NA,N,4,0,1,2,A,-,05,21650,1,N,D,G,A,A,H,-,A,D,0,NA,Y,NA,NA,Y,NA,L,04,0,0,1,0,0,0,1,0,0,-,-,NA,NA,SAN DIEGO,OCEANSIDE,-117.35174560546876,33.196739196777344
9736486,2024,2024-10-08,3710,2024-09-03,1652,OC1502,NA,2,5,6,3710,0,0,0,NA,0,003,SOUTH PACIFIC ST,FORSTER ST,149,N,N,A,-,N,NA,NA,NA,NA,NA,NA,NA,NA,NA,N,3,0,1,2,A,-,04,21703,NA,N,C,G,A,A,H,-,A,D,0,NA,Y,NA,NA,Y,NA,L,04,0,1,0,0,0,0,1,0,0,-,-,NA,NA,SAN DIEGO,OCEANSIDE,-117.37397003173828,33.183040618896484
9736663,2024,2024-10-01,3711,2024-09-11,1747,SD6996,NA,3,5,7,3711,0,0,0,NA,0,233,PARK VILLAGE RD,RUMEX LN,0,NA,Y,A,-,N,NA,NA,NA,NA,NA,NA,NA,NA,NA,Y,2,0,2,3,A,-,10,21950,A,N,G,B,B,A,H,-,B,A,0,Y,NA,NA,NA,Y,NA,A,01,2,0,0,0,2,0,0,0,0,-,-,NA,NA,SAN DIEGO,SAN DIEGO,-117.14196014404295,32.94761276245117
9736670,2024,2024-10-04,3711,2024-09-17,1237,SD7980,NA,2,5,7,3711,0,0,0,NA,0,524,A ST,5TH AV,0,NA,Y,A,-,N,NA,NA,NA,NA,NA,NA,NA,NA,NA,Y,3,0,1,2,A,-,05,21650,NA,M,D,C,A,A,H,-,A,A,0,NA,NA,NA,NA,Y,Y,-,NA,0,1,0,0,0,0,0,0,0,-,-,NA,NA,SAN DIEGO,SAN DIEGO,-117.16019439697266,32.71885299682617
9737109,2024,2024-09-26,3700,2024-08-26,1240,SH7085,NA,1,5,5,3712,0,0,0,NA,0,357,E BARHAM DR,LA MOREE DR,212,W,N,A,-,N,NA,NA,NA,NA,NA,NA,NA,NA,NA,Y,4,0,4,4,A,-,03,22350,NA,N,C,C,A,A,H,-,A,A,0,NA,NA,NA,NA,Y,NA,A,01,0,0,4,0,0,0,0,0,0,-,-,NA,NA,SAN DIEGO,SAN MARCOS,-117.15457153320313,33.134796142578125
9737358,2024,2024-10-04,3703,2024-08-31,1214,1300,2,6,5,3,3703,0,0,0,NA,0,002,OCEAN BL,RH DANA PL,0,NA,Y,A,-,N,NA,NA,NA,NA,NA,NA,NA,NA,NA,N,4,0,1,2,A,-,08,22107,NA,N,B,C,A,A,H,-,A,A,0,NA,NA,NA,NA,Y,NA,A,01,0,0,1,0,0,0,0,0,0,-,-,32.68231964111328,-117.1809310913086,SAN DIEGO,CORONADO,-117.18138122558594,32.682518005371094
9737436,2024,2024-10-04,3711,2024-09-20,936,SD1488,NA,5,5,7,3711,0,0,0,NA,0,312,CLAIREMONT MESA BL,VIA VALARTA,0,NA,Y,B,-,N,NA,NA,NA,NA,NA,NA,NA,NA,NA,N,4,0,1,1,A,-,08,22107,NA,N,E,I,A,B,H,-,A,A,0,NA,Y,NA,NA,Y,NA,L,04,0,0,1,0,0,0,1,0,0,-,-,NA,NA,SAN DIEGO,SAN DIEGO,-117.08419036865234,32.82805633544922
9739352,2024,2024-10-01,3708,2024-09-06,1535,LM1206,NA,5,5,5,3708,0,0,0,NA,0,001,UNIVERSITY AV,BALTIMORE DR,0,NA,Y,A,-,N,NA,NA,NA,NA,NA,NA,NA,NA,NA,N,3,0,1,2,A,-,07,21658,A,N,B,G,A,A,H,-,A,A,0,NA,Y,NA,NA,Y,NA,-,NA,0,1,0,0,0,0,1,0,0,-,-,NA,NA,SAN DIEGO,LA MESA,-117.0234603881836,32.76779556274414
9739813,2024,2024-10-08,3702,2024-09-15,1705,CV1506,NA,7,5,6,3702,0,0,0,NA,0,022,QUINTARD ST,1ST AV,323,W,N,A,-,N,NA,NA,NA,NA,NA,NA,NA,NA,NA,Y,4,0,2,3,A,-,01,23152,B,N,C,C,A,A,H,-,A,D,0,NA,NA,NA,NA,Y,Y,A,01,0,0,2,0,0,0,0,0,0,-,-,NA,NA,SAN DIEGO,CHULA VISTA,-117.0578842163086,32.605323791503906