CASE_ID,ACCIDENT_YEAR,PROC_DATE,JURIS,COLLISION_DATE,COLLISION_TIME,OFFICER_ID,REPORTING_DISTRICT,DAY_OF_WEEK,CHP_SHIFT,POPULATION,CNTY_CITY_LOC,SPECIAL_COND,BEAT_TYPE,CHP_BEAT_TYPE,CITY_DIVISION_LAPD,CHP_BEAT_CLASS,BEAT_NUMBER,PRIMARY_RD,SECONDARY_RD,DISTANCE,DIRECTION,INTERSECTION,WEATHER_1,WEATHER_2,STATE_HWY_IND,CALTRANS_COUNTY,CALTRANS_DISTRICT,STATE_ROUTE,ROUTE_SUFFIX,POSTMILE_PREFIX,POSTMILE,LOCATION_TYPE,RAMP_INTERSECTION,SIDE_OF_HWY,TOW_AWAY,COLLISION_SEVERITY,NUMBER_KILLED,NUMBER_INJURED,PARTY_COUNT,PRIMARY_COLL_FACTOR,PCF_CODE_OF_VIOL,PCF_VIOL_CATEGORY,PCF_VIOLATION,PCF_VIOL_SUBSECTION,HIT_AND_RUN,TYPE_OF_COLLISION,MVIW,PED_ACTION,ROAD_SURFACE,ROAD_COND_1,ROAD_COND_2,LIGHTING,CONTROL_DEVICE,CHP_ROAD_TYPE,PEDESTRIAN_ACCIDENT,BICYCLE_ACCIDENT,MOTORCYCLE_ACCIDENT,TRUCK_ACCIDENT,NOT_PRIVATE_PROPERTY,ALCOHOL_INVOLVED,STWD_VEHTYPE_AT_FAULT,CHP_VEHTYPE_AT_FAULT,COUNT_SEVERE_INJ,COUNT_VISIBLE_INJ,COUNT_COMPLAINT_PAIN,COUNT_PED_KILLED,COUNT_PED_INJURED,COUNT_BICYCLIST_KILLED,COUNT_BICYCLIST_INJURED,COUNT_MC_KILLED,COUNT_MC_INJURED,PRIMARY_RAMP,SECONDARY_RAMP,LATITUDE,LONGITUDE,COUNTY,CITY,POINT_X,POINT_Y
6711331,2014,2015-01-15,9645,2014-11-13,0540,14804,NA,4,3,7,3711,0,1,1,NA,2,003,RT 5,RT 75,1056,S,N,B,-,Y,NA,NA,5,NA,NA,NA,NA,NA,NA,Y,4,0,1,3,A,-,04,21703,NA,N,C,C,A,A,H,-,B,D,0,NA,NA,NA,NA,Y,NA,A,01,0,0,1,0,0,0,0,0,0,-,-,32.69634,-117.13538,SAN DIEGO,SAN DIEGO,-117.13544199,32.69624778
6711599,2014,2015-01-09,9645,2014-11-09,2240,019257,NA,7,3,7,3711,0,1,1,NA,2,009,RT 805,43RD ST,25,E,N,A,-,Y,NA,NA,NA,NA,NA,NA,NA,NA,NA,N,4,0,2,2,A,-,03,22350,NA,N,C,C,A,A,H,-,C,A,0,NA,NA,NA,NA,Y,NA,A,07,0,0,2,0,0,0,0,0,0,TO,-,32.69175,-117.10229,SAN DIEGO,SAN DIEGO,NA,NA
6712927,2014,2015-01-06,3705,2014-10-01,1407,EC0292,NA,3,5,5,3705,0,0,0,NA,0,010,WEST MAIN ST,JOHNSON AV,604,E,N,A,-,N,NA,NA,NA,NA,NA,NA,NA,NA,NA,Y,4,0,1,3,A,-,03,22350,NA,N,C,C,A,A,H,-,A,D,0,NA,NA,NA,NA,Y,NA,A,01,0,0,1,0,0,0,0,0,0,-,-,NA,NA,SAN DIEGO,EL CAJON,-116.96908156,32.79496
6713069,2014,2015-01-28,3700,2014-09-17,2355,SH7552,NA,3,5,4,3707,0,0,0,NA,0,704,DONAX AV,9TH ST,0,NA,Y,A,-,N,NA,NA,NA,NA,NA,NA,NA,NA,NA,Y,2,0,2,4,A,-,01,23153,A,N,A,E,A,A,H,-,D,D,0,NA,NA,NA,NA,Y,Y,-,NA,1,0,1,0,0,0,0,0,0,-,-,NA,NA,SAN DIEGO,IMPERIAL BEACH,-117.11431007,32.5822801
6713784,2014,2015-01-07,3702,2014-10-04,1615,CV0969,NA,6,5,6,3702,0,0,0,NA,0,041,MONARCHE DR,EAST PALOMAR ST,150,N,N,A,-,N,NA,NA,NA,NA,NA,NA,NA,NA,NA,N,3,0,1,2,A,-,06,21755,NA,N,B,C,A,A,H,-,A,D,0,NA,NA,Y,NA,Y,NA,C,02,0,1,0,0,0,0,0,0,1,-,-,NA,NA,SAN DIEGO,CHULA VISTA,-116.99900253,32.62387156
6716908,2014,2015-01-12,3702,2014-11-08,1333,CV1116,NA,6,5,6,3702,0,0,0,NA,0,032,OTAY LAKES RD,PRIVATE RD,30,N,N,A,-,N,NA,NA,NA,NA,NA,NA,NA,NA,NA,Y,3,0,2,2,A,-,12,21453,A,N,D,C,A,A,H,-,A,A,0,NA,NA,NA,NA,Y,NA,A,01,0,1,1,0,0,0,0,0,0,-,-,NA,NA,SAN DIEGO,CHULA VISTA,NA,NA
6717835,2014,2016-02-23,3711,2014-11-22,0758,5985,NA,6,5,7,3711,0,0,0,NA,0,524,A ST,10TH AV,0,NA,Y,A,-,N,NA,NA,NA,NA,NA,NA,NA,NA,NA,Y,4,0,1,2,A,-,12,21453,A,N,D,C,A,A,H,-,A,A,0,NA,NA,NA,NA,Y,NA,A,01,0,0,1,0,0,0,0,0,0,-,-,NA,NA,SAN DIEGO,SAN DIEGO,-117.15562006,32.71886007
6718322,2015,2015-03-16,3706,2015-01-24,0449,ES0264,NA,6,5,6,3706,0,0,0,NA,0,056,VALLEY PKWY,MIDWAY DR,690,E,N,A,-,N,NA,NA,NA,NA,NA,NA,NA,NA,NA,Y,1,1,1,2,A,-,03,22350,NA,N,G,B,F,A,H,-,C,D,0,Y,NA,NA,NA,Y,NA,D,22,0,0,1,1,0,0,0,0,0,-,-,NA,NA,SAN DIEGO,ESCONDIDO,-117.04984747,33.13842945
6718980,2014,2014-12-29,9680,2014-10-31,2100,20343,NA,5,2,9,3700,0,3,5,NA,2,001,JENNINGS VISTA WY,TELKAIF ST,100,E,N,B,-,N,NA,NA,NA,NA,NA,NA,NA,NA,NA,N,4,0,1,2,A,-,11,21954,A,N,G,B,E,B,H,-,E,D,0,Y,NA,NA,NA,Y,NA,N,60,0,0,1,0,1,0,0,0,0,-,-,32.85187,-116.88129,SAN DIEGO,UNINCORPORATED,-116.88146567,32.85181517
6721121,2014,2015-01-15,9650,2014-11-11,0825,15503,NA,2,1,9,3700,0,3,5,NA,2,170,SOUTH SANTA FE AV,WOODLAND DR,1320,W,N,B,-,N,NA,NA,NA,NA,NA,NA,NA,NA,NA,N,3,0,1,2,D,-,00,NA,NA,N,B,C,A,A,H,-,A,D,0,NA,NA,Y,NA,Y,NA,-,-,0,1,0,0,0,0,0,0,1,-,-,33.17913,-117.21563,SAN DIEGO,UNINCORPORATED,-117.2155672,33.17882541
6723296,2014,2015-01-06,3702,2014-10-25,1627,CV1096,NA,6,5,6,3702,0,0,0,NA,0,021,PALOMAR ST,WALNUT AV,0,NA,Y,A,-,N,NA,NA,NA,NA,NA,NA,NA,NA,NA,Y,4,0,2,3,A,-,09,21801,A,M,D,C,A,A,H,-,A,A,0,NA,NA,NA,NA,Y,NA,A,01,0,0,2,0,0,0,0,0,0,-,-,NA,NA,SAN DIEGO,CHULA VISTA,-117.08798,32.60417001
6723391,2014,2015-01-06,3702,2014-10-19,1632,CV1098,NA,7,5,6,3702,0,0,0,NA,0,011,F ST,WOODLAWN AV,500,E,N,A,-,N,NA,NA,NA,NA,NA,NA,NA,NA,NA,Y,3,0,1,2,A,-,08,22107,NA,N,F,E,A,A,H,-,A,D,0,NA,NA,NA,NA,Y,NA,A,08,0,1,0,0,0,0,0,0,0,-,-,NA,NA,SAN DIEGO,CHULA VISTA,-117.09474383,32.63701106
6727958,2014,2015-01-15,3711,2014-11-14,0928,6043,NA,5,5,7,3711,0,0,0,NA,0,232,CARMEL MOUNTAIN RD,CAMINO DEL NORTE,0,NA,Y,A,-,N,NA,NA,NA,NA,NA,NA,NA,NA,NA,Y,2,0,3,2,A,-,12,21453,A,N,-,C,A,A,H,-,A,A,0,NA,NA,NA,NA,Y,NA,A,01,2,1,0,0,0,0,0,0,0,-,-,NA,NA,SAN DIEGO,SAN DIEGO,-117.07228003,32.99087009
6728804,2014,2014-12-23,3711,2014-12-01,1751,4243,NA,1,5,7,3711,0,0,0,NA,0,242,MIRA MESA BL,WESTVIEW PKWY,486,E,N,A,-,N,NA,NA,NA,NA,NA,NA,NA,NA,NA,N,4,0,2,3,A,-,03,22350,NA,N,C,C,A,A,H,-,C,D,0,NA,NA,NA,NA,Y,NA,A,08,0,0,2,0,0,0,0,0,0,-,-,NA,NA,SAN DIEGO,SAN DIEGO,-117.11894187,32.91734
6728812,2014,2015-02-09,3711,2014-12-01,1832,6904,NA,1,5,7,3711,0,0,0,NA,0,713,LA MEDIA RD,AIRWAY RD,240,S,N,B,-,N,NA,NA,NA,NA,NA,NA,NA,NA,NA,N,4,0,1,2,A,-,03,22350,NA,N,C,C,A,A,H,-,D,D,0,NA,NA,NA,NA,Y,NA,-,NA,0,0,1,0,0,0,0,0,0,-,-,NA,NA,SAN DIEGO,SAN DIEGO,-116.96246,32.55992271
6730613,2014,2015-01-27,3706,2014-11-15,1841,ES0432,NA,6,5,6,3706,0,0,0,NA,0,042,WASHINGTON AV,ESCONDIDO BL,318,E,N,A,-,N,NA,NA,NA,NA,NA,NA,NA,NA,NA,N,4,0,2,2,A,-,03,22350,NA,N,C,C,A,A,H,-,C,D,0,NA,NA,NA,NA,Y,NA,D,22,0,0,2,0,0,0,0,0,0,-,-,NA,NA,SAN DIEGO,ESCONDIDO,-117.08696886,33.12601157
6731016,2014,2015-01-20,3705,2014-11-18,1215,EC0282,NA,2,5,5,3705,0,0,0,NA,0,009,WASHINGTON,MOLLISON,0,NA,Y,A,-,N,NA,NA,NA,NA,NA,NA,NA,NA,NA,N,2,0,1,2,A,-,08,22107,NA,N,D,G,A,A,H,-,A,A,0,NA,Y,NA,NA,Y,NA,A,01,1,0,0,0,0,0,1,0,0,-,-,NA,NA,SAN DIEGO,EL CAJON,-116.95096003,32.78764
6731041,2014,2015-01-29,3710,2014-12-01,1920,OC1355,NA,1,5,6,3710,0,0,0,NA,0,012,INDUSTRY,GARRISON,0,NA,Y,A,-,N,NA,NA,NA,NA,NA,NA,NA,NA,NA,Y,4,0,4,2,A,-,09,21802,A,N,D,C,A,A,H,-,C,D,0,NA,NA,NA,NA,Y,NA,A,01,0,0,4,0,0,0,0,0,0,-,-,NA,NA,SAN DIEGO,OCEANSIDE,-117.33732007,33.20070011
6731717,2014,2015-01-30,3711,2014-12-07,1721,6800,NA,7,5,7,3711,0,0,0,NA,0,627,VERMONT ST,RICHMOND ST,0,NA,Y,A,-,N,NA,NA,NA,NA,NA,NA,NA,NA,NA,N,4,0,1,2,A,-,09,21802,A,N,B,G,A,A,H,-,C,A,0,NA,Y,NA,NA,Y,NA,-,NA,0,0,1,0,0,0,1,0,0,-,-,NA,NA,SAN DIEGO,SAN DIEGO,NA,NA
6731878,2014,2015-02-12,3711,2014-12-07,1600,5958,NA,7,5,7,3711,0,0,0,NA,0,243,CALLE CRISTOBAL,AV DEL GATO,0,NA,Y,A,-,N,NA,NA,NA,NA,NA,NA,NA,NA,NA,N,3,0,1,1,A,-,03,22350,NA,N,-,J,A,A,H,-,A,A,0,NA,NA,NA,NA,Y,NA,-,NA,0,1,0,0,0,0,0,0,0,-,-,NA,NA,SAN DIEGO,SAN DIEGO,-117.1494627,32.93143257
6731906,2014,2015-01-29,3711,2014-12-02,1731,4897,NA,2,5,7,3711,0,0,0,NA,0,451,FEDERAL BL,EUCLID AV,0,NA,Y,C,-,N,NA,NA,NA,NA,NA,NA,NA,NA,NA,N,2,0,1,2,A,-,11,21950,B,N,G,B,B,B,H,-,C,A,0,Y,NA,NA,NA,Y,NA,N,60,1,0,0,0,1,0,0,0,0,-,-,NA,NA,SAN DIEGO,SAN DIEGO,-117.08495001,32.72142009
6731941,2014,2015-01-23,3702,2014-11-15,0445,CV0912,NA,6,5,6,3702,0,0,0,NA,0,042,OLYMPIC VISTA RD,LOST CREEK RD,160,S,N,A,-,N,NA,NA,NA,NA,NA,NA,NA,NA,NA,Y,3,0,1,1,A,-,03,22350,NA,N,E,I,A,A,H,-,C,D,0,NA,NA,NA,NA,Y,NA,A,01,0,1,0,0,0,0,0,0,0,-,-,NA,NA,SAN DIEGO,CHULA VISTA,-116.94106597,32.63379448
6732726,2014,2015-01-20,3700,2014-11-05,1738,SH1725,NA,3,5,5,3712,0,0,0,NA,0,351,BORDEN RD,BEL ESPRIT CIR,0,NA,Y,A,-,N,NA,NA,NA,NA,NA,NA,NA,NA,NA,Y,2,0,1,2,A,-,09,21801,A,N,D,C,A,A,H,-,C,D,0,NA,NA,Y,NA,Y,NA,A,01,1,0,0,0,0,0,0,0,1,-,-,NA,NA,SAN DIEGO,SAN MARCOS,-117.16998001,33.15263003
6736499,2014,2014-12-23,3700,2014-06-23,0825,SH3098,NA,1,5,5,3781,0,0,0,NA,0,502,SETTLE RD,FENWAY RD,152,S,N,A,-,N,NA,NA,NA,NA,NA,NA,NA,NA,NA,Y,4,0,1,4,A,-,08,22107,NA,N,B,C,A,A,H,-,A,D,0,NA,NA,NA,NA,Y,NA,-,NA,0,0,1,0,0,0,0,0,0,-,-,NA,NA,SAN DIEGO,SANTEE,-117.00396,32.8642337
6736525,2014,2014-12-29,3700,2014-04-06,1255,SH7710,NA,7,5,5,3781,0,0,0,NA,0,519,N MAGNOLIA AV,OLIVE LN,5,N,N,A,-,N,NA,NA,NA,NA,NA,NA,NA,NA,NA,Y,4,0,1,2,A,-,09,21804,B,N,D,C,A,A,H,-,A,D,0,NA,NA,Y,NA,Y,Y,A,01,0,0,1,0,0,0,0,0,1,-,-,NA,NA,SAN DIEGO,SANTEE,NA,NA
6737247,2014,2016-05-25,9645,2014-12-02,2110,016816,NA,2,2,7,3711,0,1,3,NA,2,023,RT 163,RT 8,400,S,N,B,C,Y,SD,11,163,-,-,3.64,H,-,N,N,4,0,2,2,A,-,03,22350,NA,N,C,C,A,B,H,-,C,D,1,NA,NA,NA,NA,Y,NA,A,01,0,0,2,0,0,0,0,0,0,-,-,32.76062,-117.16285,SAN DIEGO,SAN DIEGO,-117.16331733,32.76194384
6738167,2014,2015-01-29,9680,2014-12-03,1205,17996,NA,3,1,9,3700,0,1,3,NA,1,017,RT 67 N,SLAUGHTER HOUSE CANYON RD,6864,N,N,B,-,Y,NA,NA,67,NA,NA,NA,NA,NA,NA,Y,3,0,1,1,A,-,03,22350,NA,N,E,I,A,B,H,-,A,D,0,NA,NA,NA,NA,Y,NA,A,07,0,1,0,0,0,0,0,0,0,-,-,32.92627,-116.9463,SAN DIEGO,UNINCORPORATED,-116.94641655,32.92616558
6738973,2014,2015-01-20,3711,2014-11-22,2235,5690,SDPD,6,5,7,3711,0,0,0,NA,0,242,BLACK MOUNTAIN RD,CAPRICORN WY,12,S,N,A,-,N,NA,NA,NA,NA,NA,NA,NA,NA,NA,N,4,0,1,2,A,-,09,21453,C,N,D,C,A,A,H,-,C,A,0,NA,NA,NA,NA,Y,NA,A,01,0,0,1,0,0,0,0,0,0,-,-,NA,NA,SAN DIEGO,SAN DIEGO,-117.12463713,32.92429768
6739037,2014,2015-01-16,3711,2014-11-22,1605,7191,NA,6,5,7,3711,0,0,0,NA,0,834,43RD ST,POLK AV,9,S,N,A,-,N,NA,NA,NA,NA,NA,NA,NA,NA,NA,N,4,0,1,2,A,-,09,21804,A,N,D,J,A,A,H,-,A,D,0,NA,NA,Y,NA,Y,NA,C,03,0,0,1,0,0,0,0,0,1,-,-,NA,NA,SAN DIEGO,SAN DIEGO,-117.10199037,32.751375350000004
6742812,2014,2015-02-02,9680,2014-12-12,1400,019255,NA,5,2,9,3700,0,1,3,NA,1,017,RT 67,SLAUGHTER HOUSE CANYON RD,7392,N,N,B,C,Y,NA,NA,67,NA,NA,NA,NA,NA,NA,Y,4,0,1,1,A,-,08,22107,NA,N,E,I,A,B,H,-,A,D,0,NA,NA,NA,NA,Y,NA,D,22,0,0,1,0,0,0,0,0,0,-,-,32.92436,-116.94566,SAN DIEGO,UNINCORPORATED,-116.94550273,32.92433798
6743849,2014,2015-01-26,9680,2014-11-17,1820,016622,NA,1,2,9,3700,0,3,5,NA,2,001,CHANNEL RD,LAKESHORE DR,10,N,N,B,-,N,NA,NA,NA,NA,NA,NA,NA,NA,NA,Y,3,0,3,3,A,-,03,22350,NA,N,C,C,A,A,H,-,C,D,0,NA,NA,NA,NA,Y,NA,A,07,0,1,2,0,0,0,0,0,0,-,-,32.85922,-116.92612,SAN DIEGO,UNINCORPORATED,-116.92590452,32.85935712
6743961,2014,2015-01-20,9680,2014-11-21,0730,018152,NA,5,1,9,3700,0,3,5,NA,2,002,AKARD ST,KEMPTON ST,0,NA,Y,B,-,N,NA,NA,NA,NA,NA,NA,NA,NA,NA,Y,4,0,3,2,A,-,09,21802,A,N,D,C,A,B,H,-,A,A,0,NA,NA,NA,NA,Y,NA,A,08,0,0,3,0,0,0,0,0,0,-,-,NA,NA,SAN DIEGO,UNINCORPORATED,-117.00193011,32.70427011
6745266,2014,2014-12-30,3708,2014-10-26,0943,LM1183,NA,7,5,5,3708,0,0,0,NA,0,004,GROSSMONT CENTER DR,MURRAY DR,0,NA,Y,A,-,N,NA,NA,NA,NA,NA,NA,NA,NA,NA,Y,4,0,3,3,A,-,12,21453,A,N,D,C,A,A,H,-,A,A,0,NA,NA,NA,NA,Y,NA,A,01,0,0,3,0,0,0,0,0,0,-,-,NA,NA,SAN DIEGO,LA MESA,-117.00695006,32.77859011
6745494,2014,2016-06-18,9645,2014-11-25,1520,017297,NA,2,2,9,3700,0,1,3,NA,2,008,RT 54,RIO DR,350,E,N,A,-,Y,SD,11,54,-,-,3.071,R,1,E,Y,4,0,1,2,A,-,03,22350,NA,N,C,C,A,A,H,-,A,A,1,NA,NA,NA,NA,Y,NA,A,01,0,0,1,0,0,0,0,0,0,FR,-,32.66446,-117.05516,SAN DIEGO,UNINCORPORATED,-117.0556333,32.66444368
6745505,2014,2016-05-25,9645,2014-11-24,1830,017667,NA,1,2,7,3711,0,1,3,NA,2,023,RT 163,WASHINGTON AV,500,N,N,A,-,Y,SD,11,163,-,-,2.84,H,-,S,Y,4,0,1,1,A,-,08,22107,NA,N,E,I,A,A,H,-,C,D,1,NA,NA,NA,NA,Y,NA,A,01,0,0,1,0,0,0,0,0,0,-,-,32.75536,-117.15894,SAN DIEGO,SAN DIEGO,-117.15600204,32.75167189
6748208,2014,2015-02-02,9645,2014-12-12,0035,16864,NA,5,3,7,3711,0,1,1,NA,2,003,RT 5,LAUREL ST,1320,N,N,B,-,Y,NA,NA,5,NA,NA,NA,NA,NA,NA,Y,4,0,1,1,A,-,08,22107,NA,N,E,I,A,A,H,-,C,D,0,NA,NA,NA,NA,Y,NA,A,01,0,0,1,0,0,0,0,0,0,-,-,32.7325,-117.17259,SAN DIEGO,SAN DIEGO,-117.17252007,32.73255861
6748388,2014,2015-01-30,3706,2014-12-10,1506,ES0318,NA,3,5,6,3706,0,0,0,NA,0,045,METCALF,MISSION AV,353,S,N,A,-,N,NA,NA,NA,NA,NA,NA,NA,NA,NA,Y,3,0,3,2,A,-,09,21804,A,N,D,C,A,A,H,-,A,D,0,NA,NA,NA,NA,Y,NA,A,01,0,3,0,0,0,0,0,0,0,-,-,NA,NA,SAN DIEGO,ESCONDIDO,-117.1011014,33.12440313
6748759,2014,2015-03-05,9645,2014-11-30,0930,015494,NA,7,1,7,3711,0,1,1,NA,2,011,RT 805,RT 15,1000,N,N,A,-,Y,NA,NA,805,NA,NA,NA,NA,NA,NA,Y,3,0,2,1,A,-,01,23152,A,N,F,A,A,A,H,-,A,D,0,NA,NA,NA,NA,Y,Y,A,08,0,1,1,0,0,0,0,0,0,TO,-,32.73863,-117.1155,SAN DIEGO,SAN DIEGO,-117.11530215,32.73873648
6749670,2014,2015-01-26,3700,2014-11-26,1815,SH2560,NA,3,5,5,3713,0,0,0,NA,0,312,HACIENDA DR,PROVIDENCE DR,867,W,N,A,-,N,NA,NA,NA,NA,NA,NA,NA,NA,NA,Y,4,0,2,2,A,-,07,21658,A,N,B,C,A,A,H,-,C,D,0,NA,NA,NA,Y,Y,NA,A,01,0,0,2,0,0,0,0,0,0,-,-,NA,NA,SAN DIEGO,VISTA,-117.27310648,33.18854479
6750139,2014,2016-03-25,9680,2014-12-03,0905,018907,NA,3,1,9,3700,0,2,4,NA,1,013,WILDCAT CANYON RD,OLD BARONA RD,12144,N,N,C,-,N,NA,NA,NA,NA,NA,NA,NA,NA,NA,Y,4,0,1,2,A,-,03,22350,NA,N,B,C,A,B,H,-,A,D,0,NA,NA,Y,NA,Y,NA,C,02,0,0,1,0,0,0,0,0,0,-,-,32.9425,-116.8617,SAN DIEGO,UNINCORPORATED,-116.87530232,32.92468513
6750151,2014,2015-01-30,9680,2014-12-02,2336,018907,NA,2,3,9,3700,0,3,5,NA,2,002,DEHESA RD,WILLOW GLEN DR,293,W,N,C,-,N,NA,NA,NA,NA,NA,NA,NA,NA,NA,Y,4,0,1,1,A,-,03,22350,NA,N,F,I,A,B,H,-,D,D,0,NA,NA,NA,NA,Y,NA,A,08,0,0,1,0,0,0,0,0,0,-,-,32.7868,-116.889,SAN DIEGO,UNINCORPORATED,-116.88900323,32.78809237
6750338,2014,2015-01-29,3711,2014-12-07,1809,5804,NA,7,5,7,3711,0,0,0,NA,0,NA,54TH ST,54TH ST 4797,0,W,N,A,-,N,NA,NA,NA,NA,NA,NA,NA,NA,NA,Y,3,0,2,4,A,-,08,22107,NA,N,B,E,A,A,H,-,C,D,0,NA,NA,NA,NA,Y,Y,-,NA,0,1,1,0,0,0,0,0,0,-,-,NA,NA,SAN DIEGO,SAN DIEGO,-117.07955539,32.76483621
6750358,2014,2015-01-29,3711,2014-12-19,1445,6863,NA,5,5,7,3711,0,0,0,NA,0,931,LUSK BL,MIRA MESA BL,413,N,N,A,-,N,NA,NA,NA,NA,NA,NA,NA,NA,NA,N,4,0,2,2,A,-,03,22350,NA,N,C,C,A,A,H,-,A,A,0,NA,NA,NA,NA,Y,NA,-,-,0,0,2,0,0,0,0,0,0,-,-,NA,NA,SAN DIEGO,SAN DIEGO,-117.19438171,32.89686707
6750432,2015,2016-10-04,9645,2015-01-02,1736,18678,NA,5,2,7,3711,0,1,1,NA,2,009,RT 805,GREENWOOD RR,200,N,N,A,-,Y,SD,11,805,-,-,12.66,H,-,S,Y,4,0,2,5,A,-,08,22107,NA,N,C,C,A,A,H,-,C,D,1,NA,NA,NA,NA,Y,NA,D,22,0,0,2,0,0,0,0,0,0,-,-,32.70612,-117.09628,SAN DIEGO,SAN DIEGO,-117.09768797,32.70809779
6752466,2014,2015-02-10,3701,2014-12-13,1708,5444,8,6,5,5,3701,0,0,0,NA,0,004,MARRON RD,MONROE ST,750,E,N,A,-,N,NA,NA,NA,NA,NA,NA,NA,NA,NA,Y,3,0,2,2,A,-,09,21801,NA,N,A,C,A,A,H,-,C,D,0,NA,NA,NA,NA,Y,NA,A,01,0,1,1,0,0,0,0,0,0,-,-,NA,NA,SAN DIEGO,CARLSBAD,-117.33470955,33.17720073
6752994,2014,2015-01-13,3705,2014-10-13,1401,EC0292,NA,1,5,5,3705,0,0,0,NA,0,008,WASHINGTON,S ORANGE,0,NA,Y,A,-,N,NA,NA,NA,NA,NA,NA,NA,NA,NA,Y,4,0,2,2,A,-,08,22107,NA,N,B,C,A,A,H,-,A,D,0,NA,NA,NA,NA,Y,NA,A,01,0,0,2,0,0,0,0,0,0,-,-,NA,NA,SAN DIEGO,EL CAJON,-116.96355009,32.78766003
6753030,2014,2015-01-12,3711,2014-10-15,1829,6134,SAN D,3,5,7,3711,0,0,0,NA,0,115,TOSCANA DR,SHORELINE DR,528,E,N,A,-,N,NA,NA,NA,NA,NA,NA,NA,NA,NA,N,3,0,1,2,A,-,03,22350,NA,N,D,E,A,A,H,-,C,D,0,NA,NA,NA,NA,Y,NA,-,NA,0,1,0,0,0,0,0,0,0,-,-,NA,NA,SAN DIEGO,SAN DIEGO,-117.20109481,32.86711251
6754225,2014,2015-02-05,9680,2014-12-21,2310,20105,NA,7,3,9,3700,0,2,4,NA,1,014,WINTERGARDENS BL,ROYAL RD,440,S,N,A,-,N,NA,NA,NA,NA,NA,NA,NA,NA,NA,N,4,0,1,2,A,-,08,22107,NA,N,E,I,F,A,H,-,C,D,0,Y,NA,NA,NA,Y,NA,A,08,0,0,1,0,1,0,0,0,0,-,-,NA,NA,SAN DIEGO,UNINCORPORATED,-116.93347186,32.82288517
6754229,2014,2015-02-05,9680,2014-12-18,1420,15081,NA,4,2,9,3700,0,3,5,NA,2,005,FARMER RD,A ST,4752,N,N,B,-,N,NA,NA,NA,NA,NA,NA,NA,NA,NA,Y,3,0,1,1,A,-,03,22350,NA,N,E,I,A,A,H,-,A,D,0,NA,NA,Y,NA,Y,NA,C,02,0,1,0,0,0,0,0,0,1,-,-,33.08854,-116.60669,SAN DIEGO,UNINCORPORATED,-116.60748706,33.08801173
6755561,2014,2015-02-06,9645,2014-12-13,0030,19497,NA,6,3,7,3711,0,1,1,NA,2,021,RT 15,MARKET ST U/C,130,S,N,C,-,Y,NA,NA,15,NA,NA,NA,NA,NA,NA,Y,4,0,1,2,A,-,01,23152,A,N,C,C,A,B,H,-,C,D,0,NA,NA,NA,NA,Y,Y,A,01,0,0,1,0,0,0,0,0,0,-,-,32.7111,-117.11931,SAN DIEGO,SAN DIEGO,-117.11922558,32.71106975
6758032,2014,2015-01-27,3706,2014-11-30,1911,ES0470,NA,7,5,6,3706,0,0,0,NA,0,055,FELICITA RD,REDWOOD ST,0,NA,Y,A,-,N,NA,NA,NA,NA,NA,NA,NA,NA,NA,N,4,0,2,2,A,-,09,21802,A,N,D,C,A,A,H,-,C,A,0,NA,NA,NA,NA,Y,NA,A,01,0,0,2,0,0,0,0,0,0,-,-,NA,NA,SAN DIEGO,ESCONDIDO,-117.07918005,33.10260002
6758608,2014,2015-01-21,9680,2014-11-25,1930,17928,NA,2,2,9,3700,0,3,5,NA,2,009,MUSSEY GRADE RD,RT 67,144,E,N,A,-,Y,NA,NA,NA,NA,NA,NA,NA,NA,NA,Y,4,0,1,1,A,-,03,22350,NA,N,E,I,A,A,H,-,D,A,0,NA,NA,NA,NA,Y,NA,A,08,0,0,1,0,0,0,0,0,0,-,-,33.0085,-116.91456,SAN DIEGO,UNINCORPORATED,-116.91459186,33.008597
6759699,2014,2016-06-16,9680,2014-11-21,2210,19946,NA,5,3,5,3705,0,1,1,NA,2,082,RT 8,JOHNSON AV,290,E,N,A,-,Y,SD,11,8,-,-,15.36,H,-,E,Y,4,0,1,2,A,-,03,22350,NA,N,F,C,A,A,H,-,D,D,1,NA,NA,NA,NA,Y,NA,A,07,0,0,1,0,0,0,0,0,0,-,-,32.80314,-116.96877,SAN DIEGO,EL CAJON,-116.97031804,32.80288183
6760680,2014,2016-06-16,9645,2014-11-20,0910,015790,NA,4,1,7,3711,0,1,1,NA,2,010,RT 8,COLLEGE AV,1470,W,N,A,-,Y,SD,11,8,-,-,8.07,H,-,E,Y,4,0,3,6,A,-,03,22350,NA,N,C,C,A,A,H,-,A,D,1,NA,NA,NA,NA,Y,NA,A,07,0,0,3,0,0,0,0,0,0,-,-,32.77923,-117.06953,SAN DIEGO,SAN DIEGO,-117.07095112,32.77916415
6763105,2014,2015-02-04,9650,2014-12-15,0200,018675,NA,1,3,9,3700,0,1,1,NA,2,023,RT 15,DEER SPRINGS RD,2112,S,N,A,-,Y,NA,NA,15,NA,NA,NA,NA,NA,NA,Y,3,0,1,1,A,-,08,22107,NA,N,F,A,A,A,H,-,C,D,0,NA,NA,NA,NA,Y,NA,D,22,0,1,0,0,0,0,0,0,0,-,-,33.19126,-117.12272,SAN DIEGO,UNINCORPORATED,-117.12249602,33.19138829
6766558,2014,2015-02-10,3706,2014-12-28,1457,ES0322,NA,7,5,6,3706,0,0,0,NA,0,044,VALLEY PKWY,MIDWAY DR,1552,W,N,A,-,N,NA,NA,NA,NA,NA,NA,NA,NA,NA,Y,3,0,1,1,A,-,08,22107,NA,M,E,I,A,A,H,-,A,D,0,NA,NA,NA,NA,Y,NA,D,22,0,1,0,0,0,0,0,0,0,-,-,NA,NA,SAN DIEGO,ESCONDIDO,-117.05623945,33.13546504
6767143,2014,2015-02-05,9650,2014-12-20,0158,018296,NA,6,3,5,3713,0,1,3,NA,2,017,RT 76,CIVIC CENTER DR,200,W,N,B,-,Y,NA,NA,NA,NA,NA,NA,NA,NA,NA,Y,3,0,1,1,A,-,01,23152,F,M,E,I,A,A,H,-,C,D,0,NA,NA,NA,NA,Y,Y,A,01,0,1,0,0,0,0,0,0,0,-,-,33.17895,-117.23991,SAN DIEGO,VISTA,NA,NA