CASE_ID,ACCIDENT_YEAR,PROC_DATE,JURIS,COLLISION_DATE,COLLISION_TIME,OFFICER_ID,REPORTING_DISTRICT,DAY_OF_WEEK,CHP_SHIFT,POPULATION,CNTY_CITY_LOC,SPECIAL_COND,BEAT_TYPE,CHP_BEAT_TYPE,CITY_DIVISION_LAPD,CHP_BEAT_CLASS,BEAT_NUMBER,PRIMARY_RD,SECONDARY_RD,DISTANCE,DIRECTION,INTERSECTION,WEATHER_1,WEATHER_2,STATE_HWY_IND,CALTRANS_COUNTY,CALTRANS_DISTRICT,STATE_ROUTE,ROUTE_SUFFIX,POSTMILE_PREFIX,POSTMILE,LOCATION_TYPE,RAMP_INTERSECTION,SIDE_OF_HWY,TOW_AWAY,COLLISION_SEVERITY,NUMBER_KILLED,NUMBER_INJURED,PARTY_COUNT,PRIMARY_COLL_FACTOR,PCF_CODE_OF_VIOL,PCF_VIOL_CATEGORY,PCF_VIOLATION,PCF_VIOL_SUBSECTION,HIT_AND_RUN,TYPE_OF_COLLISION,MVIW,PED_ACTION,ROAD_SURFACE,ROAD_COND_1,ROAD_COND_2,LIGHTING,CONTROL_DEVICE,CHP_ROAD_TYPE,PEDESTRIAN_ACCIDENT,BICYCLE_ACCIDENT,MOTORCYCLE_ACCIDENT,TRUCK_ACCIDENT,NOT_PRIVATE_PROPERTY,ALCOHOL_INVOLVED,STWD_VEHTYPE_AT_FAULT,CHP_VEHTYPE_AT_FAULT,COUNT_SEVERE_INJ,COUNT_VISIBLE_INJ,COUNT_COMPLAINT_PAIN,COUNT_PED_KILLED,COUNT_PED_INJURED,COUNT_BICYCLIST_KILLED,COUNT_BICYCLIST_INJURED,COUNT_MC_KILLED,COUNT_MC_INJURED,PRIMARY_RAMP,SECONDARY_RAMP,LATITUDE,LONGITUDE,COUNTY,CITY,POINT_X,POINT_Y
6802352,2015,2015-02-26,3711,2015-01-24,2111,7023,SD,6,5,7,3711,0,0,0,NA,0,627,UNIVERSITY AV,10TH AV,15,N,N,A,-,N,NA,NA,NA,NA,NA,NA,NA,NA,NA,Y,3,0,2,2,A,-,12,21453,A,N,D,C,A,A,H,-,C,A,0,NA,NA,NA,NA,Y,NA,-,-,0,1,1,0,0,0,0,0,0,-,-,NA,NA,SAN DIEGO,SAN DIEGO,-117.15521693,32.74844197
6804804,2015,2015-03-02,3711,2015-01-28,1845,500756,NA,3,5,7,3711,0,0,0,NA,0,242,REAGAN RD,MIRA MESA BL,500,S,N,A,-,N,NA,NA,NA,NA,NA,NA,NA,NA,NA,N,4,0,1,2,A,-,08,22107,NA,N,B,C,A,A,H,-,C,D,0,NA,NA,NA,NA,Y,NA,-,NA,0,0,1,0,0,0,0,0,0,-,-,NA,NA,SAN DIEGO,SAN DIEGO,-117.14884524,32.91117491
6805835,2015,2016-10-26,9680,2015-01-24,1940,020343,NA,6,2,9,3700,0,1,3,NA,1,024,RT 94,JAMACHA BL,70,W,N,A,-,Y,SD,11,94,-,-,14.32,H,-,E,Y,4,0,1,3,A,-,03,22350,NA,N,C,C,A,A,H,-,C,A,0,NA,NA,NA,NA,Y,Y,A,08,0,0,1,0,0,0,0,0,0,-,-,32.74041,-116.95215,SAN DIEGO,UNINCORPORATED,-116.9515964,32.73992388
6806118,2015,2016-09-27,9680,2015-01-17,1222,15578,NA,6,1,4,3720,0,1,3,NA,2,028,RT 125,TROY ST,1056,S,N,A,-,Y,SD,11,125,-,-,11.67,H,-,S,Y,3,0,2,2,A,-,01,23152,A,N,E,I,A,A,H,-,A,D,1,NA,NA,NA,NA,Y,Y,A,01,0,1,1,0,0,0,0,0,0,-,-,32.72966,-117.01519,SAN DIEGO,LEMON GROVE,-117.01528406,32.72956164
6806448,2015,2016-09-06,9645,2015-01-24,1300,19257,NA,6,1,7,3711,0,1,1,NA,2,015,RT 805,CLAIREMONT MESA BL,1340,S,N,A,-,Y,SD,11,805,-,-,22.31,H,-,N,Y,4,0,1,2,A,-,01,23152,A,N,D,C,A,A,H,-,A,D,1,NA,NA,NA,NA,Y,Y,A,01,0,0,1,0,0,0,0,0,0,-,-,32.82949,-117.16705,SAN DIEGO,SAN DIEGO,-117.1674029,32.8301972
6808074,2015,2015-03-04,9650,2015-02-03,0850,015273,NA,2,1,9,3700,0,3,5,NA,1,160,CAMINO DEL REY,OLD RIVER RD,100,E,N,A,-,N,NA,NA,NA,NA,NA,NA,NA,NA,NA,Y,4,0,1,2,A,-,08,22107,NA,N,D,C,A,A,H,-,A,D,0,NA,NA,NA,NA,Y,NA,A,01,0,0,1,0,0,0,0,0,0,-,-,NA,NA,SAN DIEGO,UNINCORPORATED,-117.22095537,33.28764414
6808901,2014,2016-02-24,3700,2014-12-07,1056,SH1654,NA,7,5,5,3782,0,0,0,NA,0,214,RT 101,A ST,0,NA,Y,A,-,N,NA,NA,NA,NA,NA,NA,NA,NA,NA,Y,4,0,1,1,D,-,00,NA,NA,N,F,A,A,A,H,-,A,D,0,NA,NA,Y,NA,Y,NA,-,-,0,0,1,0,0,0,0,0,1,-,-,NA,NA,SAN DIEGO,ENCINITAS,-117.2943401,33.04994008
6809168,2015,2015-03-06,3711,2015-02-07,1818,7135,NA,6,5,7,3711,0,0,0,NA,0,122,FANUEL ST,FELSPAR ST,20,S,N,A,-,N,NA,NA,NA,NA,NA,NA,NA,NA,NA,N,3,0,1,2,A,-,14,21201,D,N,A,G,A,A,H,-,C,D,0,NA,Y,NA,NA,Y,NA,L,04,0,1,0,0,0,0,1,0,0,-,-,NA,NA,SAN DIEGO,SAN DIEGO,-117.24662359,32.79942699
6809189,2015,2015-03-06,3711,2015-02-06,0830,7126,SDPD,5,5,7,3711,0,0,0,NA,0,934,CARMEL CREEK RD,CARMEL CTR,6,N,N,A,-,N,NA,NA,NA,NA,NA,NA,NA,NA,NA,N,3,0,1,2,A,-,11,21950,B,N,G,B,B,A,H,-,A,A,0,Y,NA,NA,NA,Y,NA,N,60,0,1,0,0,1,0,0,0,0,-,-,NA,NA,SAN DIEGO,SAN DIEGO,-117.22621918,32.9507545
6810574,2015,2015-03-02,3711,2015-01-31,1217,5734,NA,6,5,7,3711,0,0,0,NA,0,241,SPRING CANYON RD,BLUE CYPRESS CANYON RD,0,NA,Y,A,-,N,NA,NA,NA,NA,NA,NA,NA,NA,NA,Y,4,0,3,2,D,-,00,NA,NA,N,D,C,A,A,H,-,A,A,0,NA,NA,NA,NA,Y,NA,-,-,0,0,3,0,0,0,0,0,0,-,-,NA,NA,SAN DIEGO,SAN DIEGO,-117.07720994,32.92337006
6810578,2015,2015-03-02,3711,2015-01-13,1332,5498,NA,2,5,7,3711,0,0,0,NA,0,713,HEINRICH HERTZ DR,AIRWAY RD,236,S,N,A,-,N,NA,NA,NA,NA,NA,NA,NA,NA,NA,Y,3,0,1,1,A,-,03,22350,NA,N,A,I,A,A,H,-,A,D,0,NA,NA,NA,NA,Y,NA,A,01,0,1,0,0,0,0,0,0,0,-,-,NA,NA,SAN DIEGO,SAN DIEGO,-116.9407303,32.55961634
6811892,2015,2016-10-12,9645,2015-01-26,0755,14804,NA,1,1,7,3711,0,1,1,NA,2,010,RT 8,RT 15,1584,E,N,B,-,Y,SD,11,8,-,-,6.014,R,2,W,Y,3,0,1,3,A,-,03,22350,NA,N,B,C,A,A,H,-,A,D,1,NA,NA,Y,NA,Y,NA,C,02,0,1,0,0,0,0,0,0,1,TO,-,NA,NA,SAN DIEGO,SAN DIEGO,-117.10597228,32.77882959
6811899,2015,2016-09-02,9645,2015-01-13,0114,019563,NA,2,3,7,3711,0,1,1,NA,2,003,RT 5,RT 15,559,S,N,B,-,Y,SD,11,5,-,R,12.294,R,2,N,Y,4,0,2,1,A,-,03,22350,NA,N,E,I,A,A,H,-,D,D,1,NA,NA,NA,NA,Y,NA,A,01,0,0,2,0,0,0,0,0,0,TO,-,32.6928,-117.11997,SAN DIEGO,SAN DIEGO,-117.11693486,32.68966862
6811947,2015,2015-02-27,3702,2015-01-12,0208,CV1081,NA,1,5,6,3702,0,0,0,NA,0,013,BAY BL,L ST,564,N,N,C,-,N,NA,NA,NA,NA,NA,NA,NA,NA,NA,Y,3,0,1,1,A,-,01,23152,B,N,E,I,A,B,H,-,C,D,0,NA,NA,NA,NA,Y,Y,A,01,0,1,0,0,0,0,0,0,0,-,-,NA,NA,SAN DIEGO,CHULA VISTA,-117.09218205,32.61648503
6812630,2015,2015-03-05,3711,2015-02-01,1725,5916,NA,7,5,7,3711,0,0,0,NA,0,614,SUNSET CLIFFS BL,VOLTAIRE ST,122,N,N,B,-,N,NA,NA,NA,NA,NA,NA,NA,NA,NA,N,4,0,1,2,A,-,09,21802,A,M,D,C,A,A,H,-,C,D,0,NA,NA,NA,NA,Y,NA,-,99,0,0,1,0,0,0,0,0,0,-,-,NA,NA,SAN DIEGO,SAN DIEGO,-117.24291307,32.75017764
6815813,2015,2016-10-18,9645,2015-02-02,1825,018095,NA,1,2,7,3711,0,1,1,NA,2,027,RT 15,BALBOA AV,80,S,N,A,-,Y,SD,11,15,-,R,9.18,H,-,S,N,4,0,1,3,A,-,03,22350,NA,N,C,C,A,A,H,-,C,D,1,NA,NA,NA,NA,Y,NA,A,07,0,0,1,0,0,0,0,0,0,-,-,32.82107,-117.11649,SAN DIEGO,SAN DIEGO,-117.11653609,32.82202178
6818188,2015,2016-10-19,9650,2015-01-31,0410,18386,NA,6,3,5,3701,0,1,1,NA,2,005,RT 5,POINSETTIA LN,3960,S,N,B,-,Y,SD,11,5,-,R,44.82,H,-,N,Y,4,0,3,2,A,-,03,22350,NA,F,C,C,A,A,H,-,D,D,1,NA,NA,NA,NA,Y,NA,A,01,0,0,3,0,0,0,0,0,0,-,-,33.09528,-117.305,SAN DIEGO,CARLSBAD,-117.30418502,33.09385064
6818281,2015,2016-09-09,9680,2015-02-02,1407,019490,NA,1,2,9,3700,0,2,4,NA,1,021,RT 54,HILLSDALE RD,180,N,N,A,-,Y,SD,11,54,-,T,13.28,H,-,W,Y,4,0,1,1,A,-,03,22350,NA,N,E,I,A,A,H,-,A,D,0,NA,NA,NA,NA,Y,NA,A,07,0,0,1,0,0,0,0,0,0,-,-,32.76274,-116.928,SAN DIEGO,UNINCORPORATED,-116.92789783,32.76247783
6818283,2015,2016-10-11,9680,2015-02-01,2135,018907,NA,7,2,5,3708,0,1,1,NA,2,081,RT 8,FLETCHER PKWY,1584,W,N,A,-,Y,SD,11,8,-,-,10.22,H,-,E,Y,3,0,1,1,A,-,08,22107,NA,N,F,I,A,A,H,-,C,D,1,NA,NA,Y,NA,Y,NA,C,02,0,1,0,0,0,0,0,0,1,-,-,32.7736,-117.0356,SAN DIEGO,LA MESA,-117.03587375,32.77353377
6819154,2015,2016-10-19,9650,2015-02-09,1735,15531,NA,1,2,3,3783,0,1,1,NA,2,007,RT 5,LOMAS SANTA FE DR,150,NA,N,A,-,Y,SD,11,5,-,R,37.31,H,-,N,Y,4,0,3,3,A,-,03,22350,NA,N,C,C,A,A,H,-,B,D,1,NA,NA,NA,NA,Y,NA,A,01,0,0,3,0,0,0,0,0,0,-,-,32.99948,-117.25624,SAN DIEGO,SOLANA BEACH,-117.25629095,32.99463346
6819170,2015,2016-04-29,9650,2015-02-07,1500,016155,NA,6,2,9,3700,0,3,5,NA,2,231,IDAHO AV,RT 78,1230,E,N,A,-,N,NA,NA,NA,NA,NA,NA,NA,NA,NA,N,2,0,1,2,A,-,09,21804,A,N,H,G,A,A,H,-,A,D,0,NA,Y,NA,NA,Y,NA,L,04,1,0,0,0,0,0,1,0,0,-,-,33.11633,-117.05496,SAN DIEGO,UNINCORPORATED,-117.05496,33.11633
6820188,2015,2016-04-07,3711,2015-02-09,1822,6583,NA,1,5,7,3711,0,0,0,NA,0,512,S 30TH ST,MARCY,12,N,N,A,-,N,NA,NA,NA,NA,NA,NA,NA,NA,NA,N,3,0,1,2,A,-,-,NA,NA,N,G,J,D,A,H,-,D,D,0,Y,NA,NA,NA,Y,NA,N,60,0,1,0,0,1,0,0,0,0,-,-,NA,NA,SAN DIEGO,SAN DIEGO,-117.12948927,32.69759287
6820567,2015,2015-03-10,3711,2015-02-05,1615,7010,NA,4,5,7,3711,0,0,0,NA,0,531,26TH ST,RUSS BL,1056,N,N,A,-,N,NA,NA,NA,NA,NA,NA,NA,NA,NA,N,3,0,1,1,A,-,03,22350,NA,N,E,-,A,A,B,-,A,D,0,NA,Y,NA,NA,Y,NA,L,04,0,1,0,0,0,0,1,0,0,-,-,NA,NA,SAN DIEGO,SAN DIEGO,-117.13896576,32.72223077
6820580,2015,2016-04-07,3711,2015-02-08,1100,6208,SANDI,7,5,7,3711,0,0,0,NA,0,613,FROUDE ST,ORCHARD AV,0,NA,Y,A,-,N,NA,NA,NA,NA,NA,NA,NA,NA,NA,N,4,0,1,2,A,-,21,22106,NA,N,D,C,A,A,H,-,A,A,0,NA,NA,NA,NA,Y,NA,-,NA,0,0,1,0,0,0,0,0,0,-,-,NA,NA,SAN DIEGO,SAN DIEGO,-117.24918,32.73671003
6821102,2015,2015-03-17,3710,2015-02-03,1608,OC1411,NA,2,5,6,3710,0,0,0,NA,0,009,S COAST,MORSE ST,480,S,N,A,-,N,NA,NA,NA,NA,NA,NA,NA,NA,NA,Y,4,0,1,3,A,-,03,22350,NA,N,C,C,A,A,H,-,A,D,0,NA,NA,NA,Y,Y,NA,F,26,0,0,1,0,0,0,0,0,0,-,-,NA,NA,SAN DIEGO,OCEANSIDE,-117.36392765,33.17726578
6821349,2015,2016-10-11,3711,2015-02-12,2130,4884,SDPD,4,5,7,3711,0,0,0,NA,0,Z46,MERCY RD,RT 15,30,W,N,A,-,Y,SD,11,15,-,M,17.144,R,4,S,Y,4,0,1,2,A,-,09,21801,A,N,D,C,A,A,H,-,C,A,0,NA,NA,NA,NA,Y,NA,-,NA,0,0,1,0,0,0,0,0,0,-,SO,NA,NA,SAN DIEGO,SAN DIEGO,-117.11223812,32.93438805
6821518,2015,2015-03-06,3701,2015-02-06,0508,5445,79,5,5,5,3701,0,0,0,NA,0,006,EL CAMINIO REAL,PALOMAR AIRPORT RD,2,S,N,A,-,N,NA,NA,NA,NA,NA,NA,NA,NA,NA,N,4,0,1,2,A,-,10,21950,A,N,G,B,B,A,H,-,C,A,0,Y,NA,NA,NA,Y,Y,-,99,0,0,1,0,1,0,0,0,0,-,-,NA,NA,SAN DIEGO,CARLSBAD,-117.26694652,33.12963537
6821541,2015,2016-10-26,9680,2015-02-07,1100,017460,NA,6,1,9,3700,0,1,3,NA,1,060,RT 94,TIERRA DEL SOL RD,3168,W,N,A,-,Y,SD,11,94,-,-,62.63,H,-,W,Y,3,0,1,1,A,-,05,21650,A,N,E,I,A,A,H,-,A,D,0,NA,NA,NA,NA,Y,NA,-,NA,0,1,0,0,0,0,0,0,0,-,-,32.6634,-116.32585,SAN DIEGO,UNINCORPORATED,-116.32592675,32.66352148
6822165,2015,2015-02-27,3701,2015-01-15,1827,CB5433,57,4,5,5,3701,0,0,0,NA,0,005,EL CAMINIO REAL,FARADAY AV,0,NA,Y,A,-,N,NA,NA,NA,NA,NA,NA,NA,NA,NA,Y,4,0,2,2,A,-,12,21453,A,N,D,C,A,A,H,-,C,A,0,NA,NA,NA,NA,Y,NA,A,07,0,0,2,0,0,0,0,0,0,-,-,NA,NA,SAN DIEGO,CARLSBAD,-117.27339003,33.13656004
6822202,2015,2015-02-27,3705,2015-01-15,1518,EC0295,NA,4,5,5,3705,0,0,0,NA,0,009,JAMACHA,DOROTHY,158,S,N,A,-,N,NA,NA,NA,NA,NA,NA,NA,NA,NA,Y,4,0,1,2,A,-,03,22350,NA,N,C,C,A,A,H,-,A,A,0,NA,NA,NA,NA,Y,NA,A,01,0,0,1,0,0,0,0,0,0,-,-,NA,NA,SAN DIEGO,EL CAJON,-116.93245685,32.79152482
6822211,2015,2015-02-26,3710,2015-01-20,2342,OC1401,NA,2,5,6,3710,0,0,0,NA,0,012,CALIFORNIA,HUNSAKER,526,E,N,A,-,N,NA,NA,NA,NA,NA,NA,NA,NA,NA,Y,3,0,1,3,A,-,01,23152,E,N,C,E,A,A,H,-,C,D,0,NA,NA,NA,NA,Y,NA,A,01,0,1,0,0,0,0,0,0,0,-,-,NA,NA,SAN DIEGO,OCEANSIDE,-117.3527148,33.18762716
6822592,2015,2015-03-10,3711,2015-02-13,2134,5051,NA,5,5,7,3711,0,0,0,NA,0,522,NORTH HARBOR DR,WEST BROADWAY,227,N,N,A,-,N,NA,NA,NA,NA,NA,NA,NA,NA,NA,N,4,0,1,3,A,-,03,22350,NA,N,B,C,A,A,H,-,C,D,0,NA,NA,Y,NA,Y,NA,C,02,0,0,1,0,0,0,0,0,1,-,-,NA,NA,SAN DIEGO,SAN DIEGO,-117.17311232,32.71632182
6824193,2015,2016-11-04,9680,2015-02-15,1215,020249,NA,7,1,9,3700,0,1,3,NA,1,051,RT 79,WOLAHI RD,10560,S,N,A,-,Y,SD,11,79,-,-,9.6,H,-,N,Y,3,0,1,1,A,-,03,22350,NA,N,F,A,A,A,H,-,A,A,0,NA,NA,Y,NA,Y,NA,C,02,0,1,0,0,0,0,0,0,1,-,-,32.96451,-116.57972,SAN DIEGO,UNINCORPORATED,-116.5797545,32.96435185
6828987,2015,2015-03-16,3710,2015-02-13,1355,OC1344,NA,5,5,6,3710,0,0,0,NA,0,030,OLIVE DR,EMERALD DR,230,W,N,A,-,N,NA,NA,NA,NA,NA,NA,NA,NA,NA,Y,3,0,1,4,A,-,07,21658,A,N,C,C,A,A,H,-,A,A,0,NA,NA,NA,NA,Y,NA,D,22,0,1,0,0,0,0,0,0,0,-,-,NA,NA,SAN DIEGO,OCEANSIDE,-117.28021031,33.20472559
6830066,2015,2016-09-23,9645,2015-02-12,0915,18344,NA,4,1,7,3711,0,1,1,NA,2,003,RT 5,RT 8,2640,S,N,A,-,Y,SD,11,5,-,R,19.56,H,-,N,Y,4,0,3,3,A,-,03,22350,NA,N,C,C,A,A,H,-,A,D,1,NA,NA,Y,NA,Y,NA,A,07,0,0,3,0,0,0,0,0,1,-,-,32.75492,-117.20167,SAN DIEGO,SAN DIEGO,-117.19933731,32.75329925
6831331,2015,2016-11-04,9650,2015-02-16,1405,17994,NA,1,2,9,3700,0,1,3,NA,1,028,RT 76,PALA MISSION RD,8976,W,N,A,-,Y,SD,11,76,-,-,21.26,H,-,E,Y,4,0,1,2,A,-,03,22350,NA,N,C,C,A,A,H,-,A,D,0,NA,NA,NA,NA,Y,NA,A,01,0,0,1,0,0,0,0,0,0,-,-,33.35619,-117.11156,SAN DIEGO,UNINCORPORATED,-117.11158827,33.35623862
6832690,2015,2015-03-05,3700,2015-02-21,1329,SH2439,NA,6,5,5,3713,0,0,0,NA,0,305,W EAST DR,NAOMI DR,15,W,N,A,-,N,NA,NA,NA,NA,NA,NA,NA,NA,NA,Y,3,0,1,1,A,-,01,23152,A,N,E,I,A,A,H,-,A,D,0,NA,NA,NA,NA,Y,Y,A,01,0,1,0,0,0,0,0,0,0,-,-,NA,NA,SAN DIEGO,VISTA,-117.25002595,33.21542598
6834564,2015,2015-03-09,3700,2015-01-17,2327,SH0817,NA,6,5,5,3713,0,0,0,NA,0,319,SHADOWRIDGE DR,SEQUOIA CRST,198,W,N,A,-,N,NA,NA,NA,NA,NA,NA,NA,NA,NA,Y,4,0,1,1,A,-,01,23152,A,N,E,I,A,A,H,-,C,D,0,NA,NA,NA,NA,Y,Y,A,01,0,0,1,0,0,0,0,0,0,-,-,NA,NA,SAN DIEGO,VISTA,-117.25536974,33.15861565
6834883,2015,2015-04-14,3711,2015-02-21,1633,6763,NA,6,5,7,3711,0,0,0,NA,0,438,MORNINGSIDE ST,WINCHESTER,252,N,N,A,-,N,NA,NA,NA,NA,NA,NA,NA,NA,NA,NA,4,0,1,2,A,-,-,NA,NA,N,-,-,-,A,H,-,A,-,0,Y,NA,NA,NA,Y,NA,N,60,0,0,1,0,1,0,0,0,0,-,-,NA,NA,SAN DIEGO,SAN DIEGO,-117.06439257,32.67382384
6835688,2015,2016-09-06,9645,2015-02-07,1110,018936,NA,6,1,6,3702,0,1,1,NA,2,001,RT 5,F ST,250,N,N,A,-,Y,SD,11,5,-,-,8.38,H,-,N,Y,3,0,2,2,A,-,03,22350,NA,F,C,C,A,A,H,-,A,D,1,NA,NA,Y,NA,Y,NA,C,02,0,2,0,0,0,0,0,0,2,-,-,32.63772,-117.09918,SAN DIEGO,CHULA VISTA,-117.09889248,32.63702007
6835713,2015,2016-10-04,9645,2015-02-10,1220,018118,NA,2,1,6,3702,0,1,1,NA,2,009,RT 805,PALOMAR ST,800,N,N,A,-,Y,SD,11,805,-,-,5.21,H,-,N,Y,4,0,1,2,A,-,03,22350,NA,N,C,C,A,A,D,-,A,D,1,NA,NA,NA,NA,Y,NA,A,01,0,0,1,0,0,0,0,0,0,-,-,32.62215,-117.04081,SAN DIEGO,CHULA VISTA,-117.03868469,32.6169926
6836017,2015,2016-09-12,9650,2015-02-17,1615,015531,NA,2,2,6,3710,0,1,3,NA,2,015,RT 78,EL CAMINIO REAL,525,W,N,A,-,Y,SD,11,78,-,-,1.4,H,-,E,N,4,0,1,2,A,-,03,22350,NA,N,C,C,A,A,H,-,A,D,1,NA,NA,NA,NA,Y,NA,A,08,0,0,1,0,0,0,0,0,0,-,-,33.18122,-117.32809,SAN DIEGO,OCEANSIDE,-117.32855903,33.18122928
6836018,2015,2016-10-18,9650,2015-02-14,1050,014615,NA,6,1,5,3782,0,1,1,NA,2,007,RT 5,BIRMINGHAM DR,2640,N,N,A,-,Y,SD,11,5,-,R,40.33,H,-,N,Y,3,0,1,2,A,-,03,22350,NA,N,C,C,A,A,H,-,A,D,1,NA,NA,NA,NA,Y,NA,A,08,0,1,0,0,0,0,0,0,0,-,-,NA,NA,SAN DIEGO,ENCINITAS,-117.27898326,33.03278582
6837377,2015,2016-10-04,9645,2015-02-19,1545,20066,NA,4,2,7,3711,0,1,1,NA,2,009,RT 805,SAN YSIDRO BL,2000,N,N,B,-,Y,SD,11,805,-,-,1.06,H,-,S,Y,3,0,2,2,A,-,03,22350,NA,N,C,C,A,A,H,-,A,D,1,NA,NA,NA,NA,Y,NA,A,01,0,1,1,0,0,0,0,0,0,-,-,32.56158,-117.04217,SAN DIEGO,SAN DIEGO,-117.0425464,32.55754717
6837675,2015,2015-03-18,3706,2015-02-23,1532,ES0322,NA,1,5,6,3706,0,0,0,NA,0,052,GRAND AV,VALLEY BL,0,NA,Y,A,-,N,NA,NA,NA,NA,NA,NA,NA,NA,NA,Y,4,0,3,3,A,-,12,21453,A,N,D,C,A,A,H,-,A,A,0,NA,NA,NA,NA,Y,NA,A,01,0,0,3,0,0,0,0,0,0,-,-,NA,NA,SAN DIEGO,ESCONDIDO,-117.07663012,33.12408003
6837679,2015,2016-04-07,3706,2015-02-18,1020,ES0453,NA,3,5,6,3706,0,0,0,NA,0,042,LINCOLN AV,GAMBLE ST,79,E,N,A,-,N,NA,NA,NA,NA,NA,NA,NA,NA,NA,Y,3,0,1,1,B,-,22,NA,NA,N,E,I,A,A,H,-,A,A,0,NA,NA,NA,NA,Y,NA,A,01,0,1,0,0,0,0,0,0,0,-,-,NA,NA,SAN DIEGO,ESCONDIDO,-117.08205151,33.135261
6837693,2015,2015-03-19,3711,2015-02-10,1000,5061,NA,2,5,7,3711,0,0,0,NA,0,111,BALBOA AV,MOUNT RIAS PL,75,W,N,A,-,N,NA,NA,NA,NA,NA,NA,NA,NA,NA,N,3,0,1,2,A,-,10,21952,NA,N,G,B,F,A,H,-,A,D,0,Y,NA,NA,NA,Y,NA,A,07,0,1,0,0,1,0,0,0,0,-,-,NA,NA,SAN DIEGO,SAN DIEGO,-117.17368331,32.82037181
6837873,2015,2015-03-24,3711,2015-02-24,0637,6485,NA,2,5,7,3711,0,0,0,NA,0,NA,69TH ST,EL CAJON BL,150,S,N,A,-,N,NA,NA,NA,NA,NA,NA,NA,NA,NA,Y,4,0,1,3,A,-,09,21804,A,N,D,C,A,A,H,-,A,D,0,NA,NA,NA,NA,Y,NA,-,NA,0,0,1,0,0,0,0,0,0,-,-,NA,NA,SAN DIEGO,SAN DIEGO,-117.04926616,32.76825916
6839743,2015,2016-09-09,3711,2015-02-24,1515,4507,NA,2,5,7,3711,0,0,0,NA,0,114,GENESEE AV,RT 52,30,N,N,A,-,Y,SD,11,52,-,-,2.463,R,4,E,N,4,0,1,1,A,-,08,22107,NA,N,H,A,A,A,H,-,A,A,0,NA,Y,NA,NA,Y,NA,L,04,0,0,1,0,0,0,1,0,0,-,EF,NA,NA,SAN DIEGO,SAN DIEGO,-117.20011359,32.84623133
6840012,2015,2016-11-04,3703,2015-02-17,1335,1137,NA,2,5,3,3703,0,0,0,NA,0,003,RT 75,GLORIETTA BL,0,NA,Y,A,-,Y,SD,11,75,-,-,18.52,I,6,S,Y,4,0,1,2,A,-,11,21950,B,N,H,A,D,A,H,-,A,A,0,Y,NA,Y,NA,Y,NA,N,60,0,0,1,0,0,0,0,0,1,-,-,NA,NA,SAN DIEGO,CORONADO,-117.17653407,32.68085264
6840557,2015,2016-09-06,9645,2015-02-25,0620,14922,NA,3,1,5,3709,0,1,1,NA,2,001,RT 5,RT 54,800,N,N,A,-,Y,SD,11,5,-,-,9.55,H,-,N,N,4,0,1,2,A,-,03,22350,NA,N,F,A,A,A,H,-,A,D,1,NA,NA,Y,NA,Y,NA,C,02,0,0,1,0,0,0,0,0,1,-,-,32.6531,-117.10505,SAN DIEGO,NATIONAL CITY,-117.10495398,32.65320364
6840793,2015,2015-03-26,9650,2015-03-06,1400,015803,NA,5,2,9,3700,0,3,5,NA,2,070,VIA DE LA VALLE,VIA DE SANTA FE,800,E,N,A,-,N,NA,NA,NA,NA,NA,NA,NA,NA,NA,Y,3,0,1,1,A,-,01,23152,A,N,E,I,A,A,H,-,A,D,0,NA,NA,NA,NA,Y,Y,D,22,0,1,0,0,0,0,0,0,0,-,-,NA,NA,SAN DIEGO,UNINCORPORATED,-117.19927,33.01531
6841606,2015,2016-09-13,9650,2015-03-02,0410,019308,NA,1,3,5,3712,0,1,3,NA,2,019,RT 78,WOODLAND PKWY,475,E,N,C,-,Y,SD,11,78,-,-,14.35,H,-,W,Y,3,0,1,1,A,-,08,22107,NA,N,E,I,A,B,H,-,D,D,1,NA,NA,NA,NA,Y,NA,A,01,0,1,0,0,0,0,0,0,0,-,-,NA,NA,SAN DIEGO,SAN MARCOS,-117.13951203,33.13807458
6841642,2015,2015-03-24,9650,2015-03-02,0720,017994,NA,1,1,9,3700,0,3,5,NA,2,213,PALA TEMECULA RD,PALA MISSION RD,23760,N,N,B,C,N,NA,NA,NA,NA,NA,NA,NA,NA,NA,Y,4,0,1,1,A,-,08,22107,NA,N,E,I,A,B,H,-,B,D,0,NA,NA,NA,NA,Y,NA,A,01,0,0,1,0,0,0,0,0,0,-,-,NA,NA,SAN DIEGO,UNINCORPORATED,-117.1059,33.3919
6842895,2015,2016-11-04,9650,2015-02-18,1620,016026,NA,3,2,9,3700,0,1,3,NA,2,065,RT 76,RAMONA DR,1584,E,N,A,-,Y,SD,11,76,-,-,13.51,H,-,E,Y,3,0,3,3,A,-,03,22350,NA,N,C,C,A,A,D,-,A,D,0,NA,NA,NA,NA,Y,NA,A,07,0,1,2,0,0,0,0,0,0,-,-,33.30588,-117.21193,SAN DIEGO,UNINCORPORATED,-117.21163176,33.30569632
6842917,2015,2015-03-18,9680,2015-02-23,1650,019870,NA,1,2,9,3700,0,3,5,NA,2,002,AMYS ST,PRESIOCA ST,258,E,N,A,-,N,NA,NA,NA,NA,NA,NA,NA,NA,NA,Y,4,0,2,2,A,-,09,21804,A,N,D,C,A,A,H,-,A,A,0,NA,NA,NA,NA,Y,NA,A,01,0,0,2,0,0,0,0,0,0,-,-,32.72045,-117.00077,SAN DIEGO,UNINCORPORATED,-117.00057413,32.72048342
6842971,2015,2015-03-17,3705,2015-02-06,1922,EC0295,NA,5,5,5,3705,0,0,0,NA,0,008,AVOCADO,E CHASE,0,NA,Y,A,-,N,NA,NA,NA,NA,NA,NA,NA,NA,NA,Y,3,0,2,2,A,-,09,21453,C,N,D,C,A,A,H,-,C,A,0,NA,NA,NA,NA,Y,NA,A,01,0,1,1,0,0,0,0,0,0,-,-,NA,NA,SAN DIEGO,EL CAJON,-116.95782001,32.78039007
6844379,2015,2015-04-08,3711,2015-03-01,1839,6931,SD,7,5,7,3711,0,0,0,NA,0,515,IMPERIAL AV,28TH ST,11,W,N,C,-,N,NA,NA,NA,NA,NA,NA,NA,NA,NA,Y,4,0,2,2,A,-,09,21801,A,N,D,C,A,B,H,-,C,A,0,NA,NA,NA,NA,Y,NA,-,NA,0,0,2,0,0,0,0,0,0,-,-,NA,NA,SAN DIEGO,SAN DIEGO,-117.13394564,32.70638