CASE_ID,ACCIDENT_YEAR,PROC_DATE,JURIS,COLLISION_DATE,COLLISION_TIME,OFFICER_ID,REPORTING_DISTRICT,DAY_OF_WEEK,CHP_SHIFT,POPULATION,CNTY_CITY_LOC,SPECIAL_COND,BEAT_TYPE,CHP_BEAT_TYPE,CITY_DIVISION_LAPD,CHP_BEAT_CLASS,BEAT_NUMBER,PRIMARY_RD,SECONDARY_RD,DISTANCE,DIRECTION,INTERSECTION,WEATHER_1,WEATHER_2,STATE_HWY_IND,CALTRANS_COUNTY,CALTRANS_DISTRICT,STATE_ROUTE,ROUTE_SUFFIX,POSTMILE_PREFIX,POSTMILE,LOCATION_TYPE,RAMP_INTERSECTION,SIDE_OF_HWY,TOW_AWAY,COLLISION_SEVERITY,NUMBER_KILLED,NUMBER_INJURED,PARTY_COUNT,PRIMARY_COLL_FACTOR,PCF_CODE_OF_VIOL,PCF_VIOL_CATEGORY,PCF_VIOLATION,PCF_VIOL_SUBSECTION,HIT_AND_RUN,TYPE_OF_COLLISION,MVIW,PED_ACTION,ROAD_SURFACE,ROAD_COND_1,ROAD_COND_2,LIGHTING,CONTROL_DEVICE,CHP_ROAD_TYPE,PEDESTRIAN_ACCIDENT,BICYCLE_ACCIDENT,MOTORCYCLE_ACCIDENT,TRUCK_ACCIDENT,NOT_PRIVATE_PROPERTY,ALCOHOL_INVOLVED,STWD_VEHTYPE_AT_FAULT,CHP_VEHTYPE_AT_FAULT,COUNT_SEVERE_INJ,COUNT_VISIBLE_INJ,COUNT_COMPLAINT_PAIN,COUNT_PED_KILLED,COUNT_PED_INJURED,COUNT_BICYCLIST_KILLED,COUNT_BICYCLIST_INJURED,COUNT_MC_KILLED,COUNT_MC_INJURED,PRIMARY_RAMP,SECONDARY_RAMP,LATITUDE,LONGITUDE,COUNTY,CITY,POINT_X,POINT_Y
6952449,2015,2016-11-19,9645,2015-05-23,2228,020301,NA,6,3,7,3711,0,1,3,NA,2,006,RT 94,BROADWAY,500,E,N,A,-,Y,SD,11,94,-,-,2.86,H,-,W,N,2,0,1,2,A,-,11,21954,A,N,G,B,E,A,H,-,C,D,1,Y,NA,NA,NA,Y,NA,N,60,1,0,0,0,1,0,0,0,0,-,-,NA,NA,SAN DIEGO,SAN DIEGO,-117.12327789,32.71567476
6953146,2015,2015-06-16,3711,2015-05-12,1241,4897,NA,2,5,7,3711,0,0,0,NA,0,113,SANTA FE ST,DAMON AV,7392,N,N,A,-,N,NA,NA,NA,NA,NA,NA,NA,NA,NA,N,2,0,1,1,D,-,00,NA,NA,N,F,A,A,A,H,-,A,D,0,NA,Y,NA,NA,Y,NA,-,-,1,0,0,0,0,0,1,0,0,-,-,NA,NA,SAN DIEGO,SAN DIEGO,-117.23155598,32.82551279
6953973,2015,2015-07-08,3700,2015-05-15,0730,SH7236,NA,5,5,5,3782,0,0,0,NA,0,206,LEUCADIA BL,GARDEN VIEW RD,1652,W,N,C,-,N,NA,NA,NA,NA,NA,NA,NA,NA,NA,Y,2,0,1,1,C,-,18,NA,NA,N,E,I,A,B,H,-,A,D,0,NA,NA,NA,NA,Y,NA,-,-,1,0,0,0,0,0,0,0,0,-,-,NA,NA,SAN DIEGO,ENCINITAS,-117.27297645,33.06846492
6954828,2015,2015-07-07,3700,2015-04-15,1129,SH3121,NA,3,5,4,3707,0,0,0,NA,0,705,ELM AV,12TH ST,0,NA,Y,A,-,N,NA,NA,NA,NA,NA,NA,NA,NA,NA,N,4,0,1,2,A,-,09,21800,NA,N,H,A,A,A,H,-,A,-,0,NA,NA,Y,NA,Y,NA,-,NA,0,0,1,0,0,0,0,0,1,-,-,NA,NA,SAN DIEGO,IMPERIAL BEACH,-117.10814,32.58067009
6955487,2015,2016-06-06,9650,2015-06-04,1155,014615,NA,4,1,9,3700,0,2,4,NA,2,061,SOUTH MISSION RD,GREEN CANYON RD,800,N,N,B,-,N,NA,NA,NA,NA,NA,NA,NA,NA,NA,N,4,0,3,2,A,-,09,21804,A,N,D,C,A,A,H,-,A,D,0,NA,NA,NA,Y,Y,NA,F,26,0,0,3,0,0,0,0,0,0,-,-,NA,NA,SAN DIEGO,UNINCORPORATED,-117.23663469,33.33511515
6955639,2015,2015-07-22,3700,2015-01-25,1750,SH7710,NA,7,5,5,3781,0,0,0,NA,0,518,FANITA DR,PROSPECT AV,0,NA,Y,A,-,N,NA,NA,NA,NA,NA,NA,NA,NA,NA,N,3,0,1,2,A,-,12,21453,A,N,D,G,A,A,H,-,C,A,0,NA,Y,NA,NA,Y,Y,L,04,0,1,0,0,0,0,1,0,0,-,-,NA,NA,SAN DIEGO,SANTEE,-117.00071,32.83381006
6955814,2015,2016-12-28,9645,2015-06-09,1830,016816,NA,2,2,7,3711,0,1,1,NA,2,015,RT 805,LA JOLLA VILLAGE DR,500,S,N,B,-,Y,SD,11,805,-,-,24.85,H,-,S,N,4,0,1,2,A,-,03,22350,NA,N,C,C,A,A,H,-,A,D,1,NA,NA,NA,NA,Y,NA,A,07,0,0,1,0,0,0,0,0,0,-,-,32.87357,-117.19854,SAN DIEGO,SAN DIEGO,-117.18828085,32.86261241
6955834,2015,2016-11-22,9645,2015-06-04,1712,16816,NA,4,2,7,3711,0,1,1,NA,2,007,RT 5,CARMEL MOUNTAIN RD,300,S,N,B,-,Y,SD,11,5,-,R,31.7,H,-,S,N,4,0,1,3,A,-,03,22350,NA,N,B,C,A,A,H,-,A,D,1,NA,NA,Y,NA,Y,NA,C,02,0,0,1,0,0,0,0,0,1,-,-,32.91771,-117.23451,SAN DIEGO,SAN DIEGO,-117.23320119,32.91670358
6955915,2015,2015-07-10,3711,2015-06-02,1549,5600,NA,2,5,7,3711,0,0,0,NA,0,313,CONVOY ST,ARMOUR ST,262,S,N,A,-,N,NA,NA,NA,NA,NA,NA,NA,NA,NA,Y,3,0,4,2,A,-,09,21801,A,N,D,C,A,A,H,-,A,D,0,NA,NA,NA,NA,Y,NA,A,01,0,1,3,0,0,0,0,0,0,-,-,NA,NA,SAN DIEGO,SAN DIEGO,-117.15497994,32.81929361
6960223,2015,2016-11-22,3711,2015-06-06,0950,6252,TRAFF,6,5,7,3711,0,0,0,NA,0,126,GENESEE AV,RT 5,0,NA,Y,A,-,Y,SD,11,5,-,R,29.632,R,4,S,Y,3,0,2,2,A,-,12,21453,A,N,D,C,A,A,D,-,A,A,0,NA,NA,NA,NA,Y,NA,A,07,0,1,1,0,0,0,0,0,0,-,SF,NA,NA,SAN DIEGO,SAN DIEGO,-117.22764788,32.88958383
6960488,2015,2015-06-26,3706,2015-05-27,1343,ES0355,NA,3,5,6,3706,0,0,0,NA,0,045,ROCK SPRINGS RD,MISSION AV,0,NA,Y,A,-,N,NA,NA,NA,NA,NA,NA,NA,NA,NA,N,4,0,4,2,A,-,08,22107,NA,N,B,C,A,A,H,-,A,A,0,NA,NA,NA,NA,Y,NA,A,07,0,0,4,0,0,0,0,0,0,-,-,NA,NA,SAN DIEGO,ESCONDIDO,-117.09745006,33.12657005
6960552,2015,2015-06-26,3710,2015-05-29,1005,OC0873,NA,5,5,6,3710,0,0,0,NA,0,035,COLLEGE BL,SILVER BLUFF DR,30,S,N,A,-,N,NA,NA,NA,NA,NA,NA,NA,NA,NA,Y,3,0,1,2,A,-,09,21800,D,N,D,C,A,A,H,-,A,B,0,NA,NA,NA,NA,Y,NA,A,01,0,1,0,0,0,0,0,0,0,-,-,NA,NA,SAN DIEGO,OCEANSIDE,-117.29078864,33.23936145
6960556,2015,2015-06-26,3710,2015-05-27,2152,OC1352,NA,3,5,6,3710,0,0,0,NA,0,031,CANNON RD,LAKE BL,0,NA,Y,A,-,N,NA,NA,NA,NA,NA,NA,NA,NA,NA,Y,4,0,2,2,D,-,00,NA,NA,N,D,C,A,A,H,-,C,A,0,NA,NA,NA,NA,Y,NA,-,-,0,0,2,0,0,0,0,0,0,-,-,NA,NA,SAN DIEGO,OCEANSIDE,-117.25504008,33.17101005
6961234,2015,2016-12-01,9645,2015-05-30,2355,19376,NA,6,3,7,3711,0,1,1,NA,2,010,RT 8,FAIRMOUNT AV,0,W,N,B,-,Y,SD,11,8,-,-,6.262,R,2,E,N,3,0,1,2,A,-,11,21954,A,N,G,B,E,A,H,-,D,D,1,Y,NA,NA,NA,Y,NA,N,60,0,1,0,0,1,0,0,0,0,FR,-,32.778,-117.1,SAN DIEGO,SAN DIEGO,-117.1016316,32.77896051
6964126,2015,2015-06-26,3702,2015-05-27,1531,CV1154,NA,3,5,6,3702,0,0,0,NA,0,024,OTAY VALLEY RD,DATE ST,15,E,N,A,-,N,NA,NA,NA,NA,NA,NA,NA,NA,NA,N,4,0,1,1,A,-,03,22350,NA,N,E,I,A,A,H,-,A,D,0,NA,NA,NA,Y,Y,NA,F,26,0,0,1,0,0,0,0,0,0,-,-,NA,NA,SAN DIEGO,CHULA VISTA,-117.04814821,32.59437911
6964154,2015,2015-07-11,9650,2015-06-01,2320,019308,NA,1,3,9,3700,0,3,5,NA,2,170,EAST VISTA WY,OSBORNE ST,15,S,N,A,-,N,NA,NA,NA,NA,NA,NA,NA,NA,NA,Y,3,0,1,2,A,-,01,23152,A,N,C,C,A,A,H,-,D,A,0,NA,NA,NA,NA,Y,Y,D,22,0,1,0,0,0,0,0,0,0,-,-,33.2377,-117.2267,SAN DIEGO,UNINCORPORATED,-117.22627,33.23759891
6964158,2015,2015-07-11,9650,2015-06-09,1758,017994,NA,2,2,9,3700,0,3,5,NA,1,212,CIRCLE R DR,OLD HWY 395,765,E,N,B,-,N,NA,NA,NA,NA,NA,NA,NA,NA,NA,Y,4,0,1,3,A,-,08,22107,NA,N,C,E,A,A,H,-,A,D,0,NA,NA,NA,NA,Y,NA,A,01,0,0,1,0,0,0,0,0,0,-,-,33.25479,-117.15192,SAN DIEGO,UNINCORPORATED,-117.15180118,33.25475
6965358,2015,2015-07-22,3711,2015-06-17,0844,7214,NA,3,5,7,3711,0,0,0,NA,0,576,MARKET ST,33RD ST,1056,E,N,A,-,N,NA,NA,NA,NA,NA,NA,NA,NA,NA,Y,4,0,2,2,A,-,03,22350,NA,N,C,C,A,A,H,-,A,A,0,NA,NA,NA,NA,Y,NA,-,-,0,0,2,0,0,0,0,0,0,-,-,NA,NA,SAN DIEGO,SAN DIEGO,-117.11972909,32.71162693
6965369,2015,2015-07-13,3705,2015-06-05,1420,EC0295,NA,5,5,5,3705,0,0,0,NA,0,007,N 2ND,CLARENDON,0,NA,Y,A,-,N,NA,NA,NA,NA,NA,NA,NA,NA,NA,Y,3,0,1,2,A,-,09,21800,A,N,D,C,A,A,H,-,A,A,0,NA,NA,Y,NA,Y,NA,C,02,0,1,0,0,0,0,0,0,1,-,-,NA,NA,SAN DIEGO,EL CAJON,-116.9358001,32.80874012
6965861,2015,2016-04-13,3711,2015-06-11,1024,6833,SANDI,4,5,7,3711,0,0,0,NA,0,314,GENESSE,HEALTH CENTER DR,0,NA,Y,B,-,N,NA,NA,NA,NA,NA,NA,NA,NA,NA,N,4,0,1,3,A,-,04,21703,NA,N,C,C,A,A,H,-,A,A,0,NA,NA,Y,NA,Y,NA,-,NA,0,0,1,0,0,0,0,0,0,-,-,NA,NA,SAN DIEGO,SAN DIEGO,-117.15634007,32.79264011
6965904,2015,2015-07-13,3700,2015-06-04,1800,SH0817,NA,4,5,5,3713,0,0,0,NA,0,315,BUENA VISTA DR,KEYS PL,275,S,N,A,-,N,NA,NA,NA,NA,NA,NA,NA,NA,NA,N,4,0,1,2,A,-,03,22350,NA,N,C,C,A,A,H,-,A,D,0,NA,NA,Y,NA,Y,NA,C,02,0,0,1,0,0,0,0,0,1,-,-,NA,NA,SAN DIEGO,VISTA,-117.24642,33.1699584
6966748,2015,2016-12-01,9680,2015-06-07,0053,020343,NA,7,3,5,3708,0,1,1,NA,2,082,RT 8,EL CAJON BL,200,E,N,A,-,Y,SD,11,8,-,-,11.44,H,-,W,Y,3,0,1,2,A,-,01,23152,A,M,C,C,A,A,H,-,C,D,1,NA,NA,NA,Y,Y,Y,A,01,0,1,0,0,0,0,0,0,0,-,-,32.7731,-117.0165,SAN DIEGO,LA MESA,-117.01630603,32.77307658
6966764,2015,2016-12-20,9680,2015-06-13,1154,015578,NA,6,1,9,3700,0,1,3,NA,2,028,RT 125,JAMACHA RD,1584,S,N,A,-,Y,SD,11,125,-,-,10.32,H,-,N,Y,4,0,1,2,A,-,07,21658,A,N,C,C,A,A,H,-,A,D,1,NA,NA,NA,Y,Y,NA,A,07,0,0,1,0,0,0,0,0,0,-,-,32.70859,-117.01173,SAN DIEGO,UNINCORPORATED,-117.01243658,32.71039923
6967299,2015,2016-11-21,9650,2015-06-10,0355,14676,NA,3,3,3,3783,0,1,1,NA,2,007,RT 5,VIA DE LA VALLE,2112,N,N,B,F,Y,SD,11,5,-,R,36.91,H,-,S,Y,3,0,1,1,A,-,08,22107,NA,N,E,I,A,A,H,-,C,D,1,NA,NA,NA,NA,Y,NA,A,01,0,1,0,0,0,0,0,0,0,-,-,33.08844,-117.25567,SAN DIEGO,SOLANA BEACH,-117.25564894,32.98885907
6969015,2015,2016-06-14,9680,2015-06-05,2342,019998,NA,5,3,9,3700,0,3,5,NA,2,001,RT 8 BUSINESS,LOS COCHES RD,1056,E,N,A,-,N,NA,NA,NA,NA,NA,NA,NA,NA,NA,Y,3,0,1,1,A,-,01,23152,A,N,E,I,A,A,H,-,C,D,0,NA,NA,NA,NA,Y,Y,A,01,0,1,0,0,0,0,0,0,0,-,-,32.83252,-116.9054,SAN DIEGO,UNINCORPORATED,-116.90085274,32.82862375
6970210,2015,2015-07-07,3711,2015-06-16,1755,4051,NA,2,5,7,3711,0,0,0,NA,0,814,W MOUNTAIN VIEW DR,COLLIER AV,24,S,N,A,-,N,NA,NA,NA,NA,NA,NA,NA,NA,NA,N,3,0,1,2,A,-,17,22517,NA,N,-,G,A,A,H,-,A,D,0,NA,Y,NA,NA,Y,NA,-,NA,0,1,0,0,0,0,1,0,0,-,-,NA,NA,SAN DIEGO,SAN DIEGO,-117.12620608,32.76540568
6970481,2015,2015-07-27,3705,2015-06-26,1542,EC0163,NA,5,5,5,3705,0,0,0,NA,0,006,JOHNSON,ARNELE,0,NA,Y,A,-,N,NA,NA,NA,NA,NA,NA,NA,NA,NA,Y,4,0,2,3,A,-,03,22350,NA,N,C,C,A,A,H,-,A,A,0,NA,NA,NA,NA,Y,NA,A,01,0,0,2,0,0,0,0,0,0,-,-,NA,NA,SAN DIEGO,EL CAJON,-116.97104005,32.80395008
6971992,2015,2015-07-01,9680,2015-05-31,1425,017996,NA,7,2,9,3700,0,2,4,NA,1,025,SWEETWATER RD,JAMACHA BL,450,N,N,A,-,N,NA,NA,NA,NA,NA,NA,NA,NA,NA,N,3,0,1,2,A,-,08,22107,NA,N,D,G,A,A,H,-,A,D,0,NA,Y,NA,NA,Y,NA,A,07,0,1,0,0,0,0,1,0,0,-,-,32.70706,-117.0108,SAN DIEGO,UNINCORPORATED,-117.01071604,32.70630613
6973017,2015,2016-12-20,9680,2015-06-04,0400,016694,NA,4,3,9,3700,0,1,3,NA,2,016,RT 67,MAPLEVIEW ST,0,NA,Y,A,-,Y,SD,11,67,-,R,5.479,I,5,N,Y,3,0,1,2,A,-,12,21453,A,N,D,C,A,A,H,-,C,A,1,NA,NA,NA,NA,Y,NA,A,07,0,1,0,0,0,0,0,0,0,-,-,32.8627,-116.9229,SAN DIEGO,UNINCORPORATED,-116.92305487,32.86230279
6973516,2015,2015-11-06,3711,2015-06-16,1724,7030,3711,2,5,7,3711,0,0,0,NA,0,611,HANCOCK ST,SPORTS ARENA BL,430,N,N,A,-,N,NA,NA,NA,NA,NA,NA,NA,NA,NA,N,3,0,1,2,A,-,08,22100,B,N,B,C,A,A,H,-,A,D,0,NA,NA,NA,NA,Y,NA,-,NA,0,1,0,0,0,0,0,0,0,-,-,NA,NA,SAN DIEGO,SAN DIEGO,-117.21682589,32.75581773
6974716,2015,2015-07-10,3700,2015-06-15,0335,SH0029,NA,1,5,5,3713,0,0,0,NA,0,306,TOWNSITE DR,WELLPOT PL,10,W,N,A,-,N,NA,NA,NA,NA,NA,NA,NA,NA,NA,Y,4,0,2,2,A,-,01,23152,E,N,E,E,A,A,H,-,C,D,0,NA,NA,NA,NA,Y,Y,A,01,0,0,2,0,0,0,0,0,0,-,-,NA,NA,SAN DIEGO,VISTA,-117.24036666,33.21235424
6975531,2015,2015-07-08,3700,2015-06-10,0613,SH2497,NA,3,5,5,3712,0,0,0,NA,0,360,WEST SAN MARCOS BL,GRAND AV,0,NA,Y,A,-,N,NA,NA,NA,NA,NA,NA,NA,NA,NA,Y,4,0,1,2,A,-,12,21453,A,N,D,C,A,A,H,-,A,A,0,NA,NA,NA,NA,Y,NA,A,01,0,0,1,0,0,0,0,0,0,-,-,NA,NA,SAN DIEGO,SAN MARCOS,-117.1790901,33.13723008
6975609,2015,2015-07-06,3711,2015-06-23,0055,4310,NA,2,5,7,3711,0,0,0,NA,0,531,PERSHING DR,26TH ST,64,N,N,B,-,N,NA,NA,NA,NA,NA,NA,NA,NA,NA,Y,4,0,1,1,A,-,08,22107,NA,N,E,I,A,A,H,-,C,D,0,NA,NA,NA,NA,Y,Y,A,07,0,0,1,0,0,0,0,0,0,-,-,NA,NA,SAN DIEGO,SAN DIEGO,-117.14251129,32.72286887
6976208,2015,2016-12-19,3710,2015-06-15,0845,OC1274,NA,1,5,6,3710,0,0,0,NA,0,022,RT 76,MELROSE,85,E,N,A,-,Y,SD,11,76,-,R,7.78,H,-,E,Y,4,0,1,2,A,-,03,22350,NA,N,C,C,A,A,H,-,A,A,0,NA,NA,NA,Y,Y,NA,F,25,0,0,1,0,0,0,0,0,0,-,-,NA,NA,SAN DIEGO,OCEANSIDE,-117.26466179,33.25177671
6976520,2015,2015-07-06,3700,2015-05-15,2122,SH3183,NA,5,5,5,3782,0,0,0,NA,0,206,NORTH EL CAMINO REAL,GARDEN VIEW RD,1050,N,N,A,-,N,NA,NA,NA,NA,NA,NA,NA,NA,NA,Y,3,0,1,1,A,-,03,22350,NA,N,E,I,A,A,H,-,C,D,0,NA,NA,NA,NA,Y,NA,A,07,0,1,0,0,0,0,0,0,0,-,-,NA,NA,SAN DIEGO,ENCINITAS,-117.26286712,33.06140596
6976609,2015,2015-07-14,3710,2015-06-15,1720,OC0754,NA,1,5,6,3710,0,0,0,NA,0,012,EL CAMINIO REAL,OCEANSIDE BL,515,S,N,B,-,N,NA,NA,NA,NA,NA,NA,NA,NA,NA,Y,3,0,2,3,A,-,03,22350,NA,N,C,C,A,A,H,-,A,A,0,NA,NA,NA,NA,Y,NA,-,NA,0,1,1,0,0,0,0,0,0,-,-,NA,NA,SAN DIEGO,OCEANSIDE,-117.33152782,33.20062498
6976736,2015,2016-11-18,3706,2015-06-23,1834,ES0403,NA,2,5,6,3706,0,0,0,NA,0,044,ASH ST,WASHINGTON AV,0,NA,Y,A,-,Y,SD,11,78,-,T,19.09,I,5,E,Y,3,0,2,2,A,-,12,21453,A,N,D,C,A,A,H,-,A,A,0,NA,NA,NA,NA,Y,NA,A,01,0,2,0,0,0,0,0,0,0,-,-,NA,NA,SAN DIEGO,ESCONDIDO,-117.06803226,33.13307984
6976764,2015,2015-07-10,3706,2015-06-12,2231,ES0475,NA,5,5,6,3706,0,0,0,NA,0,051,E VIA RANCHO PKWY,WESTFIELD WY,0,NA,Y,A,-,N,NA,NA,NA,NA,NA,NA,NA,NA,NA,N,4,0,1,2,A,-,21,22106,NA,F,C,C,A,A,H,-,C,A,0,NA,NA,NA,NA,Y,NA,A,01,0,0,1,0,0,0,0,0,0,-,-,NA,NA,SAN DIEGO,ESCONDIDO,-117.06772005,33.06869005
6978431,2015,2015-07-15,3709,2015-06-13,1215,419,NA,6,5,5,3709,0,0,0,NA,0,023,L AV,20TH ST,0,NA,Y,A,-,N,NA,NA,NA,NA,NA,NA,NA,NA,NA,Y,4,0,1,2,D,-,00,NA,NA,N,D,C,A,A,H,-,A,D,0,NA,NA,NA,NA,Y,NA,-,-,0,0,1,0,0,0,0,0,0,-,-,NA,NA,SAN DIEGO,NATIONAL CITY,-117.09060005,32.66892008
6978591,2015,2015-08-03,9645,2015-06-12,0915,018344,NA,5,1,7,3711,1,4,S,NA,2,901,WEST MISSION BAY DR,INGRAHAM ST,10,W,N,C,-,N,NA,NA,NA,NA,NA,NA,NA,NA,NA,Y,4,0,1,2,A,-,03,22350,NA,N,B,C,A,B,H,-,A,D,0,NA,NA,NA,NA,Y,NA,A,01,0,0,1,0,0,0,0,0,0,FR,-,32.72642,-117.23283,SAN DIEGO,SAN DIEGO,-117.2328424,32.76414105
6978862,2015,2015-07-22,3711,2015-06-17,1804,7178,3711,3,5,7,3711,0,0,0,NA,0,521,MARKET ST,9TH AV,0,NA,Y,-,-,N,NA,NA,NA,NA,NA,NA,NA,NA,NA,Y,4,0,4,4,A,-,17,21657,NA,N,A,C,A,-,-,-,-,A,0,NA,NA,NA,NA,Y,NA,-,NA,0,0,4,0,0,0,0,0,0,-,-,NA,NA,SAN DIEGO,SAN DIEGO,-117.15650009,32.71152009
6978870,2015,2015-07-15,3711,2015-06-21,0130,6060,NA,7,5,7,3711,0,0,0,NA,0,825,FAIRMOUNT AV,MONTEZUMA RD,60,S,N,-,-,N,NA,NA,NA,NA,NA,NA,NA,NA,NA,Y,4,0,1,2,A,-,08,22107,NA,M,B,C,A,-,-,-,-,D,0,NA,NA,NA,NA,Y,NA,-,NA,0,0,1,0,0,0,0,0,0,-,-,NA,NA,SAN DIEGO,SAN DIEGO,-117.09713436,32.77228843
6978944,2015,2015-07-07,3711,2015-06-21,1950,5245,NA,7,5,7,3711,0,0,0,NA,0,326,COLLEGE AV,MONTEZUMA RD,0,NA,Y,A,-,N,NA,NA,NA,NA,NA,NA,NA,NA,NA,Y,3,0,3,3,A,-,12,21453,A,N,D,C,A,A,H,-,A,A,0,NA,NA,NA,NA,Y,NA,-,NA,0,1,2,0,0,0,0,0,0,-,-,NA,NA,SAN DIEGO,SAN DIEGO,-117.06981001,32.77071008
6978952,2015,2015-07-07,3711,2015-06-09,1840,7005,NA,2,5,7,3711,0,0,0,NA,0,813,LINCOLN AV,HAMILTON ST,51,W,N,A,-,N,NA,NA,NA,NA,NA,NA,NA,NA,NA,N,3,0,1,2,A,-,08,22100,B,N,G,B,E,A,-,-,B,D,0,Y,NA,NA,NA,Y,NA,-,NA,0,1,0,0,1,0,0,0,0,-,-,NA,NA,SAN DIEGO,SAN DIEGO,-117.13650532,32.7503
6980206,2015,2015-07-13,3710,2015-06-24,1420,OC1236,NA,3,5,6,3710,0,0,0,NA,0,016,EL CAMINIO REAL,VISTA WY,0,NA,Y,A,-,N,NA,NA,NA,NA,NA,NA,NA,NA,NA,Y,4,0,1,2,A,-,12,21453,A,N,D,C,A,A,H,-,A,A,0,NA,NA,NA,NA,Y,NA,A,07,0,0,1,0,0,0,0,0,0,-,-,NA,NA,SAN DIEGO,OCEANSIDE,-117.32707008,33.18319009
6982541,2015,2015-07-18,3711,2015-07-03,1650,7014,NA,5,5,7,3711,0,0,0,NA,0,724,MAIN ST,INDUSTRIAL AV,0,NA,-,A,-,N,NA,NA,NA,NA,NA,NA,NA,NA,NA,Y,3,0,2,2,-,-,-,NA,NA,N,A,C,A,A,H,-,A,A,0,NA,NA,NA,NA,Y,NA,-,-,0,1,1,0,0,0,0,0,0,-,-,NA,NA,SAN DIEGO,SAN DIEGO,-117.08412011,32.59484006
6983246,2015,2016-11-21,9650,2015-06-30,1520,15531,NA,2,2,5,3782,0,1,1,NA,2,007,RT 5,LA COSTA AV,300,S,N,B,-,Y,SD,11,5,-,R,44.01,H,-,S,N,4,0,1,4,A,-,03,22350,NA,M,C,C,A,B,H,-,A,D,1,NA,NA,NA,NA,Y,NA,A,07,0,0,1,0,0,0,0,0,0,-,-,33.08226,-117.29745,SAN DIEGO,ENCINITAS,-117.29792868,33.08337133
6983266,2015,2016-06-06,9650,2015-06-19,0700,13958,NA,5,1,9,3700,0,3,5,NA,2,006,AMMUNITION RD,ALTURAS RD,528,W,N,A,-,N,NA,NA,NA,NA,NA,NA,NA,NA,NA,Y,4,0,1,2,A,-,08,22107,NA,N,B,E,A,A,H,-,A,D,0,NA,NA,NA,NA,Y,NA,A,01,0,0,1,0,0,0,0,0,0,-,-,33.37003,-117.2595,SAN DIEGO,UNINCORPORATED,-117.25942421,33.37042816
6983688,2015,2016-12-13,9650,2015-06-29,0725,013452,NA,1,1,9,3700,0,1,1,NA,2,021,RT 15,RT 76,4752,S,N,A,-,Y,SD,11,15,-,R,45.59,H,-,S,N,4,0,1,2,A,-,03,22350,NA,N,C,C,A,A,H,-,A,D,1,NA,NA,NA,NA,Y,NA,A,01,0,0,1,0,0,0,0,0,0,-,-,33.31537,-117.15339,SAN DIEGO,UNINCORPORATED,-117.15574798,33.31876608
6988162,2015,2016-11-19,9680,2015-06-23,1420,19870,NA,2,2,9,3700,0,1,3,NA,1,040,RT 94,RT 188,1584,W,N,A,-,Y,SD,11,94,-,-,38.16,H,-,E,Y,4,0,1,1,A,-,08,22107,NA,N,E,I,A,A,H,-,A,D,0,NA,NA,NA,NA,Y,NA,M,96,0,0,1,0,0,0,0,0,0,-,-,32.59668,-116.65338,SAN DIEGO,UNINCORPORATED,-116.65482612,32.59717925
6989008,2015,2015-07-28,3700,2015-06-29,1044,SH5502,NA,1,5,5,3713,0,0,0,NA,0,308,WEST VISTA WY,NORTH EMERALD DR,76,E,N,B,-,N,NA,NA,NA,NA,NA,NA,NA,NA,NA,Y,4,0,1,2,A,-,03,22350,NA,N,C,C,A,A,H,-,A,A,0,NA,NA,NA,NA,Y,NA,D,22,0,0,1,0,0,0,0,0,0,-,-,NA,NA,SAN DIEGO,VISTA,-117.27931612,33.18921613
6989407,2015,2017-01-25,3710,2015-07-04,0824,OC1397,NA,6,5,6,3710,0,0,0,NA,0,006,RT 76,NORTH COAST HWY,1081,E,N,A,-,Y,SD,11,76,-,R,0,H,-,E,Y,3,0,2,2,A,-,01,23153,A,N,C,C,A,A,H,-,C,D,0,NA,NA,NA,NA,Y,Y,A,01,0,1,1,0,0,0,0,0,0,-,-,NA,NA,SAN DIEGO,OCEANSIDE,-117.3830809,33.20467115
6990426,2015,2016-12-21,9645,2015-07-03,1155,19035,NA,5,1,7,3711,0,1,1,NA,2,010,RT 8,PRESIDIO PARK,525,W,N,A,-,Y,SD,11,8,-,R,0.85,H,-,W,Y,4,0,1,3,A,-,03,22350,NA,N,C,C,A,A,H,-,A,D,1,NA,NA,NA,NA,Y,NA,A,01,0,0,1,0,0,0,0,0,0,-,-,32.76028,-117.19017,SAN DIEGO,SAN DIEGO,-117.18992266,32.76009366
6992409,2015,2015-08-04,9680,2015-07-08,1725,019490,NA,3,2,9,3700,0,2,4,NA,1,021,DEHESA RD,SLOAN CANYON RD,528,E,N,A,-,N,NA,NA,NA,NA,NA,NA,NA,NA,NA,Y,4,0,1,2,A,-,01,23152,A,N,C,C,A,A,H,-,A,D,0,NA,NA,NA,NA,Y,Y,A,01,0,0,1,0,0,0,0,0,0,-,-,32.78107,-116.84941,SAN DIEGO,UNINCORPORATED,-116.85064243,32.78117892
6992733,2015,2017-01-09,9645,2015-07-05,0140,20479,NA,7,3,7,3711,0,1,1,NA,2,019,RT 15,BERNARDO CENTER DR,1550,S,N,A,-,Y,SD,11,15,-,M,22.65,H,-,N,Y,3,0,1,1,A,-,01,23152,A,N,F,A,A,A,H,-,C,D,1,NA,NA,NA,NA,Y,Y,A,08,0,1,0,0,0,0,0,0,0,-,-,33.00937,-117.08077,SAN DIEGO,SAN DIEGO,-117.08022092,33.00791296
6993766,2015,2016-07-19,3706,2015-07-17,0756,ES1603,NA,5,5,6,3706,0,0,0,NA,0,055,CENTRE CITY PKWY,FELICITA AV,260,S,N,A,-,N,NA,NA,NA,NA,NA,NA,NA,NA,NA,Y,4,0,2,2,A,-,05,21651,A,N,A,C,A,A,H,-,A,D,0,NA,NA,NA,NA,Y,NA,D,22,0,0,2,0,0,0,0,0,0,-,-,NA,NA,SAN DIEGO,ESCONDIDO,-117.07523881,33.10272727
6993820,2015,2015-08-10,3705,2015-07-17,1545,EC0295,NA,5,5,5,3705,0,0,0,NA,0,007,NORTH 2ND,CLARENDON,0,NA,Y,A,-,N,NA,NA,NA,NA,NA,NA,NA,NA,NA,Y,4,0,2,2,A,-,09,21802,A,N,D,C,A,A,H,-,A,A,0,NA,NA,NA,NA,Y,NA,A,01,0,0,2,0,0,0,0,0,0,-,-,NA,NA,SAN DIEGO,EL CAJON,-116.9358001,32.80874012