CASE_ID,ACCIDENT_YEAR,PROC_DATE,JURIS,COLLISION_DATE,COLLISION_TIME,OFFICER_ID,REPORTING_DISTRICT,DAY_OF_WEEK,CHP_SHIFT,POPULATION,CNTY_CITY_LOC,SPECIAL_COND,BEAT_TYPE,CHP_BEAT_TYPE,CITY_DIVISION_LAPD,CHP_BEAT_CLASS,BEAT_NUMBER,PRIMARY_RD,SECONDARY_RD,DISTANCE,DIRECTION,INTERSECTION,WEATHER_1,WEATHER_2,STATE_HWY_IND,CALTRANS_COUNTY,CALTRANS_DISTRICT,STATE_ROUTE,ROUTE_SUFFIX,POSTMILE_PREFIX,POSTMILE,LOCATION_TYPE,RAMP_INTERSECTION,SIDE_OF_HWY,TOW_AWAY,COLLISION_SEVERITY,NUMBER_KILLED,NUMBER_INJURED,PARTY_COUNT,PRIMARY_COLL_FACTOR,PCF_CODE_OF_VIOL,PCF_VIOL_CATEGORY,PCF_VIOLATION,PCF_VIOL_SUBSECTION,HIT_AND_RUN,TYPE_OF_COLLISION,MVIW,PED_ACTION,ROAD_SURFACE,ROAD_COND_1,ROAD_COND_2,LIGHTING,CONTROL_DEVICE,CHP_ROAD_TYPE,PEDESTRIAN_ACCIDENT,BICYCLE_ACCIDENT,MOTORCYCLE_ACCIDENT,TRUCK_ACCIDENT,NOT_PRIVATE_PROPERTY,ALCOHOL_INVOLVED,STWD_VEHTYPE_AT_FAULT,CHP_VEHTYPE_AT_FAULT,COUNT_SEVERE_INJ,COUNT_VISIBLE_INJ,COUNT_COMPLAINT_PAIN,COUNT_PED_KILLED,COUNT_PED_INJURED,COUNT_BICYCLIST_KILLED,COUNT_BICYCLIST_INJURED,COUNT_MC_KILLED,COUNT_MC_INJURED,PRIMARY_RAMP,SECONDARY_RAMP,LATITUDE,LONGITUDE,COUNTY,CITY,POINT_X,POINT_Y
90106764,2016,2016-02-01,9650,2016-01-23,0230,018675,NA,6,3,9,3700,0,3,5,NA,1,212,OLD CASTLE RD,CASTLE RIDGE RD.,1056,E,N,A,-,N,NA,NA,NA,NA,NA,NA,NA,NA,NA,Y,2,0,1,1,A,-,01,23152,A,N,E,I,A,A,H,-,D,D,0,NA,NA,NA,NA,Y,Y,A,01,1,0,0,0,0,0,0,0,0,-,-,33.2527,-117.09776,SAN DIEGO,UNINCORPORATED,-117.09697758,33.25286936
90108247,2016,2016-02-03,9645,2016-01-26,1805,017524,NA,2,2,7,3711,0,3,5,NA,2,111,I-805 S/B,SR-163 O/C,2112,S,N,A,-,Y,NA,NA,805,NA,NA,NA,NA,NA,S,N,4,0,1,2,A,-,03,22350,NA,N,C,C,A,A,H,-,D,D,0,NA,NA,NA,NA,Y,NA,D,22,0,0,1,0,0,0,0,0,0,-,-,32.80324,-117.15092,SAN DIEGO,SAN DIEGO,-117.15083383,32.80326234
90109174,2016,2016-02-04,9680,2016-01-29,1750,018979,NA,5,2,9,3700,0,1,3,NA,1,024,SR-94,HONEY SPRING RD,1584,W,N,A,-,Y,NA,NA,94,NA,NA,NA,NA,NA,NA,Y,4,0,1,1,A,-,08,22107,NA,N,F,A,A,A,H,-,D,D,0,NA,NA,NA,NA,Y,NA,A,01,0,0,1,0,0,0,0,0,0,-,-,32.67707,-116.83864,SAN DIEGO,UNINCORPORATED,-116.8385861,32.67711617
90109491,2016,2016-02-04,9650,2016-01-29,1420,016121,NA,5,2,9,3700,0,3,5,NA,2,170,S. SANTA FE AVENUE,ROBELINI DR,600,W,N,A,-,N,NA,NA,NA,NA,NA,NA,NA,NA,NA,Y,4,0,1,2,A,-,09,21801,A,N,D,C,A,A,H,-,A,D,0,NA,NA,NA,NA,Y,NA,A,01,0,0,1,0,0,0,0,0,0,-,-,33.17463,-117.21092,SAN DIEGO,UNINCORPORATED,-117.2110009,33.17473189
90113147,2016,2016-02-10,9650,2016-01-22,1220,013452,NA,5,1,9,3700,0,1,1,NA,2,022,I-15 N/B FROM SR-76 E/B,SR-76,242,S,N,A,-,Y,NA,NA,15,NA,NA,NA,R,NA,N,Y,2,0,1,1,A,-,08,22107,NA,N,F,A,A,A,H,-,A,D,0,NA,NA,NA,NA,Y,NA,A,07,1,0,0,0,0,0,0,0,0,-,-,33.33026,-117.15786,SAN DIEGO,UNINCORPORATED,-117.15786,33.33026
90114757,2016,2016-02-15,9645,2016-02-09,0705,014909,NA,2,1,7,3711,0,1,3,NA,2,006,SR-94 W/B,KELTON ROAD,250,E,N,A,-,Y,NA,NA,94,NA,NA,NA,NA,NA,W,N,4,0,3,3,A,-,03,22350,NA,N,C,C,A,A,H,-,A,D,0,NA,NA,NA,NA,Y,NA,A,01,0,0,3,0,0,0,0,0,0,-,-,32.72406,-117.07604,SAN DIEGO,SAN DIEGO,-117.07598481,32.7239846
90115040,2016,2016-02-15,9650,2016-02-07,2330,015868,NA,7,3,9,3700,0,3,5,NA,2,070,EL CAMINO DEL NORTE,VIA ROSWITHA,1776,E,N,A,-,N,NA,NA,NA,NA,NA,NA,NA,NA,NA,Y,4,0,1,1,A,-,08,22107,NA,N,E,I,A,A,H,-,D,D,0,NA,NA,NA,NA,Y,NA,A,01,0,0,1,0,0,0,0,0,0,-,-,33.044,-117.202,SAN DIEGO,UNINCORPORATED,-117.19683372,33.04165988
9011531,2019,2019-12-30,3706,2019-10-23,1825,393,ESCON,3,5,6,3706,0,0,0,NA,0,051,JUNIPER ST,FELICITA AV,0,NA,Y,A,-,N,NA,NA,NA,NA,NA,NA,NA,NA,NA,Y,4,0,1,2,A,-,09,21801,A,N,A,C,A,A,H,-,C,A,0,NA,NA,NA,NA,Y,NA,A,01,0,0,1,0,0,0,0,0,0,-,-,33.10683059692383,-117.0686492919922,SAN DIEGO,ESCONDIDO,-117.06867980957033,33.10683822631836
90115879,2016,2016-02-16,9645,2016-01-20,2230,013784,NA,3,3,7,3711,0,1,1,NA,2,015,I-805 N/B FROM GOVERNOR DRIVE,GOVERNOR DRIVE,200,N,N,B,-,Y,NA,NA,805,NA,NA,NA,R,NA,N,N,4,0,1,2,A,-,03,22350,NA,N,C,C,A,A,H,-,D,D,0,NA,NA,NA,NA,Y,NA,A,01,0,0,1,0,0,0,0,0,0,-,-,32.85917,-117.18467,SAN DIEGO,SAN DIEGO,-117.18467,32.85917
90116623,2016,2016-02-17,9650,2016-02-12,1810,013068,NA,5,2,9,3700,0,3,5,NA,2,171,SUNSET DR,MELROSE WAY,635,W,N,A,-,N,NA,NA,NA,NA,NA,NA,NA,NA,NA,Y,3,0,1,1,A,-,03,22350,NA,N,E,I,A,A,H,-,D,D,0,NA,NA,Y,NA,Y,NA,C,02,0,1,0,0,0,0,0,0,1,-,-,33.18223,-117.26919,SAN DIEGO,UNINCORPORATED,-117.26912795,33.18225077
90116709,2016,2016-02-17,9645,2016-02-04,0830,015054,NA,4,1,7,3711,1,1,1,NA,2,005,I-5 NORTHBOUND,I-8,2640,N,N,A,-,Y,NA,NA,5,NA,NA,NA,NA,NA,N,N,3,0,1,1,C,-,18,NA,NA,N,H,A,A,A,H,-,A,D,0,NA,NA,NA,NA,Y,NA,-,-,0,1,0,0,0,0,0,0,0,-,-,32.76201,-117.20437,SAN DIEGO,SAN DIEGO,-117.20445433,32.76198869
90116903,2016,2016-02-17,9650,2016-02-09,1000,013636,NA,2,1,5,3701,0,1,1,NA,2,005,I-5 S/B,POINSETTA LN,1320,S,N,A,-,Y,NA,NA,NA,NA,NA,NA,NA,NA,NA,Y,3,0,1,4,A,-,01,23152,E,F,C,C,A,A,H,-,A,D,0,NA,NA,NA,NA,Y,NA,A,08,0,1,0,0,0,0,0,0,0,-,-,NA,NA,SAN DIEGO,CARLSBAD,-117.30860531,33.10013424
90121667,2016,2016-02-23,9645,2016-02-09,0545,013111,NA,2,3,7,3711,0,1,1,NA,2,019,I-15 SOUTHBOUND,CAMINO DEL NORTE,659,S,N,A,-,Y,NA,NA,15,NA,NA,NA,NA,NA,S,Y,3,0,1,2,A,-,03,22350,NA,N,C,C,A,A,H,-,D,D,0,NA,NA,NA,NA,Y,NA,A,07,0,1,0,0,0,0,0,0,0,-,-,32.99651,-117.08376,SAN DIEGO,SAN DIEGO,-117.083764,32.99651049
90123602,2016,2016-02-25,9645,2016-02-09,1845,019054,NA,2,2,7,3711,0,1,1,NA,2,015,I-805 S/B,GOVERNOR DRIVE,885,N,N,A,-,Y,NA,NA,805,NA,NA,NA,NA,NA,S,Y,3,0,2,3,A,-,03,22350,NA,N,C,C,A,A,H,-,D,D,0,NA,NA,NA,NA,Y,NA,A,01,0,1,1,0,0,0,0,0,0,-,-,32.8624,-117.18824,SAN DIEGO,SAN DIEGO,-117.18815469,32.86247771
90123644,2016,2016-02-25,9680,2016-02-12,1640,016822,NA,5,2,9,3700,0,3,5,NA,2,009,CEDAR STREET,ALICE STREET,0,NA,Y,A,-,N,NA,NA,NA,NA,NA,NA,NA,NA,NA,Y,3,0,1,1,A,-,01,23152,A,N,E,I,A,A,H,-,A,D,0,NA,NA,NA,NA,Y,Y,A,01,0,1,0,0,0,0,0,0,0,-,-,33.0548,-116.88418,SAN DIEGO,UNINCORPORATED,-116.88405,33.0548301
90124048,2016,2016-02-25,9680,2016-02-15,1135,014949,NA,1,1,9,3700,0,1,3,NA,1,040,SR-94,EMERY RD,528,W,N,A,-,Y,NA,NA,94,NA,NA,NA,NA,NA,NA,Y,4,0,1,1,A,-,03,22350,NA,N,F,A,A,A,H,-,A,D,0,NA,NA,Y,NA,Y,NA,C,02,0,0,1,0,0,0,0,0,1,-,-,32.60084,-116.64087,SAN DIEGO,UNINCORPORATED,-116.64086029,32.60085976
90124466,2016,2016-02-26,9680,2016-02-16,1445,017928,NA,2,2,9,3700,0,1,3,NA,1,090,SR-67 (MAIN ST),MONTECITO RD,195,S,N,A,-,Y,NA,NA,67,NA,NA,NA,NA,NA,NA,N,4,0,1,2,A,-,03,22350,NA,N,C,C,A,A,H,-,A,D,0,NA,NA,NA,NA,Y,NA,A,07,0,0,1,0,0,0,0,0,0,-,-,33.03731,-116.87698,SAN DIEGO,UNINCORPORATED,-116.87702177,33.03738788
90124608,2016,2016-02-26,9645,2016-02-24,1310,013393,NA,3,1,7,3711,0,1,1,NA,2,007,I-5 N/B TO GENESEE AVE,GENESEE AVE,100,S,N,A,-,Y,NA,NA,NA,NA,NA,NA,NA,NA,NA,N,4,0,1,2,A,-,03,22350,NA,F,G,B,E,A,D,-,A,A,0,Y,NA,NA,NA,Y,NA,A,07,0,0,1,0,1,0,0,0,0,-,-,32.5311,-117.1337,SAN DIEGO,SAN DIEGO,-117.22757776,32.88696704
90125031,2016,2016-02-29,9650,2016-02-22,0930,013696,NA,1,1,6,3706,0,1,1,NA,2,023,I-15 N/B,9TH AVE,2640,N,N,A,-,Y,NA,NA,15,NA,NA,NA,NA,NA,N,Y,4,0,1,3,A,-,03,22350,NA,N,C,C,A,A,H,-,A,D,0,NA,NA,NA,NA,Y,NA,A,01,0,0,1,0,0,0,0,0,0,-,-,33.11408,-117.09788,SAN DIEGO,ESCONDIDO,-117.0980162,33.11399828
90125291,2016,2016-02-29,9680,2016-02-09,2200,020105,NA,2,3,4,3720,0,1,3,NA,1,023,SR-94 W/B,COLLEGE GROVE WAY,300,E,N,A,-,Y,NA,NA,94,NA,NA,NA,NA,NA,W,Y,4,0,3,2,A,-,08,22107,NA,N,B,E,A,A,H,-,D,D,0,NA,NA,NA,NA,Y,NA,A,01,0,0,3,0,0,0,0,0,0,-,-,32.73789,-117.05488,SAN DIEGO,LEMON GROVE,-117.05499647,32.73799507
9012627,2019,2020-02-19,3701,2019-12-06,1703,CB5556,001,5,5,5,3701,0,0,0,NA,0,NA,PALOMAR AIRPORT RD,LOKER AVENUE EAST,90,W,N,B,-,N,NA,NA,NA,NA,NA,NA,NA,NA,NA,Y,4,0,1,3,A,-,03,22350,NA,N,C,C,A,B,H,-,B,D,0,NA,NA,NA,NA,Y,NA,A,01,0,0,1,0,0,0,0,0,0,-,-,NA,NA,SAN DIEGO,CARLSBAD,-117.24876403808594,33.12996292114258
90129009,2016,2016-03-03,9680,2016-02-21,1410,017460,NA,7,2,9,3700,0,1,3,NA,1,060,SR-94,LA POSTA ROAD,11616,E,N,A,-,Y,NA,NA,94,NA,NA,NA,NA,NA,NA,N,4,0,1,1,A,-,03,22350,NA,N,E,I,A,A,H,-,A,A,0,NA,NA,Y,NA,Y,NA,C,02,0,0,1,0,0,0,0,0,1,-,-,32.64732,-116.40447,SAN DIEGO,UNINCORPORATED,-116.40446663,32.64735948
90129484,2016,2016-03-04,9680,2016-02-22,0740,017996,NA,1,1,9,3700,0,3,5,NA,2,002,JAMUL DRIVE,MEXICAN CANYON ROAD,275,E,N,A,-,N,NA,NA,NA,NA,NA,NA,NA,NA,NA,Y,4,0,1,1,A,-,08,22107,NA,N,E,I,A,A,H,-,A,D,0,NA,NA,NA,NA,Y,NA,A,01,0,0,1,0,0,0,0,0,0,-,-,32.72835,-116.87063,SAN DIEGO,UNINCORPORATED,-116.87112512,32.72836828
90129509,2016,2016-03-04,9680,2016-02-23,1300,020020,NA,2,1,9,3700,0,2,4,NA,1,018,LOS COCHES RD,HWY 8 BUSINESS,1056,N,N,A,-,N,NA,NA,NA,NA,NA,NA,NA,NA,NA,Y,3,0,1,2,A,-,01,23152,E,N,B,E,A,A,H,-,A,A,0,NA,NA,NA,NA,Y,NA,A,07,0,1,0,0,0,0,0,0,0,-,-,32.8341,-116.90647,SAN DIEGO,UNINCORPORATED,-116.90647,32.8341
90131251,2016,2016-03-08,9680,2016-02-13,1035,015962,NA,6,1,9,3700,0,1,1,NA,2,083,I-8 E/B,LAKE JENNINGS PARK RD,275,E,N,A,-,Y,NA,NA,8,NA,NA,NA,NA,NA,E,N,4,0,1,2,A,-,03,22350,NA,N,B,C,A,A,H,-,A,D,0,NA,NA,Y,NA,Y,NA,C,02,0,0,1,0,0,0,0,0,1,-,-,32.84479,-116.88025,SAN DIEGO,UNINCORPORATED,-116.88024051,32.84474768
90132155,2016,2016-03-08,9650,2016-03-06,2235,019191,NA,7,3,9,3700,0,1,1,NA,2,001,I-5 S/B,SAN ONOFRE CREEK,13200,S,N,A,-,Y,NA,NA,5,NA,NA,NA,NA,NA,S,Y,4,0,1,1,A,-,08,22107,NA,N,E,I,A,A,D,-,D,D,0,NA,NA,NA,NA,Y,NA,A,01,0,0,1,0,0,0,0,0,0,-,-,33.36348,-117.54188,SAN DIEGO,UNINCORPORATED,-117.54181379,33.36357662
90132213,2016,2016-03-09,9650,2016-02-23,1830,018321,NA,2,2,9,3700,0,3,5,NA,2,006,ALVARADO ST,POTTER ST,995,E,N,A,-,N,NA,NA,NA,NA,NA,NA,NA,NA,NA,Y,4,0,1,2,A,-,09,21801,A,N,D,C,A,A,H,-,D,D,0,NA,NA,NA,NA,Y,NA,D,22,0,0,1,0,0,0,0,0,0,-,-,33.38204,-117.23948,SAN DIEGO,UNINCORPORATED,-117.2395312,33.38198947
90132927,2016,2016-03-09,9680,2016-02-28,0610,015766,NA,7,1,9,3700,0,2,4,NA,1,061,OLD HIGHWAY 80,TIERRA DEL SOL RD,4752,W,N,A,-,N,NA,NA,NA,NA,NA,NA,NA,NA,NA,Y,3,0,2,1,A,-,01,23152,A,N,E,I,A,A,H,-,B,A,0,NA,NA,NA,NA,Y,Y,A,01,0,2,0,0,0,0,0,0,0,-,-,32.67623,-116.33023,SAN DIEGO,UNINCORPORATED,-116.32901209,32.6759457
90134345,2016,2016-03-11,9680,2016-03-02,1205,020249,NA,3,1,9,3700,0,1,3,NA,1,052,STATE ROUTE 78,OLD JULIAN HIGHWAY,7920,E,N,A,-,Y,NA,NA,78,NA,NA,NA,NA,NA,NA,Y,2,0,1,1,A,-,17,21662,NA,N,E,I,A,A,H,-,A,D,0,NA,NA,Y,NA,Y,NA,C,02,1,0,0,0,0,0,0,0,1,-,-,33.06829,-116.72159,SAN DIEGO,UNINCORPORATED,-116.72162137,33.06831045
90135273,2016,2016-03-14,9650,2016-03-06,1314,015503,NA,7,1,9,3700,0,3,5,NA,2,150,E. VISTA WAY,OSBORNE ST.,0,NA,Y,B,-,N,NA,NA,NA,NA,NA,NA,NA,NA,NA,Y,2,0,2,2,A,-,09,21453,C,N,A,C,A,A,H,-,A,A,0,NA,NA,NA,NA,Y,Y,A,01,2,0,0,0,0,0,0,0,0,-,-,33.2376,-117.22629,SAN DIEGO,UNINCORPORATED,-117.22627,33.23764007
90135469,2016,2016-03-14,9645,2016-02-14,1945,019352,NA,7,2,5,3709,0,1,1,NA,2,001,I-5 S/B,8TH ST.,1320,N,N,A,-,Y,NA,NA,5,NA,NA,NA,NA,NA,S,Y,4,0,1,1,A,-,01,23152,E,N,E,I,A,A,H,-,C,D,0,NA,NA,NA,NA,Y,NA,A,01,0,0,1,0,0,0,0,0,0,-,-,32.67631,-117.1094,SAN DIEGO,NATIONAL CITY,-117.10942569,32.67631348
90135763,2016,2016-11-08,9645,2016-02-25,0730,014669,NA,4,1,7,3711,0,1,1,NA,2,017,I-15 N/B,MIRAMAR ROAD,1160,S,N,A,-,Y,NA,NA,15,NA,NA,NA,NA,NA,N,Y,3,0,2,5,A,-,03,22350,NA,N,B,C,A,A,H,-,A,D,0,NA,NA,NA,NA,Y,NA,D,22,0,1,1,0,0,0,0,0,0,-,-,32.88832,-117.11307,SAN DIEGO,SAN DIEGO,-117.11269535,32.88854379
90135839,2016,2016-03-14,9645,2016-02-24,1940,017499,NA,3,2,7,3711,0,1,3,NA,2,006,SR-94 WESTBOUND,25TH ST.,50,W,N,A,-,Y,NA,NA,94,NA,NA,NA,NA,NA,W,N,4,0,1,2,A,-,08,22107,NA,N,B,C,A,A,H,-,C,D,0,NA,NA,NA,NA,Y,NA,A,01,0,0,1,0,0,0,0,0,0,-,-,32.71336,-117.14006,SAN DIEGO,SAN DIEGO,-117.14005986,32.71327712
90137718,2016,2016-03-16,9680,2016-03-06,0012,019998,NA,7,3,5,3708,0,1,1,NA,2,081,I-8 W/B TO SR-125 S/B,SEVERIN DR,2112,W,N,C,-,Y,NA,NA,NA,NA,NA,NA,NA,NA,NA,Y,3,0,1,1,A,-,03,22350,NA,N,E,I,A,B,H,-,C,D,0,NA,NA,NA,NA,Y,NA,A,01,0,1,0,0,0,0,0,0,0,-,-,32.77464,-117.00382,SAN DIEGO,LA MESA,-117.00353741,32.77786703
90137774,2016,2016-03-16,9645,2016-02-27,1850,019496,NA,6,2,9,3700,0,1,3,NA,2,008,SR-54 W/B,PLAZA BONITA CENTER WAY,1320,E,N,A,-,Y,NA,NA,54,NA,NA,NA,NA,NA,W,Y,4,0,3,2,A,-,07,21658,NA,N,B,C,A,A,H,-,D,D,0,NA,NA,NA,NA,Y,NA,A,01,0,0,3,0,0,0,0,0,0,-,-,32.66696,-117.05003,SAN DIEGO,UNINCORPORATED,-117.05008792,32.66707002
90137805,2016,2016-03-16,9680,2016-03-06,0929,018356,NA,7,1,4,3720,0,1,3,NA,2,027,SR-94 W/B,GROVE ST,15,W,N,B,C,Y,NA,NA,94,NA,NA,NA,NA,NA,W,Y,4,0,2,1,A,-,03,22350,NA,N,E,I,A,B,H,-,A,A,0,NA,NA,NA,NA,Y,NA,A,07,0,0,2,0,0,0,0,0,0,-,-,32.74725,-117.0264,SAN DIEGO,LEMON GROVE,-117.0264022,32.74722113
90138963,2016,2016-03-17,9645,2016-03-06,0920,014692,NA,7,1,7,3711,0,1,1,NA,2,019,INTERSTATE 15 S/B,WEST BERNARDO DRIVE O/C,100,S,N,B,C,Y,NA,NA,15,NA,NA,NA,NA,NA,S,Y,4,0,1,2,A,-,03,22350,NA,N,B,C,A,B,H,-,A,D,0,NA,NA,NA,NA,Y,NA,A,07,0,0,1,0,0,0,0,0,0,-,-,33.0549,-117.0723,SAN DIEGO,SAN DIEGO,-117.07215154,33.0548386
90139240,2016,2016-03-18,9645,2016-03-06,0919,017139,NA,7,1,7,3711,0,1,3,NA,2,023,SR-163 S/B,FRIARS RD O/C,1450,N,N,B,C,Y,NA,NA,163,NA,NA,NA,NA,NA,S,Y,4,0,2,2,A,-,03,22350,NA,N,E,I,A,B,H,-,A,D,0,NA,NA,NA,NA,Y,NA,A,01,0,0,2,0,0,0,0,0,0,-,-,32.75126,-117.15495,SAN DIEGO,SAN DIEGO,-117.15551435,32.75100291
90139820,2016,2016-03-21,9650,2016-03-11,0210,017028,NA,5,3,9,3700,0,1,1,NA,2,001,I-5 NB,USBP CHECKPOINT,5280,S,N,A,-,Y,NA,NA,5,NA,NA,NA,NA,NA,N,Y,4,0,1,2,A,-,03,22350,NA,N,C,C,A,A,D,-,D,D,0,NA,NA,NA,Y,Y,NA,A,01,0,0,1,0,0,0,0,0,0,-,-,33.3461,-117.51587,SAN DIEGO,UNINCORPORATED,-117.51591659,33.346035380000004
90140906,2016,2016-03-22,9680,2016-03-11,1505,019822,NA,5,2,9,3700,0,1,3,NA,1,040,SR-94,BARRETT SMITH RD,4224,E,N,B,-,Y,NA,NA,94,NA,NA,NA,NA,NA,NA,Y,3,0,1,1,A,-,08,22107,NA,N,F,A,A,A,H,-,A,A,0,NA,NA,Y,NA,Y,NA,C,02,0,1,0,0,0,0,0,0,1,-,-,32.59462,-116.66848,SAN DIEGO,UNINCORPORATED,-116.66842731,32.59453861
90141027,2016,2016-03-22,9645,2016-03-08,1400,013648,NA,2,2,7,3711,0,1,1,NA,2,015,I-805 N/B,BALBOA AVE O/C,300,S,N,A,-,Y,NA,NA,NA,NA,NA,NA,NA,NA,NA,Y,3,0,1,1,A,-,08,22107,NA,N,E,I,A,A,H,-,A,D,0,NA,NA,NA,NA,Y,NA,A,01,0,1,0,0,0,0,0,0,0,-,-,32.91354,-117.15722,SAN DIEGO,SAN DIEGO,-117.16228,32.82162
90142787,2016,2016-03-24,9645,2016-03-21,1115,014909,NA,1,1,7,3711,0,1,1,NA,2,005,I-5 S/B,BALBOA AVE,910,S,N,A,-,Y,NA,NA,5,NA,NA,NA,NA,NA,S,Y,3,0,2,2,A,-,07,21658,NA,N,B,C,A,A,H,-,A,D,0,NA,NA,NA,NA,Y,NA,A,07,0,1,1,0,0,0,0,0,0,-,-,32.80431,-117.21418,SAN DIEGO,SAN DIEGO,-117.21408608,32.8043783
90144803,2016,2016-03-28,9645,2016-03-17,0650,015847,NA,4,1,7,3711,0,1,1,NA,2,027,I-15 N/B,I-8,300,N,N,E,-,Y,NA,NA,15,NA,NA,NA,NA,NA,N,Y,3,0,1,3,A,-,03,22350,NA,N,C,C,A,A,H,-,A,D,0,NA,NA,Y,NA,Y,NA,C,02,0,1,0,0,0,0,0,0,1,-,-,32.77982,-117.11276,SAN DIEGO,SAN DIEGO,-117.11263723,32.77986345
90145232,2016,2016-03-28,9650,2016-03-17,1725,015803,NA,4,2,5,3701,0,1,1,NA,2,005,I-5 N/B,TAMARACK,3960,S,N,A,-,Y,NA,NA,NA,NA,NA,NA,NA,NA,NA,N,4,0,1,3,A,-,03,22350,NA,N,C,C,A,A,H,-,A,D,0,NA,NA,NA,NA,Y,NA,I,11,0,0,1,0,0,0,0,0,0,-,-,33.936280000000004,-117.20255,SAN DIEGO,CARLSBAD,-117.33512,33.15018
9014563,2019,2020-02-06,3711,2019-12-05,1033,SD7987,NA,4,5,7,3711,0,0,0,NA,0,524,8TH AV,F ST,0,NA,Y,A,-,N,NA,NA,NA,NA,NA,NA,NA,NA,NA,Y,4,0,1,3,A,-,08,38314,NA,M,C,E,A,A,H,-,C,A,0,NA,NA,NA,NA,Y,NA,A,01,0,0,1,0,0,0,0,0,0,-,-,NA,NA,SAN DIEGO,SAN DIEGO,-117.15741729736328,32.71363830566406
90147398,2016,2016-03-29,9650,2016-03-11,0950,013452,NA,5,1,9,3700,0,2,4,NA,2,061,S. MISSION ROAD,ALMOND STREET,0,NA,Y,A,-,N,NA,NA,NA,NA,NA,NA,NA,NA,NA,Y,3,0,1,2,A,-,09,21804,A,N,D,C,A,A,H,-,A,D,0,NA,NA,NA,NA,Y,NA,A,01,0,1,0,0,0,0,0,0,0,-,-,33.21583,-117.14595,SAN DIEGO,UNINCORPORATED,-117.24994001,33.36626003
9014868,2019,2020-02-08,3711,2019-12-11,1000,SD7574,NA,3,5,7,3711,0,0,0,NA,0,613,MENTONE ST,MENTONE ST 4400,0,NA,-,A,-,N,NA,NA,NA,NA,NA,NA,NA,NA,NA,N,4,0,1,2,A,-,03,22350,NA,M,C,B,F,A,H,-,A,D,0,Y,NA,NA,NA,Y,NA,-,99,0,0,1,0,1,0,0,0,0,-,-,NA,NA,SAN DIEGO,SAN DIEGO,NA,NA
9014882,2019,2020-02-08,3711,2019-12-09,0740,SD7962,NA,1,5,7,3711,0,0,0,NA,0,511,MAIN ST,WODEN ST,0,NA,Y,A,-,N,NA,NA,NA,NA,NA,NA,NA,NA,NA,N,4,0,1,2,A,-,07,21658,A,N,B,C,A,A,H,-,A,D,0,NA,NA,NA,NA,Y,NA,A,01,0,0,1,0,0,0,0,0,0,-,-,NA,NA,SAN DIEGO,SAN DIEGO,-117.11369323730467,32.684329986572266
9014886,2019,2020-02-08,3711,2019-12-09,0713,SD7953,NA,1,5,7,3711,0,0,0,NA,0,115,REGENTS RD,NOBEL DR,0,NA,Y,A,-,N,NA,NA,NA,NA,NA,NA,NA,NA,NA,N,4,0,1,2,A,-,03,22350,NA,N,C,C,A,A,H,-,A,A,0,NA,NA,NA,NA,Y,NA,A,01,0,0,1,0,0,0,0,0,0,-,-,NA,NA,SAN DIEGO,SAN DIEGO,-117.21913146972656,32.867488861083984
90149241,2016,2016-04-01,9650,2016-03-22,2324,019308,NA,2,3,9,3700,0,1,1,NA,2,021,I-15 N/B,GOPHER CANYON RD,200,S,N,A,-,Y,NA,NA,15,NA,NA,NA,NA,NA,N,Y,3,0,4,2,A,-,03,22350,NA,N,C,C,A,A,H,-,D,D,0,NA,NA,NA,NA,Y,NA,A,01,0,1,3,0,0,0,0,0,0,-,-,33.25197,-117.15526,SAN DIEGO,UNINCORPORATED,-117.15524481,33.25197652
90149525,2016,2016-04-04,9650,2016-03-27,1405,019227,NA,7,2,9,3700,0,3,5,NA,2,213,S. GRADE RD.,SR-76,3168,N,N,A,-,N,NA,NA,NA,NA,NA,NA,NA,NA,NA,Y,4,0,1,1,A,-,08,22107,NA,N,F,A,A,A,H,-,A,D,0,NA,NA,Y,NA,Y,NA,C,02,0,0,1,0,0,0,0,0,1,-,-,33.29349,-116.89015,SAN DIEGO,UNINCORPORATED,-116.89114134,33.2939927
90149944,2016,2016-04-04,9650,2016-03-27,0255,019191,NA,7,3,6,3706,0,1,1,NA,2,023,I-15 N/B,W VALLEY PARKWAY,1500,S,N,A,-,Y,NA,NA,15,NA,NA,NA,NA,NA,N,Y,4,0,2,2,A,-,01,23152,A,N,C,C,A,A,H,-,C,D,0,NA,NA,NA,NA,Y,Y,A,01,0,0,2,0,0,0,0,0,0,-,-,33.11186,-117.0967,SAN DIEGO,ESCONDIDO,-117.09671994,33.11184771
90151239,2016,2016-04-05,9650,2016-03-18,0730,015600,NA,5,1,9,3700,0,3,5,NA,2,006,FALLBROOK ST.,MAIN AVE.,42,W,N,A,-,Y,NA,NA,NA,NA,NA,NA,NA,NA,NA,Y,4,0,1,2,A,-,09,21801,A,N,D,C,A,A,H,-,A,D,0,NA,NA,Y,NA,Y,NA,C,02,0,0,1,0,0,0,0,0,1,-,-,33.37672,-117.25179,SAN DIEGO,UNINCORPORATED,-117.25157711,33.37663232
90151433,2016,2016-04-05,9645,2016-03-25,1420,017524,NA,5,2,7,3711,0,1,1,NA,2,021,SR-15 N/B,SR-94 O/C,528,N,N,A,-,Y,NA,NA,15,NA,NA,NA,NA,NA,N,Y,3,0,2,1,A,-,08,22107,NA,N,F,A,A,A,H,-,A,D,0,NA,NA,NA,NA,Y,NA,A,07,0,2,0,0,0,0,0,0,0,-,-,32.72182,-117.11633,SAN DIEGO,SAN DIEGO,-117.11630192,32.72180066
90152291,2016,2016-04-06,9680,2016-03-25,1635,018104,NA,5,2,5,3708,0,1,1,NA,2,081,I-8 E/B FROM SPRING ST,SPRING ST,195,E,N,A,-,N,NA,NA,8,NA,NA,NA,R,NA,E,N,4,0,1,3,A,-,03,22350,NA,N,C,C,A,A,H,-,A,A,0,NA,NA,NA,NA,Y,NA,A,07,0,0,1,0,0,0,0,0,0,-,-,32.77056,-117.02103,SAN DIEGO,LA MESA,-117.02103,32.77056