CASE_ID,ACCIDENT_YEAR,PROC_DATE,JURIS,COLLISION_DATE,COLLISION_TIME,OFFICER_ID,REPORTING_DISTRICT,DAY_OF_WEEK,CHP_SHIFT,POPULATION,CNTY_CITY_LOC,SPECIAL_COND,BEAT_TYPE,CHP_BEAT_TYPE,CITY_DIVISION_LAPD,CHP_BEAT_CLASS,BEAT_NUMBER,PRIMARY_RD,SECONDARY_RD,DISTANCE,DIRECTION,INTERSECTION,WEATHER_1,WEATHER_2,STATE_HWY_IND,CALTRANS_COUNTY,CALTRANS_DISTRICT,STATE_ROUTE,ROUTE_SUFFIX,POSTMILE_PREFIX,POSTMILE,LOCATION_TYPE,RAMP_INTERSECTION,SIDE_OF_HWY,TOW_AWAY,COLLISION_SEVERITY,NUMBER_KILLED,NUMBER_INJURED,PARTY_COUNT,PRIMARY_COLL_FACTOR,PCF_CODE_OF_VIOL,PCF_VIOL_CATEGORY,PCF_VIOLATION,PCF_VIOL_SUBSECTION,HIT_AND_RUN,TYPE_OF_COLLISION,MVIW,PED_ACTION,ROAD_SURFACE,ROAD_COND_1,ROAD_COND_2,LIGHTING,CONTROL_DEVICE,CHP_ROAD_TYPE,PEDESTRIAN_ACCIDENT,BICYCLE_ACCIDENT,MOTORCYCLE_ACCIDENT,TRUCK_ACCIDENT,NOT_PRIVATE_PROPERTY,ALCOHOL_INVOLVED,STWD_VEHTYPE_AT_FAULT,CHP_VEHTYPE_AT_FAULT,COUNT_SEVERE_INJ,COUNT_VISIBLE_INJ,COUNT_COMPLAINT_PAIN,COUNT_PED_KILLED,COUNT_PED_INJURED,COUNT_BICYCLIST_KILLED,COUNT_BICYCLIST_INJURED,COUNT_MC_KILLED,COUNT_MC_INJURED,PRIMARY_RAMP,SECONDARY_RAMP,LATITUDE,LONGITUDE,COUNTY,CITY,POINT_X,POINT_Y
90227622,2016,2016-07-21,9645,2016-07-15,2257,019445,NA,5,3,7,3711,0,1,1,NA,2,010,I-8 E/B TO SR-163 N/B,I-8 O/C,100,S,N,A,-,Y,NA,NA,8,NA,NA,NA,R,NA,E,Y,4,0,3,2,A,-,01,23152,A,N,B,C,A,A,H,-,C,D,0,NA,NA,NA,NA,Y,Y,A,01,0,0,3,0,0,0,0,0,0,-,-,32.76338,-117.16144,SAN DIEGO,SAN DIEGO,-117.16144,32.76338
90227688,2016,2016-07-21,9650,2016-07-09,2100,019126,NA,6,2,9,3700,0,2,4,NA,1,027,VALLEY CENTER RD,PARADISE CREEK LN,1795,S,N,A,-,N,NA,NA,NA,NA,NA,NA,NA,NA,NA,Y,3,0,4,3,A,-,01,23152,A,N,B,C,A,A,H,-,D,D,0,NA,NA,NA,NA,Y,Y,D,22,0,2,2,0,0,0,0,0,0,-,-,33.1423,-116.5751,SAN DIEGO,UNINCORPORATED,-116.96433651,33.23986195
90228668,2016,2016-07-22,9650,2016-07-21,1449,015803,NA,4,2,5,3701,0,1,1,NA,2,005,I-5 S/B,LAS FLORES CREEK,800,S,N,A,-,Y,NA,NA,5,NA,NA,NA,NA,NA,S,N,4,0,2,2,A,-,03,22350,NA,N,C,C,A,A,H,-,A,D,0,NA,NA,NA,NA,Y,NA,A,01,0,0,2,0,0,0,0,0,0,-,-,33.12718,-117.32502,SAN DIEGO,CARLSBAD,-117.32518568,33.12708144
90228771,2016,2016-07-25,9650,2016-07-17,1130,015503,NA,7,1,9,3700,0,1,1,NA,2,003,I-5 N/B,HARBOR DRIVE,528,N,N,A,-,Y,NA,NA,5,NA,NA,NA,NA,NA,N,N,4,0,2,2,A,-,03,22350,NA,N,C,C,A,A,H,-,A,D,0,NA,NA,NA,NA,Y,NA,A,01,0,0,2,0,0,0,0,0,0,-,-,33.24766,-117.41861,SAN DIEGO,UNINCORPORATED,-117.41829946,33.24786023
90228950,2016,2016-07-25,9645,2016-07-13,0620,015847,NA,3,1,6,3702,0,1,1,NA,2,001,I-5 N/B,E ST.,2112,N,N,A,-,Y,NA,NA,5,NA,NA,NA,NA,NA,N,Y,4,0,1,2,A,-,03,22350,NA,N,C,C,A,A,H,-,A,D,0,NA,NA,Y,NA,Y,NA,C,02,0,0,1,0,0,0,0,0,1,-,-,32.64515,-117.10201,SAN DIEGO,CHULA VISTA,-117.1018388,32.64520464
90229588,2016,2016-07-25,9650,2016-07-08,2340,018386,NA,5,3,6,3710,0,1,1,NA,2,005,I-5 N/B,CASSIDY ST,528,N,N,A,-,Y,NA,NA,5,NA,NA,NA,NA,NA,N,Y,3,0,1,1,A,-,01,23152,A,N,E,I,A,A,H,-,C,D,0,NA,NA,NA,NA,Y,Y,A,07,0,1,0,0,0,0,0,0,0,-,-,33.18146,-117.35493,SAN DIEGO,OCEANSIDE,-117.35485172,33.18152503
90230319,2016,2016-07-26,9680,2016-07-14,0640,015972,NA,4,1,9,3700,0,2,4,NA,1,026,JAMACHA BLVD.,SWEETWATER SPRINGS BLVD.,0,NA,N,B,-,N,NA,NA,NA,NA,NA,NA,NA,NA,NA,N,4,0,1,2,A,-,21,22106,NA,N,C,C,A,A,H,-,A,A,0,NA,NA,NA,Y,Y,NA,F,26,0,0,1,0,0,0,0,0,0,-,-,32.725319999999996,-116.96831,SAN DIEGO,UNINCORPORATED,-116.96893012,32.72565003
90230587,2016,2016-07-26,9650,2016-07-21,0758,015295,NA,4,1,9,3700,0,1,3,NA,1,028,STATE ROUTE 76,SOUTH GRADE ROAD,14784,E,N,A,-,Y,NA,NA,76,NA,NA,NA,NA,NA,NA,Y,3,0,1,1,A,-,08,22107,NA,N,E,I,A,A,H,-,A,D,0,NA,NA,NA,NA,Y,NA,D,22,0,1,0,0,0,0,0,0,0,-,-,33.27691,-116.86599,SAN DIEGO,UNINCORPORATED,-116.86599781,33.27688709
90231402,2016,2016-07-27,9680,2016-07-15,1710,018979,NA,5,2,5,3708,0,1,1,NA,2,081,I-8 W/B TO GROSSMONT CTR DR,GROSSMONT CENTER DR,528,E,N,A,-,Y,NA,NA,8,NA,NA,NA,R,NA,W,Y,3,0,1,1,A,-,08,22107,NA,N,E,I,A,A,H,-,A,D,0,NA,NA,NA,NA,Y,NA,A,01,0,1,0,0,0,0,0,0,0,-,-,32.77833,-117.00282,SAN DIEGO,LA MESA,-117.00282,32.77833
90233368,2016,2016-07-29,9680,2016-07-19,1536,016981,NA,2,2,9,3700,0,2,4,NA,1,010,MAPLEVIEW ST,VINE ST,0,NA,Y,A,-,N,NA,NA,NA,NA,NA,NA,NA,NA,NA,Y,2,0,1,2,A,-,08,22107,NA,N,B,C,A,A,H,-,A,D,0,NA,NA,Y,NA,Y,NA,A,01,1,0,0,0,0,0,0,0,1,-,-,32.86291,-116.92161,SAN DIEGO,UNINCORPORATED,-116.92151001,32.86310003
90233992,2016,2016-08-01,9650,2016-07-22,2250,018406,NA,5,3,5,3713,0,1,3,NA,2,017,SR-78 E/B,MELROSE DR,3840,W,N,A,-,Y,NA,NA,78,NA,NA,NA,NA,NA,E,Y,3,0,1,2,A,-,01,23152,A,F,B,C,A,A,H,-,D,D,0,NA,NA,Y,NA,Y,Y,C,02,0,1,0,0,0,0,0,0,1,-,-,33.19342,-117.26722,SAN DIEGO,VISTA,-117.26723053,33.19344638
90235436,2016,2016-08-02,9645,2016-07-27,2337,019445,NA,3,3,7,3711,0,1,1,NA,2,010,I-8 W/B,WARING RD O/C,1500,E,N,A,-,Y,NA,NA,8,NA,NA,NA,NA,NA,W,Y,3,0,1,2,A,-,03,22350,NA,N,C,C,A,A,H,-,C,D,0,NA,NA,NA,NA,Y,NA,A,01,0,1,0,0,0,0,0,0,0,-,-,32.78093,-117.08326,SAN DIEGO,SAN DIEGO,-117.08327181,32.78086549
90240129,2016,2016-08-08,9645,2016-07-27,1035,019054,NA,3,1,7,3711,0,1,3,NA,2,006,SR-94 W/B,25TH STREET O/C,452,E,N,A,-,Y,NA,NA,94,NA,NA,NA,NA,NA,W,Y,4,0,1,4,A,-,03,22350,NA,N,C,C,A,A,H,-,A,D,0,NA,NA,NA,NA,Y,NA,A,01,0,0,1,0,0,0,0,0,0,-,-,32.71325,-117.13918,SAN DIEGO,SAN DIEGO,-117.13918005,32.71327866
90241880,2016,2016-08-10,9645,2016-07-29,1340,014804,NA,5,1,7,3711,0,1,3,NA,2,006,SR-94 (E/B),SR-15 U/C,528,W,N,A,-,Y,NA,NA,94,NA,NA,NA,NA,NA,NA,Y,4,0,1,2,A,-,07,21658,A,N,B,C,A,A,H,-,A,D,0,NA,NA,NA,NA,Y,NA,A,01,0,0,1,0,0,0,0,0,0,-,-,32.71621,-117.11836,SAN DIEGO,SAN DIEGO,-117.11837049,32.71628975
90242543,2016,2016-08-11,9680,2016-07-28,0725,015578,NA,4,1,9,3700,0,3,5,NA,2,002,FURY LN.,BRABHAM ST.,0,NA,Y,A,-,N,NA,NA,NA,NA,NA,NA,NA,NA,NA,N,4,0,1,2,A,-,12,21453,A,N,D,G,A,A,H,-,A,A,0,NA,Y,NA,NA,Y,NA,L,04,0,0,1,0,0,0,1,0,0,-,-,32.74719,-116.93715,SAN DIEGO,UNINCORPORATED,-116.93695004,32.74721011
90243867,2016,2016-08-12,9650,2016-07-31,0001,18386,NA,7,3,9,3700,0,3,5,NA,2,211,LAKE WOHLFORD RD,GUEJITO RD,5808,S,N,A,-,N,NA,NA,NA,NA,NA,NA,NA,NA,NA,Y,3,0,1,1,A,-,01,23152,A,N,E,I,A,A,H,-,D,D,0,NA,NA,NA,NA,Y,Y,A,01,0,1,0,0,0,0,0,0,0,-,-,33.25312,-117.20327,SAN DIEGO,UNINCORPORATED,-116.98989135,33.17750284
90243975,2016,2016-08-12,9680,2016-08-06,0645,017330,NA,6,1,9,3700,0,1,1,NA,2,083,I-8 E/B,TAVERN RD.,1584,E,N,A,-,Y,NA,NA,8,NA,NA,NA,NA,NA,E,Y,4,0,2,2,A,-,03,22350,NA,N,C,C,A,A,H,-,A,D,0,NA,NA,NA,NA,Y,NA,A,01,0,0,2,0,0,0,0,0,0,-,-,32.84106,-116.79216,SAN DIEGO,UNINCORPORATED,-116.79216269,32.84105257
90244897,2016,2016-08-15,9680,2016-07-27,1110,015578,NA,3,1,9,3700,0,1,3,NA,2,028,SR-125 SOUTHBOUND TO JAMACHA RD.,JAMACHA RD.,7,N,N,A,-,Y,NA,NA,125,NA,NA,NA,R,NA,S,N,4,0,1,2,A,-,21,22106,NA,N,C,C,A,A,H,-,A,A,0,NA,NA,Y,NA,Y,NA,E,22,0,0,1,0,0,0,0,0,1,-,-,32.71486,-117.01514,SAN DIEGO,UNINCORPORATED,-117.01514,32.71486
90245521,2016,2016-08-16,9645,2016-08-05,1416,018393,NA,5,2,7,3711,0,1,1,NA,2,021,I-805 S/B FROM SR-15 S/B,I-805 S/B U/C,10,W,N,A,-,Y,NA,NA,805,NA,NA,NA,R,NA,S,Y,4,0,1,2,A,-,03,22350,NA,N,B,C,A,A,H,-,A,D,0,NA,NA,Y,NA,Y,NA,C,02,0,0,1,0,0,0,0,0,1,-,-,32.7382,-117.11466,SAN DIEGO,SAN DIEGO,-117.11466,32.7382
90245871,2016,2016-08-16,9645,2016-08-05,0820,020474,NA,5,1,7,3711,0,1,3,NA,2,016,SR-52 E/B,SANTEE CITY LIMITS,38,W,N,A,-,Y,NA,NA,52,NA,NA,NA,NA,NA,E,Y,4,0,1,1,A,-,08,22107,NA,N,E,I,A,A,H,-,A,D,0,NA,NA,NA,NA,Y,NA,A,07,0,0,1,0,0,0,0,0,0,-,-,32.83706,-117.02067,SAN DIEGO,SAN DIEGO,-117.02075193,32.83689166
90245907,2016,2016-08-16,9680,2016-08-05,0520,019936,NA,5,3,9,3700,0,1,3,NA,1,024,SR-94,JAMACHA BLVD,0,NA,Y,A,-,Y,NA,NA,94,NA,NA,NA,NA,NA,NA,Y,2,0,2,2,D,-,00,NA,NA,N,D,C,A,A,H,-,B,A,0,NA,NA,NA,NA,Y,NA,-,-,1,1,0,0,0,0,0,0,0,-,-,32.74002,-116.95145,SAN DIEGO,UNINCORPORATED,-116.95149776,32.73988227
90246106,2016,2016-08-16,9680,2016-06-19,1650,020249,NA,7,2,9,3700,0,1,3,NA,1,052,STATE ROUTE 78,SPRINGVIEW ROAD,2112,W,N,A,-,Y,NA,NA,78,NA,NA,NA,NA,NA,NA,Y,1,1,1,2,A,-,01,23152,A,N,F,A,A,A,H,-,A,D,0,NA,NA,Y,NA,Y,Y,C,02,0,0,1,0,0,0,0,1,1,-,-,33.10604,-116.65578,SAN DIEGO,UNINCORPORATED,-116.65587711,33.10591416
90246190,2016,2016-08-16,9645,2016-08-05,1830,017953,NA,5,2,7,3711,0,1,1,NA,2,007,I-5 N/B TO DEL MAR HEIGHTS RD.,DEL MAR HEIGHTS RD,6,S,N,B,-,Y,NA,NA,5,NA,NA,NA,R,NA,N,N,4,0,1,2,A,-,21,22106,NA,N,C,C,A,A,H,-,A,A,0,NA,NA,NA,NA,Y,NA,A,01,0,0,1,0,0,0,0,0,0,-,-,32.95001,-117.24257,SAN DIEGO,SAN DIEGO,-117.24257,32.95001
90248115,2016,2016-08-19,9645,2016-08-08,1540,020020,NA,1,2,5,3709,0,1,1,NA,2,001,I-5 N/B,MAIN ST,300,S,N,A,-,Y,NA,NA,5,NA,NA,NA,NA,NA,N,N,4,0,1,2,A,-,03,22350,NA,N,C,C,A,A,H,-,A,D,0,NA,NA,NA,NA,Y,NA,A,01,0,0,1,0,0,0,0,0,0,-,-,32.68168,-117.11062,SAN DIEGO,NATIONAL CITY,-117.11071897,32.68164116
90248608,2016,2016-08-19,9645,2016-08-03,0012,019010,NA,3,3,7,3711,0,1,3,NA,2,023,I-8 E/B FROM SR-163 N/B,SR-163 N/B,300,E,N,A,-,Y,NA,NA,8,NA,NA,NA,R,NA,E,Y,3,0,1,1,A,-,01,23152,A,N,E,I,A,A,H,-,C,D,0,NA,NA,NA,NA,Y,Y,D,22,0,1,0,0,0,0,0,0,0,-,-,32.76249,-117.16189,SAN DIEGO,SAN DIEGO,-117.16189,32.76249
90248978,2016,2016-08-22,9645,2016-08-08,1735,020867,NA,1,2,7,3711,0,1,3,NA,2,023,SR-163 S/B,ROBINSON AVE.,10,S,N,A,-,Y,NA,NA,163,NA,NA,NA,NA,NA,S,N,4,0,1,3,A,-,03,22350,NA,N,C,C,A,A,H,-,A,D,0,NA,NA,NA,NA,Y,NA,A,01,0,0,1,0,0,0,0,0,0,-,-,32.74661,-117.15658,SAN DIEGO,SAN DIEGO,-117.15657389,32.74660929
90250379,2016,2016-08-23,9645,2016-08-21,2015,018428,NA,7,2,7,3711,0,1,1,NA,2,011,I-805 S/B,I-8 U/C,900,S,N,A,-,Y,NA,NA,805,NA,NA,NA,NA,NA,S,Y,4,0,2,3,C,-,18,NA,NA,N,D,C,A,A,H,-,D,D,0,NA,NA,NA,NA,Y,NA,-,-,0,0,2,0,0,0,0,0,0,-,-,32.76582,-117.12851,SAN DIEGO,SAN DIEGO,-117.12851416,32.76581806
90251447,2016,2016-08-24,9645,2016-08-13,1728,020474,NA,6,2,7,3711,0,1,1,NA,2,010,I-8 E/B,SPORTS ARENA BLVD,3010,E,N,A,-,Y,NA,NA,8,NA,NA,NA,NA,NA,E,Y,3,0,1,2,A,-,01,23152,A,N,B,C,A,A,H,-,A,D,0,NA,NA,NA,NA,Y,Y,A,07,0,1,0,0,0,0,0,0,0,-,-,32.75877,-117.21302,SAN DIEGO,SAN DIEGO,-117.21298753,32.75849754
90252199,2016,2016-08-25,9645,2016-08-20,1125,017498,NA,6,1,7,3711,0,1,3,NA,2,016,SR-52 WESTBOUND,SANTO RD O/C,10560,E,N,A,-,Y,NA,NA,52,NA,NA,NA,NA,NA,W,N,4,0,1,2,A,-,04,21703,NA,N,C,C,A,A,H,-,A,D,0,NA,NA,NA,NA,Y,NA,D,22,0,0,1,0,0,0,0,0,0,-,-,32.85454,-117.05887,SAN DIEGO,SAN DIEGO,-117.05886507,32.8545731
90255067,2016,2016-08-29,9650,2016-07-08,2120,018406,NA,5,2,9,3700,0,3,5,NA,2,170,S SANTA FE AVE,SMILAX RD,757,N,N,A,-,N,NA,NA,NA,NA,NA,NA,NA,NA,NA,Y,1,1,0,2,A,-,09,21801,A,F,D,G,A,A,H,-,D,D,0,NA,NA,Y,NA,Y,NA,A,01,0,0,0,0,0,0,0,1,0,-,-,33.16389,-117.2053,SAN DIEGO,UNINCORPORATED,-117.20535826,33.16380387
90255262,2016,2016-08-29,9650,2016-08-24,1735,017780,NA,3,2,5,3712,0,1,3,NA,2,019,SR-78 W/B,RANCHO SANTA FE RD,2112,W,N,A,-,Y,NA,NA,78,NA,NA,NA,NA,NA,W,N,4,0,3,4,A,-,03,22350,NA,N,C,C,A,A,H,-,A,D,0,NA,NA,NA,NA,Y,NA,A,01,0,0,3,0,0,0,0,0,0,-,-,33.15438,-117.20334,SAN DIEGO,SAN MARCOS,-117.20325317,33.1544813
90255309,2016,2016-08-29,9645,2016-08-19,1920,020020,NA,5,2,7,3711,0,1,1,NA,2,003,I-5 S/B TO PERSHING DR,B ST,528,N,N,A,-,Y,NA,NA,5,NA,NA,NA,R,NA,S,Y,3,0,1,1,A,-,03,22350,NA,N,E,I,A,A,H,-,B,D,0,NA,NA,Y,NA,Y,NA,C,02,0,1,0,0,0,0,0,0,1,-,-,32.71971,-117.14864,SAN DIEGO,SAN DIEGO,-117.14864,32.71971
90256277,2016,2016-08-29,9680,2016-08-13,0140,020049,NA,6,3,5,3708,0,1,1,NA,2,081,I-8 W/B FROM SEVERIN DRIVE,SR-125 N/B,310,E,N,A,-,Y,NA,NA,8,NA,NA,NA,R,NA,W,Y,3,0,2,1,A,-,03,22350,NA,N,E,I,A,A,H,-,C,A,0,NA,NA,NA,NA,Y,NA,A,01,0,2,0,0,0,0,0,0,0,-,-,32.77859,-117.00326,SAN DIEGO,LA MESA,-117.00326,32.77859
90256874,2016,2016-08-30,9645,2016-08-14,1125,018095,NA,7,1,7,3711,0,1,1,NA,2,010,I-8 W/B,I-8 U/C,2112,W,N,A,-,Y,NA,NA,8,NA,NA,NA,NA,NA,W,Y,4,0,1,2,A,-,03,22350,NA,N,C,C,A,A,H,-,A,D,0,NA,NA,NA,NA,Y,NA,A,07,0,0,1,0,0,0,0,0,0,-,-,32.75898,-117.21141,SAN DIEGO,SAN DIEGO,-117.21140828,32.75896504
90259992,2016,2016-09-02,9645,2016-09-01,0900,013756,NA,4,1,7,3711,0,1,1,NA,2,007,I-5 (N/B),GENESEE AVENUE,480,S,N,A,-,Y,NA,NA,5,NA,NA,NA,NA,NA,NA,Y,4,0,1,4,A,-,03,22350,NA,N,C,C,A,A,H,-,A,D,0,NA,NA,NA,NA,Y,NA,D,22,0,0,1,0,0,0,0,0,0,-,-,32.87923,-117.22833,SAN DIEGO,SAN DIEGO,-117.22838838,32.87923563
90262070,2016,2016-09-06,9680,2016-08-26,1620,019822,NA,5,2,9,3700,0,2,4,NA,1,014,8455 WINTER GARDENS BLVD,SAPOTA DR,86,S,N,A,-,N,NA,NA,NA,NA,NA,NA,NA,NA,NA,Y,3,0,1,2,A,-,09,21802,A,N,E,I,A,A,H,-,A,A,0,NA,NA,NA,NA,Y,NA,A,01,0,1,0,0,0,0,0,0,0,-,-,32.83081,-116.93227,SAN DIEGO,UNINCORPORATED,-116.93249471,32.83083753
90262158,2016,2016-10-28,9680,2016-07-18,1000,018356,NA,1,1,9,3700,0,3,5,NA,2,003,WILLOWS ROAD,INTERSTATE 8 W/B,1584,W,N,A,-,N,NA,NA,NA,NA,NA,NA,NA,NA,NA,Y,1,1,4,3,A,-,01,23152,A,N,D,C,A,A,H,-,A,D,0,NA,NA,NA,NA,Y,Y,A,01,1,1,2,0,0,0,0,0,0,-,-,32.8414,-116.68291,SAN DIEGO,UNINCORPORATED,-116.68295,32.841365
90262886,2016,2016-09-07,9650,2016-08-26,1830,015788,NA,5,2,5,3782,0,1,1,NA,2,007,I-5 S/B,REQUEZA ST,1056,N,N,A,-,Y,NA,NA,5,NA,NA,NA,NA,NA,S,Y,3,0,1,2,A,-,03,22350,NA,N,C,C,A,A,H,-,A,D,0,NA,NA,NA,NA,Y,NA,A,01,0,1,0,0,0,0,0,0,0,-,-,33.04458,-117.28621,SAN DIEGO,ENCINITAS,-117.28622981,33.04457387
90263460,2016,2016-09-08,9645,2016-07-24,0340,020401,NA,7,3,7,3711,0,1,3,NA,2,006,SR-94 E/B,HOME AVE,500,E,N,B,-,Y,NA,NA,94,NA,NA,NA,NA,NA,E,N,3,0,1,2,A,-,08,22107,NA,F,G,B,E,A,H,-,C,D,0,Y,NA,NA,NA,Y,Y,-,99,0,1,0,0,1,0,0,0,0,-,-,32.71811,-117.10938,SAN DIEGO,SAN DIEGO,-117.10938005,32.71810373
90265150,2016,2016-09-12,9650,2016-09-07,0800,015295,NA,3,1,9,3700,0,1,1,NA,2,022,INTERSTATE 15 SOUTHBOUND,RAINBOW VALLEY BOULEVARD,528,S,N,A,-,Y,NA,NA,15,NA,NA,NA,NA,NA,S,Y,4,0,1,2,A,-,03,22350,NA,N,C,C,A,A,H,-,A,D,0,NA,NA,NA,NA,Y,NA,A,01,0,0,1,0,0,0,0,0,0,-,-,33.42898,-117.14789,SAN DIEGO,UNINCORPORATED,-117.147808,33.42888522
90268033,2016,2016-09-15,9645,2016-09-02,0523,016138,NA,5,3,7,3711,0,1,1,NA,2,007,I-5 SOUTHBOUND,CARMEL VALLEY ROAD,312,N,N,A,-,Y,NA,NA,NA,NA,NA,NA,NA,NA,NA,Y,4,0,1,1,A,-,01,23152,A,N,E,I,A,A,H,-,D,D,0,NA,NA,NA,NA,Y,Y,A,01,0,0,1,0,0,0,0,0,0,-,-,32.55997,-117.14497,SAN DIEGO,SAN DIEGO,-117.24142418,32.93318181
90269405,2016,2016-09-16,9650,2016-09-14,0855,013636,NA,3,1,9,3700,0,1,1,NA,2,001,I-5 S/B,BASILONE RD,5280,S,N,A,-,Y,NA,NA,NA,NA,NA,NA,NA,NA,NA,Y,4,0,1,1,A,-,03,22350,NA,N,E,I,A,A,H,-,A,D,0,NA,NA,NA,NA,Y,NA,D,22,0,0,1,0,0,0,0,0,0,-,-,NA,NA,SAN DIEGO,UNINCORPORATED,NA,NA
90269876,2016,2016-09-19,9645,2016-09-06,0630,016047,NA,2,1,7,3711,0,1,3,NA,2,006,SR-94 WESTBOUND,25TH STREET,528,E,N,A,-,Y,NA,NA,94,NA,NA,NA,NA,NA,W,N,4,0,1,2,A,-,03,22350,NA,N,C,C,A,A,H,-,A,D,0,NA,NA,NA,NA,Y,NA,D,22,0,0,1,0,0,0,0,0,0,-,-,32.71329,-117.13636,SAN DIEGO,SAN DIEGO,-117.13636008,32.71329833
90271915,2016,2016-09-20,9680,2016-09-12,1135,017996,NA,1,1,9,3700,0,2,4,NA,1,026,JAMACHA BOULEVARD,WHITESTONE ROAD,50,E,N,A,-,N,NA,NA,NA,NA,NA,NA,NA,NA,NA,Y,4,0,1,2,A,-,03,22350,NA,N,C,C,A,A,H,-,A,D,0,NA,NA,NA,NA,Y,NA,A,01,0,0,1,0,0,0,0,0,0,-,-,32.71612,-116.97654,SAN DIEGO,UNINCORPORATED,-116.97657875,32.71602315
90272142,2016,2016-09-21,9645,2016-09-07,1255,016156,NA,3,1,7,3711,0,1,1,NA,2,013,I-805 N/B TO MESA COLLEGE DRIVE,MESA COLLEGE DRIVE,60,S,N,A,-,Y,NA,NA,805,NA,NA,NA,R,NA,N,N,4,0,1,2,A,-,21,22106,NA,N,C,C,A,A,H,-,A,A,0,NA,NA,NA,NA,Y,NA,A,01,0,0,1,0,0,0,0,0,0,-,-,32.80374,-117.15006,SAN DIEGO,SAN DIEGO,-117.15006,32.80374
90272609,2016,2016-09-21,9680,2016-09-09,0620,018104,NA,5,1,9,3700,0,2,4,NA,1,012,MAPLEVIEW ST.,ASHWOOD ST.,5,W,N,A,-,N,NA,NA,NA,NA,NA,NA,NA,NA,NA,N,3,0,1,2,A,-,10,21950,A,N,G,B,B,A,H,-,B,A,0,Y,NA,NA,NA,Y,NA,A,01,0,1,0,0,1,0,0,0,0,-,-,32.86368,-116.91793,SAN DIEGO,UNINCORPORATED,-116.91782598,32.86358764
90276908,2016,2016-09-27,9680,2016-09-18,1910,017621,NA,7,2,9,3700,0,3,5,NA,2,009,FEATHERSTONE CANYON RD,WILDCAT CANYON RD,5280,E,N,A,-,N,NA,NA,NA,NA,NA,NA,NA,NA,NA,N,3,0,2,1,A,-,08,22107,NA,N,H,A,A,A,H,-,B,D,0,NA,NA,Y,NA,Y,NA,C,06,0,2,0,0,0,0,0,0,2,-,-,32.94918,-116.82817,SAN DIEGO,UNINCORPORATED,-116.82812,32.949077
90277465,2016,2016-09-28,9650,2016-09-24,1805,017263,NA,6,2,3,3783,0,1,1,NA,2,007,I-5 N/B,MANCHESTER AVE,2640,S,N,A,-,Y,NA,NA,NA,NA,NA,NA,NA,NA,NA,Y,4,0,1,2,A,-,03,22350,NA,N,C,C,A,A,H,-,A,D,0,NA,NA,NA,NA,Y,NA,D,22,0,0,1,0,0,0,0,0,0,-,-,33.0116,-117.26274,SAN DIEGO,SOLANA BEACH,-117.25877289,33.00508657
9027804,2019,2020-02-11,3705,2019-12-11,1449,EC0328,NA,3,5,5,3705,0,0,0,NA,0,004,GREENFIELD,MOLLISON,0,NA,Y,A,-,N,NA,NA,NA,NA,NA,NA,NA,NA,NA,N,4,0,2,2,A,-,12,21453,A,N,D,C,A,A,H,-,A,A,0,NA,NA,NA,NA,Y,NA,D,22,0,0,2,0,0,0,0,0,0,-,-,NA,NA,SAN DIEGO,EL CAJON,-116.95069885253906,32.81330871582031
90282744,2016,2016-10-03,9680,2016-09-24,1136,018672,NA,6,1,9,3700,0,3,5,NA,2,005,WYNOLA ROAD,SR-78,12672,E,N,A,-,N,NA,NA,NA,NA,NA,NA,NA,NA,NA,Y,2,0,2,2,A,-,08,22107,NA,N,A,C,A,A,H,-,A,A,0,NA,NA,Y,NA,Y,NA,C,02,1,0,1,0,0,0,0,0,1,-,-,33.09778,-116.61408,SAN DIEGO,UNINCORPORATED,-116.61414329,33.09735995
90283989,2016,2016-10-05,9650,2016-09-23,1330,014886,NA,5,1,5,3701,0,1,1,NA,2,005,I-5 S/B,CARLSBAD VILLAGE DR,950,S,N,A,-,Y,NA,NA,5,NA,NA,NA,NA,NA,S,Y,3,0,1,2,A,-,03,22350,NA,N,C,C,A,A,H,-,A,D,0,NA,NA,Y,NA,Y,NA,C,02,0,1,0,0,0,0,0,0,1,-,-,33.15888,-117.3401,SAN DIEGO,CARLSBAD,-117.34017119,33.15884345
90285361,2016,2016-10-06,9650,2016-09-28,0130,019126,NA,3,3,9,3700,0,1,1,NA,2,007,I-5 S/B,POINSETTIA LN,2640,N,N,A,-,Y,NA,NA,NA,NA,NA,NA,NA,NA,NA,Y,3,0,2,1,A,-,08,22107,NA,N,F,A,A,A,H,-,D,D,0,NA,NA,NA,NA,Y,NA,A,01,0,2,0,0,0,0,0,0,0,-,-,33.06355,-117.18544,SAN DIEGO,UNINCORPORATED,NA,NA
90285599,2016,2016-10-06,9650,2016-10-01,1333,015503,NA,6,1,5,3701,0,1,1,NA,2,005,I-5 N/B,LA COSTA AVE.,500,N,N,A,-,Y,NA,NA,NA,NA,NA,NA,NA,NA,NA,Y,4,0,4,2,A,-,03,22350,NA,N,C,C,A,A,H,-,A,D,0,NA,NA,NA,NA,Y,NA,D,22,0,0,4,0,0,0,0,0,0,-,-,33.10205,-117.3124,SAN DIEGO,CARLSBAD,-117.29871744,33.08547271
90286318,2016,2016-10-07,9645,2016-09-24,0110,020515,NA,6,3,7,3711,0,1,3,NA,2,023,SR-163 N/B,ROBINSON AVE. O/C,670,S,N,A,-,Y,NA,NA,163,NA,NA,NA,NA,NA,N,Y,4,0,2,2,A,-,01,23152,E,F,C,C,A,A,H,-,D,D,0,NA,NA,NA,NA,Y,NA,D,22,0,0,2,0,0,0,0,0,0,-,-,32.7448,-117.1562,SAN DIEGO,SAN DIEGO,-117.156287,32.74478968