CASE_ID,ACCIDENT_YEAR,PROC_DATE,JURIS,COLLISION_DATE,COLLISION_TIME,OFFICER_ID,REPORTING_DISTRICT,DAY_OF_WEEK,CHP_SHIFT,POPULATION,CNTY_CITY_LOC,SPECIAL_COND,BEAT_TYPE,CHP_BEAT_TYPE,CITY_DIVISION_LAPD,CHP_BEAT_CLASS,BEAT_NUMBER,PRIMARY_RD,SECONDARY_RD,DISTANCE,DIRECTION,INTERSECTION,WEATHER_1,WEATHER_2,STATE_HWY_IND,CALTRANS_COUNTY,CALTRANS_DISTRICT,STATE_ROUTE,ROUTE_SUFFIX,POSTMILE_PREFIX,POSTMILE,LOCATION_TYPE,RAMP_INTERSECTION,SIDE_OF_HWY,TOW_AWAY,COLLISION_SEVERITY,NUMBER_KILLED,NUMBER_INJURED,PARTY_COUNT,PRIMARY_COLL_FACTOR,PCF_CODE_OF_VIOL,PCF_VIOL_CATEGORY,PCF_VIOLATION,PCF_VIOL_SUBSECTION,HIT_AND_RUN,TYPE_OF_COLLISION,MVIW,PED_ACTION,ROAD_SURFACE,ROAD_COND_1,ROAD_COND_2,LIGHTING,CONTROL_DEVICE,CHP_ROAD_TYPE,PEDESTRIAN_ACCIDENT,BICYCLE_ACCIDENT,MOTORCYCLE_ACCIDENT,TRUCK_ACCIDENT,NOT_PRIVATE_PROPERTY,ALCOHOL_INVOLVED,STWD_VEHTYPE_AT_FAULT,CHP_VEHTYPE_AT_FAULT,COUNT_SEVERE_INJ,COUNT_VISIBLE_INJ,COUNT_COMPLAINT_PAIN,COUNT_PED_KILLED,COUNT_PED_INJURED,COUNT_BICYCLIST_KILLED,COUNT_BICYCLIST_INJURED,COUNT_MC_KILLED,COUNT_MC_INJURED,PRIMARY_RAMP,SECONDARY_RAMP,LATITUDE,LONGITUDE,COUNTY,CITY,POINT_X,POINT_Y
90286953,2016,2016-10-10,9650,2016-10-05,2158,019227,NA,3,2,9,3700,0,1,3,NA,2,065,SR-76,N. RIVER RD.,80,E,N,A,-,Y,NA,NA,76,NA,NA,NA,NA,NA,NA,Y,2,0,1,1,A,-,08,22107,NA,N,E,I,A,A,H,-,C,A,0,NA,NA,NA,NA,Y,NA,A,01,1,0,0,0,0,0,0,0,0,-,-,33.26766,-117.23674,SAN DIEGO,UNINCORPORATED,-117.23658461,33.26764039
90287631,2016,2016-10-10,9680,2016-10-02,1005,015766,NA,7,1,9,3700,0,2,4,NA,1,031,SUNRISE HIGHWAY,INTERSTATE 8,18480,N,N,A,-,N,NA,NA,NA,NA,NA,NA,NA,NA,NA,Y,4,0,1,1,A,-,05,21650,NA,N,E,I,A,A,H,-,A,D,0,NA,NA,Y,NA,Y,NA,C,02,0,0,1,0,0,0,0,0,1,-,-,32.84585,-116.49323,SAN DIEGO,UNINCORPORATED,-116.51052,32.81127
90289013,2016,2016-10-11,9650,2016-10-01,0555,020997,NA,6,3,9,3700,0,3,5,NA,1,212,N. LAKE WOHLFORD,VALLEY CENTER RD,1000,S,N,A,-,Y,NA,NA,NA,NA,NA,NA,NA,NA,NA,Y,3,0,2,2,A,-,05,21460,A,N,C,C,A,A,H,-,D,A,0,NA,NA,NA,NA,Y,NA,A,01,0,1,1,0,0,0,0,0,0,-,-,33.22283,-116.97407,SAN DIEGO,UNINCORPORATED,-116.97573923,33.22542173
90289377,2016,2016-10-11,9680,2016-10-07,1832,018672,NA,5,2,9,3700,0,3,5,NA,2,005,PINE HILLS ROAD,DEER LAKE PARK RD,0,NA,Y,A,-,N,NA,NA,NA,NA,NA,NA,NA,NA,NA,Y,4,0,1,2,A,-,09,21801,A,N,D,C,A,A,H,-,D,D,0,NA,NA,NA,NA,Y,NA,A,01,0,0,1,0,0,0,0,0,0,-,-,33.06353,-116.61792,SAN DIEGO,UNINCORPORATED,-116.61811001,33.06347009
9028982,2019,2020-02-05,3711,2019-12-29,0140,SD6671,NA,7,5,7,3711,0,0,0,NA,0,831,EL CAJON BL,EUCLID AV,0,NA,Y,A,-,N,NA,NA,NA,NA,NA,NA,NA,NA,NA,N,4,0,1,2,A,-,10,21950,A,N,G,B,B,A,H,-,C,A,0,Y,NA,NA,NA,Y,Y,A,01,0,0,1,0,1,0,0,0,0,-,-,NA,NA,SAN DIEGO,SAN DIEGO,-117.09220886230467,32.756038665771484
9028986,2019,2020-02-05,3711,2019-12-28,1245,SD7302,NA,6,5,7,3711,0,0,0,NA,0,831,UNIVERSITY AV,44TH ST,0,NA,Y,A,-,N,NA,NA,NA,NA,NA,NA,NA,NA,NA,N,3,0,2,2,A,-,03,22350,NA,N,C,C,A,A,H,-,A,A,0,NA,NA,NA,NA,Y,Y,A,01,0,1,1,0,0,0,0,0,0,-,-,NA,NA,SAN DIEGO,SAN DIEGO,-117.0998077392578,32.749610900878906
9029018,2019,2020-02-05,3711,2019-12-27,2002,SD4849,NA,5,5,7,3711,0,0,0,NA,0,528,W BEECH ST,W BEECH ST  600,0,NA,Y,A,-,N,NA,NA,NA,NA,NA,NA,NA,NA,NA,N,3,0,1,1,A,-,03,22350,NA,N,H,I,A,A,H,-,C,D,0,NA,NA,NA,NA,Y,NA,-,NA,0,1,0,0,0,0,0,0,0,-,-,NA,NA,SAN DIEGO,SAN DIEGO,NA,NA
90291001,2016,2016-10-13,9680,2016-10-12,0845,015708,NA,3,1,9,3700,0,1,1,NA,2,081,I-8 W/B,70TH STREET,1056,E,N,A,-,Y,NA,NA,NA,NA,NA,NA,NA,NA,NA,Y,4,0,1,2,A,-,03,22350,NA,N,C,C,A,A,H,-,A,D,0,NA,NA,NA,NA,Y,NA,A,01,0,0,1,0,0,0,0,0,0,-,-,32.77276,-117.04041,SAN DIEGO,UNINCORPORATED,NA,NA
90291516,2016,2016-10-13,9650,2016-09-17,2127,015906,NA,6,2,9,3700,0,1,3,NA,2,065,SR-76,OLD HIGHWAY 395,325,W,N,A,-,Y,NA,NA,76,NA,NA,NA,NA,NA,NA,Y,4,0,3,3,A,-,03,22350,NA,N,C,C,A,A,D,-,D,D,0,NA,NA,NA,NA,Y,NA,A,01,0,0,3,0,0,0,0,0,0,-,-,33.32715,-117.16334,SAN DIEGO,UNINCORPORATED,-117.16349127,33.32731398
90291520,2016,2016-10-13,9645,2016-10-13,0855,014461,NA,4,1,7,3711,0,1,3,NA,2,023,SR-163 SOUTHBOUND,QUINCE ST.,340,S,N,A,-,Y,NA,NA,163,NA,NA,NA,NA,NA,S,N,4,0,1,2,A,-,03,22350,NA,N,C,C,A,A,H,-,A,D,0,NA,NA,Y,NA,Y,NA,C,02,0,0,1,0,0,0,0,0,1,-,-,32.73322,-117.15548,SAN DIEGO,SAN DIEGO,-117.15549306,32.73321344
90292277,2016,2016-10-14,9645,2016-08-10,2130,017667,NA,3,2,7,3711,0,1,3,NA,2,006,SR-94 E/B,SR-15,500,W,N,A,-,Y,NA,NA,94,NA,NA,NA,NA,NA,E,N,4,0,1,2,A,-,11,21950,B,N,G,B,E,A,H,-,C,D,0,Y,NA,NA,NA,Y,NA,N,60,0,0,1,0,1,0,0,0,0,-,-,32.716,-117.1201,SAN DIEGO,SAN DIEGO,-117.12010433,32.71602096
90293464,2016,2016-10-17,9680,2016-10-10,1000,015962,NA,1,1,5,3708,0,1,3,NA,2,028,N/B SR-125 TO W/B I-8,I-8 W/B,735,N,N,A,-,Y,NA,NA,125,NA,NA,NA,R,NA,NA,Y,3,0,1,1,A,-,03,22350,NA,N,F,A,A,A,H,-,A,A,0,NA,NA,NA,Y,Y,NA,G,27,0,1,0,0,0,0,0,0,0,-,-,32.77963,-117.00384,SAN DIEGO,LA MESA,-117.00384,32.77963
90293875,2016,2016-10-17,9645,2016-10-11,1002,017025,NA,2,1,7,3711,0,1,1,NA,2,009,I-805 N/B,E ST. U/C,800,N,N,A,B,Y,NA,NA,NA,NA,NA,NA,NA,NA,NA,Y,4,0,1,2,A,-,03,22350,NA,N,C,C,A,A,H,-,A,D,0,NA,NA,NA,NA,Y,NA,A,01,0,0,1,0,0,0,0,0,0,-,-,32.64915,-117.06294,SAN DIEGO,SAN DIEGO,NA,NA
90295235,2016,2016-10-18,9650,2016-10-16,1420,015531,NA,7,2,5,3701,0,1,1,NA,2,005,I-5 N/B,POINSETTIA LN,1056,S,N,A,-,Y,NA,NA,5,NA,NA,NA,NA,NA,N,Y,4,0,2,6,A,-,03,22350,NA,N,C,C,A,A,H,-,A,D,0,NA,NA,NA,NA,Y,NA,D,22,0,0,2,0,0,0,0,0,0,-,-,33.10037,-117.3084,SAN DIEGO,CARLSBAD,-117.30843162,33.10034949
90295459,2016,2016-10-19,9645,2016-10-09,1413,019291,NA,7,2,5,3709,0,1,1,NA,2,009,I-805 S/B TO 54 W/B,SR-54,300,N,N,A,-,Y,NA,NA,805,NA,NA,NA,R,NA,S,Y,2,0,1,1,A,-,08,22107,NA,N,E,I,A,A,H,-,A,A,0,NA,NA,Y,NA,Y,NA,C,02,1,0,0,0,0,0,0,0,1,-,-,32.65906,-117.0771,SAN DIEGO,NATIONAL CITY,-117.0771,32.65906
90296439,2016,2016-10-19,9650,2016-10-16,2045,015503,NA,7,2,9,3700,0,1,1,NA,2,001,I-5 N/B,BASILONE RD,6336,S,N,A,-,Y,NA,NA,5,NA,NA,NA,NA,NA,N,Y,4,0,2,3,A,-,03,22350,NA,N,C,A,A,A,H,-,D,D,0,NA,NA,NA,NA,Y,NA,A,01,0,0,2,0,0,0,0,0,0,-,-,33.3713,-117.55377,SAN DIEGO,UNINCORPORATED,-117.55382353,33.37120194
90297095,2016,2016-10-20,9680,2016-10-14,1520,018427,NA,5,2,9,3700,0,3,5,NA,2,003,ARNOLD WAY,TAVERN RD,1056,E,N,A,-,N,NA,NA,NA,NA,NA,NA,NA,NA,NA,Y,4,0,1,2,A,-,03,22350,NA,N,C,C,A,A,H,-,A,D,0,NA,NA,NA,NA,Y,NA,A,01,0,0,1,0,0,0,0,0,0,-,-,32.83592,-116.77313,SAN DIEGO,UNINCORPORATED,-116.77208319,32.83630082
90306345,2016,2016-10-31,9645,2016-10-19,2341,015664,NA,3,3,7,3711,0,1,1,NA,2,005,I-5 N/B TO I-8 W/B,ROSECRANS STREET,440,N,N,A,-,Y,NA,NA,5,NA,NA,NA,R,NA,N,Y,4,0,1,1,A,-,08,22107,NA,N,F,A,A,A,H,-,C,D,0,NA,NA,NA,NA,Y,NA,A,07,0,0,1,0,0,0,0,0,0,-,-,32.75625,-117.20226,SAN DIEGO,SAN DIEGO,-117.20226,32.75625
90308840,2016,2016-11-01,9645,2016-10-24,1343,019496,NA,1,1,7,3711,0,1,3,NA,2,006,SR-94 W/B,BROADWAY,1320,E,N,A,-,Y,NA,NA,94,NA,NA,NA,NA,NA,W,Y,4,0,2,2,A,-,03,22350,NA,N,C,C,A,A,H,-,A,D,0,NA,NA,NA,NA,Y,NA,A,07,0,0,2,0,0,0,0,0,0,-,-,32.71731,-117.11757,SAN DIEGO,SAN DIEGO,-117.11754658,32.71716863
90309561,2016,2016-11-02,9650,2016-10-26,1650,013452,NA,3,2,9,3700,0,3,5,NA,2,006,DE LUZ ROAD,W. DOUGHERTY STREET,7920,N,N,A,-,N,NA,NA,NA,NA,NA,NA,NA,NA,NA,Y,4,0,1,1,A,-,03,22350,NA,N,E,I,A,A,H,-,A,D,0,NA,NA,NA,NA,Y,NA,A,01,0,0,1,0,0,0,0,0,0,-,-,33.39115,-117.25288,SAN DIEGO,UNINCORPORATED,-117.25814831,33.40180006
90309696,2016,2016-11-02,9650,2016-11-01,1520,015531,NA,2,2,9,3700,0,2,4,NA,2,061,E. MISSION RD,OLD HIGHWAY 395,145,N,N,A,-,N,NA,NA,NA,NA,NA,NA,NA,NA,NA,N,4,0,1,2,A,-,01,23152,A,N,C,C,A,A,H,-,A,D,0,NA,NA,NA,NA,Y,Y,A,07,0,0,1,0,0,0,0,0,0,-,-,33.38789,-117.17724,SAN DIEGO,UNINCORPORATED,-117.177365,33.387817
90310896,2016,2016-12-30,9645,2016-05-01,0444,015001,NA,7,3,7,3711,0,1,1,NA,2,010,INTERSTATE 8 EASTBOUND,COLLEGE AVENUE,2154,W,N,B,-,Y,NA,NA,8,NA,NA,NA,NA,NA,E,Y,1,1,0,1,A,-,01,23152,A,N,E,I,A,A,H,-,D,D,0,NA,NA,NA,NA,Y,Y,A,01,0,0,0,0,0,0,0,0,0,-,-,32.779,-117.07,SAN DIEGO,SAN DIEGO,-117.07000774,32.77916808
90312253,2016,2016-11-07,9650,2016-11-01,1540,015446,NA,2,2,9,3700,0,3,5,NA,2,231,BEAR VALLEY PARKWAY,SR-78 (SAN PASQUAL VALLEY ROAD),50,S,N,A,-,N,NA,NA,NA,NA,NA,NA,NA,NA,NA,Y,3,0,3,3,A,-,03,22350,NA,N,C,C,A,A,H,-,A,A,0,NA,NA,NA,NA,Y,NA,A,07,0,1,2,0,0,0,0,0,0,-,-,33.1091,-117.04992,SAN DIEGO,UNINCORPORATED,-117.05000013,33.10910055
90312486,2016,2016-11-07,9680,2016-10-25,1315,019270,NA,2,1,9,3700,0,3,5,NA,2,002,JAMACHA BLVD,LAMPLIGHTER VILLAGE DR,500,W,N,A,-,N,NA,NA,NA,NA,NA,NA,NA,NA,NA,N,4,0,2,2,A,-,07,21658,A,M,C,C,A,A,H,-,A,D,0,NA,NA,NA,NA,Y,NA,A,01,0,0,2,0,0,0,0,0,0,-,-,NA,NA,SAN DIEGO,UNINCORPORATED,-116.9631702,32.72898691
90313530,2016,2016-11-08,9650,2016-09-25,0435,020997,NA,7,3,9,3700,0,1,3,NA,2,065,SR-76 E/B,E.VISTA WAY,30,W,N,A,-,Y,NA,NA,76,NA,NA,NA,NA,NA,E,N,4,0,1,2,A,-,03,22350,NA,F,C,C,A,A,H,-,D,A,0,NA,NA,NA,NA,Y,NA,A,01,0,0,1,0,0,0,0,0,0,-,-,33.25731,-117.23744,SAN DIEGO,UNINCORPORATED,-117.23779123,33.25766535
90316210,2016,2016-11-10,9645,2016-10-06,0710,015270,NA,4,1,6,3702,0,1,1,NA,2,001,I-5 NORTHBOUND,H STREET,1056,S,N,A,-,Y,NA,NA,5,NA,NA,NA,NA,NA,N,Y,2,0,1,2,A,-,03,22350,NA,N,C,C,A,A,H,-,A,D,0,NA,NA,Y,NA,Y,NA,C,02,1,0,0,0,0,0,0,0,1,-,-,32.62618,-117.09468,SAN DIEGO,CHULA VISTA,-117.09458097,32.6262192
90317533,2016,2016-11-14,9650,2016-11-06,0913,019227,NA,7,1,9,3700,0,3,5,NA,1,212,PALA TEMECULA RD.,PALA MISSION RD,8448,N,N,A,-,N,NA,NA,NA,NA,NA,NA,NA,NA,NA,Y,3,0,1,2,A,-,05,21460,A,N,B,C,A,A,H,-,A,D,0,NA,NA,Y,NA,Y,NA,C,02,0,1,0,0,0,0,0,0,1,-,-,33.38676,-117.08576,SAN DIEGO,UNINCORPORATED,-117.08584573,33.38622653
90317989,2016,2016-11-14,9645,2016-11-02,1730,018393,NA,3,2,6,3702,0,1,1,NA,2,001,I-5 S/B,J STREET O/C,100,S,N,A,-,Y,NA,NA,5,NA,NA,NA,NA,NA,S,Y,4,0,1,2,A,-,07,21658,A,N,B,C,A,A,H,-,A,D,0,NA,NA,NA,Y,Y,NA,F,27,0,0,1,0,0,0,0,0,0,-,-,32.6163,-117.09166,SAN DIEGO,CHULA VISTA,-117.09150083,32.6163181
90318015,2016,2016-11-14,9645,2016-10-28,1450,018393,NA,5,2,7,3711,0,1,1,NA,2,021,SR-15 S/B,UNIVERSITY AVE O/C,20,S,N,A,-,Y,NA,NA,15,NA,NA,NA,NA,NA,S,Y,4,0,1,2,A,-,03,22350,NA,N,C,C,A,A,D,-,A,D,0,NA,NA,NA,NA,Y,NA,D,22,0,0,1,0,0,0,0,0,0,-,-,32.7494,-117.10902,SAN DIEGO,SAN DIEGO,-117.10900831,32.74939966
90318037,2016,2016-11-14,9645,2016-09-16,1740,019729,NA,5,2,7,3711,0,1,1,NA,2,021,I-15 SB,UNIVERSITY AVE,350,S,N,A,-,Y,NA,NA,15,NA,NA,NA,NA,NA,S,N,4,0,2,3,A,-,08,22107,NA,F,C,C,A,A,H,-,A,D,0,NA,NA,Y,NA,Y,NA,C,02,0,0,2,0,0,0,0,0,2,-,-,32.746809999999996,-117.10925,SAN DIEGO,SAN DIEGO,-117.10908246,32.74679992
90319460,2016,2016-11-15,9650,2016-11-06,0735,019398,NA,7,1,5,3782,0,1,1,NA,2,007,I-5 S/B,REQUEZA STREET,570,S,N,B,-,Y,NA,NA,5,NA,NA,NA,NA,NA,S,Y,2,0,2,1,A,-,08,22107,NA,N,E,I,A,A,H,-,A,D,0,NA,NA,NA,NA,Y,NA,A,01,1,1,0,0,0,0,0,0,0,-,-,33.041,-117.285,SAN DIEGO,ENCINITAS,-117.28486386,33.04108762
90319817,2016,2016-11-15,9680,2016-11-07,1630,020780,NA,1,2,9,3700,0,2,4,NA,1,026,JAMACHA BLVD.,RAMONA AVE,30,W,N,A,-,N,NA,NA,NA,NA,NA,NA,NA,NA,NA,N,4,0,2,2,A,-,03,22350,NA,N,C,C,A,A,H,-,A,D,0,NA,NA,NA,NA,Y,NA,A,01,0,0,2,0,0,0,0,0,0,-,-,32.70777,-116.99464,SAN DIEGO,UNINCORPORATED,-116.99510717,32.70780159
90321153,2016,2016-11-16,9680,2016-11-09,0830,015081,NA,3,1,9,3700,0,3,5,NA,2,007,S-2 (SAN FELIPE ROAD),SR-78,27456,S,N,A,-,Y,NA,NA,NA,NA,NA,NA,NA,NA,NA,Y,4,0,1,1,A,-,05,21650,NA,N,E,I,A,A,H,-,A,D,0,NA,NA,NA,NA,Y,NA,D,22,0,0,1,0,0,0,0,0,0,-,-,33.04189,-116.412,SAN DIEGO,UNINCORPORATED,-117.33119003,33.18109002
90321300,2016,2016-11-16,9680,2016-11-08,1610,017224,NA,2,2,9,3700,0,3,5,NA,2,002,OLIVE VISTA DR,JEFFERSON RD,0,NA,Y,A,-,N,NA,NA,NA,NA,NA,NA,NA,NA,NA,Y,4,0,1,2,A,-,09,21802,A,N,D,C,A,A,H,-,A,A,0,NA,NA,NA,NA,Y,NA,A,01,0,0,1,0,0,0,0,0,0,-,-,32.72172,-116.87524,SAN DIEGO,UNINCORPORATED,-116.87523007,32.72159002
90325299,2016,2016-11-21,9650,2016-11-17,0845,015276,NA,4,1,9,3700,0,1,1,NA,2,021,I-15 S/B,DEER SPRINGS RD,1584,N,N,A,-,Y,NA,NA,15,NA,NA,NA,NA,NA,S,Y,4,0,1,2,A,-,03,22350,NA,N,C,C,A,A,H,-,A,D,0,NA,NA,NA,NA,Y,NA,A,01,0,0,1,0,0,0,0,0,0,-,-,33.19953,-117.12715,SAN DIEGO,UNINCORPORATED,-117.12721895,33.19949002
90325319,2016,2016-11-21,9645,2016-10-27,1620,019344,NA,4,2,7,3711,0,1,3,NA,2,023,SR-163 S/B,I-8 O/C,80,N,N,A,B,Y,NA,NA,163,NA,NA,NA,NA,NA,S,Y,3,0,1,1,D,-,00,NA,NA,N,H,J,A,A,H,-,A,D,0,NA,NA,Y,NA,Y,NA,-,-,0,1,0,0,0,0,0,0,1,-,-,32.7632,-117.1634,SAN DIEGO,SAN DIEGO,-117.16357238,32.76319569
90329664,2016,2016-11-28,9645,2016-10-29,1925,020673,NA,6,2,7,3711,0,1,1,NA,2,001,I-5 SOUTHBOUND,MAIN ST.,1775,N,N,A,-,Y,NA,NA,5,NA,NA,NA,NA,NA,S,Y,3,0,2,1,A,-,08,22107,NA,N,E,I,A,A,H,-,C,D,0,NA,NA,NA,NA,Y,NA,A,01,0,1,1,0,0,0,0,0,0,-,-,32.59875,-117.08967,SAN DIEGO,SAN DIEGO,-117.08944391,32.59877705
90330710,2016,2016-11-28,9650,2016-11-13,0155,019191,NA,7,3,9,3700,0,2,4,NA,2,061,E. MISSION ROAD,DAVIS DR,526,E,N,A,-,N,NA,NA,NA,NA,NA,NA,NA,NA,NA,Y,2,0,2,1,A,-,01,23152,F,N,E,I,A,A,H,-,D,D,0,NA,NA,NA,NA,Y,Y,D,22,2,0,0,0,0,0,0,0,0,-,-,33.38954,-117.22338,SAN DIEGO,UNINCORPORATED,-117.22348559,33.38948979
90331307,2016,2016-11-28,9680,2016-11-16,1010,015962,NA,3,1,9,3700,0,3,5,NA,2,002,KENWOOD DR,SR-94 W/B TO KENWOOD DR,0,NA,Y,A,-,Y,NA,NA,NA,NA,NA,NA,NA,NA,NA,Y,3,0,5,2,A,-,12,22450,A,N,D,C,A,A,H,-,A,A,0,NA,NA,NA,NA,Y,NA,A,01,0,1,4,0,0,0,0,0,0,-,-,32.74611,-116.99052,SAN DIEGO,UNINCORPORATED,NA,NA
90331646,2016,2016-11-29,9645,2016-11-10,1710,020020,NA,4,2,7,3711,0,1,1,NA,2,021,SR-15 S/B,UNIVERSITY AVE,450,N,N,A,-,Y,NA,NA,15,NA,NA,NA,NA,NA,S,N,4,0,1,3,A,-,03,22350,NA,N,C,C,A,A,H,-,B,D,0,NA,NA,NA,NA,Y,NA,A,01,0,0,1,0,0,0,0,0,0,-,-,32.75111,-117.10906,SAN DIEGO,SAN DIEGO,-117.10899362,32.75110842
90331753,2016,2016-11-29,9645,2016-11-11,1730,020020,NA,5,2,7,3711,0,1,3,NA,2,023,SR-163,I-8,1584,S,N,A,-,Y,NA,NA,163,NA,NA,NA,NA,NA,NA,N,3,0,1,2,A,-,03,22350,NA,N,C,D,A,A,H,-,E,D,0,NA,NA,NA,NA,Y,NA,A,01,0,1,0,0,0,0,0,0,0,-,-,32.75864,-117.16138,SAN DIEGO,SAN DIEGO,-117.16140932,32.75860667
90333414,2016,2016-11-30,9650,2016-11-27,0725,015758,NA,7,1,6,3710,0,1,1,NA,2,005,I-5 N/B,SAN LUIS REY RIVER,69,S,N,B,C,Y,NA,NA,NA,NA,NA,NA,NA,NA,NA,Y,4,0,1,1,A,-,03,22350,NA,N,E,I,A,B,H,-,A,D,0,NA,NA,NA,Y,Y,NA,G,27,0,0,1,0,0,0,0,0,0,-,-,33.12252,-117.23499,SAN DIEGO,OCEANSIDE,NA,NA
90333463,2016,2016-11-30,9645,2016-11-21,1110,014922,NA,1,1,7,3711,0,1,3,NA,2,006,SR-94 WESTBOUND,HOME AVE. OVERCROSSING,1100,E,N,C,-,Y,NA,NA,94,NA,NA,NA,NA,NA,W,Y,4,0,1,1,A,-,08,22107,NA,N,E,I,A,B,H,-,A,D,0,NA,NA,NA,NA,Y,NA,A,01,0,0,1,0,0,0,0,0,0,-,-,32.71849,-117.10703,SAN DIEGO,SAN DIEGO,-117.10700615,32.71830959
90333537,2016,2016-11-30,9645,2016-11-21,0535,014922,NA,1,3,7,3711,0,1,1,NA,2,009,I-805 NORTHBOUND,IMPERIAL AVE. OVERCROSSING,400,S,N,B,C,Y,NA,NA,805,NA,NA,NA,NA,NA,N,Y,4,0,1,3,A,-,08,22107,NA,N,D,C,A,B,H,-,A,D,0,NA,NA,NA,NA,Y,NA,A,07,0,0,1,0,0,0,0,0,0,-,-,32.70313,-117.09462,SAN DIEGO,SAN DIEGO,-117.09478399,32.70311744
90333565,2016,2016-11-30,9645,2016-11-10,1635,016864,NA,4,2,7,3711,0,1,1,NA,2,015,I-805 S/B,SORRENTO VALLEY ROAD,2640,N,N,A,-,Y,NA,NA,805,NA,NA,NA,NA,NA,S,Y,4,0,2,2,A,-,03,22350,NA,N,C,C,A,A,H,-,A,D,0,NA,NA,NA,NA,Y,NA,A,01,0,0,2,0,0,0,0,0,0,-,-,32.8984,-117.21824,SAN DIEGO,SAN DIEGO,-117.21830227,32.89834151
90336604,2016,2016-12-05,9680,2016-11-23,0055,018672,NA,3,3,9,3700,0,1,3,NA,1,052,SR-78,SUTHERLAND DAM RD,528,W,N,A,-,Y,NA,NA,78,NA,NA,NA,NA,NA,NA,Y,3,0,1,1,A,-,01,23152,A,N,F,A,A,A,H,-,D,D,0,NA,NA,NA,NA,Y,Y,A,07,0,1,0,0,0,0,0,0,0,-,-,33.08374,-116.79311,SAN DIEGO,UNINCORPORATED,-116.7938536,33.08397938
90340053,2016,2016-12-08,9680,2016-11-28,2300,020105,NA,1,3,9,3700,0,3,5,NA,2,002,LYONS VALLEY RD,SR-94,800,N,N,A,-,N,NA,NA,NA,NA,NA,NA,NA,NA,NA,Y,3,0,1,1,A,-,03,22350,NA,N,E,I,A,B,H,-,D,D,0,NA,NA,NA,NA,Y,NA,D,22,0,1,0,0,0,0,0,0,0,-,-,32.72306,-116.88435,SAN DIEGO,UNINCORPORATED,-116.877928,32.720605
90341292,2016,2016-12-09,9680,2016-12-03,1330,020249,NA,6,1,9,3700,0,1,3,NA,1,052,STATE ROUTE 78,SECOND STREET,528,E,N,A,-,Y,NA,NA,NA,NA,NA,NA,NA,NA,NA,N,4,0,1,1,A,-,08,22107,NA,N,E,I,A,A,H,-,A,D,0,NA,NA,NA,NA,Y,NA,D,22,0,0,1,0,0,0,0,0,0,-,-,33.07166,-116.59559,SAN DIEGO,UNINCORPORATED,-117.32947124,33.18112954
90343867,2016,2016-12-13,9650,2016-11-22,1225,015758,NA,2,1,5,3712,0,1,3,NA,2,019,SR-78 W/B,LAS POSAS RD,300,E,N,A,-,Y,NA,NA,NA,NA,NA,NA,NA,NA,NA,N,3,0,1,2,A,-,03,22350,NA,N,C,C,A,A,H,-,A,D,0,NA,NA,Y,NA,Y,NA,C,02,0,1,0,0,0,0,0,0,1,-,-,33.83603,-117.11248,SAN DIEGO,SAN MARCOS,-117.19097,33.144
90344822,2016,2017-01-19,9650,2016-12-03,1357,019227,NA,6,1,6,3706,0,1,1,NA,2,023,I-15 N/B FROM CITRACADO PARKWAY,CITRACADO PKY,75,N,N,A,-,Y,NA,NA,15,NA,NA,NA,R,NA,N,N,4,0,1,2,A,-,03,22350,NA,F,C,C,A,A,H,-,A,D,0,NA,NA,NA,NA,Y,NA,D,22,0,0,1,0,0,0,0,0,0,-,-,33.0927,-117.08188,SAN DIEGO,ESCONDIDO,-117.08188,33.0927
90345043,2016,2016-12-15,9650,2016-12-09,1525,014886,NA,5,2,6,3710,0,1,1,NA,2,005,I-5 S/B,SR-76,400,N,N,A,-,Y,NA,NA,5,NA,NA,NA,NA,NA,S,Y,4,0,1,4,A,-,03,22350,NA,N,C,C,A,A,H,-,A,D,0,NA,NA,NA,NA,Y,NA,A,01,0,0,1,0,0,0,0,0,0,-,-,33.20849,-117.38639,SAN DIEGO,OCEANSIDE,-117.38626387,33.20857058
90346465,2016,2016-12-16,9680,2016-12-08,1315,018427,NA,4,1,9,3700,0,1,3,NA,2,016,SR-67 N/B TO WINTER GARDENS BL.,WINTER GARDENS BLVD,0,NA,Y,A,-,Y,NA,NA,67,NA,NA,NA,R,NA,N,Y,4,0,1,2,A,-,09,21802,A,N,D,C,A,A,H,-,A,A,0,NA,NA,NA,NA,Y,NA,A,01,0,0,1,0,0,0,0,0,0,-,-,32.8572,-116.93143,SAN DIEGO,UNINCORPORATED,-116.93143,32.8572
90346896,2016,2016-12-16,9645,2016-09-27,1125,015494,NA,2,1,7,3711,0,1,1,NA,2,010,I-8 W/B FROM FAIRMOUNT AVENUE N/B,I-8,148,N,N,A,-,Y,NA,NA,8,NA,NA,NA,R,NA,W,Y,1,1,1,1,A,-,03,22350,NA,N,E,I,A,A,H,-,A,D,0,NA,NA,NA,NA,Y,NA,A,01,1,0,0,0,0,0,0,0,0,-,-,32.77958,-117.10083,SAN DIEGO,SAN DIEGO,-117.10083,32.77958
90353417,2016,2016-12-27,9650,2016-12-15,1043,017109,650,4,1,9,3700,0,1,1,NA,2,022,I-15 S/B,S. MISSION ROAD,2500,S,N,A,-,Y,NA,NA,15,NA,NA,NA,NA,NA,S,Y,4,0,1,2,A,-,07,21658,A,N,B,C,A,A,H,-,A,D,0,NA,NA,NA,NA,Y,NA,A,01,0,0,1,0,0,0,0,0,0,-,-,33.37154,-117.16627,SAN DIEGO,UNINCORPORATED,-117.16660174,33.37119418