CASE_ID,ACCIDENT_YEAR,PROC_DATE,JURIS,COLLISION_DATE,COLLISION_TIME,OFFICER_ID,REPORTING_DISTRICT,DAY_OF_WEEK,CHP_SHIFT,POPULATION,CNTY_CITY_LOC,SPECIAL_COND,BEAT_TYPE,CHP_BEAT_TYPE,CITY_DIVISION_LAPD,CHP_BEAT_CLASS,BEAT_NUMBER,PRIMARY_RD,SECONDARY_RD,DISTANCE,DIRECTION,INTERSECTION,WEATHER_1,WEATHER_2,STATE_HWY_IND,CALTRANS_COUNTY,CALTRANS_DISTRICT,STATE_ROUTE,ROUTE_SUFFIX,POSTMILE_PREFIX,POSTMILE,LOCATION_TYPE,RAMP_INTERSECTION,SIDE_OF_HWY,TOW_AWAY,COLLISION_SEVERITY,NUMBER_KILLED,NUMBER_INJURED,PARTY_COUNT,PRIMARY_COLL_FACTOR,PCF_CODE_OF_VIOL,PCF_VIOL_CATEGORY,PCF_VIOLATION,PCF_VIOL_SUBSECTION,HIT_AND_RUN,TYPE_OF_COLLISION,MVIW,PED_ACTION,ROAD_SURFACE,ROAD_COND_1,ROAD_COND_2,LIGHTING,CONTROL_DEVICE,CHP_ROAD_TYPE,PEDESTRIAN_ACCIDENT,BICYCLE_ACCIDENT,MOTORCYCLE_ACCIDENT,TRUCK_ACCIDENT,NOT_PRIVATE_PROPERTY,ALCOHOL_INVOLVED,STWD_VEHTYPE_AT_FAULT,CHP_VEHTYPE_AT_FAULT,COUNT_SEVERE_INJ,COUNT_VISIBLE_INJ,COUNT_COMPLAINT_PAIN,COUNT_PED_KILLED,COUNT_PED_INJURED,COUNT_BICYCLIST_KILLED,COUNT_BICYCLIST_INJURED,COUNT_MC_KILLED,COUNT_MC_INJURED,PRIMARY_RAMP,SECONDARY_RAMP,LATITUDE,LONGITUDE,COUNTY,CITY,POINT_X,POINT_Y
90416601,2017,2017-03-22,9650,2017-03-19,1245,015273,NA,7,1,9,3700,0,1,1,NA,2,001,I-5 N/B,EL CAMINO REAL,10560,S,N,A,-,Y,NA,NA,5,NA,NA,NA,NA,NA,N,Y,4,0,1,1,A,-,08,22107,NA,N,E,I,A,A,H,-,A,D,0,NA,NA,NA,NA,Y,NA,D,22,0,0,1,0,0,0,0,0,0,-,-,33.34255,-117.51079,SAN DIEGO,UNINCORPORATED,-117.51088973,33.34241144
90416638,2017,2017-03-22,9680,2017-03-20,0835,015733,NA,1,1,9,3700,0,2,4,NA,1,095,SAN VICENTE RD,HANSON LN,70,S,N,A,-,N,NA,NA,NA,NA,NA,NA,NA,NA,NA,N,4,0,1,2,A,-,21,22106,NA,N,C,C,A,A,H,-,A,A,0,NA,NA,NA,NA,Y,NA,A,01,0,0,1,0,0,0,0,0,0,-,-,33.02501,-116.86649,SAN DIEGO,UNINCORPORATED,-116.86651931,33.02554832
90416874,2017,2017-03-22,9650,2017-03-16,1620,014886,NA,4,2,6,3710,0,1,1,NA,2,005,I-5 S/B,OCEANSIDE BLVD,300,S,N,A,-,Y,NA,NA,NA,NA,NA,NA,NA,NA,NA,N,4,0,1,2,A,-,03,22350,NA,F,C,C,A,A,H,-,A,D,0,NA,NA,NA,NA,Y,NA,D,22,0,0,1,0,0,0,0,0,0,-,-,33.1118,-117.2139,SAN DIEGO,OCEANSIDE,-117.36186346,33.18958016
90417755,2017,2017-03-22,9645,2017-03-10,2330,020623,NA,5,3,7,3711,0,1,3,NA,2,006,SR-94 E/B TO SR-15 S/B,SR-94,175,S,N,A,-,Y,NA,NA,94,NA,NA,NA,R,NA,E,Y,4,0,1,2,A,-,07,21658,A,M,E,A,A,A,H,-,D,D,0,NA,NA,NA,NA,Y,Y,-,-,0,0,1,0,0,0,0,0,0,-,-,32.715559999999996,-117.11916,SAN DIEGO,SAN DIEGO,-117.11916,32.715559999999996
90418315,2017,2017-03-23,9645,2017-03-13,0635,016156,NA,1,1,7,3711,0,1,1,NA,2,011,I-805 N/B,ADAMS AVENUE O/C,1000,N,N,A,-,Y,NA,NA,805,NA,NA,NA,NA,NA,N,Y,4,0,1,2,A,-,03,22350,NA,N,C,C,A,A,H,-,C,D,0,NA,NA,Y,NA,Y,NA,C,02,0,0,1,0,0,0,0,0,1,-,-,32.7646,-117.12785,SAN DIEGO,SAN DIEGO,-117.12774083,32.76464226
90419970,2017,2017-03-24,9645,2017-03-17,1106,019291,NA,5,1,7,3711,0,1,3,NA,2,008,SR-54 E/B,REO DR,1320,E,N,A,-,Y,NA,NA,54,NA,NA,NA,NA,NA,E,Y,4,0,1,1,A,-,08,22107,NA,N,E,C,A,A,H,-,A,D,0,NA,NA,NA,NA,Y,NA,A,01,0,0,1,0,0,0,0,0,0,-,-,32.66554,-117.05235,SAN DIEGO,SAN DIEGO,-117.05235591,32.66555467
90420192,2017,2017-03-24,9680,2017-03-17,1340,020116,NA,5,1,9,3700,0,3,5,NA,2,001,PEPPER DR,CLOVE ST,0,NA,Y,A,-,N,NA,NA,NA,NA,NA,NA,NA,NA,NA,Y,4,0,2,2,A,-,03,22350,NA,N,C,C,A,A,H,-,A,D,0,NA,NA,NA,NA,Y,NA,A,01,0,0,2,0,0,0,0,0,0,-,-,32.82235,-116.94702,SAN DIEGO,UNINCORPORATED,-116.94710005,32.82231006
90421466,2017,2017-03-27,9645,2017-03-15,1615,018428,NA,3,2,7,3711,0,1,1,NA,2,003,I-5 S/B,S. 32ND ST. O/C,600,N,N,A,-,Y,NA,NA,5,NA,NA,NA,NA,NA,S,Y,4,0,1,2,A,-,03,22350,NA,N,C,C,A,A,H,-,A,D,0,NA,NA,NA,NA,Y,NA,D,22,0,0,1,0,0,0,0,0,0,-,-,32.69431,-117.12801,SAN DIEGO,SAN DIEGO,-117.12801357,32.6944253
90421930,2017,2017-03-28,9650,2017-03-21,2205,019308,NA,2,3,9,3700,0,3,5,NA,2,070,E/B LINEA DEL CIELO,RAMBLA DE LAS FLORES,300,W,N,A,-,N,NA,NA,NA,NA,NA,NA,NA,NA,NA,Y,3,0,1,1,A,-,01,23152,A,N,E,I,A,A,H,-,D,D,0,NA,NA,NA,NA,Y,Y,A,01,0,1,0,0,0,0,0,0,0,-,-,33.00569,-117.21922000000001,SAN DIEGO,UNINCORPORATED,-117.21911612,33.00581584
9042286,2020,2020-03-17,3711,2020-01-11,0729,SD7901,NA,6,5,7,3711,0,0,0,NA,0,437,RAMFOS PL,RAMFOS PL 2500,0,NA,-,A,-,N,NA,NA,NA,NA,NA,NA,NA,NA,NA,N,4,0,4,3,A,-,12,21453,A,N,A,C,A,A,H,-,A,A,0,NA,NA,NA,NA,Y,NA,A,01,0,0,4,0,0,0,0,0,0,-,-,NA,NA,SAN DIEGO,SAN DIEGO,NA,NA
90422900,2017,2017-03-28,9680,2017-03-17,1030,015081,NA,5,1,9,3700,0,2,4,NA,2,072,S-22 (MONTEZUMA VALLEY ROAD),PALM CANYON DRIVE,21648,W,N,A,-,N,NA,NA,NA,NA,NA,NA,NA,NA,NA,Y,3,0,2,1,A,-,08,22107,NA,N,E,I,A,A,H,-,A,D,0,NA,NA,NA,NA,Y,NA,A,01,0,2,0,0,0,0,0,0,0,-,-,33.2237,-116.42392,SAN DIEGO,UNINCORPORATED,-116.42160475,33.2228929
90425215,2017,2017-03-31,9645,2017-03-29,1323,014461,NA,3,1,7,3711,0,1,3,NA,2,023,SR-163 NORTHBOUND,ROBINSON AVE.,330,S,N,A,-,Y,NA,NA,NA,NA,NA,NA,NA,NA,NA,Y,4,0,1,3,A,-,03,22350,NA,N,C,C,A,A,H,-,A,D,0,NA,NA,NA,NA,Y,NA,A,01,0,0,1,0,0,0,0,0,0,-,-,37.13284,-117.78558,SAN DIEGO,SAN DIEGO,-117.15642164,32.745818560000004
90425305,2017,2017-04-03,9650,2017-03-19,1735,017392,NA,7,2,9,3700,0,1,1,NA,2,003,I-5 N/B,HARBOR DR,5280,N,N,A,-,Y,NA,NA,5,NA,NA,NA,NA,NA,N,N,3,0,1,2,A,-,03,22350,NA,N,C,D,A,A,H,-,A,D,0,NA,NA,Y,NA,Y,NA,C,02,0,1,0,0,0,0,0,0,1,-,-,33.22942,-117.39897,SAN DIEGO,UNINCORPORATED,-117.398908,33.22948866
90425374,2017,2017-04-03,9650,2017-03-31,1025,013636,NA,5,1,5,3782,0,1,1,NA,2,007,I-5 N/B,MANCHESTER AVE,1584,S,N,A,-,Y,NA,NA,NA,NA,NA,NA,NA,NA,NA,Y,4,0,1,3,A,-,03,22350,NA,N,C,C,A,A,H,-,A,D,0,NA,NA,NA,NA,Y,NA,A,01,0,0,1,0,0,0,0,0,0,-,-,NA,NA,SAN DIEGO,ENCINITAS,-117.26095499,33.00730859
90425439,2017,2017-04-03,9650,2017-03-22,0915,015276,NA,3,1,6,3706,0,1,1,NA,2,023,I-15 S/B,VIA RANCHO PKY,1584,N,N,B,-,Y,NA,NA,15,NA,NA,NA,NA,NA,S,Y,4,0,2,3,A,-,07,21658,A,N,C,C,A,B,H,-,A,D,0,NA,NA,NA,NA,Y,NA,A,01,0,0,2,0,0,0,0,0,0,-,-,33.07091,-117.07011,SAN DIEGO,ESCONDIDO,-117.06980364,33.07095439
90426135,2017,2017-04-03,9645,2017-03-27,0945,021680,NA,1,1,7,3711,0,1,3,NA,2,006,EB SR 94 WEST OF 28TH STREET,28TH STREET UNDER CROSS,1056,W,N,B,-,Y,NA,NA,94,NA,NA,NA,R,NA,NA,Y,4,0,1,1,A,-,01,23152,A,N,E,I,A,A,H,-,A,D,0,NA,NA,NA,NA,Y,Y,A,07,0,0,1,0,0,0,0,0,0,-,-,32.71319,-117.13579,SAN DIEGO,SAN DIEGO,-117.13579,32.71319
90426870,2017,2017-04-04,9680,2017-03-27,1720,017717,NA,1,2,9,3700,0,3,5,NA,2,001,VINE ST,WOODSIDE AVE,115,N,N,B,-,N,NA,NA,NA,NA,NA,NA,NA,NA,NA,Y,4,0,1,1,A,-,03,22350,NA,N,F,A,A,A,H,-,A,A,0,NA,NA,Y,NA,Y,NA,C,02,0,0,1,0,0,0,0,0,1,-,-,32.85829,-116.92076,SAN DIEGO,UNINCORPORATED,-116.9205975,32.85776117
90430380,2017,2017-04-10,9650,2017-04-08,1655,014615,NA,6,2,5,3782,0,1,1,NA,2,007,I-5 S/B,LA COSTA AVE,200,S,N,A,-,Y,NA,NA,NA,NA,NA,NA,NA,NA,NA,N,4,0,2,2,A,-,03,22350,NA,N,C,C,A,A,H,-,A,D,0,NA,NA,NA,NA,Y,NA,A,01,0,0,2,0,0,0,0,0,0,-,-,NA,NA,SAN DIEGO,ENCINITAS,-117.29806903,33.0836877
90431785,2017,2017-04-11,9680,2017-04-03,0510,015708,NA,1,3,9,3700,0,2,4,NA,1,019,RIVERSIDE DRIVE,PALM ROW DRIVE,350,W,N,A,-,N,NA,NA,NA,NA,NA,NA,NA,NA,NA,N,4,0,1,2,A,-,08,22107,NA,N,B,G,A,A,H,-,C,D,0,NA,Y,NA,NA,Y,NA,A,07,0,0,1,0,0,0,1,0,0,-,-,32.86178,-116.94401,SAN DIEGO,UNINCORPORATED,-116.94397345,32.86186448
90432215,2017,2017-05-17,9680,2017-04-03,0915,015070,NA,1,1,9,3700,0,1,1,NA,2,083,I-8 W/B,OLDE HWY 80,0,NA,N,A,-,Y,NA,NA,8,NA,NA,NA,NA,NA,W,N,4,0,1,2,A,-,07,21658,A,F,B,I,A,A,H,-,A,D,0,NA,NA,NA,NA,Y,NA,A,07,0,0,1,0,0,0,0,0,0,-,-,32.85369,-116.84078,SAN DIEGO,UNINCORPORATED,-116.84076868,32.85359784
90433818,2017,2017-04-13,9650,2017-03-29,1345,015830,NA,3,1,9,3700,0,3,5,NA,2,170,BUENA CREEK RD,S. SANTA FE AVE,630,N,N,A,-,N,NA,NA,NA,NA,NA,NA,NA,NA,NA,Y,4,0,1,1,A,-,08,22107,NA,N,E,I,A,A,H,-,A,D,0,NA,NA,NA,NA,Y,NA,A,01,0,0,1,0,0,0,0,0,0,-,-,33.10257,-117.12231,SAN DIEGO,UNINCORPORATED,-117.20635766,33.17393764
90434212,2017,2017-04-14,9650,2017-04-03,0825,016275,NA,1,1,9,3700,0,1,1,NA,2,022,I-15 S/B,RAINBOW VALLEY BLVD,6864,S,N,B,-,Y,NA,NA,15,NA,NA,NA,NA,NA,S,Y,3,0,2,3,A,-,07,21658,A,N,B,C,A,A,H,-,A,D,0,NA,NA,NA,NA,Y,NA,D,22,0,1,1,0,0,0,0,0,0,-,-,33.41331,-117.16022,SAN DIEGO,UNINCORPORATED,-117.1601901,33.41328826
90434582,2017,2017-04-14,9680,2017-04-07,1540,018583,NA,5,2,5,3705,0,1,1,NA,2,082,I-8 E/B,2ND ST,141,E,N,A,-,Y,NA,NA,8,NA,NA,NA,NA,NA,E,Y,4,0,2,3,A,-,03,22350,NA,N,C,C,A,A,H,-,A,D,0,NA,NA,NA,NA,Y,NA,A,01,0,0,2,0,0,0,0,0,0,-,-,32.803,-116.9355,SAN DIEGO,EL CAJON,-116.9355002,32.80295327
90435221,2017,2017-04-17,9650,2017-04-07,0330,016984,NA,5,3,9,3700,0,3,5,NA,1,212,ANTHONY RD,LILAC RD,0,NA,Y,E,-,N,NA,NA,NA,NA,NA,NA,NA,NA,NA,Y,2,0,1,2,A,-,05,21460,A,N,A,C,A,A,H,-,D,D,0,NA,NA,Y,NA,Y,NA,A,07,1,0,0,0,0,0,0,0,1,-,-,33.23889,-117.05413,SAN DIEGO,UNINCORPORATED,-117.05411001,33.23885003
90437543,2017,2017-04-19,9645,2017-04-06,1450,021600,NA,4,2,7,3711,0,1,1,NA,2,010,I-8 EB,MORENA BLVD U/C,300,E,N,A,-,Y,NA,NA,8,NA,NA,NA,NA,NA,E,N,4,0,2,3,A,-,03,22350,NA,N,C,C,A,A,H,-,A,D,0,NA,NA,NA,NA,Y,NA,A,07,0,0,2,0,0,0,0,0,0,-,-,32.76017,-117.19673,SAN DIEGO,SAN DIEGO,-117.19675029,32.76027977
9043943,2020,2020-02-27,3711,2020-01-22,1741,7904,NA,3,5,7,3711,0,0,0,NA,0,931,MIRAMAR RD,NOBEL DR,0,NA,Y,A,-,N,NA,NA,NA,NA,NA,NA,NA,NA,NA,Y,3,0,2,2,D,-,00,NA,NA,N,D,C,A,A,H,-,C,A,0,NA,NA,NA,NA,Y,NA,-,-,0,1,1,0,0,0,0,0,0,-,-,NA,NA,SAN DIEGO,SAN DIEGO,-117.19114685058594,32.87651062011719
90439872,2017,2017-04-24,9645,2017-04-07,1400,019054,NA,5,2,7,3711,0,1,1,NA,2,019,I-15 N/B FROM CARMEL MOUNTAIN ROAD,CARMEL MOUNTAIN ROAD,470,N,N,A,-,Y,NA,NA,15,NA,NA,NA,R,NA,N,Y,4,0,1,2,A,-,03,22350,NA,N,C,C,A,A,H,-,A,A,0,NA,NA,NA,NA,Y,NA,A,01,0,0,1,0,0,0,0,0,0,-,-,32.98016,-117.08494,SAN DIEGO,SAN DIEGO,-117.08494,32.98016
90440085,2017,2017-04-24,9650,2017-04-12,1040,015295,NA,3,1,9,3700,0,3,5,NA,2,006,STAGE COACH LANE,EAST ALVARADO ROAD,0,NA,Y,A,-,N,NA,NA,NA,NA,NA,NA,NA,NA,NA,N,4,0,3,2,A,-,09,21800,A,N,D,C,A,A,H,-,A,A,0,NA,NA,NA,NA,Y,NA,A,07,0,0,3,0,0,0,0,0,0,-,-,33.38209,-117.2278,SAN DIEGO,UNINCORPORATED,-117.2277801,33.38199006
90443577,2017,2017-04-27,9680,2017-04-21,1700,019910,NA,5,2,9,3700,0,2,4,NA,1,010,WOODSIDE AVE,WINTER GARDENS BLVD,470,E,N,A,-,N,NA,NA,NA,NA,NA,NA,NA,NA,NA,N,4,0,1,2,A,-,09,21804,A,N,D,C,A,A,H,-,A,D,0,NA,NA,Y,NA,Y,NA,A,08,0,0,1,0,0,0,0,0,1,-,-,32.85624,-116.92934,SAN DIEGO,UNINCORPORATED,-116.92963468,32.85626591
9044406,2020,2020-02-25,3711,2020-01-23,0448,SD7227,NA,4,5,7,3711,0,0,0,NA,0,315,FRIARS RD,RIO BONITO WY,0,NA,Y,A,-,N,NA,NA,NA,NA,NA,NA,NA,NA,NA,N,3,0,1,2,A,-,11,21954,A,N,A,B,D,A,H,-,D,D,0,Y,NA,NA,NA,Y,Y,N,60,0,1,0,0,1,0,0,0,0,-,-,NA,NA,SAN DIEGO,SAN DIEGO,-117.1381378173828,32.777740478515625
9044414,2020,2020-02-25,3711,2020-01-15,0810,SD6104,NA,3,5,7,3711,0,0,0,NA,0,826,52ND ST,OTTILLIE PL,0,NA,Y,A,-,N,NA,NA,NA,NA,NA,NA,NA,NA,NA,N,4,0,1,2,A,-,09,21802,A,N,D,C,A,A,H,-,A,D,0,NA,NA,NA,NA,Y,NA,A,01,0,0,1,0,0,0,0,0,0,-,-,NA,NA,SAN DIEGO,SAN DIEGO,-117.08355712890624,32.75041961669922
90445122,2017,2017-04-28,9680,2017-04-20,1110,021584,NA,4,1,9,3700,0,3,5,NA,2,001,PEPPER DRIVE,PEPPER VILLA DRIVE,75,W,N,A,-,N,NA,NA,NA,NA,NA,NA,NA,NA,NA,Y,4,0,1,1,A,-,08,22107,NA,N,E,I,A,A,H,-,A,D,0,NA,NA,NA,NA,Y,NA,D,22,0,0,1,0,0,0,0,0,0,-,-,32.82309,-116.9487,SAN DIEGO,UNINCORPORATED,-116.94861713,32.82310771
90445755,2017,2017-05-01,9650,2017-04-28,1640,016487,NA,5,2,9,3700,0,1,1,NA,2,022,I-15 N/B,E. MISSION RD,50,N,N,A,-,Y,NA,NA,15,NA,NA,NA,NA,NA,N,Y,3,0,1,2,A,-,03,22350,NA,N,C,C,A,A,H,-,A,D,0,NA,NA,Y,NA,Y,NA,C,02,0,1,0,0,0,0,0,0,1,-,-,33.38739,-117.17455,SAN DIEGO,UNINCORPORATED,-117.17449371,33.38738971
9044724,2020,2020-10-20,3711,2020-01-19,1750,SD8822,NA,7,5,7,3711,0,0,0,NA,0,314,MESA COLLEGE DR,RT 805,0,NA,Y,A,-,Y,SD,11,805,-,-,19.854,R,4,S,N,4,0,2,2,A,-,12,21453,A,N,D,C,A,A,H,-,C,A,0,NA,NA,NA,NA,Y,NA,A,01,0,0,2,0,0,0,0,0,0,-,-,NA,NA,SAN DIEGO,SAN DIEGO,-117.14968872070313,32.79833984375
90448460,2017,2017-05-03,9645,2017-05-02,0740,017498,NA,2,1,7,3711,0,1,3,NA,2,014,SR-52 WESTBOUND,I-15 UNDER CROSS,1584,W,N,A,-,Y,NA,NA,52,NA,NA,NA,NA,NA,W,Y,4,0,1,4,A,-,03,22350,NA,N,C,C,A,A,H,-,A,D,0,NA,NA,NA,NA,Y,NA,A,01,0,0,1,0,0,0,0,0,0,-,-,32.84211,-117.12566,SAN DIEGO,SAN DIEGO,-117.12565703,32.84189096
9044859,2019,2020-02-14,3711,2019-12-13,1521,SD7743,NA,5,5,7,3711,0,0,0,NA,0,813,30TH ST,LINCOLN AV,0,NA,N,A,-,N,NA,NA,NA,NA,NA,NA,NA,NA,NA,N,3,0,1,2,A,-,09,21453,B,N,G,B,D,A,H,-,A,A,0,Y,NA,NA,NA,Y,NA,N,60,0,1,0,0,1,0,0,0,0,-,-,NA,NA,SAN DIEGO,SAN DIEGO,-117.13015747070313,32.75033187866211
90449169,2017,2017-05-04,9680,2017-04-24,1605,019490,NA,1,2,5,3705,0,1,1,NA,2,082,I-8 E/B,2ND ST,2112,W,N,A,-,Y,NA,NA,8,NA,NA,NA,NA,NA,E,Y,4,0,1,3,A,-,03,22350,NA,N,C,C,A,A,H,-,A,D,0,NA,NA,NA,NA,Y,NA,D,22,0,0,1,0,0,0,0,0,0,-,-,32.8029,-116.94323,SAN DIEGO,EL CAJON,-116.94322958,32.80295359
9044926,2020,2020-03-06,3711,2020-02-04,0735,SD7310,NA,2,5,7,3711,0,0,0,NA,0,315,FRIARS RD,FRAZEE RD,100,E,N,A,-,N,NA,NA,NA,NA,NA,NA,NA,NA,NA,N,4,0,1,2,A,-,08,22107,NA,M,B,C,A,A,H,-,A,D,0,NA,NA,NA,NA,Y,NA,-,99,0,0,1,0,0,0,0,0,0,-,-,NA,NA,SAN DIEGO,SAN DIEGO,-117.15715026855467,32.77277755737305
90449399,2017,2017-05-04,9650,2017-04-22,1420,015830,NA,6,2,9,3700,0,1,1,NA,2,001,I-5 S/B,BASILONE RD,792,S,N,A,-,Y,NA,NA,NA,NA,NA,NA,NA,NA,NA,Y,4,0,1,2,A,-,03,22350,NA,N,C,C,A,A,H,-,A,D,0,NA,NA,NA,NA,Y,NA,A,01,0,0,1,0,0,0,0,0,0,-,-,33.22562,-117.34313,SAN DIEGO,UNINCORPORATED,-117.58078577,33.38443089
90449481,2017,2017-05-04,9650,2017-04-24,1230,015295,NA,1,1,9,3700,0,2,4,NA,2,061,SOUTH MISSION ROAD,FALLBROOK STREET,445,N,N,A,-,N,NA,NA,NA,NA,NA,NA,NA,NA,NA,Y,3,0,1,1,A,-,08,22107,NA,N,E,I,A,A,H,-,A,D,0,NA,NA,NA,NA,Y,NA,D,22,0,1,0,0,0,0,0,0,0,-,-,33.37796,-117.25358,SAN DIEGO,UNINCORPORATED,-117.25365,33.37788907
90449654,2017,2017-05-05,9645,2017-04-19,2144,014625,NA,3,2,7,3711,0,1,3,NA,2,023,STATE ROUTE 163 SOUTHBOUND,FRIARS ROAD O/C,135,N,N,A,-,Y,NA,NA,163,NA,NA,NA,NA,NA,S,N,3,0,1,1,A,-,01,23152,A,M,E,I,A,A,H,-,C,D,0,NA,NA,NA,NA,Y,Y,A,01,0,1,0,0,0,0,0,0,0,-,-,32.77203,-117.16145,SAN DIEGO,SAN DIEGO,-117.16135128,32.77200905
9045045,2019,2020-02-18,3706,2019-12-16,1902,536,ESCON,1,5,6,3706,0,0,0,NA,0,044,ROSE ST,VALLEY PKWY,0,NA,Y,A,-,N,NA,NA,NA,NA,NA,NA,NA,NA,NA,Y,4,0,1,3,A,-,01,23152,A,F,C,C,A,A,H,-,C,A,0,NA,NA,NA,NA,Y,Y,A,01,0,0,1,0,0,0,0,0,0,-,-,33.1338005065918,-117.05950164794922,SAN DIEGO,ESCONDIDO,-117.05947875976563,33.133968353271484
90451151,2017,2018-05-22,9680,2017-04-28,1415,018801,NA,5,2,5,3708,0,1,1,NA,2,081,I-8 EASTBOND TO FLETCHER PARKWAY,BALTIMORE DRIVE,955,W,N,A,-,Y,NA,NA,8,NA,NA,NA,R,NA,NA,Y,3,0,2,2,A,-,01,23152,A,N,E,I,A,A,H,-,A,A,0,NA,NA,NA,NA,Y,Y,D,22,0,1,1,0,0,0,0,0,0,-,-,32.77305,-117.03045,SAN DIEGO,LA MESA,-117.03045,32.77305
90451458,2017,2017-05-08,9680,2017-04-30,1205,016102,NA,7,1,9,3700,0,1,3,NA,1,040,STATE ROUTE 94 (SR-94),FORREST GATE ROAD,1584,E,N,A,-,Y,NA,NA,94,NA,NA,NA,NA,NA,NA,Y,3,0,1,1,A,-,03,22350,NA,N,F,A,A,A,H,-,A,A,0,NA,NA,Y,NA,Y,NA,C,02,0,1,0,0,0,0,0,0,1,-,-,32.61264,-116.47547,SAN DIEGO,UNINCORPORATED,-116.47560014,32.61252791
90451601,2017,2017-05-09,9650,2017-05-07,1410,015446,NA,7,2,9,3700,0,1,1,NA,2,021,I-15 FWY SOUTHBOUND,SR-76,1500,S,N,C,-,Y,NA,NA,15,NA,NA,NA,NA,NA,S,N,4,0,1,2,A,-,03,22350,NA,N,B,C,A,B,H,-,A,D,0,NA,NA,NA,NA,Y,NA,A,07,0,0,1,0,0,0,0,0,0,-,-,33.32167,-117.15727,SAN DIEGO,UNINCORPORATED,-117.15748078,33.32155503
90451936,2017,2017-05-09,9680,2017-04-29,0300,020738,NA,6,3,9,3700,0,2,4,NA,1,025,SWEETWATER ROAD,VALENCIA STREET,220,N,N,A,-,N,NA,NA,NA,NA,NA,NA,NA,NA,NA,Y,3,0,1,1,A,-,01,23152,A,N,E,I,A,A,H,-,C,D,0,NA,NA,NA,NA,Y,Y,A,07,0,1,0,0,0,0,0,0,0,-,-,32.73531,-117.01447,SAN DIEGO,UNINCORPORATED,-117.01448418,32.73521253
90453106,2017,2017-05-10,9680,2017-05-02,2203,016415,NA,2,3,9,3700,0,2,4,NA,1,014,WINTER GARDENS BLVD,PEPPER DR.,0,NA,Y,B,-,N,NA,NA,NA,NA,NA,NA,NA,NA,NA,Y,4,0,1,2,A,-,12,21453,A,N,D,C,A,A,H,-,C,A,0,NA,NA,NA,NA,Y,NA,A,01,0,0,1,0,0,0,0,0,0,-,-,32.8208,-116.9345,SAN DIEGO,UNINCORPORATED,-116.93456006,32.8208001
90453915,2017,2017-05-11,9680,2017-05-04,1200,015070,NA,4,1,9,3700,0,1,3,NA,1,030,SR-79,GREEN VALLEY FALLS CAMPGROUND,4752,N,N,A,-,Y,NA,NA,NA,NA,NA,NA,NA,NA,NA,N,4,0,1,1,A,-,08,22107,NA,N,F,A,A,A,H,-,A,D,0,NA,NA,Y,NA,Y,NA,C,02,0,0,1,0,0,0,0,0,1,-,-,32.90302,-116.56547,SAN DIEGO,UNINCORPORATED,NA,NA
90454009,2017,2017-05-11,9680,2017-05-04,0950,015008,NA,4,1,9,3700,0,1,3,NA,2,016,SR-67 N/B,BRADLEY AVE,1056,N,N,A,-,Y,NA,NA,67,NA,NA,NA,NA,NA,N,Y,4,0,1,1,A,-,08,22107,NA,N,E,I,A,A,H,-,A,D,0,NA,NA,NA,NA,Y,NA,A,01,0,0,1,0,0,0,0,0,0,-,-,32.82278,-116.96112,SAN DIEGO,UNINCORPORATED,-116.96098566,32.82281252
90454753,2017,2017-05-12,9645,2017-05-02,1330,017667,NA,2,1,7,3711,0,1,1,NA,2,011,I-805 N/B,EL CAJON BLVD.,50,N,N,A,-,Y,NA,NA,805,NA,NA,NA,NA,NA,N,Y,3,0,1,1,A,-,08,22107,NA,N,E,I,A,A,H,-,A,D,0,NA,NA,NA,NA,Y,NA,D,22,0,1,0,0,0,0,0,0,0,-,-,32.75808,-117.12584,SAN DIEGO,SAN DIEGO,-117.12572096,32.7581282
90454821,2017,2017-05-12,9680,2017-05-05,0105,016435,NA,5,3,9,3700,0,3,5,NA,2,009,ASHLEY RD,8TH STREET,73,S,N,A,-,N,NA,NA,NA,NA,NA,NA,NA,NA,NA,Y,3,0,1,1,A,-,01,23152,A,N,E,I,A,A,H,-,D,A,0,NA,NA,NA,NA,Y,Y,A,01,0,1,0,0,0,0,0,0,0,-,-,33.03354,-116.85786,SAN DIEGO,UNINCORPORATED,-116.8578463,33.03386013
90455489,2017,2017-05-15,9645,2017-05-02,0657,017723,NA,2,1,5,3709,0,1,1,NA,2,009,I-805 N/B,DIVISION ST,335,N,N,A,-,Y,NA,NA,805,NA,NA,NA,NA,NA,N,Y,4,0,1,5,A,-,07,21658,A,N,B,C,A,A,H,-,A,A,0,NA,NA,Y,NA,Y,NA,A,01,0,0,1,0,0,0,0,0,1,-,-,32.6883,-117.0935,SAN DIEGO,NATIONAL CITY,-117.0934047,32.68837875
90456352,2017,2017-05-16,9645,2017-05-04,2240,015698,NA,4,3,5,3709,0,1,1,NA,2,009,I-805 S/B,PLAZA BLVD. U/C,1000,S,N,B,-,Y,NA,NA,805,NA,NA,NA,NA,NA,S,Y,4,0,1,2,A,-,07,21658,A,N,B,C,A,A,H,-,D,D,0,NA,NA,NA,NA,Y,NA,A,01,0,0,1,0,0,0,0,0,0,-,-,32.66762,-117.08077,SAN DIEGO,NATIONAL CITY,-117.08072715,32.66763751