CASE_ID,ACCIDENT_YEAR,PROC_DATE,JURIS,COLLISION_DATE,COLLISION_TIME,OFFICER_ID,REPORTING_DISTRICT,DAY_OF_WEEK,CHP_SHIFT,POPULATION,CNTY_CITY_LOC,SPECIAL_COND,BEAT_TYPE,CHP_BEAT_TYPE,CITY_DIVISION_LAPD,CHP_BEAT_CLASS,BEAT_NUMBER,PRIMARY_RD,SECONDARY_RD,DISTANCE,DIRECTION,INTERSECTION,WEATHER_1,WEATHER_2,STATE_HWY_IND,CALTRANS_COUNTY,CALTRANS_DISTRICT,STATE_ROUTE,ROUTE_SUFFIX,POSTMILE_PREFIX,POSTMILE,LOCATION_TYPE,RAMP_INTERSECTION,SIDE_OF_HWY,TOW_AWAY,COLLISION_SEVERITY,NUMBER_KILLED,NUMBER_INJURED,PARTY_COUNT,PRIMARY_COLL_FACTOR,PCF_CODE_OF_VIOL,PCF_VIOL_CATEGORY,PCF_VIOLATION,PCF_VIOL_SUBSECTION,HIT_AND_RUN,TYPE_OF_COLLISION,MVIW,PED_ACTION,ROAD_SURFACE,ROAD_COND_1,ROAD_COND_2,LIGHTING,CONTROL_DEVICE,CHP_ROAD_TYPE,PEDESTRIAN_ACCIDENT,BICYCLE_ACCIDENT,MOTORCYCLE_ACCIDENT,TRUCK_ACCIDENT,NOT_PRIVATE_PROPERTY,ALCOHOL_INVOLVED,STWD_VEHTYPE_AT_FAULT,CHP_VEHTYPE_AT_FAULT,COUNT_SEVERE_INJ,COUNT_VISIBLE_INJ,COUNT_COMPLAINT_PAIN,COUNT_PED_KILLED,COUNT_PED_INJURED,COUNT_BICYCLIST_KILLED,COUNT_BICYCLIST_INJURED,COUNT_MC_KILLED,COUNT_MC_INJURED,PRIMARY_RAMP,SECONDARY_RAMP,LATITUDE,LONGITUDE,COUNTY,CITY,POINT_X,POINT_Y
91002215,2019,2019-06-03,9645,2019-05-23,2355,019577,NA,4,3,7,3711,0,1,1,NA,2,015,I-805 S/B,SORRENTO VALLEY BLVD,75,N,N,B,-,Y,NA,NA,NA,NA,NA,NA,NA,NA,NA,Y,3,0,4,3,A,-,03,22350,NA,N,C,C,A,A,D,-,C,D,0,NA,NA,NA,NA,Y,NA,I,10,0,1,3,0,0,0,0,0,0,-,-,32.54840087890625,-117.13195037841795,SAN DIEGO,SAN DIEGO,-117.22209930419922,32.90224075317383
91007806,2019,2019-06-11,9680,2019-05-31,2130,020780,NA,5,2,9,3700,0,1,1,NA,2,086,I-8 E/B,PINE VALLEY BRIDGE,280,E,N,B,-,Y,NA,NA,8,NA,NA,NA,NA,NA,E,Y,3,0,1,1,A,-,01,23152,A,N,F,A,A,A,H,-,D,D,0,NA,NA,NA,NA,Y,Y,A,01,0,1,0,0,0,0,0,0,0,-,-,32.82297134399414,-116.5559310913086,SAN DIEGO,UNINCORPORATED,-116.55592346191406,32.82303237915039
91007973,2019,2019-06-11,9645,2019-05-30,2200,020561,NA,4,3,7,3711,0,1,1,NA,2,007,I-5 S/B,CARMEL VALLEY RD.,2640,S,N,B,-,Y,NA,NA,5,NA,NA,NA,NA,NA,S,Y,4,0,1,1,A,-,08,22107,NA,N,E,I,A,A,H,-,D,D,0,NA,NA,NA,NA,Y,NA,A,01,0,0,1,0,0,0,0,0,0,-,-,32.923030853271484,-117.23889923095705,SAN DIEGO,SAN DIEGO,-117.2387466430664,32.923091888427734
91008354,2019,2019-06-12,9645,2019-05-31,1351,020265,NA,5,1,7,3711,0,1,1,NA,2,009,I-805 S/B,MAIN ST. U/C,200,S,N,A,-,Y,NA,NA,805,NA,NA,NA,NA,NA,S,Y,3,0,2,3,A,-,03,22350,NA,N,C,C,A,A,H,-,A,D,0,NA,NA,NA,NA,Y,NA,-,31,0,2,0,0,0,0,0,0,0,-,-,32.59120178222656,-117.0364990234375,SAN DIEGO,SAN DIEGO,-117.03652191162108,32.59120178222656
91011254,2019,2019-06-17,9645,2019-06-08,1305,014625,NA,6,1,7,3711,0,1,1,NA,2,005,INTERSTATE 5 SOUTHBOUND,SEA WORLD DR O/C,1584,N,N,A,-,Y,NA,NA,5,NA,NA,NA,NA,NA,S,Y,4,0,1,3,A,-,04,21703,NA,N,C,C,A,A,H,-,A,D,0,NA,NA,NA,NA,Y,NA,A,01,0,0,1,0,0,0,0,0,0,-,-,32.774200439453125,-117.20799255371094,SAN DIEGO,SAN DIEGO,-117.20786285400392,32.77423095703125
91011362,2019,2019-06-17,9645,2019-06-06,2115,017953,NA,4,2,7,3711,0,1,1,NA,2,010,I-8 E/B,MISSION CITY PKWY O/C,1848,E,N,B,-,Y,NA,NA,8,NA,NA,NA,NA,NA,E,Y,4,0,1,2,A,-,03,22350,NA,N,C,C,A,A,H,-,D,D,0,NA,NA,NA,NA,Y,NA,A,01,0,0,1,0,0,0,0,0,0,-,-,32.77756881713867,-117.11929321289063,SAN DIEGO,SAN DIEGO,-117.11932373046876,32.77764892578125
91011475,2019,2019-06-17,9650,2019-06-09,1132,015788,NA,7,1,6,3710,0,1,1,NA,2,005,I-5 S/B,CALIFORNIA ST,1056,S,N,A,-,Y,NA,NA,5,NA,NA,NA,NA,NA,S,Y,4,0,1,4,A,-,03,22350,NA,N,C,C,A,A,H,-,A,D,0,NA,NA,NA,NA,Y,NA,A,01,0,0,1,0,0,0,0,0,0,-,-,33.186588287353516,-117.35948181152344,SAN DIEGO,OCEANSIDE,-117.35944366455078,33.186622619628906
91012145,2019,2019-06-18,9680,2019-06-08,1230,016535,NA,6,1,9,3700,0,1,3,NA,1,030,SR-79 N/B,VIEJAS BLVD,618,N,N,A,-,Y,NA,NA,79,NA,NA,NA,NA,NA,N,Y,3,0,1,1,A,-,03,22350,NA,N,F,A,A,A,H,-,A,D,0,NA,NA,Y,NA,Y,NA,C,02,0,1,0,0,0,0,0,0,1,-,-,32.85641098022461,-116.59429931640624,SAN DIEGO,UNINCORPORATED,-116.59432220458984,32.856414794921875
91012294,2019,2019-06-18,9680,2019-06-08,1630,021901,NA,6,2,9,3700,0,1,3,NA,1,071,SR-78 W/B,S2,12672,E,N,A,-,Y,NA,NA,78,NA,NA,NA,NA,NA,W,Y,3,0,1,1,A,-,01,23152,A,N,F,I,A,A,H,-,A,D,0,NA,NA,NA,NA,Y,Y,A,07,0,1,0,0,0,0,0,0,0,-,-,33.117801666259766,-116.43657684326172,SAN DIEGO,UNINCORPORATED,-116.43656158447266,33.11777877807617
91012784,2019,2019-06-18,9645,2019-06-08,1501,018250,NA,6,2,7,3711,0,1,1,NA,2,011,I-805 S/B TO SR-94 E/B,HOME AVENUE,200,S,N,A,-,Y,NA,NA,805,NA,NA,NA,R,NA,S,Y,4,0,2,3,A,-,03,22350,NA,N,C,C,A,A,H,-,A,D,0,NA,NA,NA,NA,Y,NA,D,22,0,0,2,0,0,0,0,0,0,-,-,32.72356033325195,-117.10330963134766,SAN DIEGO,SAN DIEGO,-117.10330963134766,32.72356033325195
91013663,2019,2019-06-19,9680,2019-06-10,1310,015733,NA,1,1,9,3700,0,1,3,NA,1,091,SR-67,RANCHO DE ORO DR.,265,N,N,A,-,Y,NA,NA,67,NA,NA,NA,NA,NA,NA,N,3,0,1,1,A,-,08,22107,NA,N,F,A,A,A,H,-,A,D,0,NA,NA,Y,NA,Y,NA,C,02,0,1,0,0,0,0,0,0,1,-,-,33.008609771728516,-116.92395782470705,SAN DIEGO,UNINCORPORATED,-116.92395782470705,33.00853729248047
9101577,2020,2020-11-09,3711,2020-05-15,0756,SD76211,NA,5,5,7,3711,0,0,0,NA,0,826,EUCLID AV,EUCLID AV  4244,7,E,N,A,-,N,NA,NA,NA,NA,NA,NA,NA,NA,NA,N,3,0,1,2,A,-,08,22107,NA,N,A,G,A,A,H,-,A,A,0,NA,Y,NA,NA,Y,NA,L,04,0,1,0,0,0,0,1,0,0,-,-,NA,NA,SAN DIEGO,SAN DIEGO,NA,NA
91017097,2019,2019-06-25,9650,2019-06-14,2315,18386,NA,5,3,9,3700,0,1,1,NA,2,001,I-5 N/B,LAS PULGAS RD,2640,N,N,A,B,Y,NA,NA,5,NA,NA,NA,NA,NA,N,Y,4,0,1,2,A,-,03,22350,NA,N,C,C,A,A,H,-,D,D,0,NA,NA,NA,NA,Y,NA,A,01,0,0,1,0,0,0,0,0,0,-,-,33.304351806640625,-117.47128295898438,SAN DIEGO,UNINCORPORATED,-117.4712371826172,33.30439758300781
91018579,2019,2019-06-27,9645,2019-06-19,1830,021601,NA,3,2,7,3711,0,1,1,NA,2,003,I-5 S/B,S. 32ND STREET O/C,321,S,N,A,-,Y,NA,NA,5,NA,NA,NA,NA,NA,S,N,4,0,1,2,A,-,03,22350,NA,N,C,C,A,A,H,-,A,D,0,NA,NA,NA,NA,Y,NA,A,07,0,0,1,0,0,0,0,0,0,-,-,32.69401931762695,-117.12420654296876,SAN DIEGO,SAN DIEGO,-117.12420654296876,32.69403839111328
91018700,2019,2019-06-27,9680,2019-06-17,1430,020682,NA,1,2,5,3781,0,1,3,NA,2,015,SR-52 W/B TO CUYAMACA ST,CUYAMACA ST,235,E,N,B,-,Y,NA,NA,52,NA,NA,NA,R,NA,W,Y,4,0,1,2,A,-,08,22107,NA,N,B,C,A,A,H,-,A,D,0,NA,NA,NA,NA,Y,NA,A,07,0,0,1,0,0,0,0,0,0,-,-,32.83407974243164,-116.98287963867188,SAN DIEGO,SANTEE,-116.98287963867188,32.83407974243164
91021075,2019,2019-06-28,9645,2019-06-21,1735,017499,NA,5,2,5,3709,0,1,3,NA,2,008,I-805 SOUTHBOUND FROM SR-54 EASTBOUND,2ND AVE. U/C,1056,E,N,B,-,Y,NA,NA,NA,NA,NA,NA,NA,NA,NA,N,4,0,1,2,A,-,03,22350,NA,N,C,C,A,A,H,-,A,D,0,NA,NA,NA,NA,Y,NA,A,07,0,0,1,0,0,0,0,0,0,-,-,32.65782165527344,-117.07897186279295,SAN DIEGO,NATIONAL CITY,NA,NA
91023335,2019,2019-07-02,9645,2019-06-26,0505,021338,NA,3,3,7,3711,0,1,1,NA,2,021,SR-15 N/B,I-805 OVERCROSSING,500,N,N,B,-,Y,NA,NA,15,NA,NA,NA,NA,NA,N,Y,4,0,2,2,C,-,18,NA,NA,N,C,C,A,A,H,-,B,D,0,NA,NA,NA,NA,Y,NA,-,-,0,0,2,0,0,0,0,0,0,-,-,32.732460021972656,-117.11150360107422,SAN DIEGO,SAN DIEGO,-117.111572265625,32.73244857788086
91023379,2019,2019-07-02,9650,2019-06-26,0920,013388,NA,3,1,5,3782,0,1,1,NA,2,007,I-5 N/B,LEUCADIA BLVD.,350,S,N,B,-,Y,NA,NA,5,NA,NA,NA,NA,NA,N,N,4,0,1,3,A,-,03,22350,NA,N,C,C,A,A,D,-,A,D,0,NA,NA,NA,NA,Y,NA,A,01,0,0,1,0,0,0,0,0,0,-,-,33.06060028076172,-117.29115295410156,SAN DIEGO,ENCINITAS,-117.2907943725586,33.060707092285156
91023826,2019,2019-07-03,9650,2019-06-23,1720,016516,NA,7,2,9,3700,0,1,1,NA,2,021,I-15 N/B FROM SR-76,SR-76,50,N,N,A,-,Y,NA,NA,15,NA,NA,NA,R,NA,N,Y,3,0,3,2,A,-,03,22350,NA,N,C,C,A,A,H,-,A,D,0,NA,NA,NA,NA,Y,NA,A,01,0,3,0,0,0,0,0,0,0,-,-,33.331050872802734,-117.15908813476563,SAN DIEGO,UNINCORPORATED,-117.15908813476563,33.331050872802734
91024259,2019,2019-07-03,9680,2019-06-23,1430,021813,NA,7,2,9,3700,0,2,4,NA,1,025,SWEETWATER RD,JAMACHA RD,63,N,N,A,-,N,NA,NA,NA,NA,NA,NA,NA,NA,NA,N,4,0,1,2,A,-,07,21658,A,N,B,C,A,A,H,-,A,A,0,NA,NA,NA,NA,Y,NA,A,01,0,0,1,0,0,0,0,0,0,-,-,32.715110778808594,-117.01296997070313,SAN DIEGO,UNINCORPORATED,-117.01275634765624,32.71493148803711
9102524,2020,2020-08-18,3706,2020-04-05,1307,537,ESCON,7,5,6,3706,0,0,0,NA,0,055,REDWOOD PL,FELICITA AV,18,N,N,B,-,N,NA,NA,NA,NA,NA,NA,NA,NA,NA,N,3,0,1,1,A,-,04,21703,NA,N,E,I,A,A,H,-,A,D,0,NA,NA,NA,NA,Y,NA,A,01,0,1,0,0,0,0,0,0,0,-,-,33.101871490478516,-117.07865142822266,SAN DIEGO,ESCONDIDO,-117.07917785644533,33.10260009765625
91025563,2019,2019-07-08,9650,2019-07-05,1420,021698,NA,5,2,9,3700,0,1,3,NA,2,065,SR-76 E/B,OLIVE HILL RD,315,W,N,A,-,N,NA,NA,76,NA,NA,NA,NA,NA,E,Y,4,0,1,2,A,-,03,22350,NA,F,C,C,A,A,H,-,A,A,0,NA,NA,NA,NA,Y,NA,A,01,0,0,1,0,0,0,0,0,0,-,-,33.28792953491211,-117.22545623779295,SAN DIEGO,UNINCORPORATED,-117.22521209716795,33.28806686401367
91025990,2019,2019-07-08,9680,2019-06-26,0205,018907,NA,3,3,9,3700,0,1,1,NA,2,085,I-8 E/B,SUNRISE HWY,1584,E,N,A,-,Y,NA,NA,8,NA,NA,NA,NA,NA,E,Y,2,0,3,1,A,-,01,23152,A,N,F,A,A,A,H,-,C,D,0,NA,NA,NA,NA,Y,Y,E,22,1,2,0,0,0,0,0,0,0,-,-,32.80781936645508,-116.5063934326172,SAN DIEGO,UNINCORPORATED,-116.50637817382813,32.80783462524414
9102877,2020,2020-10-21,3711,2020-05-17,2133,SD6950,NA,7,5,7,3711,0,0,0,NA,0,444,MARKET ST,RT 15,0,NA,Y,A,-,Y,SD,11,15,-,-,1.819,R,4,S,N,4,0,3,2,A,-,12,21453,A,N,D,C,A,A,H,-,C,A,0,NA,NA,NA,NA,Y,NA,A,01,0,0,3,0,0,0,0,0,0,-,-,NA,NA,SAN DIEGO,SAN DIEGO,-117.11923217773438,32.71104431152344
91029110,2019,2019-07-11,9645,2019-07-01,1915,021601,NA,1,2,7,3711,0,1,1,NA,2,010,I-8 W/B TO HOTEL CIRCLE NORTH,SR-163,2482,W,N,A,-,Y,NA,NA,8,NA,NA,NA,R,NA,W,Y,3,0,2,2,A,-,01,23152,A,N,C,C,A,A,H,-,A,A,0,NA,NA,NA,NA,Y,Y,A,01,0,1,1,0,0,0,0,0,0,-,-,32.76042938232422,-117.17150115966795,SAN DIEGO,SAN DIEGO,-117.17150115966795,32.76042938232422
91031805,2019,2019-07-16,9680,2019-07-04,1925,020951,NA,4,2,9,3700,0,2,4,NA,1,018,LOS COCHES RD,JULIAN AVE,0,NA,Y,A,-,N,NA,NA,NA,NA,NA,NA,NA,NA,NA,Y,2,0,2,2,A,-,12,21453,A,F,D,C,A,A,H,-,A,A,0,NA,NA,NA,NA,Y,NA,D,22,1,1,0,0,0,0,0,0,0,-,-,32.855289459228516,-116.919677734375,SAN DIEGO,UNINCORPORATED,-116.91950988769533,32.85527038574219
91033076,2019,2019-07-18,9645,2019-07-08,0814,018393,NA,1,1,7,3711,0,1,1,NA,2,005,I-5 N/B,MISSION BAY DR U/C,528,S,N,B,-,Y,NA,NA,5,NA,NA,NA,NA,NA,N,N,4,0,1,2,A,-,03,22350,NA,N,C,C,A,A,H,-,A,D,0,NA,NA,NA,NA,Y,NA,A,01,0,0,1,0,0,0,0,0,0,-,-,32.79751968383789,-117.20986175537108,SAN DIEGO,SAN DIEGO,-117.20980834960938,32.797550201416016
91034479,2019,2019-07-22,9650,2019-07-09,0440,020343,NA,2,3,6,3706,0,1,1,NA,2,023,I-15 NB,VALLEY PKY,800,S,N,A,-,Y,NA,NA,15,NA,NA,NA,NA,NA,N,Y,4,0,1,2,A,-,03,22350,NA,N,C,C,A,A,H,-,C,D,0,NA,NA,NA,NA,Y,NA,A,01,0,0,1,0,0,0,0,0,0,-,-,33.113380432128906,-117.09784698486328,SAN DIEGO,ESCONDIDO,-117.0977020263672,33.11347198486328
91034636,2019,2019-07-22,9650,2019-07-13,2211,021463,NA,6,3,9,3700,0,3,5,NA,1,212,LILAC RD.,HIDEAWAY LAKE RD,300,E,N,E,-,N,NA,NA,NA,NA,NA,NA,NA,NA,NA,Y,4,0,1,1,A,-,03,22350,NA,N,H,H,A,A,H,-,D,D,0,NA,NA,NA,NA,Y,NA,D,22,0,0,1,0,0,0,0,0,0,-,-,33.235511779785156,-117.05062866210938,SAN DIEGO,UNINCORPORATED,-117.05037689208984,33.23527145385742
91034655,2019,2019-07-22,9650,2019-07-14,2100,021200,NA,7,2,5,3701,0,1,1,NA,2,005,I-5 NB,CANNON RD,100,N,N,A,-,Y,NA,NA,5,NA,NA,NA,NA,NA,N,N,4,0,1,3,A,-,03,22350,NA,N,C,C,A,A,H,-,D,D,0,NA,NA,NA,NA,Y,NA,A,01,0,0,1,0,0,0,0,0,0,-,-,33.134578704833984,-117.32923126220705,SAN DIEGO,CARLSBAD,-117.32924652099608,33.13457107543945
91035860,2019,2019-07-23,9680,2019-07-11,1439,022183,NA,4,2,9,3700,0,3,5,NA,2,001,GRAVES AVE,BRADLEY AVE,247,S,N,A,-,N,NA,NA,NA,NA,NA,NA,NA,NA,NA,N,3,0,1,2,A,-,06,21755,NA,N,D,C,A,A,H,-,A,D,0,NA,NA,Y,NA,Y,NA,C,02,0,1,0,0,0,0,0,0,1,-,-,32.81827163696289,-116.9589385986328,SAN DIEGO,UNINCORPORATED,-116.95895385742188,32.818424224853516
91036763,2019,2019-07-24,9645,2019-07-12,1140,019054,NA,5,1,7,3711,0,1,1,NA,2,015,I-805 N/B TO CLAIREMONT MESA BLVD. E/B,CLAIREMONT MESA BLVD.,10,S,N,A,-,Y,NA,NA,805,NA,NA,NA,R,NA,N,N,4,0,1,2,A,-,03,22350,NA,N,C,C,A,A,H,-,A,D,0,NA,NA,NA,Y,Y,NA,F,26,0,0,1,0,0,0,0,0,0,-,-,32.83238983154297,-117.16655731201172,SAN DIEGO,SAN DIEGO,-117.16655731201172,32.83238983154297
91037794,2019,2019-07-25,9645,2019-07-15,1540,016137,NA,1,2,7,3711,0,1,1,NA,2,007,I-5 N/B,VIA DE LA VALLE U/C,100,N,N,A,-,Y,NA,NA,5,NA,NA,NA,NA,NA,N,N,4,0,4,2,A,-,03,22350,NA,N,A,C,A,A,H,-,A,D,0,NA,NA,NA,NA,Y,NA,A,01,0,0,4,0,0,0,0,0,0,-,-,32.98099899291992,-117.25340270996094,SAN DIEGO,SAN DIEGO,-117.25337982177734,32.98100662231445
91039741,2019,2019-07-26,9645,2019-07-25,1721,020180,NA,4,2,7,3711,0,1,1,NA,2,015,I-805 N/B TO SORRENTO VALLEY RD,SORRENTO VALLEY RD,255,S,N,A,-,Y,NA,NA,805,NA,NA,NA,R,NA,N,N,4,0,1,2,A,-,03,22350,NA,N,C,C,A,A,H,-,A,D,0,NA,NA,NA,NA,Y,NA,A,01,0,0,1,0,0,0,0,0,0,-,-,32.890159606933594,-117.20514678955078,SAN DIEGO,SAN DIEGO,-117.20514678955078,32.890159606933594
91041928,2019,2019-07-30,9650,2019-07-26,1630,021406,NA,5,2,6,3710,0,1,1,NA,2,005,I-5 N/B,SR-78,600,S,N,A,-,Y,NA,NA,5,NA,NA,NA,NA,NA,N,N,4,0,1,2,A,-,03,22350,NA,N,C,C,A,A,H,-,A,D,0,NA,NA,NA,NA,Y,NA,A,01,0,0,1,0,0,0,0,0,0,-,-,33.1756591796875,-117.3502197265625,SAN DIEGO,OCEANSIDE,-117.35013580322266,33.17572021484375
9104401,2019,2020-06-05,3711,2019-03-27,1723,SD5958,NA,3,5,7,3711,0,0,0,NA,0,234,WEST BERNARDO DR,W BERNARDO CT,0,NA,Y,A,-,N,NA,NA,NA,NA,NA,NA,NA,NA,NA,N,4,0,2,2,A,-,09,21804,A,N,D,C,A,A,H,-,A,D,0,NA,NA,NA,NA,Y,NA,A,01,0,0,2,0,0,0,0,0,0,-,-,NA,NA,SAN DIEGO,SAN DIEGO,-117.08081817626952,33.02001953125
91044753,2019,2019-08-05,9645,2019-07-24,0608,016766,NA,3,1,7,3711,0,1,1,NA,2,017,I-15 S/B,MIRAMAR RD,1320,N,N,A,-,Y,NA,NA,15,NA,NA,NA,NA,NA,S,Y,4,0,1,2,A,-,03,22350,NA,N,C,C,A,A,H,-,B,D,0,NA,NA,Y,NA,Y,NA,C,02,0,0,1,0,0,0,0,0,1,-,-,32.89788055419922,-117.11679840087892,SAN DIEGO,SAN DIEGO,-117.11650848388672,32.89790344238281
91047168,2019,2019-08-07,9680,2019-07-27,1220,015733,NA,6,1,9,3700,0,3,5,NA,2,009,CEDAR ST.,SR-78,315,W,N,A,-,N,NA,NA,NA,NA,NA,NA,NA,NA,NA,N,3,0,1,3,A,-,21,22106,NA,N,B,C,E,A,H,-,A,D,0,Y,NA,NA,NA,Y,NA,D,22,0,1,0,0,1,0,0,0,0,-,-,33.05487060546875,-116.87277221679688,SAN DIEGO,UNINCORPORATED,-116.87245178222656,33.05486297607422
91047979,2019,2019-08-08,9645,2019-07-29,0515,021077,NA,1,3,6,3702,0,1,3,NA,2,031,SR-125 N/B,MT MIGUEL ROAD,2115,N,N,A,-,Y,NA,NA,125,NA,NA,NA,NA,NA,N,Y,2,0,2,3,A,-,08,22107,NA,N,B,C,A,A,H,-,B,D,0,NA,NA,NA,NA,Y,NA,A,01,1,1,0,0,0,0,0,0,0,-,-,32.67668914794922,-116.98567199707033,SAN DIEGO,CHULA VISTA,-116.98565673828124,32.676692962646484
9104891,2020,2020-10-28,3711,2020-05-22,1830,SD6173,NA,5,5,7,3711,0,0,0,NA,0,114,CLAIREMONT DR,MERRIMAC ST,528,W,N,A,-,N,NA,NA,NA,NA,NA,NA,NA,NA,NA,Y,3,0,1,2,A,-,09,21801,A,N,A,C,A,A,H,-,A,D,0,NA,NA,NA,NA,Y,Y,A,01,0,1,0,0,0,0,0,0,0,-,-,NA,NA,SAN DIEGO,SAN DIEGO,-117.20413970947266,32.83246994018555
91048988,2019,2019-08-09,9650,2019-07-31,0800,018321,NA,3,1,9,3700,0,3,5,NA,2,006,OLIVE HILL RD,VIA PUERTA DEL SOL,698,N,N,B,-,N,NA,NA,NA,NA,NA,NA,NA,NA,NA,Y,3,0,1,1,A,-,03,22350,NA,N,F,A,A,A,H,-,A,D,0,NA,NA,NA,Y,Y,NA,F,27,0,1,0,0,0,0,0,0,0,-,-,33.29330062866211,-117.2431182861328,SAN DIEGO,UNINCORPORATED,-117.23896026611328,33.29264450073242
91048992,2019,2019-08-09,9645,2019-07-30,0900,016838,NA,2,1,7,3711,0,1,1,NA,2,007,I-5 N/B,GILMAN DR,1500,N,N,A,-,Y,NA,NA,5,NA,NA,NA,NA,NA,N,Y,4,0,1,3,A,-,03,22350,NA,N,C,C,A,A,H,-,A,D,0,NA,NA,NA,NA,Y,NA,A,01,0,0,1,0,0,0,0,0,0,-,-,32.87923812866211,-117.22834014892578,SAN DIEGO,SAN DIEGO,-117.22838592529295,32.87924575805664
91049151,2019,2019-08-09,9680,2019-07-30,2320,016694,NA,2,3,9,3700,0,1,1,NA,2,086,I-8 W/B,CRESTWOOD RD,10560,E,N,A,-,Y,NA,NA,8,NA,NA,NA,NA,NA,W,Y,4,0,1,1,A,-,08,22107,NA,N,E,I,A,A,H,-,D,D,0,NA,NA,NA,NA,Y,NA,D,22,0,0,1,0,0,0,0,0,0,-,-,32.699031829833984,-116.31947326660156,SAN DIEGO,UNINCORPORATED,-116.31948852539063,32.69899368286133
91049998,2019,2019-08-12,9680,2019-07-31,1220,017996,NA,3,1,9,3700,0,1,3,NA,2,028,SR-125 N/B TO JAMACHA ROAD,JAMACHA ROAD,50,S,N,A,-,Y,NA,NA,125,NA,NA,NA,R,NA,N,Y,4,0,1,2,A,-,03,22350,NA,N,C,C,A,A,H,-,A,A,0,NA,NA,NA,NA,Y,NA,A,07,0,0,1,0,0,0,0,0,0,-,-,32.714500427246094,-117.01360321044922,SAN DIEGO,UNINCORPORATED,-117.01360321044922,32.714500427246094
91051024,2019,2019-08-13,9650,2019-08-04,2220,022031,NA,7,3,9,3700,0,3,5,NA,2,006,CALAVO RD,SEA LARKE DR,55,S,N,A,-,N,NA,NA,NA,NA,NA,NA,NA,NA,NA,Y,4,0,1,4,A,-,08,22107,NA,N,C,E,A,A,H,-,D,D,0,NA,NA,NA,NA,Y,NA,D,22,0,0,1,0,0,0,0,0,0,-,-,33.35881042480469,-117.23182678222656,SAN DIEGO,UNINCORPORATED,-117.23185729980467,33.358978271484375
91052111,2019,2019-08-14,9680,2019-08-04,2151,021501,NA,7,2,9,3700,0,2,4,NA,2,072,BORREGO SALTON SEAWAY,TRUCKHAVEN TRL,3168,E,N,A,-,N,NA,NA,NA,NA,NA,NA,NA,NA,NA,Y,4,0,1,1,A,-,08,22107,NA,N,E,I,A,A,H,-,D,D,0,NA,NA,NA,NA,Y,NA,A,01,0,0,1,0,0,0,0,0,0,-,-,33.27980041503906,-116.0849380493164,SAN DIEGO,UNINCORPORATED,-116.08628082275392,33.27973556518555
9105236,2020,2020-07-30,3700,2020-04-14,1352,SH0304,NA,2,5,2,3704,0,0,0,NA,0,292,CAMINO DEL MAR,COAST BL,0,NA,Y,A,-,N,NA,NA,NA,NA,NA,NA,NA,NA,NA,N,3,0,1,2,A,-,03,22350,NA,N,D,G,A,A,H,-,A,A,0,NA,Y,NA,NA,Y,NA,D,22,0,1,0,0,0,0,1,0,0,-,-,NA,NA,SAN DIEGO,DEL MAR,-117.26741027832033,32.96792984008789
91053399,2019,2019-08-16,9680,2019-08-06,0835,015578,NA,2,1,5,3705,0,1,1,NA,2,082,I-8 WESTBOUND,BROADWAY,1,E,N,A,-,Y,NA,NA,8,NA,NA,NA,NA,NA,W,N,4,0,1,2,A,-,08,22107,NA,N,B,C,A,A,H,-,A,D,0,NA,NA,NA,Y,Y,NA,A,01,0,0,1,0,0,0,0,0,0,-,-,32.80775833129883,-116.91986083984376,SAN DIEGO,EL CAJON,-116.91983032226563,32.807743072509766
91053655,2019,2019-08-16,9650,2019-08-10,1645,021805,NA,6,2,5,3782,0,1,1,NA,2,007,I-5 N/B TO BIRMINGHAM DR,BIRMINGHAM DR,36,S,N,A,-,Y,NA,NA,5,NA,NA,NA,R,NA,N,Y,4,0,1,2,A,-,01,23152,A,F,C,C,A,A,D,-,A,D,0,NA,NA,NA,NA,Y,Y,A,07,0,0,1,0,0,0,0,0,0,-,-,33.02634811401367,-117.27400207519533,SAN DIEGO,ENCINITAS,-117.27400207519533,33.02634811401367