CASE_ID,ACCIDENT_YEAR,PROC_DATE,JURIS,COLLISION_DATE,COLLISION_TIME,OFFICER_ID,REPORTING_DISTRICT,DAY_OF_WEEK,CHP_SHIFT,POPULATION,CNTY_CITY_LOC,SPECIAL_COND,BEAT_TYPE,CHP_BEAT_TYPE,CITY_DIVISION_LAPD,CHP_BEAT_CLASS,BEAT_NUMBER,PRIMARY_RD,SECONDARY_RD,DISTANCE,DIRECTION,INTERSECTION,WEATHER_1,WEATHER_2,STATE_HWY_IND,CALTRANS_COUNTY,CALTRANS_DISTRICT,STATE_ROUTE,ROUTE_SUFFIX,POSTMILE_PREFIX,POSTMILE,LOCATION_TYPE,RAMP_INTERSECTION,SIDE_OF_HWY,TOW_AWAY,COLLISION_SEVERITY,NUMBER_KILLED,NUMBER_INJURED,PARTY_COUNT,PRIMARY_COLL_FACTOR,PCF_CODE_OF_VIOL,PCF_VIOL_CATEGORY,PCF_VIOLATION,PCF_VIOL_SUBSECTION,HIT_AND_RUN,TYPE_OF_COLLISION,MVIW,PED_ACTION,ROAD_SURFACE,ROAD_COND_1,ROAD_COND_2,LIGHTING,CONTROL_DEVICE,CHP_ROAD_TYPE,PEDESTRIAN_ACCIDENT,BICYCLE_ACCIDENT,MOTORCYCLE_ACCIDENT,TRUCK_ACCIDENT,NOT_PRIVATE_PROPERTY,ALCOHOL_INVOLVED,STWD_VEHTYPE_AT_FAULT,CHP_VEHTYPE_AT_FAULT,COUNT_SEVERE_INJ,COUNT_VISIBLE_INJ,COUNT_COMPLAINT_PAIN,COUNT_PED_KILLED,COUNT_PED_INJURED,COUNT_BICYCLIST_KILLED,COUNT_BICYCLIST_INJURED,COUNT_MC_KILLED,COUNT_MC_INJURED,PRIMARY_RAMP,SECONDARY_RAMP,LATITUDE,LONGITUDE,COUNTY,CITY,POINT_X,POINT_Y
91319609,2020,2020-10-07,9680,2020-09-26,2025,021441,NA,6,2,9,3700,0,1,3,NA,1,040,SR-94 (CAMPO RD.),PINE LN,8,E,N,A,-,Y,NA,NA,94,NA,NA,NA,NA,NA,NA,Y,2,0,1,1,A,-,08,22107,NA,N,E,I,A,A,H,-,D,A,0,NA,NA,NA,NA,Y,NA,A,07,1,0,0,0,0,0,0,0,0,-,-,32.725799560546875,-116.9123992919922,SAN DIEGO,UNINCORPORATED,-116.9123992919922,32.72578048706055
91320067,2020,2020-10-08,9650,2020-10-07,1450,021435,NA,3,2,9,3700,0,1,3,NA,1,028,SR-76,MAGEE RD,7700,E,N,A,-,Y,NA,NA,76,NA,NA,NA,NA,NA,NA,Y,2,0,1,1,A,-,08,22107,NA,N,E,I,A,A,H,-,A,D,0,NA,NA,NA,NA,Y,NA,A,01,1,0,0,0,0,0,0,0,0,-,-,33.35557174682617,-117.03370666503906,SAN DIEGO,UNINCORPORATED,-117.0337142944336,33.35550308227539
91320182,2020,2020-10-08,9650,2020-09-28,0940,018550,NA,1,1,9,3700,0,3,5,NA,2,210,DEER SPRINGS RD,MESA ROCK ROAD,2640,W,N,A,-,N,NA,NA,NA,NA,NA,NA,NA,NA,NA,Y,3,0,2,1,A,-,08,22107,NA,N,E,I,A,A,H,-,A,D,0,NA,NA,NA,NA,Y,NA,A,01,0,1,1,0,0,0,0,0,0,-,-,33.19525146484375,-117.13555908203124,SAN DIEGO,UNINCORPORATED,-117.1352996826172,33.19525909423828
91320773,2020,2020-10-09,9645,2020-10-06,1425,018678,NA,2,2,6,3702,0,1,1,NA,2,009,I-805 (S/B),MAIN STREET U/C,1500,S,N,A,-,Y,NA,NA,NA,NA,NA,NA,NA,NA,NA,Y,3,0,3,4,A,-,08,22107,NA,N,B,C,A,A,H,-,A,D,0,NA,NA,NA,Y,Y,NA,G,27,0,2,1,0,0,0,0,0,0,-,-,32.59012985229492,-117.14360809326172,SAN DIEGO,CHULA VISTA,-117.03643798828124,32.59077072143555
91322087,2020,2020-10-12,9645,2020-10-08,1547,021268,NA,4,2,7,3711,0,1,1,NA,2,011,I-805 S/B,UNIVERSITY AVENUE,1056,S,N,A,-,Y,NA,NA,805,NA,NA,NA,NA,NA,S,Y,4,0,3,5,A,-,03,22350,NA,N,C,C,A,A,H,-,A,D,0,NA,NA,NA,NA,Y,NA,A,01,0,0,3,0,0,0,0,0,0,-,-,32.74399948120117,-117.11900329589844,SAN DIEGO,SAN DIEGO,-117.11890411376952,32.744083404541016
9132255,2020,2020-10-13,3709,2020-07-12,2107,NC0517,NA,7,5,5,3709,0,0,0,NA,0,023,HIGHLAND AV,HIGHLAND AV 3100,0,NA,-,A,-,N,NA,NA,NA,NA,NA,NA,NA,NA,NA,Y,2,0,4,2,A,-,00,23105,A,N,D,C,A,A,H,-,C,A,0,NA,NA,NA,NA,Y,NA,-,NA,1,1,2,0,0,0,0,0,0,-,-,NA,NA,SAN DIEGO,NATIONAL CITY,NA,NA
91322560,2020,2020-10-13,9645,2020-10-06,1050,016061,NA,2,1,7,3711,0,1,1,NA,2,005,I-5 N/B,PACIFIC HWY,40,S,N,A,-,Y,NA,NA,5,NA,NA,NA,NA,NA,N,Y,3,0,2,3,A,-,03,22350,NA,N,C,C,A,A,H,-,A,D,0,NA,NA,NA,NA,Y,NA,A,01,0,2,0,0,0,0,0,0,0,-,-,32.767059326171875,-117.20548248291016,SAN DIEGO,SAN DIEGO,-117.20574951171876,32.766990661621094
91322752,2020,2020-10-13,9680,2020-08-27,0354,020720,NA,4,3,9,3700,0,1,1,NA,2,083,I-8 E/B,DUNBAR LN,2640,W,N,A,-,Y,NA,NA,8,NA,NA,NA,NA,NA,E,Y,2,0,2,2,C,-,18,NA,NA,N,D,C,A,A,H,-,D,D,0,NA,NA,NA,NA,Y,NA,-,-,1,1,0,0,0,0,0,0,0,-,-,32.85633850097656,-116.82894897460938,SAN DIEGO,UNINCORPORATED,-116.82895660400392,32.856407165527344
91324710,2020,2020-10-15,9650,2020-10-13,1635,016516,NA,2,2,9,3700,0,3,5,NA,2,213,OLD HWY 395,RAINBOW VALLEY BLVD,800,S,N,A,-,Y,NA,NA,NA,NA,NA,NA,NA,NA,NA,Y,3,0,2,2,A,-,09,21804,A,N,C,C,A,A,H,-,A,D,0,NA,NA,NA,NA,Y,NA,A,01,0,1,1,0,0,0,0,0,0,-,-,33.42546081542969,-117.15038299560548,SAN DIEGO,UNINCORPORATED,-117.14614105224608,33.428375244140625
91325160,2020,2020-10-16,9680,2020-10-06,2041,016981,NA,2,2,9,3700,0,1,1,NA,2,083,I-8 E/B,LAKE JENNINGS PARK RD,2640,E,N,A,-,Y,NA,NA,8,NA,NA,NA,NA,NA,E,Y,4,0,1,3,A,-,03,22350,NA,N,C,C,A,A,H,-,D,D,0,NA,NA,NA,NA,Y,NA,A,01,0,0,1,0,0,0,0,0,0,-,-,32.847068786621094,-116.8740234375,SAN DIEGO,UNINCORPORATED,-116.87401580810548,32.847068786621094
91326074,2020,2020-10-19,9645,2020-10-09,1925,021338,NA,5,2,7,3711,0,1,3,NA,2,022,SR- 56 E/B,CARMEL VALLEY ROAD,400,E,N,A,-,Y,NA,NA,56,NA,NA,NA,NA,NA,E,Y,3,0,2,2,A,-,01,23152,A,F,C,C,A,A,H,-,D,D,0,NA,NA,NA,NA,Y,Y,A,01,0,2,0,0,0,0,0,0,0,-,-,32.95357131958008,-117.18994140625,SAN DIEGO,SAN DIEGO,-117.18993377685548,32.95355987548828
91327546,2020,2020-10-20,9650,2020-10-14,1750,014886,NA,3,2,9,3700,0,1,1,NA,2,005,I-5 N/B,CALIFORNIA ST,20,S,N,A,-,Y,NA,NA,NA,NA,NA,NA,NA,NA,NA,Y,3,0,1,1,A,-,03,22350,NA,N,E,I,A,A,H,-,A,D,0,NA,NA,Y,NA,Y,NA,C,02,0,1,0,0,0,0,0,0,1,-,-,33.18539810180664,-117.3579330444336,SAN DIEGO,UNINCORPORATED,-117.35749053955078,33.18473434448242
91329020,2020,2020-10-21,9680,2020-10-09,1330,022161,NA,5,1,9,3700,0,3,5,NA,2,002,FUERTE DR,GRANDVIEW AVE.,0,NA,Y,A,-,N,NA,NA,NA,NA,NA,NA,NA,NA,NA,N,2,0,1,2,A,-,12,21453,A,N,D,G,A,A,H,-,A,A,0,NA,Y,NA,NA,Y,NA,L,04,1,0,0,0,0,0,1,0,0,-,-,32.76612091064453,-116.97213745117188,SAN DIEGO,UNINCORPORATED,-116.97232818603516,32.766361236572266
91329295,2020,2020-10-22,9650,2020-08-18,0950,016997,NA,2,1,9,3700,0,1,1,NA,2,001,I-5 N/B,BASILONE RD.,5280,S,N,A,-,Y,NA,NA,5,NA,NA,NA,NA,NA,N,Y,4,0,1,2,A,-,03,22350,NA,N,C,C,A,A,H,-,A,D,0,NA,NA,NA,NA,Y,NA,A,01,0,0,1,0,0,0,0,0,0,-,-,33.37944030761719,-117.56722259521484,SAN DIEGO,UNINCORPORATED,-117.56722259521484,33.379425048828125
9132997,2020,2020-11-18,3710,2020-07-07,1722,OC1431,NA,2,5,6,3710,0,0,0,NA,0,010,RT 76,LORETTA ST,197,E,N,A,-,Y,SD,11,76,-,R,0.53,H,-,NA,Y,4,0,1,2,A,-,03,22350,A,N,B,A,A,A,H,-,-,A,0,NA,NA,NA,NA,Y,NA,A,01,0,0,1,0,0,0,0,0,0,-,-,NA,NA,SAN DIEGO,OCEANSIDE,-117.37776947021484,33.210567474365234
91330231,2020,2020-10-23,9650,2020-10-18,1605,021933,NA,7,2,9,3700,0,3,5,NA,2,070,VIA DE LA VALLE,CAMINITO PORTA DELGADA,27,E,N,B,-,N,NA,NA,NA,NA,NA,NA,NA,NA,NA,Y,3,0,1,1,A,-,01,23152,A,N,E,I,A,A,H,-,A,D,0,NA,NA,NA,NA,Y,Y,A,08,0,1,0,0,0,0,0,0,0,-,-,32.983909606933594,-117.21865081787108,SAN DIEGO,UNINCORPORATED,-117.21862030029295,32.98404312133789
91331180,2020,2020-10-26,9680,2020-10-16,0015,016694,NA,5,3,5,3705,0,1,1,NA,2,081,I-8 E/B,SEVERIN DRIVE,1000,E,N,A,-,Y,NA,NA,8,NA,NA,NA,NA,NA,E,N,4,0,1,2,A,-,08,22107,NA,F,B,C,A,A,H,-,C,D,0,NA,NA,NA,NA,Y,NA,-,99,0,0,1,0,0,0,0,0,0,-,-,32.779029846191406,-116.99195098876952,SAN DIEGO,EL CAJON,-116.99195098876952,32.77901077270508
91336204,2020,2020-11-02,9650,2020-10-25,1955,020673,NA,7,2,9,3700,0,2,4,NA,2,061,E. MISSION RD.,WILLOW GLEN RD.,440,W,N,B,-,N,NA,NA,NA,NA,NA,NA,NA,NA,NA,N,3,0,1,1,A,-,03,22350,NA,F,H,A,A,A,H,-,D,D,0,NA,NA,Y,NA,Y,Y,C,02,0,1,0,0,0,0,0,0,1,-,-,33.39445877075195,-117.2019500732422,SAN DIEGO,UNINCORPORATED,-117.20182037353516,33.394439697265625
91336208,2020,2020-11-02,9650,2020-10-30,1638,021933,NA,5,2,9,3700,0,1,3,NA,1,028,SR-76,BODIE BLVD,2202,W,N,A,-,Y,NA,NA,76,NA,NA,NA,NA,NA,NA,Y,3,0,1,2,A,-,08,22107,NA,N,A,C,A,A,H,-,A,D,0,NA,NA,NA,NA,Y,NA,A,01,0,1,0,0,0,0,0,0,0,-,-,33.35221862792969,-117.02577972412108,SAN DIEGO,UNINCORPORATED,-117.02579498291016,33.352210998535156
91336873,2020,2020-11-02,9680,2020-10-20,0035,017996,NA,2,3,5,3708,0,1,1,NA,2,081,I-8 W/B TO SEVERIN DRIVE,SEVERIN DRIVE,210,E,N,A,-,Y,NA,NA,8,NA,NA,NA,R,NA,W,Y,4,0,1,2,A,-,08,22107,NA,F,C,C,A,A,H,-,C,D,0,NA,NA,NA,NA,Y,NA,A,01,0,0,1,0,0,0,0,0,0,-,-,32.77980041503906,-116.9962921142578,SAN DIEGO,LA MESA,-116.9962921142578,32.77980041503906
9133725,2020,2020-09-22,3711,2020-07-30,1329,SD1074,NA,4,5,7,3711,0,0,0,NA,0,833,WIGHTMAN ST,44TH ST,0,NA,Y,A,-,N,NA,NA,NA,NA,NA,NA,NA,NA,NA,Y,4,0,1,2,A,-,09,21803,A,N,B,C,A,A,H,-,A,D,0,NA,NA,NA,NA,Y,NA,A,01,0,0,1,0,0,0,0,0,0,-,-,NA,NA,SAN DIEGO,SAN DIEGO,-117.099731,32.74781
91339315,2020,2020-11-04,9680,2020-10-23,1850,021994,NA,5,2,9,3700,0,1,3,NA,1,024,STATE ROUTE 94 (CAMPO ROAD),VIA MERCADO,55,E,N,A,-,Y,NA,NA,94,NA,NA,NA,NA,NA,NA,N,4,0,2,2,A,-,21,22106,NA,N,C,C,A,A,H,-,D,A,0,NA,NA,NA,NA,Y,NA,D,22,0,0,2,0,0,0,0,0,0,-,-,32.745418548583984,-116.95767211914063,SAN DIEGO,UNINCORPORATED,-116.95767974853516,32.745384216308594
91339347,2020,2020-11-04,9645,2020-09-22,1855,021263,NA,2,2,7,3711,0,1,1,NA,2,001,INTERSTATE 5 NORTHBOUND,H STREET,1000,S,N,A,-,Y,NA,NA,NA,NA,NA,NA,NA,NA,NA,Y,3,0,4,2,A,-,07,21658,A,N,B,C,A,A,H,-,A,D,0,NA,NA,NA,NA,Y,NA,A,01,0,4,0,0,0,0,0,0,0,-,-,32.62635040283203,-117.09459686279295,SAN DIEGO,SAN DIEGO,-117.09474182128906,32.62660217285156
91341379,2020,2020-12-17,9650,2020-10-31,2258,021528,NA,6,3,9,3700,0,3,5,NA,1,212,SR-76,SOUTH GRADE RD,0,NA,Y,A,-,Y,NA,NA,76,NA,NA,NA,NA,NA,NA,Y,2,0,3,2,A,-,09,21801,A,N,A,C,A,A,H,-,D,D,0,NA,NA,NA,NA,Y,Y,A,01,1,0,2,0,0,0,0,0,0,-,-,33.29393005371094,-116.90081787109376,SAN DIEGO,UNINCORPORATED,-116.90082550048828,33.29387283325195
91341381,2020,2020-11-09,9650,2020-11-03,1810,019270,NA,2,2,9,3700,0,3,5,NA,1,160,OLD RIVER RD,DENTRO DE LOMAS RD,1584,N,N,A,-,N,NA,NA,NA,NA,NA,NA,NA,NA,NA,Y,4,0,1,1,A,-,08,22107,NA,N,F,A,A,A,H,-,D,D,0,NA,NA,NA,NA,Y,NA,A,01,0,0,1,0,0,0,0,0,0,-,-,33.27809143066406,-117.2223663330078,SAN DIEGO,UNINCORPORATED,-117.22308349609376,33.277435302734375
91341621,2020,2020-11-09,9645,2020-11-05,1335,018697,NA,4,1,7,3711,0,1,3,NA,2,006,STATE ROUTE 94 (W/B),SR-15,208,W,N,A,-,Y,NA,NA,94,NA,NA,NA,NA,NA,NA,N,4,0,1,2,A,-,07,21658,A,N,B,C,A,A,H,-,A,D,0,NA,NA,NA,NA,Y,NA,A,07,0,0,1,0,0,0,0,0,0,-,-,32.71712112426758,-117.11824035644533,SAN DIEGO,SAN DIEGO,-117.11823272705078,32.71706771850586
91342331,2020,2020-11-09,9645,2020-11-07,1853,021523,NA,6,2,7,3711,0,1,3,NA,2,002,SR-905 E/B,BEYER BOULEVARD,643,W,N,A,-,Y,NA,NA,905,NA,NA,NA,NA,NA,E,Y,4,0,1,2,A,-,07,21658,A,N,C,C,A,A,H,-,D,D,0,NA,NA,NA,NA,Y,NA,A,01,0,0,1,0,0,0,0,0,0,-,-,32.56816864013672,-117.0634307861328,SAN DIEGO,SAN DIEGO,-117.0634307861328,32.56818771362305
91342464,2020,2020-11-09,9645,2020-07-11,0212,021097,NA,6,3,7,3711,0,1,1,NA,2,007,INTERSTATE 5 NORTHBOUND,DEL MAR HEIGHTS ROAD,4354,N,N,A,-,Y,NA,NA,5,NA,NA,NA,NA,NA,N,Y,1,1,0,2,A,-,03,22350,NA,F,C,C,A,A,H,-,D,D,0,NA,NA,NA,NA,Y,Y,A,01,0,0,0,0,0,0,0,0,0,-,-,32.96240997314453,-117.24642181396484,SAN DIEGO,SAN DIEGO,-117.2463607788086,32.962432861328125
91344683,2020,2020-11-13,9680,2020-05-16,2235,014949,NA,6,3,9,3700,0,3,5,NA,2,006,BUCKMAN SPRINGS ROAD,OAK DRIVE,50,S,N,A,-,N,NA,NA,NA,NA,NA,NA,NA,NA,NA,Y,2,0,6,2,A,-,01,23152,A,N,A,C,A,A,H,-,D,A,0,NA,NA,NA,NA,Y,Y,A,01,1,2,3,0,0,0,0,0,0,-,-,32.690460205078125,-116.48934173583984,SAN DIEGO,UNINCORPORATED,-116.48922729492188,32.68992614746094
91345960,2020,2020-11-16,9645,2020-11-10,0920,018095,NA,2,1,7,3711,0,1,1,NA,2,009,I-805 N/B,IMPERIAL AVE.,506,N,N,A,-,Y,NA,NA,805,NA,NA,NA,NA,NA,N,Y,3,0,1,2,A,-,03,22350,NA,N,C,C,A,A,H,-,A,D,0,NA,NA,NA,NA,Y,NA,A,08,0,1,0,0,0,0,0,0,0,-,-,32.70568084716797,-117.09515380859376,SAN DIEGO,SAN DIEGO,-117.09542083740234,32.705535888671875
91346097,2020,2020-11-16,9645,2020-11-13,1150,017723,NA,5,1,7,3711,0,1,3,NA,2,006,SR-94 W/B,I-805 U/C,1584,E,N,A,-,Y,NA,NA,94,NA,NA,NA,NA,NA,W,Y,3,0,1,1,A,-,01,23152,A,N,E,I,A,A,H,-,A,D,0,NA,NA,NA,NA,Y,Y,A,07,0,1,0,0,0,0,0,0,0,-,-,32.71929931640625,-117.09649658203124,SAN DIEGO,SAN DIEGO,-117.09649658203124,32.719085693359375
91346204,2020,2020-11-16,9650,2020-11-07,0620,018950,NA,6,1,6,3706,0,1,1,NA,2,023,I-15 S/B,FELICITA ROAD,111,N,N,B,C,Y,NA,NA,15,NA,NA,NA,NA,NA,S,Y,2,0,1,1,A,-,08,22107,NA,N,E,I,A,A,H,-,A,D,0,NA,NA,NA,NA,Y,NA,A,01,1,0,0,0,0,0,0,0,0,-,-,33.0937614440918,-117.08454895019533,SAN DIEGO,ESCONDIDO,-117.08438110351563,33.09393310546875
91347993,2020,2020-11-18,9680,2020-11-03,0730,020116,NA,2,1,9,3700,0,3,5,NA,2,002,TYLER ST,CENTRAL AVE,740,E,N,A,-,N,NA,NA,NA,NA,NA,NA,NA,NA,NA,N,4,0,1,2,A,-,03,22350,NA,F,C,C,A,A,H,-,A,D,0,NA,NA,NA,NA,Y,NA,A,01,0,0,1,0,0,0,0,0,0,-,-,32.73014831542969,-117.00807189941406,SAN DIEGO,UNINCORPORATED,-117.0076904296875,32.730106353759766
91348131,2020,2020-11-18,9680,2020-11-10,1750,021353,NA,2,2,9,3700,0,2,4,NA,1,026,JAMACHA RD,SR-125,450,W,N,A,-,N,NA,NA,NA,NA,NA,NA,NA,NA,NA,Y,4,0,1,2,A,-,03,22350,NA,N,C,C,A,A,H,-,A,D,0,NA,NA,NA,NA,Y,NA,A,07,0,0,1,0,0,0,0,0,0,-,-,32.714691162109375,-117.01602935791016,SAN DIEGO,UNINCORPORATED,-117.01596069335938,32.71474075317383
91348610,2020,2020-11-19,9680,2020-11-08,2205,021646,NA,7,3,9,3700,0,1,1,NA,2,083,I-8 W/B,OLDE HIGHWAY 80,4224,E,N,C,-,Y,NA,NA,8,NA,NA,NA,NA,NA,W,Y,4,0,2,1,A,-,03,22350,NA,N,E,I,A,B,F,-,D,D,0,NA,NA,NA,NA,Y,NA,A,01,0,0,2,0,0,0,0,0,0,-,-,32.853641510009766,-116.84008026123048,SAN DIEGO,UNINCORPORATED,-116.840087890625,32.853694915771484
91353940,2020,2020-11-25,9645,2020-11-24,1100,017678,NA,2,1,7,3711,0,1,1,NA,2,021,SR-15 S/B TRANSITION ROAD TO I-805 S/B,I-805 O/C,300,N,N,A,-,Y,NA,NA,15,NA,NA,NA,R,NA,S,Y,3,0,1,2,A,-,03,22350,NA,N,C,C,A,A,H,-,A,D,0,NA,NA,NA,Y,Y,NA,G,27,0,1,0,0,0,0,0,0,0,-,-,32.74129104614258,-117.11302947998048,SAN DIEGO,SAN DIEGO,-117.11302947998048,32.74129104614258
91356163,2020,2020-12-01,9645,2020-03-03,0028,015001,NA,2,3,7,3711,0,1,1,NA,2,017,"INTERSTATE 15, NORTHBOUND",RANCHO BERNARDO ROAD,400,N,N,B,-,Y,NA,NA,15,NA,NA,NA,NA,NA,N,Y,1,1,1,1,A,-,01,23152,G,N,F,A,A,A,H,-,D,D,0,NA,NA,NA,NA,Y,Y,A,07,1,0,0,0,0,0,0,0,0,-,-,33.02954864501953,-117.07817840576172,SAN DIEGO,SAN DIEGO,-117.07857513427734,33.02956771850586
91356519,2020,2020-12-01,9645,2020-08-05,1540,017480,NA,3,2,7,3711,0,1,3,NA,2,023,STATE ROUTE 163 N/B,GENESSE AVENUE,144,S,N,A,-,Y,NA,NA,163,NA,NA,NA,NA,NA,N,Y,1,1,0,2,A,-,03,22350,NA,N,C,C,A,A,H,-,A,D,0,NA,NA,NA,Y,Y,NA,D,22,0,0,0,0,0,0,0,0,0,-,-,32.790950775146484,-117.15924072265624,SAN DIEGO,SAN DIEGO,-117.15914154052734,32.790916442871094
9135702,2020,2020-09-16,3706,2020-07-09,1327,510,NA,4,5,6,3706,0,0,0,NA,0,044,HARDING ST,JEFFERSON AV,0,NA,Y,A,-,N,NA,NA,NA,NA,NA,NA,NA,NA,NA,Y,3,0,2,3,-,-,-,NA,NA,N,D,C,A,A,H,-,A,D,0,NA,NA,NA,NA,Y,NA,-,-,0,1,1,0,0,0,0,0,0,-,-,33.13515090942383,-117.06606292724608,SAN DIEGO,ESCONDIDO,-117.06622314453124,33.135040283203125
91358459,2020,2020-12-03,9650,2020-11-30,1745,018496,NA,1,2,6,3710,0,1,3,NA,2,015,SR-78 E/B FROM EL CAMINO REAL,EL CAMINO REAL,40,E,N,A,-,Y,NA,NA,78,NA,NA,NA,R,NA,E,Y,4,0,2,2,A,-,17,21451,B,N,B,C,A,A,H,-,C,A,0,NA,NA,NA,NA,Y,NA,A,01,0,0,2,0,0,0,0,0,0,-,-,33.181121826171875,-117.32662200927734,SAN DIEGO,OCEANSIDE,-117.32662200927734,33.181121826171875
91358578,2020,2020-12-03,9680,2020-11-26,2045,020780,NA,4,2,4,3720,0,1,3,NA,2,027,SR-94 E/B,MASSACHUSETTS AVE,950,W,N,A,-,Y,NA,NA,94,NA,NA,NA,NA,NA,E,Y,4,0,1,2,A,-,03,22350,NA,N,C,C,A,A,H,-,C,D,0,NA,NA,NA,NA,Y,NA,A,01,0,0,1,0,0,0,0,0,0,-,-,32.744651794433594,-117.0460205078125,SAN DIEGO,LEMON GROVE,-117.04601287841795,32.744625091552734
91359493,2020,2020-12-04,9650,2020-11-21,1900,021154,NA,6,2,5,3712,0,1,3,NA,2,019,SR-78 W/B,SAN MARCOS BLVD,690,W,N,A,-,Y,NA,NA,78,NA,NA,NA,NA,NA,W,Y,3,0,2,2,A,-,01,23152,A,N,B,C,A,A,H,-,D,D,0,NA,NA,NA,NA,Y,Y,A,01,0,2,0,0,0,0,0,0,0,-,-,33.13800811767578,-117.17698669433594,SAN DIEGO,SAN MARCOS,-117.17694091796876,33.138145446777344
91360566,2020,2020-12-07,9680,2020-11-20,1300,021353,NA,5,1,9,3700,0,3,5,NA,2,004,OTAY LAKES RD,OTAY MOUNTAIN TRUCK TRAIL,2740,S,N,A,-,N,NA,NA,NA,NA,NA,NA,NA,NA,NA,Y,2,0,1,1,A,-,03,22350,NA,N,F,A,A,A,H,-,A,D,0,NA,NA,Y,NA,Y,NA,C,02,1,0,0,0,0,0,0,0,1,-,-,32.650360107421875,-116.86482238769533,SAN DIEGO,UNINCORPORATED,-116.86487579345705,32.65032958984375
91364178,2020,2020-12-11,9680,2020-12-05,1517,021441,NA,6,2,5,3708,0,1,1,NA,2,081,I-8 E/B TO LAKE MURRAY BLVD.,LAKE MURRAY BLVD,305,E,N,A,-,Y,NA,NA,8,NA,NA,NA,R,NA,E,Y,3,0,1,1,A,-,01,23152,A,N,E,I,A,A,H,-,A,A,0,NA,NA,NA,NA,Y,Y,A,01,0,1,0,0,0,0,0,0,0,-,-,32.77399826049805,-117.0447998046875,SAN DIEGO,LA MESA,-117.0447998046875,32.77399826049805
91366227,2020,2020-12-14,9680,2020-12-12,1150,016102,NA,6,1,9,3700,0,1,3,NA,1,060,STATE ROUTE 94 (SR-94),LA POSTA ROAD,6864,E,N,B,-,Y,NA,NA,94,NA,NA,NA,NA,NA,NA,Y,4,0,1,1,A,-,03,22350,NA,N,F,A,A,A,H,-,A,A,0,NA,NA,NA,NA,Y,NA,A,01,0,0,1,0,0,0,0,0,0,-,-,32.64841079711914,-116.40883636474608,SAN DIEGO,UNINCORPORATED,-116.40880584716795,32.64838790893555
91366566,2020,2020-12-14,9680,2020-12-11,1205,022106,NA,5,1,9,3700,0,3,5,NA,2,006,BUCKMAN SPRINGS RD,LAKE MORENA DR,2640,S,N,A,-,N,NA,NA,NA,NA,NA,NA,NA,NA,NA,Y,4,0,1,1,A,-,08,22107,NA,N,E,I,A,A,H,-,A,D,0,NA,NA,NA,NA,Y,NA,A,01,0,0,1,0,0,0,0,0,0,-,-,32.63924026489258,-116.48062133789063,SAN DIEGO,UNINCORPORATED,-116.48175048828124,32.64019012451172
91368487,2020,2020-12-16,9645,2020-12-07,1300,016047,NA,1,1,9,3700,0,3,5,NA,2,018,OTAY LAKES ROAD EASTBOUND,WUESTE ROAD,26400,E,N,A,-,N,NA,NA,NA,NA,NA,NA,NA,NA,NA,Y,4,0,1,1,A,-,08,22107,NA,N,E,I,A,A,H,-,A,D,0,NA,NA,NA,NA,Y,NA,A,07,0,0,1,0,0,0,0,0,0,-,-,32.6351318359375,-116.921630859375,SAN DIEGO,UNINCORPORATED,-116.8700714111328,32.644065856933594
91369357,2020,2020-12-17,9645,2020-11-20,1615,021263,NA,5,2,7,3711,0,1,1,NA,2,010,I-8 E/B TO I-5 S/B,INTERSTATE 5,250,W,N,A,-,Y,NA,NA,8,NA,NA,NA,R,NA,E,Y,4,0,1,1,A,-,08,22107,NA,N,E,I,A,A,H,-,A,D,0,NA,NA,NA,NA,Y,NA,A,01,0,0,1,0,0,0,0,0,0,-,-,32.7587890625,-117.20484161376952,SAN DIEGO,SAN DIEGO,-117.20484161376952,32.7587890625
91369615,2020,2020-12-17,9645,2020-12-12,1133,016838,NA,6,1,7,3711,0,1,1,NA,2,007,I-5 N/B,CARMEL VALLEY ROAD,20,S,N,B,-,Y,NA,NA,5,NA,NA,NA,NA,NA,N,Y,4,0,1,1,A,-,08,22107,NA,N,E,I,A,A,H,-,A,D,0,NA,NA,NA,NA,Y,NA,A,01,0,0,1,0,0,0,0,0,0,-,-,32.93281936645508,-117.24102020263672,SAN DIEGO,SAN DIEGO,-117.24111175537108,32.93281173706055