CASE_ID,ACCIDENT_YEAR,PROC_DATE,JURIS,COLLISION_DATE,COLLISION_TIME,OFFICER_ID,REPORTING_DISTRICT,DAY_OF_WEEK,CHP_SHIFT,POPULATION,CNTY_CITY_LOC,SPECIAL_COND,BEAT_TYPE,CHP_BEAT_TYPE,CITY_DIVISION_LAPD,CHP_BEAT_CLASS,BEAT_NUMBER,PRIMARY_RD,SECONDARY_RD,DISTANCE,DIRECTION,INTERSECTION,WEATHER_1,WEATHER_2,STATE_HWY_IND,CALTRANS_COUNTY,CALTRANS_DISTRICT,STATE_ROUTE,ROUTE_SUFFIX,POSTMILE_PREFIX,POSTMILE,LOCATION_TYPE,RAMP_INTERSECTION,SIDE_OF_HWY,TOW_AWAY,COLLISION_SEVERITY,NUMBER_KILLED,NUMBER_INJURED,PARTY_COUNT,PRIMARY_COLL_FACTOR,PCF_CODE_OF_VIOL,PCF_VIOL_CATEGORY,PCF_VIOLATION,PCF_VIOL_SUBSECTION,HIT_AND_RUN,TYPE_OF_COLLISION,MVIW,PED_ACTION,ROAD_SURFACE,ROAD_COND_1,ROAD_COND_2,LIGHTING,CONTROL_DEVICE,CHP_ROAD_TYPE,PEDESTRIAN_ACCIDENT,BICYCLE_ACCIDENT,MOTORCYCLE_ACCIDENT,TRUCK_ACCIDENT,NOT_PRIVATE_PROPERTY,ALCOHOL_INVOLVED,STWD_VEHTYPE_AT_FAULT,CHP_VEHTYPE_AT_FAULT,COUNT_SEVERE_INJ,COUNT_VISIBLE_INJ,COUNT_COMPLAINT_PAIN,COUNT_PED_KILLED,COUNT_PED_INJURED,COUNT_BICYCLIST_KILLED,COUNT_BICYCLIST_INJURED,COUNT_MC_KILLED,COUNT_MC_INJURED,PRIMARY_RAMP,SECONDARY_RAMP,LATITUDE,LONGITUDE,COUNTY,CITY,POINT_X,POINT_Y
91489094,2021,2021-06-03,9650,2021-05-26,0648,017328,NA,3,1,9,3700,0,1,1,NA,2,021,I-15 N/B,OLD HIGHWAY 395 O/C,2640,S,N,A,-,Y,NA,NA,15,NA,NA,NA,NA,NA,N,Y,3,0,1,3,A,-,03,22350,NA,N,C,C,A,A,H,-,A,D,0,NA,NA,NA,Y,Y,NA,A,01,0,1,0,0,0,0,0,0,0,-,-,33.27975845336914,-117.15178680419922,SAN DIEGO,UNINCORPORATED,-117.15177154541016,33.27975082397461
9148961,2020,2020-10-28,3711,2020-08-29,1800,SD4491,NA,6,5,7,3711,0,0,0,NA,0,121,W MISSION BAY,GLEASON RD,1584,E,N,A,-,N,NA,NA,NA,NA,NA,NA,NA,NA,NA,Y,4,0,1,5,A,-,03,22350,NA,M,C,C,A,A,G,-,A,-,0,NA,NA,NA,NA,Y,NA,A,01,0,0,1,0,0,0,0,0,0,-,-,NA,NA,SAN DIEGO,SAN DIEGO,-117.24298095703124,32.768394470214844
91489643,2021,2021-06-04,9645,2021-06-02,2304,021077,NA,3,3,7,3711,0,1,1,NA,2,030,I-15 S/B,CARMEL MOUNTAIN ROAD,2020,N,N,A,-,Y,NA,NA,15,NA,NA,NA,NA,NA,S,Y,4,0,1,1,A,-,01,23152,A,N,E,I,A,A,H,-,C,D,0,NA,NA,NA,NA,Y,Y,A,01,0,0,1,0,0,0,0,0,0,-,-,32.98395919799805,-117.08342742919922,SAN DIEGO,SAN DIEGO,-117.08360290527344,32.984031677246094
91490452,2021,2021-06-07,9650,2021-05-28,0154,019822,NA,5,3,9,3700,0,1,1,NA,2,021,OLD HIGHWAY 395,I-15 N/B TO OLD HIGWAY 395,12,N,N,A,-,Y,NA,NA,NA,NA,NA,NA,NA,NA,NA,Y,3,0,1,1,A,-,03,22350,NA,N,F,A,A,A,H,-,D,A,0,NA,NA,Y,NA,Y,Y,C,02,0,1,0,0,0,0,0,0,1,-,-,33.284061431884766,-117.1482162475586,SAN DIEGO,UNINCORPORATED,-117.16124725341795,33.410770416259766
91490526,2021,2021-06-07,9650,2021-05-29,0047,020343,NA,6,3,9,3700,0,3,5,NA,2,170,BUENA CREEK RD,VERONA HILLS CT,634,S,N,A,-,N,NA,NA,NA,NA,NA,NA,NA,NA,NA,Y,2,0,1,1,A,-,08,22107,NA,N,E,I,A,A,H,-,D,D,0,NA,NA,Y,NA,Y,NA,C,02,1,0,0,0,0,0,0,0,1,-,-,33.176300048828125,-117.20516967773438,SAN DIEGO,UNINCORPORATED,-117.20506286621094,33.176300048828125
91491250,2021,2021-06-07,9645,2021-05-21,0300,021768,NA,5,3,7,3711,0,1,1,NA,2,019,I-15 SOUTHBOUND,TED WILLIAMS PKWY O/C,2000,N,N,A,-,Y,NA,NA,15,NA,NA,NA,NA,NA,S,Y,4,0,1,2,A,-,01,23152,A,M,C,2,A,A,H,-,D,D,0,NA,NA,NA,NA,Y,Y,A,01,0,0,1,0,0,0,0,0,0,-,-,32.970130920410156,-117.0923309326172,SAN DIEGO,SAN DIEGO,-117.09219360351563,32.97004699707031
91492033,2021,2021-06-08,9650,2021-05-31,1530,021200,NA,1,2,9,3700,0,1,1,NA,2,005,I-5 NB,CARLSBAD VILLAGE DRIVE,100,S,N,B,-,Y,NA,NA,NA,NA,NA,NA,NA,NA,NA,Y,3,0,4,3,A,-,03,22350,NA,N,C,C,A,A,H,-,A,D,0,NA,NA,NA,Y,Y,NA,D,22,0,3,1,0,0,0,0,0,0,-,-,33.163368225097656,-117.3421630859375,SAN DIEGO,UNINCORPORATED,-117.3427963256836,33.164608001708984
91493428,2021,2021-06-09,9680,2021-05-28,1230,017011,NA,5,1,9,3700,0,1,3,NA,1,040,SR-94,OTAY TRUCK TRAIL,6864,E,N,A,-,Y,NA,NA,94,NA,NA,NA,NA,NA,NA,N,4,0,1,1,A,-,08,22107,NA,N,E,I,A,A,H,-,A,A,0,NA,NA,Y,NA,Y,NA,C,02,0,0,1,0,0,0,0,0,1,-,-,32.65317916870117,-116.7898406982422,SAN DIEGO,UNINCORPORATED,-116.7897720336914,32.653079986572266
9149392,2020,2020-10-20,3705,2020-08-30,1021,EC5357,NA,7,5,5,3705,0,0,0,NA,0,001,S MOLLISON,E WASHINGTON AV,346,S,N,A,-,N,NA,NA,NA,NA,NA,NA,NA,NA,NA,NA,4,0,1,2,A,-,09,21801,A,N,D,C,A,A,H,-,A,D,0,NA,NA,NA,NA,Y,NA,A,01,0,0,1,0,0,0,0,0,0,-,-,NA,NA,SAN DIEGO,EL CAJON,-116.95095825195313,32.78669357299805
91496625,2021,2021-06-14,9645,2021-06-12,1525,020952,NA,6,2,7,3711,0,1,1,NA,2,003,INTERSTATE 5 (NORTHBOUND),GRAPE STREET,528,S,N,A,-,Y,NA,NA,5,NA,NA,NA,NA,NA,NA,N,3,0,1,1,A,-,08,22107,NA,N,E,I,A,A,H,-,A,D,0,NA,NA,NA,NA,Y,NA,A,07,0,1,0,0,0,0,0,0,0,-,-,32.72446823120117,-117.16513824462892,SAN DIEGO,SAN DIEGO,-117.16510009765624,32.724510192871094
91496639,2021,2021-09-07,9645,2021-06-10,0718,017473,NA,4,1,7,3711,0,1,1,NA,2,003,I-5 S/B,BROADWAY,600,N,N,A,-,Y,NA,NA,5,NA,NA,NA,NA,NA,S,Y,3,0,2,2,A,-,03,22350,NA,N,C,C,A,A,H,-,A,D,0,NA,NA,NA,NA,Y,NA,A,07,0,2,0,0,0,0,0,0,0,-,-,32.71780014038086,-117.14778900146484,SAN DIEGO,SAN DIEGO,-117.14781951904295,32.71780014038086
9149705,2020,2020-09-04,3711,2020-08-24,1550,SD7073,NA,1,5,7,3711,0,0,0,NA,0,615,ROSECRANS ST,AVENIDA DE PORTUGAL,0,NA,Y,A,-,N,NA,NA,NA,NA,NA,NA,NA,NA,NA,N,4,0,1,2,A,-,09,21802,B,N,D,C,A,-,-,-,A,A,0,NA,NA,NA,NA,Y,NA,A,01,0,0,1,0,0,0,0,0,0,-,-,NA,NA,SAN DIEGO,SAN DIEGO,-117.2314682006836,32.72196960449219
91498488,2021,2021-06-16,9680,2021-06-04,1133,015877,NA,5,1,5,3705,0,1,1,NA,2,082,I-8 W/B,MOLLISON AVE.,1584,E,N,A,-,Y,NA,NA,8,NA,NA,NA,NA,NA,W,N,4,0,2,3,A,-,03,22350,NA,N,C,C,A,A,H,-,A,D,0,NA,NA,NA,NA,Y,NA,A,07,0,0,2,0,0,0,0,0,0,-,-,32.80316925048828,-116.94664764404295,SAN DIEGO,EL CAJON,-116.94664764404295,32.80315017700195
9149884,2020,2020-11-02,3710,2020-08-17,2040,OC1495,NA,1,5,6,3710,0,0,0,NA,0,022,RT 76,GUAJOME LAKE RD,57,E,N,A,-,Y,SD,11,76,-,R,7.19,H,-,W,Y,4,0,3,2,A,-,03,22350,NA,N,C,-,A,A,H,-,C,A,0,NA,NA,NA,NA,Y,NA,A,01,0,0,3,0,0,0,0,0,0,-,-,NA,NA,SAN DIEGO,OCEANSIDE,-117.27413177490234,33.24855041503906
91501521,2021,2021-06-21,9650,2021-06-18,1729,021154,NA,5,2,9,3700,0,1,1,NA,2,003,I-5 S/B,LAS PULGAS RD.,244,S,N,B,-,Y,NA,NA,5,NA,NA,NA,NA,NA,S,N,3,0,1,2,A,-,03,22350,NA,N,C,C,A,A,H,-,A,D,0,NA,NA,NA,NA,Y,NA,A,08,0,1,0,0,0,0,0,0,0,-,-,33.298221588134766,-117.46405029296876,SAN DIEGO,UNINCORPORATED,-117.46407318115234,33.298194885253906
91501722,2021,2021-06-21,9645,2021-06-19,1315,017671,NA,6,1,7,3711,0,1,1,NA,2,017,I-15 S/B,MERCY ROAD,2100,N,N,A,-,Y,NA,NA,15,NA,NA,NA,NA,NA,S,Y,3,0,1,3,A,-,08,22107,NA,F,B,C,A,A,H,-,A,D,0,NA,NA,NA,NA,Y,NA,-,99,0,1,0,0,0,0,0,0,0,-,-,32.942420959472656,-117.10991668701172,SAN DIEGO,SAN DIEGO,-117.1096420288086,32.94229507446289
91501971,2021,2021-06-21,9645,2021-06-16,1525,020992,NA,3,2,5,3709,0,1,1,NA,2,001,I-5 SOUTHBOUND,8TH STREET,300,N,N,A,-,Y,NA,NA,5,NA,NA,NA,NA,NA,S,N,4,0,1,2,A,-,03,22350,NA,N,C,C,A,A,H,-,A,D,0,NA,NA,NA,NA,Y,NA,A,01,0,0,1,0,0,0,0,0,0,-,-,32.67818832397461,-117.10968017578124,SAN DIEGO,NATIONAL CITY,-117.10961151123048,32.6782112121582
91502067,2021,2021-06-21,9645,2021-06-17,0725,014461,NA,4,1,7,3711,0,1,1,NA,2,019,I-15 NORTHBOUND,RANCHO BERNARDO RD.,451,S,N,B,-,Y,NA,NA,15,NA,NA,NA,NA,NA,N,Y,2,0,1,1,A,-,21,22106,NA,N,F,A,A,A,H,-,A,D,0,NA,NA,NA,NA,Y,NA,J,49,1,0,0,0,0,0,0,0,0,-,-,33.02064895629883,-117.07906341552734,SAN DIEGO,SAN DIEGO,-117.07880401611328,33.0206184387207
91504994,2021,2021-06-24,9650,2021-06-19,0315,021463,NA,6,3,9,3700,0,1,1,NA,2,001,I-5 NORTHBOUND,US BORDER PATROL SAN ONOFRE CHECKPOINT,4994,S,N,A,-,Y,NA,NA,5,NA,NA,NA,NA,NA,N,Y,3,0,3,2,A,-,03,22350,NA,N,C,C,A,A,H,-,C,D,0,NA,NA,NA,NA,Y,NA,A,01,0,1,2,0,0,0,0,0,0,-,-,33.343929290771484,-117.51297760009766,SAN DIEGO,UNINCORPORATED,-117.5129852294922,33.34392166137695
91506010,2021,2021-06-24,9680,2021-06-13,1651,022021,NA,7,2,9,3700,0,1,3,NA,2,016,SR-67 N/B,GREENFIELD DR,200,S,N,A,-,Y,NA,NA,67,NA,NA,NA,NA,NA,N,Y,3,0,1,2,A,-,03,22350,NA,N,C,C,A,A,H,-,A,D,0,NA,NA,NA,NA,Y,NA,A,01,0,1,0,0,0,0,0,0,0,-,-,32.81270980834961,-116.96172332763672,SAN DIEGO,UNINCORPORATED,-116.9616928100586,32.812705993652344
91513131,2021,2021-07-06,9650,2021-06-26,1825,021404,NA,6,2,9,3700,0,1,3,NA,2,019,SR-78 E/B,NORDAHL RD,528,W,N,A,-,Y,NA,NA,NA,NA,NA,NA,NA,NA,NA,N,4,0,1,2,A,-,03,22350,NA,N,C,C,A,A,H,-,A,D,0,NA,NA,NA,NA,Y,NA,A,07,0,0,1,0,0,0,0,0,0,-,-,33.13405990600586,-117.12619018554688,SAN DIEGO,UNINCORPORATED,-117.12172698974608,33.13216018676758
91513136,2021,2021-07-06,9650,2021-06-22,1030,015600,NA,2,1,9,3700,0,3,5,NA,2,190,GOPHER CYN RD.,E. VISTA WAY,280,E,N,A,-,Y,NA,NA,NA,NA,NA,NA,NA,NA,NA,N,4,0,1,2,A,-,05,21460,A,N,D,C,A,A,H,-,A,D,0,NA,NA,NA,NA,Y,NA,A,01,0,0,1,0,0,0,0,0,0,-,-,33.247589111328125,-117.22721099853516,SAN DIEGO,UNINCORPORATED,-117.22723388671876,33.2475471496582
91513545,2021,2021-07-06,9680,2021-05-16,2037,021994,NA,7,2,9,3700,0,3,5,NA,2,002,PARADISE VALLEY ROAD,SWEETWATER ROAD,528,W,N,A,-,N,NA,NA,NA,NA,NA,NA,NA,NA,NA,Y,2,0,4,4,A,-,03,22350,NA,F,C,C,A,A,H,-,C,A,0,NA,NA,NA,NA,Y,NA,-,99,1,0,3,0,0,0,0,0,0,-,-,32.7038688659668,-117.01151275634766,SAN DIEGO,UNINCORPORATED,-117.01130676269533,32.70402526855469
9151466,2020,2020-09-29,3711,2020-06-10,1934,SD7022,NA,3,5,7,3711,0,0,0,NA,0,712,BEYER BL,SMYTHE CROSSING,0,NA,Y,A,-,N,NA,NA,NA,NA,NA,NA,NA,NA,NA,N,4,0,1,2,A,-,09,21801,A,N,D,C,A,A,H,-,A,D,0,NA,NA,Y,NA,Y,NA,A,01,0,0,1,0,0,0,0,0,1,-,-,NA,NA,SAN DIEGO,SAN DIEGO,-117.0502471923828,32.559600830078125
9151475,2020,2020-10-19,3700,2020-06-20,1600,SH0113,NA,6,5,5,3713,0,0,0,NA,0,308,RAVINE RD,GRAPEVINE RD,627,W,N,A,-,N,NA,NA,NA,NA,NA,NA,NA,NA,NA,N,3,0,1,3,A,-,08,22107,NA,N,B,C,A,A,H,-,A,D,0,NA,NA,Y,NA,Y,Y,C,02,0,1,0,0,0,0,0,0,1,-,-,NA,NA,SAN DIEGO,VISTA,-117.27570343017578,33.200958251953125
91514880,2021,2021-07-07,9680,2021-06-26,1405,018672,NA,6,2,9,3700,0,3,5,NA,2,005,MESA GRANDE ROAD,ANGEL MOUNTAIN RD,0,NA,Y,A,-,N,NA,NA,NA,NA,NA,NA,NA,NA,NA,N,3,0,2,1,A,-,08,22107,NA,N,F,A,A,A,H,-,A,D,0,NA,NA,Y,NA,Y,Y,C,02,0,2,0,0,0,0,0,0,2,-,-,33.192138671875,-116.77999877929688,SAN DIEGO,UNINCORPORATED,-116.78002166748048,33.19219970703125
9151505,2020,2021-01-19,3711,2020-09-05,0325,SD8672,NA,6,5,7,3711,0,0,0,NA,0,611,ROSECRANS ST,ROSECRANS ST  3600,0,NA,Y,A,-,N,NA,NA,NA,NA,NA,NA,NA,NA,NA,N,4,0,1,2,A,-,08,22107,NA,M,B,C,A,A,H,-,C,D,0,NA,NA,NA,NA,Y,Y,-,NA,0,0,1,0,0,0,0,0,0,-,-,NA,NA,SAN DIEGO,SAN DIEGO,NA,NA
9151514,2020,2021-01-19,3711,2020-09-07,0637,SD7660,NA,1,5,7,3711,0,0,0,NA,0,521,PARK BL,B ST,0,NA,Y,B,-,N,NA,NA,NA,NA,NA,NA,NA,NA,NA,N,4,0,2,2,A,-,12,21453,A,N,D,C,A,A,H,-,A,A,0,NA,NA,NA,NA,Y,NA,A,08,0,0,2,0,0,0,0,0,0,-,-,NA,NA,SAN DIEGO,SAN DIEGO,-117.15382385253906,32.71781921386719
9151569,2020,2021-01-21,3711,2020-09-07,1125,SD7911,NA,1,5,7,3711,0,0,0,NA,0,627,4TH AV,LEWIS ST,0,NA,Y,A,-,N,NA,NA,NA,NA,NA,NA,NA,NA,NA,Y,4,0,1,1,A,-,01,23152,A,N,A,J,A,A,H,-,A,D,0,NA,NA,NA,NA,Y,Y,A,01,0,0,1,0,0,0,0,0,0,-,-,NA,NA,SAN DIEGO,SAN DIEGO,-117.16165924072266,32.75185012817383
91516083,2021,2021-07-08,9680,2021-06-27,1725,021994,NA,7,2,9,3700,0,1,3,NA,1,024,STATE ROUTE 94 (CAMPO ROAD),VIA MERCADO,400,E,N,A,-,Y,NA,NA,94,NA,NA,NA,NA,NA,NA,N,4,0,2,2,A,-,08,22107,NA,F,B,C,A,A,H,-,A,D,0,NA,NA,NA,NA,Y,NA,D,22,0,0,2,0,0,0,0,0,0,-,-,32.74491882324219,-116.95671081542967,SAN DIEGO,UNINCORPORATED,-116.95673370361328,32.7448844909668
9151618,2020,2020-09-29,3705,2020-07-02,1114,EC0219,NA,4,5,5,3705,0,0,0,NA,0,002,N 2ND ST,E MADISON AV,790,S,N,A,-,N,NA,NA,NA,NA,NA,NA,NA,NA,NA,NA,4,0,1,2,A,-,09,21801,A,N,H,A,A,A,H,-,A,D,0,NA,NA,Y,NA,Y,NA,A,01,0,0,1,0,0,0,0,0,1,-,-,NA,NA,SAN DIEGO,EL CAJON,-116.93575286865234,32.7979850769043
91517155,2021,2021-07-09,9680,2021-05-30,1743,021510,NA,7,2,9,3700,0,2,4,NA,1,011,HIGHWAY 8 BUSINESS,JACKSON RIDGE PKWY,430,W,N,A,-,N,NA,NA,NA,NA,NA,NA,NA,NA,NA,Y,4,0,1,2,A,-,08,22107,NA,N,E,I,A,A,H,-,A,D,0,NA,NA,NA,NA,Y,NA,A,01,0,0,1,0,0,0,0,0,0,-,-,32.826499938964844,-116.9110107421875,SAN DIEGO,UNINCORPORATED,-116.908439,32.829174
91517915,2021,2021-07-12,9680,2021-05-26,1725,017928,NA,3,2,9,3700,0,1,3,NA,1,090,SR-67,ROTANZI ST,275,S,N,A,-,Y,NA,NA,67,NA,NA,NA,NA,NA,NA,Y,4,0,1,2,A,-,09,21804,A,N,D,C,A,A,H,-,A,D,0,NA,NA,NA,NA,Y,NA,A,01,0,0,1,0,0,0,0,0,0,-,-,33.02799987792969,-116.88967895507813,SAN DIEGO,UNINCORPORATED,-116.88967895507813,33.02799987792969
91519769,2021,2021-07-14,9650,2021-07-02,1800,021200,NA,5,2,9,3700,0,3,5,NA,2,191,HARMONY GROVE RD,WILD WILLOW HOLLOW ROAD,1000,W,N,A,-,N,NA,NA,NA,NA,NA,NA,NA,NA,NA,N,2,0,1,1,A,-,08,22107,NA,N,E,I,A,A,H,-,A,D,0,NA,NA,NA,NA,Y,NA,D,22,1,0,0,0,0,0,0,0,0,-,-,33.08631896972656,-117.14745330810548,SAN DIEGO,UNINCORPORATED,-117.14680480957033,33.08671188354492
91519874,2021,2021-07-14,9650,2021-07-09,1814,021404,NA,5,2,5,3712,0,1,3,NA,2,019,SR-78 E/B,NORDAHL RD,528,W,N,A,-,Y,NA,NA,78,NA,NA,NA,NA,NA,E,Y,4,0,3,2,A,-,03,22350,NA,N,C,C,A,A,H,-,A,D,0,NA,NA,NA,NA,Y,Y,A,01,0,0,3,0,0,0,0,0,0,-,-,33.13397979736328,-117.12615966796876,SAN DIEGO,SAN MARCOS,-117.12613677978516,33.134037017822266
91519885,2021,2021-07-14,9680,2021-06-14,1645,020249,NA,1,2,9,3700,0,1,3,NA,1,091,3RD STREET,STATE ROUTE 78,0,NA,Y,A,-,Y,NA,NA,NA,NA,NA,NA,NA,NA,NA,Y,4,0,1,2,A,-,09,21802,A,N,A,C,A,A,H,-,A,A,0,NA,NA,NA,NA,Y,NA,A,01,0,0,1,0,0,0,0,0,0,-,-,33.048160552978516,-116.85781097412108,SAN DIEGO,UNINCORPORATED,-116.85784912109376,33.04819869995117
91523214,2021,2021-07-19,9645,2021-07-07,2315,019577,NA,3,3,6,3702,0,1,1,NA,2,001,I-5 S/B,J ST.,1056,N,N,B,-,Y,NA,NA,5,NA,NA,NA,NA,NA,S,Y,3,0,1,1,A,-,03,22350,NA,N,F,A,A,A,H,-,D,D,0,NA,NA,Y,NA,Y,Y,C,02,0,1,0,0,0,0,0,0,1,-,-,32.62519836425781,-117.09442901611328,SAN DIEGO,CHULA VISTA,-117.09442901611328,32.62520217895508
91526635,2021,2021-07-22,9650,2021-07-12,1645,021200,NA,1,2,6,3706,0,1,1,NA,2,023,I-15 N/B,VALLEY PKWY,500,S,N,A,-,Y,NA,NA,15,NA,NA,NA,NA,NA,N,Y,3,0,1,3,A,-,03,22350,NA,N,C,C,A,A,H,-,A,D,0,NA,NA,NA,NA,Y,NA,A,07,0,1,0,0,0,0,0,0,0,-,-,33.11170959472656,-117.09664916992188,SAN DIEGO,ESCONDIDO,-117.09664154052734,33.111717224121094
91528884,2021,2021-07-26,9645,2021-07-04,0035,021735,NA,7,3,7,3711,0,1,1,NA,2,027,I-5 N/B,8TH STREET,965,N,N,A,-,Y,NA,NA,NA,NA,NA,NA,NA,NA,NA,Y,3,0,1,1,A,-,08,22107,NA,M,E,I,A,A,H,-,C,D,0,NA,NA,NA,NA,Y,NA,A,01,0,1,0,0,0,0,0,0,0,-,-,NA,NA,SAN DIEGO,SAN DIEGO,-117.20452117919922,32.76222610473633
91529089,2021,2021-07-26,9680,2021-07-14,1920,019910,NA,3,2,9,3700,0,3,5,NA,2,003,TAVERN RD,I-8 E/B TO TAVERN RD,20,N,N,A,-,Y,NA,NA,NA,NA,NA,NA,NA,NA,NA,N,4,0,1,2,A,-,08,22107,NA,N,A,C,A,A,H,-,A,A,0,NA,NA,NA,NA,Y,NA,A,07,0,0,1,0,0,0,0,0,0,-,-,32.83921813964844,-116.77899932861328,SAN DIEGO,UNINCORPORATED,-116.77523040771484,32.83359909057617
91532163,2021,2021-07-29,9680,2021-07-19,1820,019555,NA,1,2,9,3700,0,1,3,NA,2,016,S/B SR-67 TO E. BRADLEY AVE,E. BRADLEY AVENUE,400,N,N,A,-,Y,NA,NA,67,NA,NA,NA,R,NA,NA,Y,4,0,1,2,A,-,01,23152,A,N,C,C,A,A,H,-,A,A,0,NA,NA,NA,NA,Y,Y,A,01,0,0,1,0,0,0,0,0,0,-,-,32.820350646972656,-116.96103668212892,SAN DIEGO,UNINCORPORATED,-116.96103668212892,32.820350646972656
91533385,2021,2021-07-30,9650,2021-06-23,1346,021933,NA,3,1,9,3700,0,3,5,NA,2,231,BEAR VALLEY PKY,LAS PALMAS AV,80,N,N,A,-,N,NA,NA,NA,NA,NA,NA,NA,NA,NA,Y,4,0,2,2,A,-,01,23152,A,F,C,C,A,A,H,-,A,A,0,NA,NA,NA,NA,Y,Y,D,23,0,0,2,0,0,0,0,0,0,-,-,33.085960388183594,-117.05741119384766,SAN DIEGO,UNINCORPORATED,-117.05745697021484,33.08636474609375
91533775,2021,2021-07-30,9645,2021-07-22,1437,020952,NA,4,2,7,3711,0,1,1,NA,2,001,INTERSTATE 5 (NORTHBOUND),PALOMAR ST,1056,N,N,A,-,Y,NA,NA,NA,NA,NA,NA,NA,NA,NA,Y,3,0,1,1,A,-,08,22107,NA,N,F,A,A,A,H,-,A,D,0,NA,NA,Y,NA,Y,NA,C,02,0,1,0,0,0,0,0,0,1,-,-,32.60791015625,-117.0903778076172,SAN DIEGO,SAN DIEGO,-117.09024047851563,32.60569763183594
91533811,2021,2021-07-30,9650,2021-07-25,2125,018840,NA,7,2,9,3700,0,3,5,NA,2,190,ROCK SPRINGS RD,PEBBLE SPRINGS LN,16,E,N,B,-,N,NA,NA,NA,NA,NA,NA,NA,NA,NA,Y,3,0,1,2,A,-,01,23152,A,N,C,E,A,A,H,-,D,D,0,NA,NA,NA,NA,Y,Y,A,07,0,1,0,0,0,0,0,0,0,-,-,33.139808654785156,-117.11106872558594,SAN DIEGO,UNINCORPORATED,-117.11102294921876,33.13977813720703
9153409,2020,2020-11-07,3711,2020-09-14,1627,SD4310,NA,1,5,7,3711,0,0,0,NA,0,529,5TH AV,KALMIA ST,6,N,N,A,-,N,NA,NA,NA,NA,NA,NA,NA,NA,NA,Y,4,0,1,2,A,-,09,21802,A,N,D,C,A,A,H,-,A,A,0,NA,NA,NA,NA,Y,NA,A,01,0,0,1,0,0,0,0,0,0,-,-,NA,NA,SAN DIEGO,SAN DIEGO,-117.16030120849608,32.7303466796875
9153467,2020,2020-10-20,3711,2020-08-30,1721,SD7784,NA,7,5,7,3711,0,0,0,NA,0,827,ALTADENA AV,ALTADENA AV 3700,0,NA,Y,A,-,N,NA,NA,NA,NA,NA,NA,NA,NA,NA,Y,4,0,1,4,A,-,08,22107,NA,N,B,E,A,A,H,-,A,D,0,NA,NA,NA,NA,Y,NA,A,01,0,0,1,0,0,0,0,0,0,-,-,NA,NA,SAN DIEGO,SAN DIEGO,-117.085868,32.746023
91535774,2021,2021-08-03,9650,2021-07-30,1305,019490,NA,5,1,5,3782,0,1,1,NA,2,007,I-5 N/B,SANTA FE DR,1584,S,N,A,-,Y,NA,NA,5,NA,NA,NA,NA,NA,N,N,4,0,1,3,A,-,03,22350,NA,N,C,C,A,A,D,-,A,D,0,NA,NA,NA,NA,Y,NA,D,22,0,0,1,0,0,0,0,0,0,-,-,33.032630920410156,-117.27883911132813,SAN DIEGO,ENCINITAS,-117.27886962890624,33.03261184692383
91536000,2021,2021-08-03,9680,2021-07-24,1120,014949,NA,6,1,9,3700,0,1,1,NA,2,086,I-8 W/B,CARRIZO GORGE RD,1584,W,N,A,-,Y,NA,NA,8,NA,NA,NA,NA,NA,W,Y,4,0,1,1,A,-,08,22107,NA,N,F,A,A,A,H,-,A,D,0,NA,NA,NA,NA,Y,NA,A,07,0,0,1,0,0,0,0,0,0,-,-,32.63972854614258,-116.17156982421876,SAN DIEGO,UNINCORPORATED,-116.17156982421876,32.63972854614258
91537183,2021,2021-08-06,9650,2021-07-28,2105,018840,NA,3,2,5,3782,0,1,1,NA,2,007,I-5 S/B TO LEUCADIA BLVD,LEUCADIA BLVD,30,N,N,B,-,Y,NA,NA,5,NA,NA,NA,R,NA,S,N,4,0,2,2,A,-,01,23152,A,N,C,C,A,A,D,-,A,A,0,NA,NA,NA,NA,Y,Y,A,07,0,0,2,0,0,0,0,0,0,-,-,33.06547164916992,-117.29296112060548,SAN DIEGO,ENCINITAS,-117.29296112060548,33.06547164916992
91537678,2021,2021-08-05,9680,2021-07-25,0240,019475,NA,7,3,9,3700,0,3,5,NA,2,002,CHASE AVE,MONUMENT HILL RD,460,W,N,A,-,N,NA,NA,NA,NA,NA,NA,NA,NA,NA,Y,3,0,1,2,A,-,01,23152,A,N,E,I,A,A,H,-,D,D,0,NA,NA,NA,NA,Y,Y,A,07,0,1,0,0,0,0,0,0,0,-,-,32.77043914794922,-116.93475341796876,SAN DIEGO,UNINCORPORATED,-116.93468475341795,32.77049255371094