CASE_ID,ACCIDENT_YEAR,PROC_DATE,JURIS,COLLISION_DATE,COLLISION_TIME,OFFICER_ID,REPORTING_DISTRICT,DAY_OF_WEEK,CHP_SHIFT,POPULATION,CNTY_CITY_LOC,SPECIAL_COND,BEAT_TYPE,CHP_BEAT_TYPE,CITY_DIVISION_LAPD,CHP_BEAT_CLASS,BEAT_NUMBER,PRIMARY_RD,SECONDARY_RD,DISTANCE,DIRECTION,INTERSECTION,WEATHER_1,WEATHER_2,STATE_HWY_IND,CALTRANS_COUNTY,CALTRANS_DISTRICT,STATE_ROUTE,ROUTE_SUFFIX,POSTMILE_PREFIX,POSTMILE,LOCATION_TYPE,RAMP_INTERSECTION,SIDE_OF_HWY,TOW_AWAY,COLLISION_SEVERITY,NUMBER_KILLED,NUMBER_INJURED,PARTY_COUNT,PRIMARY_COLL_FACTOR,PCF_CODE_OF_VIOL,PCF_VIOL_CATEGORY,PCF_VIOLATION,PCF_VIOL_SUBSECTION,HIT_AND_RUN,TYPE_OF_COLLISION,MVIW,PED_ACTION,ROAD_SURFACE,ROAD_COND_1,ROAD_COND_2,LIGHTING,CONTROL_DEVICE,CHP_ROAD_TYPE,PEDESTRIAN_ACCIDENT,BICYCLE_ACCIDENT,MOTORCYCLE_ACCIDENT,TRUCK_ACCIDENT,NOT_PRIVATE_PROPERTY,ALCOHOL_INVOLVED,STWD_VEHTYPE_AT_FAULT,CHP_VEHTYPE_AT_FAULT,COUNT_SEVERE_INJ,COUNT_VISIBLE_INJ,COUNT_COMPLAINT_PAIN,COUNT_PED_KILLED,COUNT_PED_INJURED,COUNT_BICYCLIST_KILLED,COUNT_BICYCLIST_INJURED,COUNT_MC_KILLED,COUNT_MC_INJURED,PRIMARY_RAMP,SECONDARY_RAMP,LATITUDE,LONGITUDE,COUNTY,CITY,POINT_X,POINT_Y
92247595,2023,2023-11-29,9645,2023-11-21,545,016156,NA,2,3,7,3711,0,1,3,NA,2,006,SR-94 W/B,KELTON ROAD O/C,100,W,N,A,-,Y,SD,NA,94,NA,NA,5.764,H,NA,L,Y,4,0,3,5,A,-,08,22107,NA,N,B,2,A,A,H,-,D,D,0,NA,NA,NA,NA,Y,NA,-,-,0,0,3,0,0,0,0,0,0,-,-,32.72352981567383,-117.07659912109376,SAN DIEGO,SAN DIEGO,-117.07659912109376,32.72352981567383
92248213,2023,2023-11-29,9680,2023-11-18,1640,023332,NA,6,2,9,3700,0,1,1,NA,2,082,I-8 W/B,BROADWAY,60,E,N,A,-,Y,SD,NA,8,NA,R,18.442,H,NA,L,N,4,0,1,2,A,-,03,22350,NA,N,C,C,A,A,H,-,A,D,0,NA,NA,NA,NA,Y,NA,A,01,0,0,1,0,0,0,0,0,0,-,-,32.807960510253906,-116.91969299316406,SAN DIEGO,UNINCORPORATED,-116.91969299316406,32.807960510253906
9224930,2021,2021-03-23,3710,2021-02-07,1643,OC0873,NA,7,5,6,3710,0,0,0,NA,0,009,SOUTH COAST HWY,MORSE ST,260,S,N,A,-,N,NA,NA,NA,NA,NA,NA,NA,NA,NA,Y,3,0,1,2,A,-,08,22102,NA,N,D,C,A,A,H,-,A,D,0,NA,NA,Y,NA,Y,NA,D,22,0,1,0,0,0,0,0,0,1,-,-,NA,NA,SAN DIEGO,OCEANSIDE,-117.36434173583984,33.177757263183594
92251900,2023,2023-12-04,9650,2023-11-18,1330,022884,NA,6,1,9,3700,0,1,1,NA,2,005,I-5 S/B,HARBOR DR,4236,N,N,A,-,Y,SD,NA,5,NA,R,55.234,H,NA,L,N,4,0,1,2,A,-,03,22350,NA,N,C,C,A,A,H,-,A,D,0,NA,NA,NA,NA,Y,NA,A,07,0,0,1,0,0,0,0,0,0,-,-,33.22209930419922,-117.39244079589844,SAN DIEGO,UNINCORPORATED,-117.39241027832033,33.22211456298828
92253434,2023,2023-12-06,9650,2023-11-27,1730,018496,NA,1,2,5,3713,0,1,3,NA,2,017,SR-78 E/B,EMERALD DR,4752,E,N,A,-,Y,SD,NA,78,NA,NA,5.306,H,NA,R,Y,4,0,2,2,A,-,03,22350,NA,N,C,C,A,A,H,-,C,D,0,NA,NA,NA,NA,Y,NA,A,07,0,0,2,0,0,0,0,0,0,-,-,33.1939582824707,-117.2653579711914,SAN DIEGO,VISTA,-117.26536560058594,33.1939811706543
9225510,2021,2021-03-09,3700,2021-01-28,1431,SH7085,NA,4,5,5,3713,0,0,0,NA,0,312,SOUTH MELROSE DR,COUNTY COMPLEX,0,NA,Y,A,-,N,NA,NA,NA,NA,NA,NA,NA,NA,NA,Y,3,0,1,2,A,-,12,21453,A,N,D,E,A,A,H,-,A,A,0,NA,NA,NA,NA,Y,NA,A,01,0,1,0,0,0,0,0,0,0,-,-,NA,NA,SAN DIEGO,VISTA,NA,NA
9225640,2021,2021-03-29,3711,2021-02-02,2242,SD7978,NA,2,5,7,3711,0,0,0,NA,0,114,CLAIREMONT MESA BL,LIMERICK AV,0,NA,N,A,-,N,NA,NA,NA,NA,NA,NA,NA,NA,NA,Y,3,0,1,1,A,-,01,23152,A,N,F,-,A,B,H,-,C,A,0,NA,NA,Y,NA,Y,Y,C,02,0,1,0,0,0,0,0,0,1,-,-,NA,NA,SAN DIEGO,SAN DIEGO,-117.1787567138672,32.83441162109375
92257150,2023,2023-12-08,9680,2023-10-11,1300,018322,NA,3,1,9,3700,0,1,3,NA,2,028,SR-125 S/B,LEMON AVE,528,S,N,A,-,Y,SD,NA,125,NA,NA,14.627,H,NA,L,N,4,0,1,2,A,-,03,22350,NA,N,C,C,A,A,H,-,A,D,0,NA,NA,NA,NA,Y,NA,A,01,0,0,1,0,0,0,0,0,0,-,-,32.76662826538086,-117.00238037109376,SAN DIEGO,UNINCORPORATED,-117.00234985351563,32.766632080078125
92257355,2023,2023-12-08,9650,2023-12-01,905,019979,NA,5,1,6,3706,0,1,1,NA,2,023,I-15 SOUTHBOUND,CITRACADO PKY,700,S,N,A,-,Y,SD,NA,15,NA,M,28.24,H,NA,L,N,4,0,1,2,A,-,03,22350,NA,N,C,C,A,A,H,-,A,D,0,NA,NA,NA,NA,Y,NA,A,01,0,0,1,0,0,0,0,0,0,-,-,33.08652877807617,-117.0765380859375,SAN DIEGO,ESCONDIDO,-117.07654571533205,33.08652877807617
92258131,2023,2023-12-11,9680,2023-11-21,1955,021764,NA,2,2,9,3700,0,3,5,NA,2,001,JULIAN AVE,LEMON CREST DR,0,NA,Y,A,-,N,NA,NA,NA,NA,NA,NA,NA,NA,NA,N,4,0,1,2,A,-,06,21750,A,N,D,C,A,A,H,-,A,D,0,NA,NA,NA,NA,Y,NA,A,01,0,0,1,0,0,0,0,0,0,-,-,32.855018615722656,-116.92160034179688,SAN DIEGO,UNINCORPORATED,-116.92160034179688,32.85502243041992
92258801,2023,2023-12-11,9650,2023-11-26,130,023426,NA,7,3,9,3700,0,3,5,NA,2,231,SAN PASQUAL RD,ZERMATT LN,239,E,N,A,-,N,NA,NA,NA,NA,NA,NA,NA,NA,NA,Y,3,0,1,1,A,-,01,23152,G,N,E,I,A,A,H,-,D,D,0,NA,NA,NA,NA,Y,Y,D,22,0,1,0,0,0,0,0,0,0,-,-,33.071678161621094,-117.04496002197266,SAN DIEGO,UNINCORPORATED,-117.0447998046875,33.071659088134766
92258837,2023,2023-12-11,9650,2023-12-01,1005,019652,NA,5,1,5,3713,0,1,3,NA,2,015,SR-78 W/B,EMERALD DR,800,W,N,A,-,Y,SD,NA,78,NA,NA,4.056,H,NA,L,Y,4,0,1,2,A,-,08,22107,NA,F,B,C,A,A,H,-,A,D,0,NA,NA,NA,NA,Y,NA,-,99,0,0,1,0,0,0,0,0,0,-,-,33.18558883666992,-117.28440856933594,SAN DIEGO,VISTA,-117.284423828125,33.18561553955078
92264592,2023,2023-12-18,9645,2023-12-09,200,022962,NA,6,3,7,3711,0,1,3,NA,2,016,STATE ROUTE 52,MAST BLVD,4000,W,N,A,-,Y,SD,NA,52,NA,NA,12.518,H,NA,R,Y,2,0,1,1,A,-,01,23152,A,N,E,I,A,A,H,-,D,D,0,NA,NA,NA,NA,Y,Y,A,01,1,0,0,0,0,0,0,0,0,-,-,32.85124969482422,-117.03678131103516,SAN DIEGO,SAN DIEGO,-117.03683471679688,32.85099411010742
92264764,2023,2023-12-18,9650,2023-12-08,1620,023524,NA,5,2,9,3700,0,3,5,NA,2,006,W. FALLBROOK STREET,S. WISCONSON STREET,0,NA,Y,A,-,N,NA,NA,NA,NA,NA,NA,NA,NA,NA,Y,4,0,1,2,A,-,09,21802,A,F,D,C,A,A,H,-,A,A,0,NA,NA,NA,NA,Y,NA,-,99,0,0,1,0,0,0,0,0,0,-,-,33.376670837402344,-117.25525665283205,SAN DIEGO,UNINCORPORATED,-117.25527954101563,33.376678466796875
92265119,2023,2023-12-18,9680,2023-12-06,126,023234,NA,3,3,9,3700,0,2,4,NA,1,025,SWEETWATER RD,BLOSSOM LN,15,N,N,A,-,N,NA,NA,NA,NA,NA,NA,NA,NA,NA,Y,4,0,1,1,A,-,08,22107,NA,N,E,I,A,A,H,-,C,A,0,NA,NA,NA,NA,Y,NA,D,22,0,0,1,0,0,0,0,0,0,-,-,32.72480010986328,-117.01425170898438,SAN DIEGO,UNINCORPORATED,-117.01409149169922,32.724952697753906
92267297,2023,2024-07-24,9650,2023-12-13,1805,022588,NA,3,2,9,3700,0,1,3,NA,2,065,SR-76 E/B,GIRD RD,480,W,N,A,-,Y,SD,NA,76,NA,R,14.389,H,NA,R,Y,4,0,1,2,A,-,03,22350,NA,N,C,C,A,A,H,-,D,D,0,NA,NA,NA,NA,Y,NA,A,01,0,0,1,0,0,0,0,0,0,-,-,33.313690185546875,-117.19670867919922,SAN DIEGO,UNINCORPORATED,-117.19672393798828,33.3137092590332
92267394,2023,2023-12-20,9645,2023-12-13,1534,020623,NA,3,2,7,3711,0,1,1,NA,2,007,I-805 S/B,CARMEL MOUNTAIN ROAD,3696,S,N,A,-,Y,SD,NA,5,NA,R,31.051,H,NA,L,N,4,0,1,2,A,-,03,22350,NA,N,C,C,A,A,H,-,A,D,0,NA,NA,NA,NA,Y,NA,A,01,0,0,1,0,0,0,0,0,0,-,-,32.90932846069336,-117.22737884521484,SAN DIEGO,SAN DIEGO,-117.22739410400392,32.909324645996094
92268441,2023,2023-12-21,9680,2023-12-09,1430,021764,NA,6,2,9,3700,0,1,3,NA,1,017,SR-67 N/B,VIGILANTE RD,2112,N,N,A,-,Y,SD,NA,67,NA,R,9.553,H,NA,R,N,4,0,2,2,A,-,07,21658,A,N,B,C,A,A,H,-,A,D,0,NA,NA,NA,NA,Y,NA,-,-,0,0,2,0,0,0,0,0,0,-,-,32.90890121459961,-116.94618225097656,SAN DIEGO,UNINCORPORATED,-116.94618225097656,32.908897399902344
92269412,2023,2023-12-22,9680,2023-12-12,2015,021429,NA,2,2,9,3700,0,3,5,NA,2,001,ASHWOOD STREET,WILLOW ROAD,1700,S,N,A,-,N,NA,NA,NA,NA,NA,NA,NA,NA,NA,Y,4,0,1,3,A,-,01,23152,A,N,A,2,A,A,H,-,D,D,0,NA,NA,NA,NA,Y,Y,A,07,0,0,1,0,0,0,0,0,0,-,-,32.87192153930664,-116.91385650634766,SAN DIEGO,UNINCORPORATED,-116.91374206542967,32.87199020385742
9227076,2021,2021-04-15,3711,2021-03-01,1206,SD1176,NA,1,5,7,3711,0,0,0,NA,0,232,CARMEL MOUNTAIN RD,RANCHO CARMEL DR,0,NA,Y,A,-,N,NA,NA,NA,NA,NA,NA,NA,NA,NA,N,4,0,2,4,A,-,03,22350,NA,M,C,C,A,A,H,-,A,A,0,NA,NA,NA,NA,Y,NA,-,NA,0,0,2,0,0,0,0,0,0,-,-,NA,NA,SAN DIEGO,SAN DIEGO,-117.08206939697266,32.97899627685547
92272031,2023,2023-12-27,9650,2023-12-16,2100,022403,NA,6,2,9,3700,0,3,5,NA,2,213,HORSE RANCH CREEK RD,ANDALUSIAN TRL,0,NA,Y,A,-,N,NA,NA,NA,NA,NA,NA,NA,NA,NA,Y,3,0,1,2,A,-,09,21801,B,N,B,C,A,A,H,-,C,A,0,NA,NA,NA,NA,Y,NA,A,07,0,1,0,0,0,0,0,0,0,-,-,33.34994125366211,-117.15444183349608,SAN DIEGO,UNINCORPORATED,-117.15448760986328,33.34994125366211
92274809,2023,2023-12-29,9680,2023-12-19,520,023298,NA,2,3,9,3700,0,1,3,NA,1,017,STATE ROUTE 67 (SR-67),WILLOW RD,26,S,N,A,-,Y,SD,NA,67,NA,R,6.217,H,NA,R,N,4,0,1,1,C,-,18,NA,NA,N,F,A,A,D,G,-,C,A,0,NA,NA,NA,NA,Y,NA,-,-,0,0,1,0,0,0,0,0,0,-,-,32.87334060668945,-116.92426300048828,SAN DIEGO,UNINCORPORATED,-116.92424774169922,32.87334060668945
92275147,2023,2023-12-29,9645,2023-12-11,1745,018678,NA,1,2,7,3711,0,1,3,NA,2,002,SR-905 (E/B),SIEMPRE VIVA ROAD O/C,50,E,N,A,-,Y,SD,NA,905,NA,R,11.379,H,NA,R,Y,3,0,1,1,A,-,08,22107,NA,N,F,C,A,A,H,-,C,D,0,NA,NA,Y,NA,Y,NA,C,02,0,1,0,0,0,0,0,0,1,-,-,32.55519104003906,-116.93991088867188,SAN DIEGO,SAN DIEGO,-116.93988037109376,32.55520248413086
92275252,2023,2023-12-29,9680,2023-12-19,1545,020682,NA,2,2,5,3708,0,1,1,NA,2,081,I-8 W/B,SEVERIN DRIVE,372,E,N,B,-,Y,SD,NA,8,NA,NA,12.728,H,NA,L,N,3,0,1,2,A,-,03,22350,NA,N,C,C,A,A,H,-,A,D,0,NA,NA,NA,NA,Y,NA,D,22,0,1,0,0,0,0,0,0,0,-,-,32.779449462890625,-116.995849609375,SAN DIEGO,LA MESA,-116.995849609375,32.77939987182617
92277824,2023,2024-01-03,9680,2023-12-21,1602,022030,NA,4,2,4,3720,0,1,3,NA,2,028,SR-125 N/B,SR-94 W/B,1584,S,N,B,C,Y,SD,NA,125,NA,NA,12.544,H,NA,R,Y,4,0,1,2,A,-,08,22107,NA,F,B,2,A,A,H,-,B,D,0,NA,NA,NA,NA,Y,NA,A,07,0,0,1,0,0,0,0,0,0,-,-,32.74229049682617,-117.01648712158205,SAN DIEGO,LEMON GROVE,-117.01652526855467,32.74227523803711
92278095,2023,2024-01-03,9650,2023-12-30,1030,017328,NA,6,1,9,3700,0,1,1,NA,2,022,I-15 S/B,DULIN RD.,100,N,N,B,C,Y,SD,NA,15,NA,R,45.975,H,NA,L,N,3,0,2,1,A,-,03,22350,NA,N,E,I,A,B,H,-,A,D,0,NA,NA,NA,NA,Y,NA,A,07,0,1,1,0,0,0,0,0,0,-,-,33.32378005981445,-117.1584930419922,SAN DIEGO,UNINCORPORATED,-117.158447265625,33.32379150390625
92278117,2023,2024-01-03,9650,2023-12-23,1250,017328,NA,6,1,9,3700,0,3,5,NA,2,006,DE LUZ RD.,DAILY RD.,5808,N,N,B,-,N,NA,NA,NA,NA,NA,NA,NA,NA,NA,Y,3,0,1,1,A,-,03,22350,NA,N,E,I,A,A,H,-,A,D,0,NA,NA,NA,NA,Y,NA,D,22,0,1,0,0,0,0,0,0,0,-,-,33.41775894165039,-117.32032012939452,SAN DIEGO,UNINCORPORATED,-117.29878997802734,33.409603118896484
92278317,2023,2024-01-03,9650,2023-12-26,342,021844,NA,2,3,6,3710,0,1,1,NA,2,005,I-5 N/B,NEPTUNE WAY,55,N,N,A,-,Y,SD,NA,5,NA,R,53.765,H,NA,R,Y,4,0,1,2,A,-,07,21658,A,N,B,C,A,A,H,-,C,D,0,NA,NA,NA,NA,Y,NA,A,01,0,0,1,0,0,0,0,0,0,-,-,33.203468322753906,-117.38072967529295,SAN DIEGO,OCEANSIDE,-117.38076019287108,33.20342254638672
92281579,2024,2024-01-08,9650,2024-01-03,1643,017328,NA,3,2,9,3700,0,3,5,NA,2,006,AMMUNITION RD.,S. MISSION RD.,510,W,N,A,-,N,NA,NA,NA,NA,NA,NA,NA,NA,NA,Y,4,0,1,2,A,-,09,21804,A,N,D,C,A,A,H,-,A,D,0,NA,NA,NA,Y,Y,NA,A,01,0,0,1,0,0,0,0,0,0,-,-,33.37118911743164,-117.25418853759766,SAN DIEGO,UNINCORPORATED,-117.25396728515624,33.37114715576172
92281691,2023,2024-01-08,9650,2023-12-29,1802,022588,NA,5,2,5,3713,0,1,3,NA,2,017,SR-78 EB FROM CIVIC CENTER DR,CIVIC CENTER DR,172,W,N,A,-,Y,SD,NA,78,NA,NA,6.903,H,NA,R,N,4,0,1,2,A,-,03,22350,NA,N,C,C,A,A,H,-,C,A,0,NA,NA,NA,NA,Y,NA,D,22,0,0,1,0,0,0,0,0,0,-,-,33.18925857543945,-117.24018096923828,SAN DIEGO,VISTA,-117.24006652832033,33.18939971923828
92283101,2023,2024-05-14,9650,2023-12-03,1140,015446,NA,7,1,9,3700,0,3,5,NA,2,006,RIVERVIEW DRIVE,EAST MISSION ROAD,8,N,N,A,-,N,NA,NA,NA,NA,NA,NA,NA,NA,NA,N,4,0,1,2,A,-,08,22107,NA,F,D,C,A,A,H,-,A,A,0,NA,NA,NA,NA,Y,NA,A,01,0,0,1,0,0,0,0,0,0,-,-,33.39168930053711,-117.2123565673828,SAN DIEGO,UNINCORPORATED,-117.21229553222656,33.391597747802734
92283686,2024,2024-01-10,9650,2024-01-08,1230,018496,NA,1,1,9,3700,0,3,5,NA,2,170,BUENA CREEK RD,CASSOU RD,0,NA,Y,A,-,N,NA,NA,NA,NA,NA,NA,NA,NA,NA,Y,4,0,1,2,A,-,09,21801,A,N,A,C,A,A,H,-,A,D,0,NA,NA,NA,Y,Y,NA,G,25,0,0,1,0,0,0,0,0,0,-,-,33.18288040161133,-117.17269134521484,SAN DIEGO,UNINCORPORATED,-117.1726531982422,33.182899475097656
92283856,2023,2024-01-10,9680,2023-12-30,1927,022030,NA,6,2,9,3700,0,1,3,NA,1,040,SR-94 E/B,JAMACHA BLVD,86,W,N,B,-,Y,SD,NA,94,NA,NA,14.298,H,NA,R,N,4,0,1,2,A,-,03,22350,NA,N,C,C,A,A,H,-,C,D,0,NA,NA,NA,NA,Y,NA,A,01,0,0,1,0,0,0,0,0,0,-,-,32.740108489990234,-116.95213317871094,SAN DIEGO,UNINCORPORATED,-116.95213317871094,32.740108489990234
92284067,2023,2024-01-10,9645,2023-12-29,940,015270,NA,5,1,7,3711,0,1,1,NA,2,019,I-15 NORTHBOUND,DUENDA ROAD,1056,N,N,B,-,Y,SD,NA,15,NA,M,24.598,H,NA,R,Y,4,0,1,3,A,-,08,22107,NA,N,B,C,A,A,H,-,A,D,0,NA,NA,NA,Y,Y,NA,A,01,0,0,1,0,0,0,0,0,0,-,-,33.03583908081055,-117.07646942138672,SAN DIEGO,SAN DIEGO,-117.0764389038086,33.035831451416016
9228434,2020,2021-02-20,3700,2020-12-08,1011,SH3098,NA,2,5,5,3782,0,0,0,NA,0,210,RT 101,EUROPA ST,517,N,N,A,-,N,NA,NA,NA,NA,NA,NA,NA,NA,NA,Y,3,0,1,2,A,-,09,21804,A,N,D,C,A,A,H,-,A,D,0,NA,NA,NA,NA,Y,NA,A,01,0,1,0,0,0,0,0,0,0,-,-,NA,NA,SAN DIEGO,ENCINITAS,-117.30234527587892,33.06444549560547
92286103,2024,2024-02-13,9645,2024-01-08,835,016138,NA,1,1,7,3711,0,1,3,NA,2,022,SR-56 WESTBOUND,TORREY MEADOWS DRIVE,880,W,N,A,-,Y,SD,NA,56,NA,NA,5.431,H,NA,L,Y,3,0,1,3,A,-,03,22350,NA,N,C,C,A,A,H,-,A,D,0,NA,NA,NA,NA,Y,NA,A,01,0,1,0,0,0,0,0,0,0,-,-,32.96403884887695,-117.16269683837892,SAN DIEGO,SAN DIEGO,-117.16266632080078,32.96409225463867
92287761,2024,2024-01-16,9680,2024-01-04,641,014949,NA,4,1,9,3700,0,1,1,NA,2,086,I-8 W/B,CANEBRAKE ROAD,200,W,N,A,-,Y,SD,NA,8,NA,R,63.264,H,NA,L,Y,4,0,1,2,A,-,03,22350,NA,N,F,A,A,C,H,-,A,A,0,NA,NA,NA,Y,Y,NA,D,22,0,0,1,0,0,0,0,0,0,-,-,32.700950622558594,-116.32621002197266,SAN DIEGO,UNINCORPORATED,-116.3262176513672,32.700904846191406
92287881,2024,2024-01-16,9650,2024-01-16,525,019426,NA,2,3,9,3700,0,1,3,NA,1,028,PALA TEMECULA RD,ARUBA RD,5280,S,N,A,-,N,NA,NA,NA,NA,NA,NA,NA,NA,NA,Y,3,0,1,2,A,-,03,22350,NA,N,A,C,A,A,H,-,D,D,0,NA,NA,NA,NA,Y,NA,A,08,0,1,0,0,0,0,0,0,0,-,-,33.391361236572266,-117.08434295654295,SAN DIEGO,UNINCORPORATED,NA,NA
92287989,2023,2024-01-16,9645,2023-12-26,2150,022948,NA,2,2,7,3711,0,3,5,NA,2,018,BONITA ROAD W/B,CENTRAL AVENUE,1500,E,N,A,-,Y,NA,NA,NA,NA,NA,NA,NA,NA,NA,Y,3,0,2,2,A,-,01,23152,A,N,A,C,A,A,H,-,C,D,0,NA,NA,NA,NA,Y,Y,-,-,0,1,1,0,0,0,0,0,0,-,-,32.669761657714844,-117.0226821899414,SAN DIEGO,SAN DIEGO,-117.02294158935548,32.668731689453125
92288430,2024,2024-01-16,9680,2024-01-04,1810,021828,NA,4,2,9,3700,0,3,5,NA,2,001,OAK CREEK DRIVE,FREDCURT LANE,0,NA,Y,A,-,N,NA,NA,NA,NA,NA,NA,NA,NA,NA,N,4,0,1,2,A,-,09,21804,A,N,D,C,A,A,H,-,D,D,0,NA,NA,NA,NA,Y,NA,A,07,0,0,1,0,0,0,0,0,0,-,-,32.875858306884766,-116.95275115966795,SAN DIEGO,UNINCORPORATED,-116.95271301269533,32.875911712646484
92288958,2023,2024-01-17,9650,2023-12-01,445,021876,NA,5,3,9,3700,0,3,5,NA,2,006,WINTER HAVEN RD,HARVEST VISTA LN,0,NA,Y,A,-,N,NA,NA,NA,NA,NA,NA,NA,NA,NA,Y,4,0,1,2,A,-,09,21801,A,N,D,C,A,A,H,-,C,D,0,NA,NA,NA,NA,Y,NA,A,01,0,0,1,0,0,0,0,0,0,-,-,33.34751892089844,-117.23445129394533,SAN DIEGO,UNINCORPORATED,-117.23441314697266,33.34749221801758
92289472,2024,2024-01-17,9680,2024-01-05,1835,023218,NA,5,2,9,3700,0,1,1,NA,2,081,I-8 WB,SEVERIN DRIVE,2323,E,N,A,-,Y,SD,NA,8,NA,NA,13.098,H,NA,L,Y,4,0,2,3,A,-,03,22350,NA,M,C,C,A,A,H,-,D,D,0,NA,NA,NA,NA,Y,Y,A,07,0,0,2,0,0,0,0,0,0,-,-,32.779178619384766,-116.98953247070313,SAN DIEGO,UNINCORPORATED,-116.98953247070313,32.77919006347656
92290801,2024,2024-01-18,9680,2024-01-08,655,019555,NA,1,1,9,3700,0,3,5,NA,2,001,WOODSIDE AVENUE,WINTER GARDENS BOULEVARD,0,NA,Y,A,-,N,NA,NA,NA,NA,NA,NA,NA,NA,NA,N,4,0,1,2,A,-,10,21950,A,N,G,B,B,A,H,-,A,A,0,Y,NA,NA,NA,Y,NA,D,22,0,0,1,0,1,0,0,0,0,-,-,32.85593032836914,-116.93123626708984,SAN DIEGO,UNINCORPORATED,-116.93114471435548,32.856056213378906
92291009,2023,2024-01-18,9645,2023-07-26,1150,017723,NA,3,1,7,3711,0,1,1,NA,2,009,INTERSTATE I-805 SOUTHBOUND,CAMINO DE LA PLAZA,911,N,N,A,-,Y,SD,NA,5,NA,R,0.494,H,NA,L,Y,1,1,1,2,A,-,01,23152,A,N,A,2,A,A,H,-,A,A,0,NA,NA,NA,NA,Y,Y,A,01,1,0,0,0,0,0,0,0,0,-,-,32.54589080810547,-117.03531646728516,SAN DIEGO,SAN DIEGO,-117.03520965576172,32.5460090637207
9229156,2021,2021-03-08,3705,2021-01-22,0923,EC0219,NA,5,5,5,3705,0,0,0,NA,0,002,N MOLLISON AV,E MADISON AV,0,NA,Y,B,-,N,NA,NA,NA,NA,NA,NA,NA,NA,NA,N,3,0,1,2,A,-,10,21950,A,N,G,B,B,B,H,-,A,A,0,Y,NA,NA,NA,Y,NA,A,08,0,1,0,0,1,0,0,0,0,-,-,NA,NA,SAN DIEGO,EL CAJON,-116.95096588134766,32.800148010253906
92291906,2024,2024-01-19,9680,2024-01-09,745,014949,NA,2,1,9,3700,0,1,3,NA,1,040,SR-94,EMERY ROAD,2640,E,N,A,-,Y,SD,NA,94,NA,NA,40.152,H,NA,R,Y,4,0,1,2,A,-,03,22350,NA,N,D,C,A,A,H,-,A,D,0,NA,NA,NA,NA,Y,NA,A,01,0,0,1,0,0,0,0,0,0,-,-,32.60636901855469,-116.63233184814452,SAN DIEGO,UNINCORPORATED,-116.63235473632813,32.60639953613281
92293263,2024,2024-01-22,9645,2024-01-11,1839,021651,NA,4,2,7,3711,0,1,1,NA,2,007,I-5 S/B,NOBEL DR. O/C,500,N,N,A,-,Y,SD,NA,5,NA,R,28.285,H,NA,L,N,4,0,1,3,A,-,08,22107,NA,M,B,C,A,A,H,-,C,D,0,NA,NA,NA,NA,Y,NA,-,99,0,0,1,0,0,0,0,0,0,-,-,32.87002182006836,-117.22956085205078,SAN DIEGO,SAN DIEGO,-117.22955322265624,32.870018005371094
92294858,2024,2024-01-23,9650,2024-01-17,1750,020343,NA,3,2,9,3700,0,1,3,NA,2,019,SR-78 WB,N RANCHO SANTA FE RD,1478,W,N,A,-,Y,SD,NA,78,NA,NA,10.307,H,NA,L,N,4,0,1,2,A,-,03,22350,NA,N,C,C,A,A,H,-,C,D,0,NA,NA,NA,NA,Y,NA,A,07,0,0,1,0,0,0,0,0,0,-,-,33.153358459472656,-117.20185089111328,SAN DIEGO,UNINCORPORATED,-117.20188903808594,33.15332794189453
92295742,2024,2024-01-24,9650,2024-01-17,740,018496,NA,3,1,6,3706,0,1,1,NA,2,023,I-15 S/B,VIA RANCHO PKY,550,N,N,A,-,Y,SD,NA,15,NA,M,27.106,H,NA,L,Y,3,0,1,4,A,-,03,22350,NA,N,C,C,A,A,H,-,A,D,0,NA,NA,NA,NA,Y,NA,D,22,0,1,0,0,0,0,0,0,0,-,-,33.07122039794922,-117.0698471069336,SAN DIEGO,ESCONDIDO,-117.06983947753906,33.07122039794922
92297320,2024,2024-01-25,9645,2024-01-18,810,015676,NA,4,1,7,3711,0,1,1,NA,2,010,I-8 WB TO ROSECRANS STREET,I-5,500,E,N,A,-,Y,SD,NA,8,NA,R,0.302,H,NA,L,N,4,0,1,2,D,-,00,NA,NA,N,C,C,A,A,A,-,A,D,0,NA,NA,NA,NA,Y,NA,-,-,0,0,1,0,0,0,0,0,0,-,-,32.7601203918457,-117.19922637939452,SAN DIEGO,SAN DIEGO,-117.19921875,32.76005554199219