CASE_ID,ACCIDENT_YEAR,PROC_DATE,JURIS,COLLISION_DATE,COLLISION_TIME,OFFICER_ID,REPORTING_DISTRICT,DAY_OF_WEEK,CHP_SHIFT,POPULATION,CNTY_CITY_LOC,SPECIAL_COND,BEAT_TYPE,CHP_BEAT_TYPE,CITY_DIVISION_LAPD,CHP_BEAT_CLASS,BEAT_NUMBER,PRIMARY_RD,SECONDARY_RD,DISTANCE,DIRECTION,INTERSECTION,WEATHER_1,WEATHER_2,STATE_HWY_IND,CALTRANS_COUNTY,CALTRANS_DISTRICT,STATE_ROUTE,ROUTE_SUFFIX,POSTMILE_PREFIX,POSTMILE,LOCATION_TYPE,RAMP_INTERSECTION,SIDE_OF_HWY,TOW_AWAY,COLLISION_SEVERITY,NUMBER_KILLED,NUMBER_INJURED,PARTY_COUNT,PRIMARY_COLL_FACTOR,PCF_CODE_OF_VIOL,PCF_VIOL_CATEGORY,PCF_VIOLATION,PCF_VIOL_SUBSECTION,HIT_AND_RUN,TYPE_OF_COLLISION,MVIW,PED_ACTION,ROAD_SURFACE,ROAD_COND_1,ROAD_COND_2,LIGHTING,CONTROL_DEVICE,CHP_ROAD_TYPE,PEDESTRIAN_ACCIDENT,BICYCLE_ACCIDENT,MOTORCYCLE_ACCIDENT,TRUCK_ACCIDENT,NOT_PRIVATE_PROPERTY,ALCOHOL_INVOLVED,STWD_VEHTYPE_AT_FAULT,CHP_VEHTYPE_AT_FAULT,COUNT_SEVERE_INJ,COUNT_VISIBLE_INJ,COUNT_COMPLAINT_PAIN,COUNT_PED_KILLED,COUNT_PED_INJURED,COUNT_BICYCLIST_KILLED,COUNT_BICYCLIST_INJURED,COUNT_MC_KILLED,COUNT_MC_INJURED,PRIMARY_RAMP,SECONDARY_RAMP,LATITUDE,LONGITUDE,COUNTY,CITY,POINT_X,POINT_Y
9316732,2021,2021-10-11,3711,2021-08-17,1445,SD6969,NA,2,5,7,3711,0,0,0,NA,0,232,PASEO LUCIDO,CAMINO DEL NORTE,0,NA,Y,A,-,N,NA,NA,NA,NA,NA,NA,NA,NA,NA,N,3,0,1,2,A,-,08,22100,A,M,G,B,A,A,H,-,A,A,0,NA,Y,NA,NA,Y,NA,A,01,0,1,0,0,0,0,1,0,0,-,-,NA,NA,SAN DIEGO,SAN DIEGO,-117.07209777832033,32.99095916748047
9316736,2021,2021-10-11,3711,2021-08-16,1249,SD7670,NA,1,5,7,3711,0,0,0,NA,0,821,63RD ST,EL CAJON BL,0,NA,Y,A,-,N,NA,NA,NA,NA,NA,NA,NA,NA,NA,N,4,0,1,2,A,-,10,21950,A,N,D,B,B,A,-,-,A,A,0,Y,NA,NA,NA,Y,NA,-,NA,0,0,1,0,1,0,0,0,0,-,-,NA,NA,SAN DIEGO,SAN DIEGO,-117.06308746337892,32.763671875
9317062,2021,2021-08-30,3711,2021-05-13,1630,SD7699,NA,4,5,7,3711,0,0,0,NA,0,723,BEYER WY,VIA TONGA,35,N,N,A,-,N,NA,NA,NA,NA,NA,NA,NA,NA,NA,N,4,0,1,2,A,-,11,21954,A,M,B,B,E,A,H,-,A,D,0,Y,NA,NA,NA,Y,NA,N,60,0,0,1,0,1,0,0,0,0,-,-,NA,NA,SAN DIEGO,SAN DIEGO,-117.06330108642578,32.57965850830078
9317334,2021,2021-09-17,3711,2021-08-23,0020,SD8404,NA,1,5,7,3711,0,0,0,NA,0,813,MADISON AV,MADISON AV 2432,0,NA,N,B,-,N,NA,NA,NA,NA,NA,NA,NA,NA,NA,N,3,0,1,2,A,-,08,22107,NA,N,C,E,A,A,H,-,C,D,0,NA,NA,NA,NA,Y,Y,A,01,0,1,0,0,0,0,0,0,0,-,-,NA,NA,SAN DIEGO,SAN DIEGO,-116.96237182617188,32.80086898803711
9319269,2021,2021-10-04,3711,2021-08-16,2215,SD401,NA,1,5,7,3711,0,0,0,NA,0,833,WABASH AV,UNIVERSITY AV,0,NA,Y,A,-,N,NA,NA,NA,NA,NA,NA,NA,NA,NA,N,4,0,1,2,A,-,12,21453,A,N,D,C,A,A,H,-,C,A,0,NA,NA,NA,NA,Y,NA,A,01,0,0,1,0,0,0,0,0,0,-,-,NA,NA,SAN DIEGO,SAN DIEGO,-117.12079620361328,32.74919891357422
9320040,2021,2023-06-20,3711,2021-08-21,2215,SD6146,NA,6,5,7,3711,0,0,0,NA,0,311,AERO DR,MURPHY CANYON RD,94,W,N,A,-,N,NA,NA,NA,NA,NA,NA,NA,NA,NA,Y,1,1,0,2,A,-,11,21456,C,N,G,B,B,A,H,-,C,B,0,Y,NA,NA,NA,Y,NA,N,60,0,0,0,1,0,0,0,0,0,-,-,NA,NA,SAN DIEGO,SAN DIEGO,-117.11691284179688,32.809471130371094
9320375,2021,2023-06-20,3711,2021-12-04,0356,SD7185,NA,6,5,7,3711,0,0,0,NA,0,612,LYTON ST,ROSECRANS ST,0,NA,Y,A,-,N,NA,NA,NA,NA,NA,NA,NA,NA,NA,Y,1,1,1,2,A,-,12,21453,A,N,D,C,A,A,H,-,C,A,0,NA,NA,NA,NA,Y,Y,A,01,0,1,0,0,0,0,0,0,0,-,-,NA,NA,SAN DIEGO,SAN DIEGO,-117.2126007080078,32.74432373046875
9320439,2022,2022-03-17,3711,2022-01-02,1900,SD7322,NA,7,5,7,3711,0,0,0,NA,0,511,LOGAN AV,SAMPSON ST,15,E,N,A,-,N,NA,NA,NA,NA,NA,NA,NA,NA,NA,N,1,1,0,2,A,-,10,21950,A,F,G,B,B,A,H,-,C,A,0,Y,NA,NA,NA,Y,NA,A,01,0,0,0,1,0,0,0,0,0,-,-,NA,NA,SAN DIEGO,SAN DIEGO,-117.13928985595705,32.69800567626953
9321331,2022,2022-07-27,3710,2022-06-12,0744,OC1515,NA,7,5,6,3710,0,0,0,NA,0,014,RT 76,BENET RD,0,NA,Y,A,-,Y,SD,11,76,-,R,1.75,H,-,E,Y,4,0,4,3,A,-,03,22350,NA,N,C,C,A,A,H,-,A,A,0,NA,NA,NA,NA,Y,NA,A,01,0,0,4,0,0,0,0,0,0,-,-,NA,NA,SAN DIEGO,OCEANSIDE,-117.35758972167967,33.21464538574219
9322197,2021,2021-09-16,3710,2021-08-26,1748,OC1435,NA,4,5,6,3710,0,0,0,NA,0,010,RT 76,CANYON DR,0,NA,Y,A,-,Y,SD,11,76,-,R,1.156,I,5,E,Y,3,0,1,2,A,-,03,22350,NA,N,C,C,A,A,H,-,A,A,0,NA,NA,NA,NA,Y,NA,A,01,0,1,0,0,0,0,0,0,0,-,-,NA,NA,SAN DIEGO,OCEANSIDE,-117.36746215820313,33.212379455566406
9323526,2021,2021-10-06,3709,2021-08-28,1757,NC0535,NA,6,5,5,3709,0,0,0,NA,0,023,EAST 30TH ST,E 30TH ST 1100,0,NA,Y,A,-,N,NA,NA,NA,NA,NA,NA,NA,NA,NA,Y,4,0,1,2,A,-,12,21453,A,N,D,C,A,A,H,-,A,A,0,NA,NA,NA,NA,Y,NA,A,01,0,0,1,0,0,0,0,0,0,-,-,32.660301208496094,-117.08721160888672,SAN DIEGO,NATIONAL CITY,-117.0995864868164,32.6570930480957
9323659,2021,2021-09-25,3711,2021-08-25,1401,SD7152,NA,3,5,7,3711,0,0,0,NA,0,935,DEL MAR HEIGHTS RD,CARMEL VALLEY RD,0,NA,Y,A,-,N,NA,NA,NA,NA,NA,NA,NA,NA,NA,N,4,0,1,2,A,-,04,21703,NA,N,C,C,A,A,G,-,A,A,0,NA,NA,NA,NA,Y,NA,A,01,0,0,1,0,0,0,0,0,0,-,-,NA,NA,SAN DIEGO,SAN DIEGO,-117.19210815429688,32.96070098876953
9323666,2021,2021-09-14,3711,2021-07-16,1816,SD1520,NA,5,5,7,3711,0,0,0,NA,0,327,COLLEGE AV,ALVARADO RD,0,NA,Y,-,-,N,NA,NA,NA,NA,NA,NA,NA,NA,NA,Y,4,0,1,2,A,-,12,21453,A,N,D,D,A,A,H,-,A,A,0,NA,NA,NA,NA,Y,NA,A,01,0,0,1,0,0,0,0,0,0,-,-,NA,NA,SAN DIEGO,SAN DIEGO,-117.0678482055664,32.77677536010742
9324210,2021,2021-09-27,3711,2021-08-20,1346,1118,NA,5,5,7,3711,0,0,0,NA,0,002,MEDICAL CENTER DR,GILMAN BRIDGE,17,N,N,A,-,N,NA,NA,NA,NA,NA,NA,NA,NA,NA,N,3,0,1,2,A,-,12,21453,A,N,D,C,A,A,H,-,A,A,0,NA,NA,NA,NA,Y,NA,A,01,0,1,0,0,0,0,0,0,0,-,-,NA,NA,SAN DIEGO,SAN DIEGO,-117.22797393798828,32.87588119506836
9324213,2021,2021-09-27,3711,2021-08-30,0247,6920,NA,1,5,7,3711,0,0,0,NA,0,313,ENGINEER RD,MERCURY ST,0,NA,-,A,-,N,NA,NA,NA,NA,NA,NA,NA,NA,NA,N,3,0,1,2,A,-,08,22107,NA,N,C,C,A,A,H,-,C,D,0,NA,NA,NA,NA,Y,NA,A,01,0,1,0,0,0,0,0,0,0,-,-,NA,NA,SAN DIEGO,SAN DIEGO,-117.14887237548828,32.82478332519531
9324219,2021,2021-09-28,3711,2021-08-11,2326,1239,NA,3,5,7,3711,0,0,0,NA,0,521,J ST,PARK BL,0,NA,Y,A,-,N,NA,NA,NA,NA,NA,NA,NA,NA,NA,N,3,0,1,1,A,-,08,22107,NA,N,A,I,A,A,H,-,C,-,0,NA,NA,Y,NA,Y,Y,C,03,0,1,0,0,0,0,0,0,1,-,-,NA,NA,SAN DIEGO,SAN DIEGO,-117.15373992919922,32.70941162109375
9324226,2021,2021-10-08,3711,2021-08-27,1520,SD7974,NA,5,5,7,3711,0,0,0,NA,0,611,CAMINO DEL RIO W,CAMINO DEL RIO WEST 3700,0,NA,N,A,-,N,NA,NA,NA,NA,NA,NA,NA,NA,NA,N,4,0,1,2,B,-,22,NA,NA,M,C,C,A,A,H,-,A,A,0,NA,NA,NA,NA,Y,NA,A,01,0,0,1,0,0,0,0,0,0,-,-,NA,NA,SAN DIEGO,SAN DIEGO,-117.2048110961914,32.75529479980469
9325113,2021,2021-10-06,3710,2021-09-17,0438,OC1511,NA,5,5,6,3710,0,0,0,NA,0,014,RT 76,FOUSSAT RD,1228,E,N,A,-,Y,SD,11,76,-,M,2.82,H,-,E,Y,3,0,3,3,A,-,01,23153,A,N,A,C,A,A,H,-,D,D,0,NA,NA,NA,NA,Y,Y,A,01,0,3,0,0,0,0,0,0,0,-,-,NA,NA,SAN DIEGO,OCEANSIDE,-117.34001922607422,33.2196159362793
9336173,2021,2021-10-23,3711,2021-09-04,1517,SD8377,NA,6,5,7,3711,0,0,0,NA,0,524,MARKET ST,7TH AV,15,E,N,A,-,N,NA,NA,NA,NA,NA,NA,NA,NA,NA,N,3,0,1,2,A,-,09,21801,A,N,D,C,A,A,H,-,A,A,0,NA,NA,Y,NA,Y,NA,A,07,0,1,0,0,0,0,0,0,1,-,-,NA,NA,SAN DIEGO,SAN DIEGO,-117.15827941894533,32.711509704589844
9336376,2021,2021-10-19,3711,2021-09-11,2134,SD7943,NA,6,5,7,3711,0,0,0,NA,0,123,EAST MISSION BAY DR,SAN DIEGO MISSION BAY RESORT,10,S,N,A,-,N,NA,NA,NA,NA,NA,NA,NA,NA,NA,N,4,0,1,2,A,-,08,22107,NA,N,D,C,A,A,H,-,D,D,0,NA,NA,NA,NA,Y,NA,A,01,0,0,1,0,0,0,0,0,0,-,-,NA,NA,SAN DIEGO,SAN DIEGO,NA,NA
9336582,2021,2021-10-25,3711,2021-09-09,1824,SD7759,NA,4,5,7,3711,0,0,0,NA,0,122,LA JOLLA MESA DR,VAN NUYS ST,0,NA,Y,B,-,N,NA,NA,NA,NA,NA,NA,NA,NA,NA,Y,4,0,2,2,A,-,03,22350,NA,N,C,C,A,A,H,-,B,D,0,NA,NA,NA,NA,Y,NA,A,01,0,0,2,0,0,0,0,0,0,-,-,NA,NA,SAN DIEGO,SAN DIEGO,-117.26010131835938,32.81141662597656
9336619,2021,2021-10-19,3711,2021-09-14,1845,SD7656,NA,2,5,7,3711,0,0,0,NA,0,721,ELM AV,ELM AV  1868,0,NA,Y,A,-,N,NA,NA,NA,NA,NA,NA,NA,NA,NA,N,3,0,1,2,A,-,11,21954,A,N,G,B,D,A,H,-,A,D,0,Y,NA,NA,NA,Y,NA,N,60,0,1,0,0,1,0,0,0,0,-,-,NA,NA,SAN DIEGO,SAN DIEGO,-117.0714111328125,33.125389099121094
9336974,2021,2021-10-11,3700,2021-08-06,2010,SH3684,NA,5,5,5,3713,0,0,0,NA,0,313,MAR VISTA DR,MIRAMAR DR,780,W,N,A,-,N,NA,NA,NA,NA,NA,NA,NA,NA,NA,Y,4,0,1,1,A,-,01,23152,A,N,E,I,A,A,H,-,D,D,0,NA,NA,NA,NA,Y,Y,-,NA,0,0,1,0,0,0,0,0,0,-,-,NA,NA,SAN DIEGO,VISTA,-117.24195098876952,33.178775787353516
9337098,2021,2021-10-26,3711,2021-09-10,1720,SD7816,NA,5,5,7,3711,0,0,0,NA,0,325,MISSION GORGE RD,JACKSON DR,30,E,N,A,-,N,NA,NA,NA,NA,NA,NA,NA,NA,NA,N,4,0,1,2,A,-,04,21703,NA,M,C,C,A,A,H,-,A,A,0,NA,NA,NA,NA,Y,NA,-,99,0,0,1,0,0,0,0,0,0,-,-,NA,NA,SAN DIEGO,SAN DIEGO,-117.05951690673828,32.817142486572266
9337114,2021,2021-10-26,3711,2021-09-15,1724,SD6070,NA,3,5,7,3711,0,0,0,NA,0,113,BALBOA AV,BALBOA AV 4400,0,NA,Y,A,-,N,NA,NA,NA,NA,NA,NA,NA,NA,NA,N,4,0,1,3,A,-,03,22350,NA,N,C,C,A,A,B,-,A,D,0,NA,NA,NA,NA,Y,NA,A,01,0,0,1,0,0,0,0,0,0,-,-,NA,NA,SAN DIEGO,SAN DIEGO,-117.23413848876952,32.79947280883789
9339069,2021,2021-10-21,3709,2021-09-18,1230,NC0498,NA,6,5,5,3709,0,0,0,NA,0,021,EAST PLAZA BL,E 12TH ST,36,E,N,A,-,N,NA,NA,NA,NA,NA,NA,NA,NA,NA,Y,3,0,3,4,A,-,03,22350,NA,N,C,C,A,A,H,-,A,B,0,NA,NA,NA,NA,Y,NA,A,01,0,2,1,0,0,0,0,0,0,-,-,NA,NA,SAN DIEGO,NATIONAL CITY,-117.08129119873048,32.67911911010742
9339295,2021,2021-11-12,3705,2021-08-13,1545,0364,NA,5,5,5,3705,0,0,0,NA,0,003,BROADWAY,SECOND,200,E,N,A,-,N,NA,NA,NA,NA,NA,NA,NA,NA,NA,N,4,0,1,2,A,-,03,22350,NA,N,C,C,A,A,H,-,A,A,0,NA,NA,NA,NA,Y,NA,D,22,0,0,1,0,0,0,0,0,0,-,-,NA,NA,SAN DIEGO,EL CAJON,-116.93514251708984,32.807708740234375
9344344,2021,2021-10-13,3711,2021-09-22,0850,SD6532,NA,3,5,7,3711,0,0,0,NA,0,627,UNIVERSITY AV,10TH ST,0,NA,Y,A,-,N,NA,NA,NA,NA,NA,NA,NA,NA,NA,N,4,0,1,2,A,-,10,21950,A,N,G,B,B,A,H,-,A,A,0,Y,NA,NA,NA,Y,NA,A,01,0,0,1,0,1,0,0,0,0,-,-,NA,NA,SAN DIEGO,SAN DIEGO,-117.15528106689452,32.748416900634766
9344712,2021,2021-11-09,3711,2021-10-02,0008,SD1566,NA,6,5,7,3711,0,0,0,NA,0,627,UNIVERSITY AV,10TH AV,0,NA,Y,A,-,N,NA,NA,NA,NA,NA,NA,NA,NA,NA,N,3,0,1,2,A,-,12,21453,A,N,D,C,A,A,H,-,C,A,0,NA,NA,Y,NA,Y,NA,C,03,0,1,0,0,0,0,0,0,1,-,-,NA,NA,SAN DIEGO,SAN DIEGO,-117.15528106689452,32.748416900634766
9344719,2021,2021-11-10,3711,2021-10-03,1652,SD4892,NA,7,5,7,3711,0,0,0,NA,0,611,CAMINO DEL RIO W,SPORTS ARENA BL,0,NA,Y,A,-,N,NA,NA,NA,NA,NA,NA,NA,NA,NA,N,4,0,1,2,A,-,08,22107,NA,M,C,C,A,A,H,-,A,A,0,NA,NA,NA,NA,Y,NA,A,01,0,0,1,0,0,0,0,0,0,-,-,NA,NA,SAN DIEGO,SAN DIEGO,-117.20494079589844,32.751529693603516
9344764,2021,2021-10-23,3711,2021-09-29,1520,SD1513,NA,3,5,7,3711,0,0,0,NA,0,826,TROJAN AV,53RD ST,0,NA,Y,A,-,N,NA,NA,NA,NA,NA,NA,NA,NA,NA,N,4,0,1,2,A,-,-,NA,NA,M,G,B,D,A,H,-,A,D,0,Y,NA,NA,NA,Y,NA,-,NA,0,0,1,0,1,0,0,0,0,-,-,NA,NA,SAN DIEGO,SAN DIEGO,-117.0814208984375,32.7548713684082
9344775,2021,2021-10-27,3711,2021-09-15,1311,SD7174,NA,3,5,7,3711,0,0,0,NA,0,723,PALM AV,TWINING,0,NA,Y,A,-,N,NA,NA,NA,NA,NA,NA,NA,NA,NA,Y,4,0,2,4,A,-,03,22350,NA,N,C,C,A,A,H,-,A,A,0,NA,NA,NA,NA,Y,NA,A,01,0,0,2,0,0,0,0,0,0,-,-,NA,NA,SAN DIEGO,SAN DIEGO,-117.04537200927734,32.583709716796875
9344964,2021,2021-11-04,3711,2021-09-29,0840,SD8404,NA,3,5,7,3711,0,0,0,NA,0,621,54TH ST,MONTEZUMA RD,0,NA,Y,-,-,N,NA,NA,NA,NA,NA,NA,NA,NA,NA,N,4,0,1,2,C,-,18,NA,NA,N,C,C,A,-,-,-,-,-,0,NA,NA,NA,NA,Y,NA,-,-,0,0,1,0,0,0,0,0,0,-,-,NA,NA,SAN DIEGO,SAN DIEGO,-117.07947540283205,32.77112579345703
9345572,2021,2021-10-21,3700,2021-06-28,1840,SH7554,NA,1,5,4,3707,0,0,0,NA,0,703,PALM AV,5TH ST,0,NA,Y,A,-,N,NA,NA,NA,NA,NA,NA,NA,NA,NA,N,3,0,1,2,A,-,10,21950,A,N,G,B,B,A,H,-,A,D,0,Y,NA,NA,NA,Y,NA,A,07,0,1,0,0,1,0,0,0,0,-,-,NA,NA,SAN DIEGO,IMPERIAL BEACH,-117.12238311767578,32.58393478393555
9347314,2021,2021-10-22,3700,2021-08-23,2051,SH0375,NA,1,5,4,3720,0,0,0,NA,0,606,LEMON GROVE AV,MOUNT VERNON ST,1082,S,N,A,-,N,NA,NA,NA,NA,NA,NA,NA,NA,NA,N,4,0,2,2,A,-,07,21658,A,N,D,C,A,A,H,-,C,A,0,NA,NA,NA,NA,Y,NA,A,01,0,0,2,0,0,0,0,0,0,-,-,NA,NA,SAN DIEGO,LEMON GROVE,-117.03527069091795,32.72930145263672
9347785,2021,2021-11-10,3711,2021-10-16,1630,SD7639,NA,6,5,7,3711,0,0,0,NA,0,436,SKYLINE DR,SIENA ST,1,W,N,A,-,N,NA,NA,NA,NA,NA,NA,NA,NA,NA,N,4,0,1,2,A,-,09,21804,A,N,D,C,A,A,H,-,A,D,0,NA,NA,NA,NA,Y,NA,A,01,0,0,1,0,0,0,0,0,0,-,-,NA,NA,SAN DIEGO,SAN DIEGO,-117.0369110107422,32.702842712402344
9347795,2021,2021-11-15,3711,2021-10-04,1230,SD1357,NA,1,5,7,3711,0,0,0,NA,0,811,ADAMS AV,FELTON AV,39,E,N,A,-,N,NA,NA,NA,NA,NA,NA,NA,NA,NA,N,3,0,1,2,A,-,03,22350,NA,N,H,G,A,A,H,-,A,A,0,NA,Y,NA,NA,Y,NA,L,04,0,1,0,0,0,0,1,0,0,-,-,NA,NA,SAN DIEGO,SAN DIEGO,-117.12165069580078,32.76337814331055
9349093,2021,2021-12-13,3711,2021-10-10,1428,SD7671,NA,7,5,7,3711,0,0,0,NA,0,833,EUCLID AV,EUCLID AV 3700,0,NA,-,A,-,N,NA,NA,NA,NA,NA,NA,NA,NA,NA,N,3,0,1,2,A,-,08,38314,NA,N,A,G,A,A,H,-,A,A,0,NA,Y,NA,NA,Y,NA,L,04,0,1,0,0,0,0,1,0,0,-,-,NA,NA,SAN DIEGO,SAN DIEGO,-117.08499908447266,32.704505920410156
93491299,2024,2024-08-05,9680,2024-07-27,1610,020884,NA,6,2,9,3700,0,3,5,NA,2,001,QUAIL CANYON ROAD,TOMBSTONE CREEK ROAD,536,E,N,A,-,N,NA,NA,NA,NA,NA,NA,NA,NA,NA,N,3,0,1,1,A,-,08,22107,NA,N,E,I,A,A,H,-,A,D,0,NA,NA,Y,NA,Y,NA,C,02,0,1,0,0,0,0,0,0,1,-,-,32.872440338134766,-116.84786224365234,SAN DIEGO,UNINCORPORATED,-116.84799194335938,32.87240982055664
93491499,2024,2024-08-05,9650,2024-08-01,110,021844,NA,4,3,9,3700,0,3,5,NA,2,231,WOODS VALLEY RD,NORTH LAKE WOHLFORD RD,2640,W,N,A,-,N,NA,NA,NA,NA,NA,NA,NA,NA,NA,Y,2,0,1,1,A,-,03,22350,NA,N,F,A,A,A,H,-,D,D,0,NA,NA,NA,NA,Y,NA,A,07,1,0,0,0,0,0,0,0,0,-,-,33.205650329589844,-116.97810363769533,SAN DIEGO,UNINCORPORATED,-116.97843933105467,33.205509185791016
9349196,2021,2021-11-16,3710,2021-09-14,1701,OC1238,NA,2,5,6,3710,0,0,0,NA,0,022,RT 76,GUAJOME LAKE RD,298,W,N,A,-,Y,SD,11,76,-,R,7.12,H,-,E,Y,4,0,1,2,A,-,04,21703,NA,N,C,C,A,A,H,-,A,D,0,NA,NA,Y,NA,Y,NA,C,02,0,0,1,0,0,0,0,0,1,-,-,NA,NA,SAN DIEGO,OCEANSIDE,-117.27521514892578,33.24814224243164
9350172,2021,2021-11-01,3705,2021-08-25,1152,EC0279,NA,3,5,5,3705,0,0,0,NA,0,003,E MADISON AV,TERRA LN,90,W,N,A,-,N,NA,NA,NA,NA,NA,NA,NA,NA,NA,Y,4,0,1,2,A,-,09,21804,A,N,D,C,A,A,H,-,A,-,0,NA,NA,NA,NA,Y,NA,A,01,0,0,1,0,0,0,0,0,0,-,-,NA,NA,SAN DIEGO,EL CAJON,-116.92026519775392,32.8001823425293
9350782,2020,2021-10-29,3711,2020-06-23,1510,SD7747,NA,2,5,7,3711,0,0,0,NA,0,234,POMERADO RD,STONE CANYON RD,0,NA,Y,B,-,N,NA,NA,NA,NA,NA,NA,NA,NA,NA,Y,3,0,2,2,A,-,12,21453,A,N,D,C,A,A,D,-,A,A,0,NA,NA,NA,NA,Y,NA,A,01,0,1,1,0,0,0,0,0,0,-,-,NA,NA,SAN DIEGO,SAN DIEGO,-117.05787658691406,33.00408935546875
9351120,2021,2021-12-10,3711,2021-10-15,1420,SD7894,NA,5,5,7,3711,0,0,0,NA,0,313,BALBOA AV,RUFFNER ST,0,NA,Y,A,-,N,NA,NA,NA,NA,NA,NA,NA,NA,NA,N,3,0,1,2,A,-,09,21801,A,N,D,C,A,A,H,-,A,D,0,NA,NA,Y,NA,Y,NA,A,01,0,1,0,0,0,0,0,0,1,-,-,NA,NA,SAN DIEGO,SAN DIEGO,-117.15681457519533,32.821678161621094
9351136,2021,2021-12-13,3711,2021-10-19,1930,SD7278,NA,2,5,7,3711,0,0,0,NA,0,931,MIRA MESA BL,CARROLL CANYON RD,10,W,N,A,-,N,NA,NA,NA,NA,NA,NA,NA,NA,NA,Y,3,0,1,2,A,-,08,22107,NA,N,C,C,A,A,H,-,C,A,0,NA,NA,NA,NA,Y,NA,A,01,0,1,0,0,0,0,0,0,0,-,-,NA,NA,SAN DIEGO,SAN DIEGO,NA,NA
9351137,2021,2021-12-16,3711,2021-10-20,0958,SD7700,NA,3,5,7,3711,0,0,0,NA,0,437,S WOODMAN,JAIME ST,0,NA,Y,A,-,N,NA,NA,NA,NA,NA,NA,NA,NA,NA,Y,4,0,2,3,C,-,18,NA,NA,N,B,C,A,A,H,-,A,D,0,NA,NA,NA,NA,Y,NA,-,-,0,0,2,0,0,0,0,0,0,-,-,NA,NA,SAN DIEGO,SAN DIEGO,-117.04402160644533,32.68537139892578
9351743,2021,2021-11-17,3711,2021-10-29,1435,SD8684,NA,5,5,7,3711,0,0,0,NA,0,111,ASHFORD ST,BEAGLE ST,0,NA,Y,A,-,N,NA,NA,NA,NA,NA,NA,NA,NA,NA,N,3,0,1,2,A,-,08,22107,NA,N,D,C,A,A,H,-,A,A,0,NA,NA,NA,NA,Y,NA,A,01,0,1,0,0,0,0,0,0,0,-,-,NA,NA,SAN DIEGO,SAN DIEGO,-117.15992736816406,32.8077278137207
9352848,2021,2021-11-23,3709,2021-09-15,1056,0519,NA,3,5,5,3709,0,0,0,NA,0,020,CIVIC CENTER DR,HOOVER AV,35,W,N,A,-,N,NA,NA,NA,NA,NA,NA,NA,NA,NA,N,4,0,2,2,A,-,12,22450,NA,N,D,D,A,A,H,-,A,A,0,NA,NA,NA,NA,Y,NA,A,01,0,0,2,0,0,0,0,0,0,-,-,NA,NA,SAN DIEGO,NATIONAL CITY,-117.10742950439452,32.6709098815918
9353091,2021,2021-11-09,3710,2021-10-08,1038,OC1018,NA,5,5,6,3710,0,0,0,NA,0,009,OCEANSIDE BL,VINE ST,0,NA,Y,B,F,N,NA,NA,NA,NA,NA,NA,NA,NA,NA,Y,4,0,3,2,A,-,12,21453,A,N,D,C,A,A,D,-,A,A,0,NA,NA,NA,NA,Y,NA,A,01,0,0,3,0,0,0,0,0,0,-,-,NA,NA,SAN DIEGO,OCEANSIDE,-117.36424255371094,33.18882369995117
9354289,2021,2021-11-20,3702,2021-09-29,1703,CV1252,NA,3,5,6,3702,0,0,0,NA,0,042,ORAY LAKES RD,FENTON ST,528,W,N,A,-,N,NA,NA,NA,NA,NA,NA,NA,NA,NA,N,4,0,1,2,A,-,08,22107,NA,N,B,-,A,A,H,-,A,A,0,NA,NA,NA,NA,Y,NA,-,NA,0,0,1,0,0,0,0,0,0,-,-,NA,NA,SAN DIEGO,CHULA VISTA,-116.9569091796875,32.65013885498047
9354728,2021,2021-11-10,3710,2021-10-09,1617,OC1443,NA,6,5,6,3710,0,0,0,NA,0,016,DOUGLAS DR,RAINIER WY,14,S,N,A,-,N,NA,NA,NA,NA,NA,NA,NA,NA,NA,N,2,0,1,2,A,-,09,21801,A,F,D,G,A,A,H,-,A,A,0,NA,NA,NA,NA,Y,NA,A,01,1,0,0,0,0,0,0,0,0,-,-,NA,NA,SAN DIEGO,OCEANSIDE,-117.32260894775392,33.24169158935547
9354841,2021,2021-12-23,3711,2021-10-21,1635,SD7738,NA,4,5,7,3711,0,0,0,NA,0,126,LA JOLLA VILLAGE DR,LA JOLLA SCENIC DR NORTH,0,NA,Y,A,-,N,NA,NA,NA,NA,NA,NA,NA,NA,NA,Y,4,0,1,2,A,-,12,21453,A,N,D,C,A,A,H,-,A,A,0,NA,NA,NA,NA,Y,NA,A,01,0,0,1,0,0,0,0,0,0,-,-,NA,NA,SAN DIEGO,SAN DIEGO,-117.24209594726563,32.87001419067383
9355757,2021,2021-10-29,3710,2021-10-13,2002,OC1502,NA,3,5,6,3710,0,0,0,NA,0,022,RT 76,COLLEGE BL,147,E,N,-,-,Y,SD,11,76,-,R,6.25,H,-,W,N,4,0,1,2,A,-,03,22350,NA,N,C,C,A,A,H,-,A,A,0,NA,NA,NA,NA,Y,NA,A,01,0,0,1,0,0,0,0,0,0,-,-,NA,NA,SAN DIEGO,OCEANSIDE,-117.2890853881836,33.243804931640625
9355852,2021,2021-11-15,3700,2021-10-19,0925,SH0113,NA,2,5,5,3713,0,0,0,NA,0,312,NORTH EMERALD DR,RT 78,0,NA,Y,A,-,Y,SD,11,78,-,-,4.217,R,4,E,Y,3,0,2,2,A,-,12,21453,A,N,D,C,A,A,H,-,A,A,0,NA,NA,NA,NA,Y,NA,A,08,0,1,1,0,0,0,0,0,0,-,EF,NA,NA,SAN DIEGO,VISTA,-117.28205871582033,33.18662643432617
9359214,2021,2021-12-02,3711,2021-10-29,1141,SD1280,NA,5,5,7,3711,0,0,0,NA,0,611,FARRAGUT RD,CUSHING RD,0,NA,Y,A,-,N,NA,NA,NA,NA,NA,NA,NA,NA,NA,N,3,0,1,1,D,-,00,NA,NA,N,H,J,A,A,G,-,A,D,0,NA,Y,NA,NA,Y,NA,-,-,0,1,0,0,0,0,1,0,0,-,-,NA,NA,SAN DIEGO,SAN DIEGO,-117.21685791015624,32.73228073120117