CASE_ID,ACCIDENT_YEAR,PROC_DATE,JURIS,COLLISION_DATE,COLLISION_TIME,OFFICER_ID,REPORTING_DISTRICT,DAY_OF_WEEK,CHP_SHIFT,POPULATION,CNTY_CITY_LOC,SPECIAL_COND,BEAT_TYPE,CHP_BEAT_TYPE,CITY_DIVISION_LAPD,CHP_BEAT_CLASS,BEAT_NUMBER,PRIMARY_RD,SECONDARY_RD,DISTANCE,DIRECTION,INTERSECTION,WEATHER_1,WEATHER_2,STATE_HWY_IND,CALTRANS_COUNTY,CALTRANS_DISTRICT,STATE_ROUTE,ROUTE_SUFFIX,POSTMILE_PREFIX,POSTMILE,LOCATION_TYPE,RAMP_INTERSECTION,SIDE_OF_HWY,TOW_AWAY,COLLISION_SEVERITY,NUMBER_KILLED,NUMBER_INJURED,PARTY_COUNT,PRIMARY_COLL_FACTOR,PCF_CODE_OF_VIOL,PCF_VIOL_CATEGORY,PCF_VIOLATION,PCF_VIOL_SUBSECTION,HIT_AND_RUN,TYPE_OF_COLLISION,MVIW,PED_ACTION,ROAD_SURFACE,ROAD_COND_1,ROAD_COND_2,LIGHTING,CONTROL_DEVICE,CHP_ROAD_TYPE,PEDESTRIAN_ACCIDENT,BICYCLE_ACCIDENT,MOTORCYCLE_ACCIDENT,TRUCK_ACCIDENT,NOT_PRIVATE_PROPERTY,ALCOHOL_INVOLVED,STWD_VEHTYPE_AT_FAULT,CHP_VEHTYPE_AT_FAULT,COUNT_SEVERE_INJ,COUNT_VISIBLE_INJ,COUNT_COMPLAINT_PAIN,COUNT_PED_KILLED,COUNT_PED_INJURED,COUNT_BICYCLIST_KILLED,COUNT_BICYCLIST_INJURED,COUNT_MC_KILLED,COUNT_MC_INJURED,PRIMARY_RAMP,SECONDARY_RAMP,LATITUDE,LONGITUDE,COUNTY,CITY,POINT_X,POINT_Y
9421969,2022,2022-05-17,3711,2022-04-20,1745,SD1653,NA,3,5,7,3711,0,0,0,NA,0,826,EL CAJON BL,ALTADENA AV,0,NA,Y,A,-,N,NA,NA,NA,NA,NA,NA,NA,NA,NA,Y,4,0,1,2,A,-,-,NA,NA,N,D,C,A,A,H,-,A,D,0,NA,NA,NA,NA,Y,NA,-,NA,0,0,1,0,0,0,0,0,0,-,-,NA,NA,SAN DIEGO,SAN DIEGO,-117.08575439453124,32.75695037841797
9422523,2022,2022-05-16,3700,2022-04-05,2139,SH3183,NA,2,5,5,3713,0,0,0,NA,0,311,EAST BROADWAY,SOUTH INDIANA AV,109,E,N,A,-,N,NA,NA,NA,NA,NA,NA,NA,NA,NA,N,2,0,1,2,D,-,00,NA,NA,N,G,B,E,A,H,-,C,D,0,Y,NA,NA,NA,Y,Y,-,-,1,0,0,0,1,0,0,0,0,-,-,NA,NA,SAN DIEGO,VISTA,-117.24098205566406,33.2017936706543
9422673,2022,2022-04-18,3711,2022-03-15,0800,SD5423,NA,2,5,7,3711,0,0,0,NA,0,615,INGELOW ST,ROSECRANS ST,7,W,N,A,-,N,NA,NA,NA,NA,NA,NA,NA,NA,NA,N,4,0,1,2,A,-,10,21950,A,N,G,B,B,A,H,-,A,D,0,Y,NA,NA,NA,Y,Y,D,22,0,0,1,0,1,0,0,0,0,-,-,NA,NA,SAN DIEGO,SAN DIEGO,-117.22740173339844,32.726810455322266
9422677,2022,2022-04-18,3711,2022-03-14,1516,SD1105,NA,1,5,7,3711,0,0,0,NA,0,615,HUGO ST,ROSECRANS ST,0,NA,Y,A,-,N,NA,NA,NA,NA,NA,NA,NA,NA,NA,Y,4,0,2,2,A,-,01,23152,F,N,A,C,A,A,H,-,A,A,0,NA,NA,NA,NA,Y,NA,D,23,0,0,2,0,0,0,0,0,0,-,-,NA,NA,SAN DIEGO,SAN DIEGO,-117.22789764404295,32.72617721557617
9423374,2022,2022-03-28,3711,2022-01-22,2223,020515,NA,6,5,7,3711,0,0,0,NA,0,NA,LA JOLLA VILLAGE DR,EXECUTIVE WY,347,W,N,A,-,N,NA,NA,NA,NA,NA,NA,NA,NA,NA,Y,4,0,1,2,A,-,01,23152,A,F,C,-,A,A,H,-,C,D,0,NA,NA,NA,NA,Y,Y,D,22,0,0,1,0,0,0,0,0,0,-,-,32.87363052368164,-117.21057891845705,SAN DIEGO,SAN DIEGO,-117.21076965332033,32.87351989746094
9425695,2022,2022-04-14,3711,2022-04-06,1934,SD1362,NA,3,5,7,3711,0,0,0,NA,0,122,CASS ST,CHALCEDONY ST,0,NA,Y,A,-,N,NA,NA,NA,NA,NA,NA,NA,NA,NA,N,3,0,3,2,A,-,03,22350,NA,N,C,C,A,A,H,-,C,D,0,NA,NA,NA,NA,Y,Y,-,NA,0,1,2,0,0,0,0,0,0,-,-,NA,NA,SAN DIEGO,SAN DIEGO,-117.25324249267578,32.80202102661133
9425927,2022,2022-04-06,3705,2022-03-02,1255,EC5392,NA,3,5,5,3705,0,0,0,NA,0,004,EAST CHASE AV,AVOCADO AV,330,E,N,A,-,N,NA,NA,NA,NA,NA,NA,NA,NA,NA,Y,4,0,1,2,A,-,09,21804,A,N,D,C,A,A,H,-,A,D,0,NA,NA,NA,NA,Y,NA,D,22,0,0,1,0,0,0,0,0,0,-,-,NA,NA,SAN DIEGO,EL CAJON,-116.95674896240234,32.780399322509766
9426433,2022,2022-03-30,3711,2022-03-14,1350,SD7883,NA,1,5,7,3711,0,0,0,NA,0,242,OVERLAND AV,OVERLAND AV  5000,0,NA,Y,A,-,N,NA,NA,NA,NA,NA,NA,NA,NA,NA,N,4,0,1,2,D,-,00,NA,NA,N,D,C,A,A,H,-,A,D,0,NA,NA,NA,NA,Y,NA,-,-,0,0,1,0,0,0,0,0,0,-,-,NA,NA,SAN DIEGO,SAN DIEGO,-116.75016021728516,32.84099197387695
9426661,2021,2022-04-05,3700,2021-10-01,1029,SH6005,NA,5,5,5,3782,0,0,0,NA,0,224,ENCINITAS BL,TURNER AV,0,NA,Y,A,-,N,NA,NA,NA,NA,NA,NA,NA,NA,NA,N,3,0,1,2,A,-,09,21801,A,N,D,G,A,A,D,-,A,A,0,NA,Y,NA,NA,Y,NA,A,01,0,1,0,0,0,0,1,0,0,-,-,NA,NA,SAN DIEGO,ENCINITAS,-117.2550048828125,33.04574966430664
9426670,2021,2022-04-05,3700,2021-10-05,1608,SH0315,NA,2,5,5,3782,0,0,0,NA,0,240,S COAST HWY 101,S COAST HWY 101 2600,0,NA,Y,A,-,N,NA,NA,NA,NA,NA,NA,NA,NA,NA,Y,3,0,4,3,A,-,03,22350,NA,N,B,C,A,A,H,-,A,D,0,NA,Y,NA,NA,Y,NA,A,01,0,2,2,0,0,0,1,0,0,-,-,NA,NA,SAN DIEGO,ENCINITAS,-117.279625,33.013045
9427065,2022,2022-04-07,3710,2022-02-25,0524,OC1479,NA,5,5,6,3710,0,0,0,NA,0,010,CANYON DR,EAGLES CROSSING,210,S,N,A,-,N,NA,NA,NA,NA,NA,NA,NA,NA,NA,Y,4,0,1,1,A,-,08,22107,NA,N,A,I,A,A,H,-,B,D,0,NA,NA,NA,NA,Y,NA,D,22,0,0,1,0,0,0,0,0,0,-,-,NA,NA,SAN DIEGO,OCEANSIDE,-117.3659896850586,33.207366943359375
9427314,2022,2022-04-19,3700,2022-03-18,0737,SH6005,NA,5,5,5,3782,0,0,0,NA,0,242,SANTA FE DR,MACKINNON AV,104,W,N,A,-,N,NA,NA,NA,NA,NA,NA,NA,NA,NA,N,3,0,1,2,A,-,08,22107,NA,N,B,G,A,A,H,-,A,D,0,NA,Y,NA,NA,Y,NA,L,04,0,1,0,0,0,0,1,0,0,-,-,NA,NA,SAN DIEGO,ENCINITAS,-117.27755737304688,33.036258697509766
9428034,2022,2022-04-11,3700,2022-03-23,0835,SH6005,NA,3,5,5,3782,0,0,0,NA,0,223,OLIVENHAIN RD,AMARGOSA DR,83,W,N,A,-,N,NA,NA,NA,NA,NA,NA,NA,NA,NA,Y,3,0,2,4,A,-,03,22350,NA,N,C,D,A,A,H,-,A,D,0,NA,NA,NA,NA,Y,NA,D,22,0,1,1,0,0,0,0,0,0,-,-,NA,NA,SAN DIEGO,ENCINITAS,-117.25531768798828,33.067081451416016
9428042,2022,2022-04-14,3700,2022-03-11,1248,SH6005,NA,5,5,5,3782,0,0,0,NA,0,222,ENCINITAS BL,VIA CANTEBRIA,0,NA,Y,A,-,N,NA,NA,NA,NA,NA,NA,NA,NA,NA,N,4,0,1,2,A,-,03,22350,NA,N,C,C,A,A,H,-,A,A,0,NA,NA,NA,NA,Y,NA,A,01,0,0,1,0,0,0,0,0,0,-,-,NA,NA,SAN DIEGO,ENCINITAS,-117.2668685913086,33.046146392822266
9429412,2022,2022-04-28,3711,2022-03-30,0940,SD5450,NA,3,5,7,3711,0,0,0,NA,0,313,RUFFIN RD,RUFFIN RD 5055,0,NA,Y,A,-,N,NA,NA,NA,NA,NA,NA,NA,NA,NA,N,4,0,3,3,B,-,22,NA,NA,N,C,E,A,-,H,-,A,-,0,NA,NA,NA,NA,Y,NA,A,01,0,0,3,0,0,0,0,0,0,-,-,NA,NA,SAN DIEGO,SAN DIEGO,-117.12670135498048,32.828678131103516
9429766,2022,2022-04-08,3711,2022-02-05,1700,SD7759,NA,6,5,7,3711,0,0,0,NA,0,122,HAINES ST,THOMAS AV,0,NA,Y,A,-,N,NA,NA,NA,NA,NA,NA,NA,NA,NA,Y,2,0,1,2,A,-,-,NA,NA,N,D,C,A,A,H,-,A,D,0,NA,NA,Y,NA,Y,Y,C,02,1,0,0,0,0,0,0,0,1,-,-,NA,NA,SAN DIEGO,SAN DIEGO,-117.24179840087892,32.796478271484375
9430981,2022,2022-04-18,3711,2022-03-26,1749,SD7925,NA,6,5,7,3711,0,0,0,NA,0,122,GRAND AV,CASS ST,0,NA,Y,B,-,N,NA,NA,NA,NA,NA,NA,NA,NA,NA,N,3,0,1,2,D,-,00,NA,NA,N,D,G,A,A,H,-,A,A,0,NA,Y,NA,NA,Y,NA,-,-,0,1,0,0,0,0,1,0,0,-,-,NA,NA,SAN DIEGO,SAN DIEGO,-117.25125885009766,32.7955322265625
9433029,2022,2022-08-08,3711,2022-07-18,2310,SD1505,NA,1,5,7,3711,0,0,0,NA,0,234,HIGHLAND VALLEY RD,SYCAMORE CREEK RD,0,NA,-,A,-,N,NA,NA,NA,NA,NA,NA,NA,NA,NA,N,2,0,1,1,-,-,-,NA,NA,N,A,H,A,A,H,-,D,D,0,NA,NA,Y,NA,Y,NA,-,-,1,0,0,0,0,0,0,0,1,-,-,NA,NA,SAN DIEGO,SAN DIEGO,-117.04566955566406,33.051185607910156
9434347,2021,2022-04-12,3700,2021-08-03,1659,SH6005,NA,2,5,5,3782,0,0,0,NA,0,222,ENCINITAS BL,PRINCEHOUSE LN,353,W,N,A,-,N,NA,NA,NA,NA,NA,NA,NA,NA,NA,Y,4,0,1,2,A,-,09,21804,A,N,D,C,A,A,H,-,A,D,0,NA,NA,NA,NA,Y,NA,A,07,0,0,1,0,0,0,0,0,0,-,-,NA,NA,SAN DIEGO,ENCINITAS,-117.27377319335938,33.048500061035156
94355065,2024,2024-08-16,9650,2024-08-08,1535,019346,NA,4,2,3,3783,0,1,1,NA,2,007,I-5 N/B,MANCHESTER AVE,1320,S,N,A,-,Y,SD,NA,5,NA,R,38.211,H,NA,R,Y,4,0,1,2,A,-,03,22350,NA,N,C,C,A,A,H,-,A,D,0,NA,NA,NA,NA,Y,NA,D,22,0,0,1,0,0,0,0,0,0,-,-,33.006919860839844,-117.26056671142578,SAN DIEGO,SOLANA BEACH,-117.26055908203124,33.00693130493164
9435584,2022,2022-05-06,3702,2022-03-11,1924,CV1285,NA,5,5,6,3702,0,0,0,NA,0,031,EAST J ST,CHESTNUT CT,0,NA,Y,A,-,N,NA,NA,NA,NA,NA,NA,NA,NA,NA,N,3,0,2,2,A,-,09,21801,A,N,H,C,A,A,H,-,D,D,0,NA,NA,Y,NA,Y,NA,-,NA,0,2,0,0,0,0,0,0,2,-,-,NA,NA,SAN DIEGO,CHULA VISTA,-117.0246810913086,32.631832122802734
94357039,2024,2024-08-16,9645,2024-08-12,445,023210,NA,1,3,7,3711,0,1,1,NA,2,027,SR-15 NB,ADAMS AVENUE O/C,880,N,N,A,-,Y,SD,NA,15,NA,M,5.771,H,NA,R,Y,4,0,1,2,A,-,03,22350,NA,N,C,C,A,A,H,-,B,D,0,NA,NA,NA,NA,Y,NA,D,22,0,0,1,0,0,0,0,0,0,-,-,32.76567840576172,-117.10983276367188,SAN DIEGO,SAN DIEGO,-117.10980224609376,32.765689849853516
94357051,2024,2024-08-16,9645,2024-08-13,722,020515,NA,2,1,5,3709,0,1,1,NA,2,009,I-805 N/B,EAST 18TH ST,442,S,N,A,-,Y,SD,NA,805,NA,NA,9.899,H,NA,R,N,3,0,1,2,A,-,03,22350,NA,N,B,2,A,A,H,-,A,D,0,NA,NA,Y,NA,Y,NA,C,02,0,1,0,0,0,0,0,0,1,-,-,32.671871185302734,-117.08213806152344,SAN DIEGO,NATIONAL CITY,-117.08201599121094,32.671905517578125
94357260,2024,2024-08-16,9680,2024-08-06,1900,021764,NA,2,2,9,3700,0,1,3,NA,1,022,SR-54 EASTBOUND (JAMACHA RD),CUYAMACA COLLEGE DRIVE WEST,581,W,N,A,-,Y,SD,NA,54,NA,T,11.124,H,NA,R,Y,4,0,1,2,A,-,01,23152,F,F,D,C,A,A,H,-,A,A,0,NA,NA,NA,NA,Y,NA,A,01,0,0,1,0,0,0,0,0,0,-,-,32.73992156982422,-116.9404296875,SAN DIEGO,UNINCORPORATED,-116.94041442871094,32.739898681640625
9436030,2022,2022-05-04,3711,2022-04-19,2150,SD8672,NA,2,5,7,3711,0,0,0,NA,0,621,OSLER ST,NYE ST,0,NA,Y,A,-,N,NA,NA,NA,NA,NA,NA,NA,NA,NA,Y,4,0,1,2,A,-,09,21800,A,N,D,C,A,A,H,-,C,D,0,NA,NA,NA,NA,Y,NA,A,01,0,0,1,0,0,0,0,0,0,-,-,NA,NA,SAN DIEGO,SAN DIEGO,-117.17633819580078,32.79216766357422
94365951,2024,2024-08-22,9680,2024-05-29,907,016181,NA,3,1,9,3700,0,3,5,NA,2,003,TAVERN RD,ARNOLD WAY,20,N,N,A,-,N,NA,NA,NA,NA,NA,NA,NA,NA,NA,N,4,0,1,2,A,-,09,21453,B,N,D,C,A,A,H,-,A,A,0,NA,NA,NA,NA,Y,NA,A,01,0,0,1,0,0,0,0,0,0,-,-,32.83552169799805,-116.77532958984376,SAN DIEGO,UNINCORPORATED,-116.7753448486328,32.83540725708008
94373016,2024,2024-08-28,9645,2024-08-19,1744,023088,NA,1,2,7,3711,0,1,1,NA,2,010,INTERSTATE 8 EASTBOUND,QUALCOMM WAY,1109,W,N,A,-,Y,SD,NA,8,NA,NA,3.685,H,NA,R,N,4,0,1,2,A,-,03,22350,NA,M,C,C,A,A,H,-,A,D,0,NA,NA,NA,NA,Y,NA,D,22,0,0,1,0,0,0,0,0,0,-,-,32.76856994628906,-117.14321899414063,SAN DIEGO,SAN DIEGO,-117.14323425292967,32.76859664916992
94376688,2024,2024-08-30,9645,2024-08-21,202,023850,NA,3,3,7,3711,0,1,1,NA,2,001,I-5 SOUTHBOUND,PALM AVENUE,1500,N,N,A,-,Y,SD,NA,5,NA,NA,5.067,H,NA,L,Y,3,0,1,1,A,-,01,23152,A,N,E,I,A,A,H,-,C,D,0,NA,NA,NA,NA,Y,Y,A,01,0,1,0,0,0,0,0,0,0,-,-,32.59006118774414,-117.08836364746094,SAN DIEGO,SAN DIEGO,-117.08819580078124,32.59008026123047
94376782,2024,2024-08-30,9645,2024-07-15,1709,019577,NA,1,2,7,3711,0,1,1,NA,2,010,I-8 E/B,PRESIDIO PARK,1732,W,N,A,-,Y,SD,NA,8,NA,R,0.613,H,NA,R,N,4,0,2,5,A,-,07,21658,A,F,C,C,A,A,H,-,A,D,0,NA,NA,NA,NA,Y,Y,A,07,0,0,2,0,0,0,0,0,0,-,-,32.76055145263672,-117.19393157958984,SAN DIEGO,SAN DIEGO,-117.19393157958984,32.760528564453125
94377695,2024,2024-08-30,9680,2024-08-20,2205,016694,NA,2,3,9,3700,0,3,5,NA,2,001,EL NOPAL,ESCADERA DRIVE,75,W,N,A,-,N,NA,NA,NA,NA,NA,NA,NA,NA,NA,Y,3,0,3,1,A,-,08,22107,NA,N,E,8,A,A,H,-,D,D,0,NA,NA,NA,NA,Y,NA,A,01,0,2,1,0,0,0,0,0,0,-,-,32.86362838745117,-116.95873260498048,SAN DIEGO,UNINCORPORATED,-116.95863342285156,32.86351776123047
9438037,2022,2022-05-18,3711,2022-04-22,0839,SD1648,NA,5,5,7,3711,0,0,0,NA,0,512,33RD ST,33RD ST 500,0,NA,Y,A,-,N,NA,NA,NA,NA,NA,NA,NA,NA,NA,N,4,0,1,3,A,-,09,21800,B,N,D,C,A,A,H,-,A,A,0,NA,NA,NA,NA,Y,NA,A,01,0,0,1,0,0,0,0,0,0,-,-,NA,NA,SAN DIEGO,SAN DIEGO,-117.12261199951172,32.70551300048828
94381678,2024,2024-09-04,9680,2024-08-25,1325,022893,NA,7,1,9,3700,0,1,3,NA,1,051,SR-79,YAQUI DR,2429,N,N,A,-,Y,SD,NA,79,NA,NA,12.933,H,NA,R,Y,2,0,1,1,A,-,03,22350,NA,N,F,0,A,A,H,-,A,A,0,NA,NA,Y,NA,Y,NA,C,02,1,0,0,0,0,0,0,0,1,-,-,32.99258041381836,-116.5734405517578,SAN DIEGO,UNINCORPORATED,-116.57342529296876,32.9925537109375
94381716,2024,2024-09-04,9645,2024-08-30,1700,022506,NA,5,2,7,3711,0,1,3,NA,2,016,SR-52 E/B (SAN CLEMENTE CANYON FWY),SANTO ROAD,792,E,N,A,-,Y,SD,NA,52,NA,NA,10.196,H,NA,R,N,4,0,2,2,A,-,03,22350,NA,N,C,C,A,A,H,-,A,D,0,NA,NA,NA,NA,Y,NA,D,22,0,0,2,0,0,0,0,0,0,-,-,32.84933090209961,-117.07450103759766,SAN DIEGO,SAN DIEGO,-117.0744857788086,32.84931564331055
94382692,2024,2024-09-05,9650,2024-07-28,2051,023524,NA,7,2,9,3700,0,2,4,NA,2,061,IOWA SREET,E. MISSION,0,NA,Y,A,-,N,NA,NA,NA,NA,NA,NA,NA,NA,NA,Y,4,0,1,2,A,-,09,21804,A,N,D,2,A,A,H,-,C,A,0,NA,NA,NA,NA,Y,NA,A,01,0,0,1,0,0,0,0,0,0,-,-,33.38460159301758,-117.24810791015624,SAN DIEGO,UNINCORPORATED,NA,NA
94384920,2024,2024-09-06,9645,2024-09-03,2308,019410,NA,2,3,7,3711,0,1,1,NA,2,007,I-5 S/B,DEL MAR HEIGHTS RD. O/C,1500,N,N,B,-,Y,SD,NA,5,NA,R,34.524,H,NA,L,N,4,0,1,2,A,-,03,22350,NA,N,C,C,A,A,H,-,D,D,0,NA,NA,NA,NA,Y,NA,A,07,0,0,1,0,0,0,0,0,0,-,-,32.95558166503906,-117.24494934082033,SAN DIEGO,SAN DIEGO,-117.24488067626952,32.955589294433594
94385281,2024,2024-09-09,9650,2024-08-27,1620,019652,NA,2,2,9,3700,0,3,5,NA,2,211,MOUNTAIN MEADOW RD,VISTA MONTANOSO,0,NA,Y,A,-,N,NA,NA,NA,NA,NA,NA,NA,NA,NA,N,4,0,1,1,A,-,08,22107,NA,N,E,I,A,A,H,-,A,D,0,NA,NA,NA,NA,Y,NA,-,-,0,0,1,0,0,0,0,0,0,-,-,33.22649002075195,-117.1109619140625,SAN DIEGO,UNINCORPORATED,-117.11106872558594,33.226558685302734
94393922,2024,2024-09-13,9680,2024-08-24,2235,017996,NA,6,3,5,3705,0,1,1,NA,2,081,I-8 E/B TO SR-67 N/B,JOHNSON AVENUE,1105,E,N,A,-,Y,SD,NA,8,NA,NA,15.523,H,NA,R,Y,3,0,1,2,A,-,02,22400,A,F,C,C,A,A,H,-,D,D,0,NA,NA,NA,NA,Y,NA,A,01,0,1,0,0,0,0,0,0,0,-,-,32.80276870727539,-116.9673309326172,SAN DIEGO,EL CAJON,-116.96733856201172,32.80296325683594
94396151,2024,2024-09-16,9645,2024-09-10,930,019652,NA,2,1,7,3711,0,1,1,NA,2,017,I-15 N/B,H AVENUE,950,S,N,A,-,Y,SD,NA,15,NA,R,11.343,H,NA,R,Y,4,0,2,3,A,-,03,22350,NA,N,C,C,A,A,H,-,A,D,0,NA,NA,NA,NA,Y,NA,A,07,0,0,2,0,0,0,0,0,0,-,-,32.8521614074707,-117.1154327392578,SAN DIEGO,SAN DIEGO,-117.1153564453125,32.852142333984375
94397649,2024,2024-09-17,9680,2024-09-05,1620,020780,NA,4,2,9,3700,0,2,4,NA,1,029,SWEETWATER SPRINGS BOULEVARD,SR-94 E/B TO SWEETWATER SPRINGS BOULEVARD,15,S,N,A,-,N,NA,NA,NA,NA,NA,NA,NA,NA,NA,N,3,0,1,2,A,-,10,21950,A,N,G,B,B,A,H,-,A,A,0,Y,NA,NA,NA,Y,NA,A,01,0,1,0,0,1,0,0,0,0,-,-,32.74380111694336,-116.97355651855467,SAN DIEGO,UNINCORPORATED,NA,NA
94397785,2024,2024-09-17,9645,2024-09-04,1853,022021,NA,3,2,7,3711,0,1,1,NA,2,003,I-5 S/B TO SR-15 N/B,SR-15 N/B,280,S,N,A,-,Y,SD,NA,5,NA,R,12.583,H,NA,L,N,4,0,1,1,A,-,08,22107,NA,N,E,I,A,A,H,-,A,D,0,NA,NA,NA,NA,Y,NA,A,01,0,0,1,0,0,0,0,0,0,-,-,32.69211959838867,-117.12110137939452,SAN DIEGO,SAN DIEGO,-117.12095642089844,32.692264556884766
94399044,2024,2024-09-18,9680,2024-09-08,700,016102,NA,7,1,9,3700,0,1,3,NA,1,040,STATE ROUTE 94 (SR-94),POTRERO VALLEY ROAD,5280,W,N,A,-,Y,SD,NA,94,NA,NA,40.422,H,NA,R,N,3,0,1,2,A,-,03,22350,NA,N,B,G,A,A,H,-,A,D,0,NA,Y,NA,NA,Y,NA,D,22,0,1,0,0,0,0,1,0,0,-,-,32.60865020751953,-116.62928771972656,SAN DIEGO,UNINCORPORATED,-116.62929534912108,32.60867691040039
94400211,2024,2024-09-19,9645,2024-09-18,820,016156,NA,3,1,7,3711,0,1,1,NA,2,010,I-8 W/B,I-15 FREEWAY,686,E,N,B,-,Y,SD,NA,8,NA,NA,5.823,H,NA,L,Y,4,0,1,2,A,-,03,22350,NA,N,F,A,A,A,H,-,A,D,0,NA,NA,Y,NA,Y,NA,-,-,0,0,1,0,0,0,0,0,1,-,-,32.77873992919922,-117.10920715332033,SAN DIEGO,SAN DIEGO,-117.10920715332033,32.77880096435547
9440269,2022,2022-04-26,3711,2022-03-24,1435,SD6146,NA,4,5,7,3711,0,0,0,NA,0,233,BLACK MOUNTAIN RD,WESTVALE RD,0,NA,Y,A,-,N,NA,NA,NA,NA,NA,NA,NA,NA,NA,Y,3,0,1,2,A,-,09,21802,A,N,D,C,A,A,H,-,A,A,0,NA,NA,NA,NA,Y,NA,A,01,0,1,0,0,0,0,0,0,0,-,-,NA,NA,SAN DIEGO,SAN DIEGO,-117.13101959228516,32.977882385253906
94405013,2024,2024-09-24,9645,2024-09-06,622,022683,NA,5,1,7,3711,0,1,1,NA,2,001,I-5 N/B,MILE OF CARS WAY,1139,S,N,A,-,Y,SD,NA,5,NA,NA,9.844,H,NA,R,N,3,0,1,3,A,-,07,21658,A,M,D,C,A,A,H,-,A,D,0,NA,NA,Y,NA,Y,NA,-,-,0,1,0,0,0,0,0,0,1,-,-,32.65718078613281,-117.10675048828124,SAN DIEGO,SAN DIEGO,-117.1066665649414,32.65720748901367
94405778,2024,2024-09-24,9650,2024-08-29,1947,022924,NA,4,2,9,3700,0,3,5,NA,2,006,AMMUNITION RD,ALTURAS RD,250,W,N,A,-,N,NA,NA,NA,NA,NA,NA,NA,NA,NA,N,3,0,1,2,A,-,03,22350,NA,F,C,G,A,A,H,-,C,D,0,NA,Y,NA,NA,Y,NA,D,22,0,1,0,0,0,0,1,0,0,-,-,33.370479583740234,-117.25942230224608,SAN DIEGO,UNINCORPORATED,-117.25867462158205,33.37085723876953
9440652,2022,2022-05-06,3711,2022-04-21,0426,SD1301,NA,4,5,7,3711,0,0,0,NA,0,313,CLAIREMONT MESA BL,SHAWLINE ST,0,NA,Y,A,-,N,NA,NA,NA,NA,NA,NA,NA,NA,NA,Y,4,0,2,2,A,-,03,22350,NA,N,A,C,A,A,H,-,C,A,0,NA,NA,NA,NA,Y,NA,A,01,0,0,2,0,0,0,0,0,0,-,-,NA,NA,SAN DIEGO,SAN DIEGO,-117.16383361816406,32.83264923095703
94406633,2024,2024-09-24,9650,2024-09-20,1720,022884,NA,5,2,5,3701,0,1,1,NA,2,005,I-5 N/B,TAMARACK AVE,2000,S,N,A,-,Y,SD,NA,5,NA,R,48.982,H,NA,R,Y,4,0,1,2,A,-,03,22350,NA,N,C,C,A,C,H,-,A,D,0,NA,NA,NA,NA,Y,NA,A,07,0,0,1,0,0,0,0,0,0,-,-,33.148319244384766,-117.3341064453125,SAN DIEGO,CARLSBAD,-117.33408355712892,33.1483268737793
94407228,2024,2024-09-25,9650,2024-09-13,2005,022586,NA,5,2,6,3706,0,1,1,NA,2,023,I-15 N/B,EL NORTE PKWY,500,S,N,A,-,Y,SD,NA,15,NA,R,32.786,H,NA,R,N,4,0,1,2,A,-,03,22350,NA,M,C,C,A,A,D,-,C,A,0,NA,NA,NA,NA,Y,NA,-,99,0,0,1,0,0,0,0,0,0,-,-,33.14537811279297,-117.10442352294922,SAN DIEGO,ESCONDIDO,-117.10437774658205,33.14537811279297
9440745,2022,2022-05-13,3711,2022-04-20,1309,SD1166,NA,3,5,7,3711,0,0,0,NA,0,122,MISSOURI ST,FANUEL ST,0,NA,Y,A,-,N,NA,NA,NA,NA,NA,NA,NA,NA,NA,N,4,0,2,2,A,-,12,22450,A,N,D,C,A,A,H,-,A,A,0,NA,NA,NA,NA,Y,NA,A,01,0,0,2,0,0,0,0,0,0,-,-,NA,NA,SAN DIEGO,SAN DIEGO,-117.24749755859376,32.80227279663086
94407672,2024,2024-09-25,9645,2024-09-24,735,016156,NA,2,1,7,3711,0,1,3,NA,2,016,SR-52 W/B,MAST BLVD,950,E,N,B,-,Y,SD,NA,52,NA,NA,13.475,H,NA,L,N,3,0,1,2,A,-,07,21658,A,N,B,C,A,A,H,-,A,D,0,NA,NA,Y,NA,Y,NA,A,01,0,1,0,0,0,0,0,0,1,-,-,32.84260177612305,-117.0248794555664,SAN DIEGO,SAN DIEGO,-117.0248794555664,32.84260177612305
9440947,2022,2022-05-09,3711,2022-01-14,1909,D7461,NA,5,5,7,3711,0,0,0,NA,0,827,UNIVERSITY AV,52ND ST,11,E,N,A,-,N,NA,NA,NA,NA,NA,NA,NA,NA,NA,Y,3,0,1,2,A,-,11,21456,B,F,G,B,B,A,H,-,C,A,0,Y,NA,NA,NA,Y,NA,N,60,0,1,0,0,1,0,0,0,0,-,-,NA,NA,SAN DIEGO,SAN DIEGO,-117.08355712890624,32.74909973144531
94409668,2024,2024-09-26,9645,2024-09-18,745,015676,NA,3,1,7,3711,0,1,1,NA,2,009,I-805 NB,SR-54,2640,N,N,A,-,Y,SD,NA,805,NA,NA,10.193,H,NA,R,N,2,0,1,2,A,-,07,21658,A,N,B,C,A,A,H,-,A,D,0,NA,NA,Y,NA,Y,NA,A,07,1,0,0,0,0,0,0,0,1,-,-,32.67586135864258,-117.0838623046875,SAN DIEGO,SAN DIEGO,-117.08374786376952,32.6759033203125