CASE_ID,ACCIDENT_YEAR,PROC_DATE,JURIS,COLLISION_DATE,COLLISION_TIME,OFFICER_ID,REPORTING_DISTRICT,DAY_OF_WEEK,CHP_SHIFT,POPULATION,CNTY_CITY_LOC,SPECIAL_COND,BEAT_TYPE,CHP_BEAT_TYPE,CITY_DIVISION_LAPD,CHP_BEAT_CLASS,BEAT_NUMBER,PRIMARY_RD,SECONDARY_RD,DISTANCE,DIRECTION,INTERSECTION,WEATHER_1,WEATHER_2,STATE_HWY_IND,CALTRANS_COUNTY,CALTRANS_DISTRICT,STATE_ROUTE,ROUTE_SUFFIX,POSTMILE_PREFIX,POSTMILE,LOCATION_TYPE,RAMP_INTERSECTION,SIDE_OF_HWY,TOW_AWAY,COLLISION_SEVERITY,NUMBER_KILLED,NUMBER_INJURED,PARTY_COUNT,PRIMARY_COLL_FACTOR,PCF_CODE_OF_VIOL,PCF_VIOL_CATEGORY,PCF_VIOLATION,PCF_VIOL_SUBSECTION,HIT_AND_RUN,TYPE_OF_COLLISION,MVIW,PED_ACTION,ROAD_SURFACE,ROAD_COND_1,ROAD_COND_2,LIGHTING,CONTROL_DEVICE,CHP_ROAD_TYPE,PEDESTRIAN_ACCIDENT,BICYCLE_ACCIDENT,MOTORCYCLE_ACCIDENT,TRUCK_ACCIDENT,NOT_PRIVATE_PROPERTY,ALCOHOL_INVOLVED,STWD_VEHTYPE_AT_FAULT,CHP_VEHTYPE_AT_FAULT,COUNT_SEVERE_INJ,COUNT_VISIBLE_INJ,COUNT_COMPLAINT_PAIN,COUNT_PED_KILLED,COUNT_PED_INJURED,COUNT_BICYCLIST_KILLED,COUNT_BICYCLIST_INJURED,COUNT_MC_KILLED,COUNT_MC_INJURED,PRIMARY_RAMP,SECONDARY_RAMP,LATITUDE,LONGITUDE,COUNTY,CITY,POINT_X,POINT_Y
94411176,2024,2024-09-27,9645,2024-04-04,549,020161,NA,4,3,7,3711,0,1,3,NA,2,006,STATE ROUTE 94 WESTBOUND,FEDERAL BOULEVARD,82,W,N,A,-,Y,SD,NA,94,NA,NA,6.15,H,NA,L,Y,1,1,0,2,A,-,03,22350,NA,N,F,A,A,A,H,-,C,D,0,NA,NA,Y,NA,Y,NA,C,02,0,0,0,0,0,0,0,1,0,-,-,32.72711944580078,-117.07166290283205,SAN DIEGO,SAN DIEGO,-117.0716552734375,32.72711181640625
94411438,2024,2024-09-27,9645,2024-09-26,1635,022729,NA,4,2,7,3711,0,1,1,NA,2,011,I-805 NORTHBOUND,I-8,2112,S,N,A,-,Y,SD,NA,805,NA,NA,17.249,H,NA,R,Y,4,0,3,3,A,-,03,22350,NA,N,C,C,A,A,H,-,A,D,0,NA,NA,NA,NA,Y,NA,A,01,0,0,3,0,0,0,0,0,0,-,-,32.76681137084961,-117.1286392211914,SAN DIEGO,SAN DIEGO,-117.12866973876952,32.76680374145508
94412722,2024,2024-09-30,9645,2024-09-15,1910,022479,NA,7,2,7,3711,0,1,3,NA,2,016,SR-52 E/B,I-15,1775,E,N,A,-,Y,SD,NA,52,NA,NA,7.71,H,NA,R,Y,2,0,1,1,A,-,08,22107,NA,N,E,I,A,A,H,-,D,D,0,NA,NA,NA,NA,Y,NA,A,01,1,0,0,0,0,0,0,0,0,-,-,32.8418083190918,-117.11457824707033,SAN DIEGO,SAN DIEGO,-117.11457824707033,32.841758728027344
94412820,2024,2024-09-30,9645,2024-09-24,2125,022426,NA,2,2,5,3709,0,1,3,NA,2,008,STATE ROUTE 54 EASTBOUND,REO DRIVE,900,W,N,A,-,Y,SD,NA,54,NA,NA,2.78,H,NA,R,Y,4,0,3,2,A,-,03,22350,NA,N,C,C,A,A,H,-,D,D,0,NA,NA,NA,NA,Y,NA,A,01,0,0,3,0,0,0,0,0,0,-,-,32.66352844238281,-117.0605010986328,SAN DIEGO,NATIONAL CITY,-117.0605010986328,32.66353988647461
94413418,2024,2024-09-30,9645,2024-09-20,1910,023233,NA,5,2,7,3711,0,1,1,NA,2,001,INTERSTATE 5 SOUTHBOUND,MAIN STREET,1531,N,N,A,-,Y,SD,NA,5,NA,NA,5.695,H,NA,L,N,4,0,2,3,A,-,03,22350,NA,F,C,C,A,A,H,-,C,D,0,NA,NA,NA,NA,Y,NA,A,01,0,0,2,0,0,0,0,0,0,-,-,32.59914016723633,-117.08954620361328,SAN DIEGO,SAN DIEGO,-117.08949279785156,32.599143981933594
94413578,2024,2024-10-01,9680,2024-09-14,2335,023240,NA,6,3,9,3700,0,2,4,NA,1,026,LAMPLIGHTER VILLAGE DR,JAMACHA BLVD,0,NA,Y,A,-,N,NA,NA,NA,NA,NA,NA,NA,NA,NA,Y,3,0,1,2,A,-,09,21802,A,N,D,C,A,A,H,-,C,A,0,NA,NA,NA,NA,Y,NA,A,01,0,1,0,0,0,0,0,0,0,-,-,32.729671478271484,-116.96176910400392,SAN DIEGO,UNINCORPORATED,-116.96178436279295,32.72968673706055
94414649,2024,2024-10-01,9650,2024-09-27,1915,022493,NA,5,2,9,3700,0,3,5,NA,2,070,AVENIDA DE ACACIAS,LA GRANADA,0,NA,Y,A,-,N,NA,NA,NA,NA,NA,NA,NA,NA,NA,Y,4,0,1,2,A,-,09,21800,A,N,D,C,A,A,H,-,D,A,0,NA,NA,NA,NA,Y,NA,A,07,0,0,1,0,0,0,0,0,0,-,-,33.02157974243164,-117.20543670654295,SAN DIEGO,UNINCORPORATED,-117.20532989501952,33.021575927734375
94419722,2024,2024-10-04,9645,2024-09-27,1540,023659,NA,5,2,7,3711,0,1,1,NA,2,010,I-8 E/B,MISSION CENTER ROAD,898,W,N,A,-,Y,SD,NA,8,NA,NA,2.85,H,NA,R,Y,4,0,1,2,A,-,07,21658,A,N,B,C,A,A,H,-,A,D,0,NA,NA,Y,NA,Y,NA,A,07,0,0,1,0,0,0,0,0,1,-,-,32.76445007324219,-117.15679168701172,SAN DIEGO,SAN DIEGO,-117.15682983398438,32.76457595825195
94419823,2024,2024-10-04,9680,2024-09-25,1605,018322,NA,3,2,9,3700,0,1,1,NA,2,081,I-8 W/B,SPRING ST,1795,E,N,A,-,Y,SD,NA,8,NA,NA,11.338,H,NA,L,Y,4,0,4,3,A,-,03,22350,NA,N,C,C,A,A,H,-,A,D,0,NA,NA,NA,NA,Y,NA,A,01,0,0,4,0,0,0,0,0,0,-,-,32.77246856689453,-117.017822265625,SAN DIEGO,UNINCORPORATED,-117.01770782470705,32.7723274230957
94423653,2024,2024-10-08,9645,2024-10-03,2035,022765,NA,4,2,9,3700,0,3,5,NA,2,018,OTAY LAKES ROAD EB,POST MILE MARKER 5.0,543,E,N,A,-,N,NA,NA,NA,NA,NA,NA,NA,NA,NA,N,3,0,2,1,A,-,03,22350,NA,N,F,I,A,A,H,-,D,D,0,NA,NA,NA,NA,Y,NA,A,01,0,2,0,0,0,0,0,0,0,-,-,32.635108947753906,-116.9216766357422,SAN DIEGO,UNINCORPORATED,NA,NA
94424757,2024,2024-10-09,9645,2024-10-03,1555,023910,NA,4,2,7,3711,0,1,1,NA,2,010,I-8 W/B,I-805,750,W,N,A,-,Y,SD,NA,8,NA,NA,4.2,H,NA,L,N,4,0,1,3,A,-,01,23152,A,N,C,C,A,A,H,-,A,D,0,NA,NA,NA,NA,Y,Y,A,01,0,0,1,0,0,0,0,0,0,-,-,32.77130889892578,-117.13487243652344,SAN DIEGO,SAN DIEGO,-117.13484191894533,32.771217346191406
94426075,2024,2024-10-10,9645,2024-09-27,1400,023850,NA,5,2,7,3711,0,1,1,NA,2,003,I-5 N/B,J ST.,1584,S,N,A,-,Y,SD,NA,5,NA,R,14.444,H,NA,R,Y,4,0,1,1,A,-,08,22107,NA,N,E,I,A,A,H,-,A,D,0,NA,NA,NA,NA,Y,NA,A,01,0,0,1,0,0,0,0,0,0,-,-,32.70513916015625,-117.14739227294922,SAN DIEGO,SAN DIEGO,-117.14727783203124,32.70517349243164
94426351,2024,2024-10-10,9680,2024-09-29,715,021441,NA,7,1,5,3708,0,1,1,NA,2,081,I-8 E/B,GROSSMONT BLVD,630,W,N,B,E,Y,SD,NA,8,NA,NA,12.92,H,NA,R,N,3,0,1,1,A,-,01,23152,A,N,E,I,A,A,H,-,A,D,0,NA,NA,NA,NA,Y,Y,A,01,0,1,0,0,0,0,0,0,0,-,-,32.778900146484375,-116.99257659912108,SAN DIEGO,LA MESA,-116.99257659912108,32.779029846191406
94427781,2024,2024-10-11,9650,2024-10-05,1040,022588,NA,6,1,9,3700,0,3,5,NA,2,006,OLIVE HILL RD,GATEVIEW DR,45,S,N,A,-,N,NA,NA,NA,NA,NA,NA,NA,NA,NA,N,3,0,2,1,A,-,08,22107,NA,N,E,I,A,A,H,-,A,D,0,NA,NA,NA,NA,Y,NA,A,01,0,2,0,0,0,0,0,0,0,-,-,33.30303955078125,-117.24256896972656,SAN DIEGO,UNINCORPORATED,-117.24266815185548,33.303009033203125
94427981,2024,2024-10-11,9645,2024-10-04,1745,020997,NA,5,2,7,3711,0,1,1,NA,2,015,I-805 S/B,CLAIREMONT MESA BLVD,800,S,N,A,-,Y,SD,NA,805,NA,NA,22.301,H,NA,L,Y,4,0,1,3,A,-,03,22350,NA,N,C,C,A,A,H,-,A,D,0,NA,NA,NA,NA,Y,NA,A,01,0,0,1,0,0,0,0,0,0,-,-,32.83018112182617,-117.16766357421876,SAN DIEGO,SAN DIEGO,-117.16769409179688,32.83016586303711
94429689,2024,2024-10-14,9645,2024-10-01,600,016766,NA,2,1,7,3711,0,1,1,NA,2,021,SR-15 SOUTHBOUND,I-5 FREEWAY,2640,N,N,A,-,Y,SD,NA,15,NA,R,0.399,H,NA,L,Y,3,0,1,2,A,-,07,21658,A,N,C,C,A,A,H,-,D,A,0,NA,NA,Y,NA,Y,NA,A,01,0,1,0,0,0,0,0,0,1,-,-,32.698509216308594,-117.12106323242188,SAN DIEGO,SAN DIEGO,-117.12100219726563,32.69850540161133
94430360,2024,2024-10-14,9650,2024-10-06,1945,023467,NA,7,2,6,3706,0,1,1,NA,2,023,I-15 S/B,CITRACADO PKY,3168,N,N,A,-,Y,SD,NA,15,NA,R,29.416,H,NA,L,Y,4,0,1,2,A,-,03,22350,NA,N,C,C,A,A,H,-,C,D,0,NA,NA,Y,NA,Y,NA,C,02,0,0,1,0,0,0,0,0,1,-,-,33.099388122558594,-117.08963775634766,SAN DIEGO,ESCONDIDO,-117.089599609375,33.09941101074219
94431909,2024,2024-10-28,9650,2024-10-09,542,017952,NA,3,3,9,3700,0,1,1,NA,2,022,I-15 S/B,SR-76,11088,N,N,A,-,Y,SD,NA,15,NA,R,48.605,H,NA,L,Y,3,0,1,4,A,-,03,22350,NA,N,B,C,A,A,H,-,D,D,0,NA,NA,Y,Y,Y,NA,C,02,0,1,0,0,0,0,0,0,1,-,-,33.36185073852539,-117.16007232666016,SAN DIEGO,UNINCORPORATED,-117.16009521484376,33.36184310913086
94433913,2024,2024-10-16,9645,2024-10-13,1507,022988,NA,7,2,7,3711,0,1,3,NA,2,023,SR-163 S/B,FRIARS RD,780,S,N,A,-,Y,SD,NA,163,NA,NA,4.194,H,NA,L,N,3,0,1,2,A,-,07,21658,A,N,B,C,A,A,H,-,A,D,0,NA,NA,NA,NA,Y,NA,A,01,0,1,0,0,0,0,0,0,0,-,-,32.769039154052734,-117.1620635986328,SAN DIEGO,SAN DIEGO,-117.16210174560548,32.769046783447266
94434724,2024,2024-10-17,9645,2024-10-09,1518,018146,NA,3,2,7,3711,0,1,1,NA,2,019,I-15 N/B,DUENDA RD. O/C,500,N,N,A,-,Y,SD,NA,15,NA,M,24.908,H,NA,R,N,4,0,1,4,A,-,03,22350,NA,M,C,C,A,A,H,-,A,D,0,NA,NA,NA,NA,Y,NA,-,99,0,0,1,0,0,0,0,0,0,-,-,33.04008102416992,-117.07476806640624,SAN DIEGO,SAN DIEGO,-117.07470703125,33.040061950683594
94434870,2024,2024-10-17,9650,2024-10-14,1200,019346,NA,1,1,5,3701,0,1,1,NA,2,005,I-5 S/B,PALOMAR AIRPORT RD,50,N,N,A,-,Y,NA,NA,NA,NA,NA,NA,NA,NA,NA,N,4,0,2,3,A,-,03,22350,NA,N,C,C,A,A,H,-,A,A,0,NA,NA,NA,NA,Y,NA,A,01,0,0,2,0,0,0,0,0,0,-,-,33.123130798339844,-117.32389068603516,SAN DIEGO,CARLSBAD,-117.32231903076172,33.1223030090332
94434959,2024,2024-10-17,9650,2024-10-15,810,019426,NA,2,1,5,3701,0,1,1,NA,2,005,I-5 S/B,CANNON RD,1584,N,N,B,-,Y,SD,NA,5,NA,R,48.275,H,NA,L,N,4,0,1,2,A,-,03,22350,NA,M,C,C,A,A,D,-,A,D,0,NA,NA,NA,NA,Y,NA,-,-,0,0,1,0,0,0,0,0,0,-,-,33.13842010498047,-117.33145904541016,SAN DIEGO,CARLSBAD,-117.33150482177734,33.138404846191406
94435025,2024,2024-10-17,9680,2024-10-05,1149,019870,NA,6,1,9,3700,0,1,1,NA,2,085,I-8 E/B,PINE VALLEY ROAD,528,W,N,A,-,Y,SD,NA,8,NA,R,43.469,H,NA,R,N,3,0,1,1,A,-,03,22350,NA,N,F,A,A,A,H,-,A,D,0,NA,NA,Y,NA,Y,NA,C,02,0,1,0,0,0,0,0,0,1,-,-,32.818119049072266,-116.53412628173828,SAN DIEGO,UNINCORPORATED,-116.5341339111328,32.81808853149414
94438999,2024,2024-10-21,9650,2024-10-18,1100,015446,NA,5,1,9,3700,0,3,5,NA,1,212,COLE GRADE ROAD,VALLEY CENTER ROAD,100,N,N,A,-,N,NA,NA,NA,NA,NA,NA,NA,NA,NA,N,3,0,2,2,A,-,09,21804,A,N,D,C,A,A,H,-,A,D,0,NA,NA,NA,NA,Y,NA,A,07,0,2,0,0,0,0,0,0,0,-,-,33.231651306152344,-117.02424621582033,SAN DIEGO,UNINCORPORATED,-117.0242156982422,33.23149108886719
94441125,2024,2024-10-22,9680,2024-10-11,1832,023846,NA,5,2,5,3705,0,1,1,NA,2,082,I-8 E/B,N 1ST ST,317,W,N,A,-,Y,SD,NA,8,NA,NA,16.781,H,NA,R,Y,3,0,2,2,A,-,03,22350,NA,F,C,C,A,A,H,-,D,D,0,NA,NA,NA,NA,Y,NA,-,99,0,2,0,0,0,0,0,0,0,-,-,32.802940368652344,-116.94571685791016,SAN DIEGO,EL CAJON,-116.94571685791016,32.80295181274414
94441244,2024,2024-10-23,9680,2024-10-11,1703,018672,NA,5,2,9,3700,0,3,5,NA,2,005,EAGLE PEAK ROAD,QUAIL HOLLOW ROAD,40,N,N,A,-,N,NA,NA,NA,NA,NA,NA,NA,NA,NA,Y,3,0,1,2,A,-,08,22107,NA,N,A,C,A,A,H,-,A,D,0,NA,NA,Y,NA,Y,NA,A,01,0,1,0,0,0,0,0,0,1,-,-,33.0519905090332,-116.63314056396484,SAN DIEGO,UNINCORPORATED,-116.63309478759766,33.051918029785156
94443787,2024,2024-10-24,9650,2024-10-23,1508,017952,NA,3,2,9,3700,0,1,3,NA,1,028,SR-76,RINCON RANCH RD,1584,E,N,A,-,N,NA,NA,NA,NA,NA,NA,NA,NA,NA,Y,3,0,1,1,A,-,08,22107,NA,N,F,A,A,A,H,-,A,D,0,NA,NA,NA,NA,Y,NA,A,01,0,1,0,0,0,0,0,0,0,-,-,33.30126953125,-116.93920135498048,SAN DIEGO,UNINCORPORATED,-116.93904113769533,33.30031967163086
94447900,2024,2024-10-28,9650,2024-10-12,45,022992,NA,6,3,9,3700,0,1,1,NA,2,021,I-15 SOUTHBOUND,GOPHER CANYON ROAD,10560,S,N,E,-,Y,SD,NA,15,NA,R,38.871,H,NA,L,Y,3,0,1,2,A,-,01,23152,A,N,C,C,A,A,H,-,D,D,0,NA,NA,NA,Y,Y,Y,A,01,0,1,0,0,0,0,0,0,0,-,-,33.22560119628906,-117.14447021484376,SAN DIEGO,UNINCORPORATED,-117.14445495605467,33.22560501098633
9444924,2022,2022-06-17,3711,2022-05-08,0550,SD6986,NA,7,5,7,3711,0,0,0,NA,0,813,UNIVERSITY AV,VILLA TERRACE,0,NA,Y,A,-,N,NA,NA,NA,NA,NA,NA,NA,NA,NA,Y,3,0,1,1,A,-,08,22107,NA,N,F,I,A,A,H,-,B,D,0,NA,NA,NA,NA,Y,NA,A,01,0,1,0,0,0,0,0,0,0,-,-,NA,NA,SAN DIEGO,SAN DIEGO,-117.1357192993164,32.74846267700195
9445174,2022,2022-06-07,3705,2022-03-17,1030,EC0279,NA,4,5,5,3705,0,0,0,NA,0,002,MAIN ST,TAFT AV,0,NA,Y,A,-,N,NA,NA,NA,NA,NA,NA,NA,NA,NA,Y,4,0,1,2,A,-,09,21802,A,F,D,C,A,A,H,-,A,A,0,NA,NA,NA,NA,Y,NA,A,01,0,0,1,0,0,0,0,0,0,-,-,NA,NA,SAN DIEGO,EL CAJON,-116.95640563964844,32.79494857788086
9445398,2022,2022-06-13,3711,2022-05-18,0409,SD1515,NA,3,5,7,3711,0,0,0,NA,0,123,LA JOLLA VILLAGE DR,GILMAN DR,29,E,N,A,-,N,NA,NA,NA,NA,NA,NA,NA,NA,NA,Y,4,0,1,1,A,-,03,22350,NA,N,A,I,A,A,H,-,C,A,0,NA,NA,NA,NA,Y,NA,A,07,0,0,1,0,0,0,0,0,0,-,-,NA,NA,SAN DIEGO,SAN DIEGO,-117.23784637451172,32.871707916259766
94455078,2024,2024-11-01,9680,2024-09-15,1930,023909,NA,7,2,9,3700,0,2,4,NA,1,013,WILDCAT CANYON RD,PATA RANCH RD,1056,S,N,A,-,N,NA,NA,NA,NA,NA,NA,NA,NA,NA,Y,3,0,3,2,A,-,05,21460,A,N,A,2,A,A,H,-,D,D,0,NA,NA,NA,NA,Y,NA,A,08,0,1,2,0,0,0,0,0,0,-,-,32.9056282043457,-116.8836669921875,SAN DIEGO,UNINCORPORATED,-116.88372039794922,32.90595626831055
94458748,2024,2024-11-05,9645,2024-11-02,2045,022479,NA,6,2,7,3711,0,1,1,NA,2,027,SR-15 N/B,I-8,980,S,N,C,-,Y,SD,NA,15,NA,R,5.933,H,NA,R,Y,4,0,1,1,A,-,03,22350,NA,N,E,I,A,B,H,-,D,D,0,NA,NA,NA,Y,Y,NA,F,26,0,0,1,0,0,0,0,0,0,-,-,32.775821685791016,-117.11174011230467,SAN DIEGO,SAN DIEGO,-117.11161041259766,32.775814056396484
94459984,2024,2024-11-06,9645,2024-11-01,630,024081,NA,5,1,7,3711,0,1,3,NA,2,023,I-5 NORTHBOUND FROM SR-163 SOUTHBOUND,EL PRADO,1320,S,N,A,-,Y,NA,NA,NA,NA,NA,NA,NA,NA,NA,N,4,0,1,2,A,-,21,22106,NA,F,G,B,E,A,H,-,B,D,0,Y,NA,NA,NA,Y,NA,-,99,0,0,1,0,1,0,0,0,0,-,-,32.72789001464844,-117.15635681152344,SAN DIEGO,SAN DIEGO,NA,NA
94461609,2024,2024-11-07,9650,2024-10-30,2107,022851,NA,3,2,9,3700,0,2,4,NA,2,061,SOUTH MISSION RD,GREEN CANYON RD,98,S,N,A,-,N,NA,NA,NA,NA,NA,NA,NA,NA,NA,Y,4,0,1,2,A,-,01,23152,A,N,A,C,A,A,H,-,C,D,0,NA,NA,NA,NA,Y,Y,A,01,0,0,1,0,0,0,0,0,0,-,-,33.33274841308594,-117.23584747314452,SAN DIEGO,UNINCORPORATED,-117.23587036132813,33.3327522277832
94463616,2024,2024-11-25,9650,2024-11-03,1410,022493,NA,7,2,6,3710,0,1,3,NA,2,015,SR-78 E/B FROM VISTA WAY,MORENO ST,500,E,N,A,-,Y,SD,NA,78,NA,NA,0.024,H,NA,R,Y,4,0,1,2,A,-,07,21658,A,N,C,C,A,A,H,-,A,D,0,NA,NA,NA,NA,Y,NA,A,07,0,0,1,0,0,0,0,0,0,-,-,33.177120208740234,-117.35099029541016,SAN DIEGO,OCEANSIDE,-117.35099029541016,33.1771240234375
9446391,2022,2022-06-08,3700,2022-05-16,2203,SH1911,NA,1,5,5,3712,0,0,0,NA,0,350,WEST MISSION RD,E PICO AV,31,E,N,A,-,N,NA,NA,NA,NA,NA,NA,NA,NA,NA,Y,4,0,2,2,A,-,01,23152,A,N,C,C,A,A,H,-,C,A,0,NA,NA,NA,NA,Y,Y,A,01,0,0,2,0,0,0,0,0,0,-,-,NA,NA,SAN DIEGO,SAN MARCOS,-117.16595458984376,33.14346694946289
94464879,2024,2024-11-11,9645,2024-10-28,1610,023850,NA,1,2,7,3711,0,1,1,NA,2,010,I-8 W/B FROM COLLEGE,COLLEGE AVENUE,802,W,N,A,-,Y,SD,NA,8,NA,NA,8.193,H,NA,L,Y,3,0,2,2,A,-,03,22350,NA,N,C,2,A,A,H,-,A,D,0,NA,NA,NA,NA,Y,NA,A,07,0,2,0,0,0,0,0,0,0,-,-,32.779598236083984,-117.06877136230467,SAN DIEGO,SAN DIEGO,-117.06876373291016,32.77943801879883
94464955,2024,2024-11-11,9680,2024-10-31,1220,024079,NA,4,1,5,3708,0,1,1,NA,2,081,I-8 E/B,JACKSON DRIVE,1584,W,N,A,-,Y,SD,NA,8,NA,NA,11.421,H,NA,R,Y,4,0,1,2,A,-,08,22107,NA,N,E,I,A,A,H,-,A,D,0,NA,NA,NA,NA,Y,NA,A,01,0,0,1,0,0,0,0,0,0,-,-,32.77259063720703,-117.01651000976563,SAN DIEGO,LA MESA,-117.01659393310548,32.772705078125
94465498,2024,2024-11-12,9650,2024-10-31,1432,017828,NA,4,2,9,3700,0,3,5,NA,2,050,HARBOR DR,SAN RAFAEL DR,50,S,N,A,-,N,NA,NA,NA,NA,NA,NA,NA,NA,NA,N,4,0,1,2,A,-,03,22350,NA,N,C,C,A,A,H,-,A,A,0,NA,NA,NA,NA,Y,NA,A,01,0,0,1,0,0,0,0,0,0,-,-,33.212799072265625,-117.38658142089844,SAN DIEGO,UNINCORPORATED,-117.3865966796875,33.212894439697266
94469071,2024,2024-11-14,9650,2024-11-11,2319,021805,NA,1,3,9,3700,0,1,1,NA,2,022,I-15 S/B,EAST MISSION RD,1584,N,N,A,-,Y,SD,NA,15,NA,R,50.876,H,NA,L,Y,4,0,2,2,A,-,08,22107,NA,N,B,C,A,A,H,-,D,D,0,NA,NA,NA,NA,Y,NA,A,07,0,0,2,0,0,0,0,0,0,-,-,33.3913688659668,-117.17440795898438,SAN DIEGO,UNINCORPORATED,-117.17446136474608,33.39137649536133
9447087,2022,2022-05-25,3709,2022-05-11,1614,NC0498,NA,3,5,5,3709,0,0,0,NA,0,021,EAST DIVISION ST,HARBISON AV,37,E,N,A,-,N,NA,NA,NA,NA,NA,NA,NA,NA,NA,Y,4,0,1,2,A,-,08,22107,NA,N,D,C,A,A,H,-,A,D,0,NA,NA,NA,NA,Y,NA,A,07,0,0,1,0,0,0,0,0,0,-,-,NA,NA,SAN DIEGO,NATIONAL CITY,-117.07774353027344,32.69163131713867
94471303,2024,2024-11-15,9645,2024-11-12,1741,022021,NA,2,2,7,3711,0,1,1,NA,2,027,I-15 S/B,CLAIREMONT MESA BLVD,615,S,N,A,-,Y,SD,NA,15,NA,R,9.871,H,NA,L,Y,4,0,2,4,A,-,03,22350,NA,N,B,C,A,A,H,-,D,D,0,NA,NA,Y,NA,Y,NA,C,02,0,0,2,0,0,0,0,0,2,-,-,32.83192825317383,-117.1186981201172,SAN DIEGO,SAN DIEGO,-117.11871337890624,32.83192825317383
94472815,2024,2024-11-18,9650,2024-10-20,1615,021876,NA,7,2,9,3700,0,1,3,NA,2,065,SR-76 W/B,OLD HIGHWAY 395,0,NA,Y,A,-,Y,SD,NA,76,NA,R,17.019,H,NA,L,Y,4,0,1,2,A,-,12,21453,A,N,D,C,A,A,H,-,A,A,0,NA,NA,NA,NA,Y,NA,A,07,0,0,1,0,0,0,0,0,0,-,-,33.32809829711914,-117.1626205444336,SAN DIEGO,UNINCORPORATED,-117.16262817382813,33.32810974121094
94474078,2024,2024-11-18,9645,2024-11-12,1800,022479,NA,2,2,7,3711,0,1,1,NA,2,013,I-805 SB,I-8 W/B,2300,N,N,A,-,Y,SD,NA,805,NA,NA,18.372,H,NA,L,Y,3,0,1,4,A,-,08,22107,NA,M,B,C,A,A,H,-,D,D,0,NA,NA,Y,NA,Y,NA,-,99,0,1,0,0,0,0,0,0,1,-,-,32.78070831298828,-117.13876342773438,SAN DIEGO,SAN DIEGO,-117.13873291015624,32.78072738647461
94475638,2024,2024-11-19,9645,2024-11-19,920,016156,NA,2,1,7,3711,0,1,1,NA,2,010,I-8 W/B,MISSION CITY PARKWAY O/C,150,W,N,A,-,Y,SD,NA,8,NA,NA,4.83,H,NA,L,N,4,0,1,2,A,-,08,22107,NA,N,B,C,A,A,H,-,A,D,0,NA,NA,NA,NA,Y,NA,A,01,0,0,1,0,0,0,0,0,0,-,-,32.7747917175293,-117.12509155273438,SAN DIEGO,SAN DIEGO,-117.12514495849608,32.77485275268555
94476870,2024,2024-11-20,9680,2024-11-08,1525,021584,NA,5,2,9,3700,0,1,3,NA,1,090,STATE ROUTE 67,HUNTER STREET,276,N,N,A,-,Y,SD,NA,67,NA,NA,23.078,H,NA,R,Y,4,0,2,4,A,-,03,22350,NA,N,C,C,A,A,H,-,A,D,0,NA,NA,NA,NA,Y,NA,A,01,0,0,2,0,0,0,0,0,0,-,-,33.030399322509766,-116.88662719726563,SAN DIEGO,UNINCORPORATED,-116.88661956787108,33.030391693115234
94477064,2024,2024-11-20,9680,2024-11-10,1824,024079,NA,7,2,9,3700,0,3,5,NA,2,004,JAMUL DR,IVANHOE RANCH RD,0,NA,Y,A,-,N,NA,NA,NA,NA,NA,NA,NA,NA,NA,Y,3,0,1,2,A,-,03,22350,NA,N,C,C,A,A,H,-,C,A,0,NA,NA,NA,NA,Y,NA,A,01,0,1,0,0,0,0,0,0,0,-,-,32.74052047729492,-116.91126251220705,SAN DIEGO,UNINCORPORATED,-116.9111099243164,32.740623474121094
94477413,2024,2024-11-20,9645,2024-11-11,513,022845,NA,1,3,7,3711,0,1,1,NA,2,015,I-805 NB,I-5,900,S,N,A,-,Y,SD,NA,805,NA,NA,28.517,H,NA,R,Y,3,0,3,2,A,-,08,22107,NA,N,G,2,A,A,H,-,D,D,0,NA,NA,NA,NA,Y,NA,A,01,0,1,2,0,0,0,0,0,0,-,-,32.90447998046875,-117.22419738769533,SAN DIEGO,SAN DIEGO,-117.22397613525392,32.90462112426758
9447912,2022,2022-09-14,3700,2022-07-03,1622,SH0459,NA,7,5,4,3780,0,0,0,NA,0,412,POWAY RD,SUNRISE RANCH RD,440,E,N,A,-,N,NA,NA,NA,NA,NA,NA,NA,NA,NA,Y,3,0,2,2,A,-,05,21460,A,N,A,C,A,A,H,-,A,D,0,NA,NA,NA,NA,Y,NA,A,01,0,2,0,0,0,0,0,0,0,-,-,NA,NA,SAN DIEGO,POWAY,-117.01917266845705,32.9676628112793