CASE_ID,ACCIDENT_YEAR,PROC_DATE,JURIS,COLLISION_DATE,COLLISION_TIME,OFFICER_ID,REPORTING_DISTRICT,DAY_OF_WEEK,CHP_SHIFT,POPULATION,CNTY_CITY_LOC,SPECIAL_COND,BEAT_TYPE,CHP_BEAT_TYPE,CITY_DIVISION_LAPD,CHP_BEAT_CLASS,BEAT_NUMBER,PRIMARY_RD,SECONDARY_RD,DISTANCE,DIRECTION,INTERSECTION,WEATHER_1,WEATHER_2,STATE_HWY_IND,CALTRANS_COUNTY,CALTRANS_DISTRICT,STATE_ROUTE,ROUTE_SUFFIX,POSTMILE_PREFIX,POSTMILE,LOCATION_TYPE,RAMP_INTERSECTION,SIDE_OF_HWY,TOW_AWAY,COLLISION_SEVERITY,NUMBER_KILLED,NUMBER_INJURED,PARTY_COUNT,PRIMARY_COLL_FACTOR,PCF_CODE_OF_VIOL,PCF_VIOL_CATEGORY,PCF_VIOLATION,PCF_VIOL_SUBSECTION,HIT_AND_RUN,TYPE_OF_COLLISION,MVIW,PED_ACTION,ROAD_SURFACE,ROAD_COND_1,ROAD_COND_2,LIGHTING,CONTROL_DEVICE,CHP_ROAD_TYPE,PEDESTRIAN_ACCIDENT,BICYCLE_ACCIDENT,MOTORCYCLE_ACCIDENT,TRUCK_ACCIDENT,NOT_PRIVATE_PROPERTY,ALCOHOL_INVOLVED,STWD_VEHTYPE_AT_FAULT,CHP_VEHTYPE_AT_FAULT,COUNT_SEVERE_INJ,COUNT_VISIBLE_INJ,COUNT_COMPLAINT_PAIN,COUNT_PED_KILLED,COUNT_PED_INJURED,COUNT_BICYCLIST_KILLED,COUNT_BICYCLIST_INJURED,COUNT_MC_KILLED,COUNT_MC_INJURED,PRIMARY_RAMP,SECONDARY_RAMP,LATITUDE,LONGITUDE,COUNTY,CITY,POINT_X,POINT_Y
9765794,2024,2025-02-19,3711,2024-09-23,2240,SD1638,NA,1,5,7,3711,0,0,0,NA,0,326,COLLWOOD BL,MONROE AV,90,N,N,A,-,N,NA,NA,NA,NA,NA,NA,NA,NA,NA,Y,2,0,2,2,A,-,08,22100,B,N,D,C,A,A,H,-,D,D,0,NA,NA,Y,NA,Y,Y,A,01,1,0,1,0,0,0,0,0,1,-,-,NA,NA,SAN DIEGO,SAN DIEGO,-117.0808563232422,32.76006317138672
9766169,2025,2025-02-27,3711,2025-02-06,524,SD7957,NA,4,5,7,3711,0,0,0,NA,0,833,EUCLID AV,EUCLID AV 3700,0,NA,Y,A,-,N,NA,NA,NA,NA,NA,NA,NA,NA,NA,Y,3,0,1,4,A,-,-,NA,NA,N,C,E,A,A,H,-,C,D,0,NA,NA,NA,NA,Y,Y,A,01,0,1,0,0,0,0,0,0,0,-,-,NA,NA,SAN DIEGO,SAN DIEGO,-117.08499908447266,32.704505920410156
9766492,2025,2025-03-07,3711,2025-02-19,2005,SD8672,NA,3,5,7,3711,0,0,0,NA,0,617,LOMALAND DR,CATALINA BL,39,W,N,A,-,N,NA,NA,NA,NA,NA,NA,NA,NA,NA,N,3,0,1,3,A,-,03,22350,NA,N,C,G,A,A,H,-,C,A,0,NA,Y,NA,NA,Y,NA,A,01,0,1,0,0,0,0,1,0,0,-,-,NA,NA,SAN DIEGO,SAN DIEGO,-117.24657440185548,32.71908950805664
9766496,2025,2025-03-04,3711,2025-02-20,644,SD1244,NA,4,5,7,3711,0,0,0,NA,0,322,WARING RD,PRINCESS VIEW DR,250,S,N,A,-,N,NA,NA,NA,NA,NA,NA,NA,NA,NA,Y,3,0,1,1,A,-,07,21658,A,N,A,I,A,A,H,-,A,D,0,NA,NA,NA,NA,Y,NA,A,01,0,1,0,0,0,0,0,0,0,-,-,NA,NA,SAN DIEGO,SAN DIEGO,-117.07657623291016,32.79683303833008
9766611,2025,2025-04-04,3702,2025-03-17,1217,CV1599,NA,1,5,6,3702,0,0,0,NA,0,021,BROADWAY,OXFORD ST,563,N,N,A,-,N,NA,NA,NA,NA,NA,NA,NA,NA,NA,N,4,0,2,2,A,-,03,22350,NA,N,C,C,A,A,H,-,A,D,0,NA,NA,NA,NA,Y,NA,A,01,0,0,2,0,0,0,0,0,0,-,-,NA,NA,SAN DIEGO,CHULA VISTA,-117.08066558837892,32.608272552490234
9766647,2025,2025-04-02,3710,2025-03-10,1850,OC1334,NA,1,5,6,3710,0,0,0,NA,0,013,LAUREL RD,CHOPIN WY,121,N,N,A,-,N,NA,NA,NA,NA,NA,NA,NA,NA,NA,Y,3,0,1,1,A,-,03,22350,NA,N,E,I,A,A,H,-,B,D,0,NA,NA,NA,NA,Y,NA,D,22,0,1,0,0,0,0,0,0,0,-,-,NA,NA,SAN DIEGO,OCEANSIDE,-117.33497619628906,33.1866340637207
9766792,2025,2025-04-03,3710,2025-03-10,1910,OC1574,NA,1,5,6,3710,0,0,0,NA,0,033,COLLEGE BL,RT 76,637,S,N,A,-,N,NA,NA,NA,NA,NA,NA,NA,NA,NA,Y,3,0,1,2,A,-,09,21804,A,N,D,C,A,A,H,-,C,A,0,NA,NA,NA,NA,Y,NA,A,01,0,1,0,0,0,0,0,0,0,-,-,NA,NA,SAN DIEGO,OCEANSIDE,-117.28968048095705,33.2418327331543
9767612,2024,2024-12-24,3709,2024-10-30,1432,NC0530,NA,3,5,5,3709,0,0,0,NA,0,023,SWEETWATER RD,PROSPECT ST,288,W,N,A,-,N,NA,NA,NA,NA,NA,NA,NA,NA,NA,N,3,0,1,2,A,-,09,21802,B,N,D,G,A,A,H,-,A,D,0,NA,Y,NA,NA,Y,Y,D,22,0,1,0,0,0,0,1,0,0,-,-,NA,NA,SAN DIEGO,NATIONAL CITY,-117.08145904541016,32.66156768798828
9769636,2024,2025-01-13,3710,2024-12-10,1705,OC1487,NA,2,5,6,3710,0,0,0,NA,0,003,WISCONSIN AV,S NEVADA ST,11,W,N,A,-,N,NA,NA,NA,NA,NA,NA,NA,NA,NA,N,3,0,1,2,A,-,09,21801,A,N,A,G,A,A,H,-,B,B,0,NA,Y,NA,NA,Y,Y,A,01,0,1,0,0,0,0,1,0,0,-,-,NA,NA,SAN DIEGO,OCEANSIDE,-117.37095642089844,33.18993377685547
9770386,2024,2025-01-03,3711,2024-12-18,1812,SD7247,NA,3,5,7,3711,0,0,0,NA,0,931,MIRA MESA BL,SCRANTON RD,0,NA,Y,A,-,N,NA,NA,NA,NA,NA,NA,NA,NA,NA,Y,4,0,2,2,A,-,04,21703,NA,N,C,C,A,A,H,-,C,D,0,NA,NA,NA,NA,Y,NA,A,01,0,0,2,0,0,0,0,0,0,-,-,NA,NA,SAN DIEGO,SAN DIEGO,-117.20162963867188,32.89255142211914
9771286,2024,2025-01-22,3711,2024-12-27,1343,SD6390,NA,5,5,7,3711,0,0,0,NA,0,432,OLVERA AV,LAS FLORES TER,0,NA,Y,A,B,N,NA,NA,NA,NA,NA,NA,NA,NA,NA,N,4,0,1,1,A,-,03,22350,NA,N,H,J,A,A,H,-,A,A,0,NA,NA,Y,NA,Y,NA,C,02,0,0,1,0,0,0,0,0,1,-,-,NA,NA,SAN DIEGO,SAN DIEGO,-117.07491302490234,32.69939422607422
9771783,2024,2025-01-03,3700,2024-11-01,2122,SH0029,NA,5,5,5,3713,0,0,0,NA,0,302,EAST BOBIER DR,PANTHER WY,0,NA,Y,A,-,N,NA,NA,NA,NA,NA,NA,NA,NA,NA,Y,4,0,1,2,A,-,12,21453,A,N,D,C,A,A,H,-,C,A,0,NA,NA,NA,NA,Y,NA,A,01,0,0,1,0,0,0,0,0,0,-,-,NA,NA,SAN DIEGO,VISTA,-117.24160766601563,33.22134780883789
9771926,2024,2025-01-23,3711,2024-12-17,2207,SD4310,NA,2,5,7,3711,0,0,0,NA,0,116,MORENA BL,FRANKFORT ST,17,E,N,A,-,N,NA,NA,NA,NA,NA,NA,NA,NA,NA,Y,3,0,1,1,A,-,03,22350,NA,M,E,I,A,A,H,-,C,D,0,NA,NA,NA,NA,Y,Y,D,22,0,1,0,0,0,0,0,0,0,-,-,NA,NA,SAN DIEGO,SAN DIEGO,-117.2060546875,32.77465057373047
9772259,2025,2025-02-03,3711,2025-01-02,757,SD1519,NA,4,5,7,3711,0,0,0,NA,0,524,11TH AV,BROADWAY,0,NA,Y,A,-,N,NA,NA,NA,NA,NA,NA,NA,NA,NA,N,4,0,1,2,A,-,10,21950,A,N,B,B,B,A,H,-,A,A,0,Y,NA,NA,NA,Y,Y,A,01,0,0,1,0,1,0,0,0,0,-,-,NA,NA,SAN DIEGO,SAN DIEGO,-117.15473175048828,32.715736389160156
9772300,2024,2025-01-14,3710,2024-12-16,1528,OC1561,NA,1,5,6,3710,0,0,0,NA,0,024,RANCHO DEL ORO DR,SAN RAMON DR,0,NA,Y,A,-,N,NA,NA,NA,NA,NA,NA,NA,NA,NA,N,3,0,1,2,A,-,08,22107,NA,M,D,G,A,A,H,-,A,A,0,NA,Y,NA,NA,Y,NA,L,04,0,1,0,0,0,0,1,0,0,-,-,NA,NA,SAN DIEGO,OCEANSIDE,-117.3203582763672,33.22245788574219
9775114,2025,2025-02-24,3711,2025-01-18,1035,SD1140,YC405,6,5,7,3711,0,0,0,NA,0,113,BALBOA,MORAGA AV,531,W,N,A,-,N,NA,NA,NA,NA,NA,NA,NA,NA,NA,N,4,0,1,2,A,-,04,21703,NA,N,C,C,A,A,H,-,A,D,0,NA,NA,NA,Y,Y,NA,F,26,0,0,1,0,0,0,0,0,0,-,-,34.027198791503906,-117.11907196044922,SAN DIEGO,SAN DIEGO,-117.21219635009766,32.807472229003906
9775193,2024,2025-01-31,3711,2024-01-18,2355,SD1651,NA,4,5,7,3711,0,0,0,NA,0,622,W MORENA BL,VEGA ST,228,W,N,A,-,N,NA,NA,NA,NA,NA,NA,NA,NA,NA,N,4,0,1,1,A,-,03,22350,NA,N,H,J,A,A,G,-,C,A,0,NA,NA,Y,NA,Y,NA,C,02,0,0,1,0,0,0,0,0,1,-,-,NA,NA,SAN DIEGO,SAN DIEGO,-117.20451354980467,32.770408630371094
9775201,2025,2025-02-06,3711,2025-01-16,1116,SD1653,NA,4,5,7,3711,0,0,0,NA,0,712,WEST SAN YSIDRO BL,VIA DE YSIDRO BL,7,S,N,A,-,N,NA,NA,NA,NA,NA,NA,NA,NA,NA,Y,4,0,1,2,A,-,10,21950,A,N,A,B,B,A,H,-,A,A,0,Y,NA,NA,NA,Y,NA,A,01,0,0,1,0,1,0,0,0,0,-,-,NA,NA,SAN DIEGO,SAN DIEGO,-117.04493713378906,32.552452087402344
9775202,2025,2025-02-05,3711,2025-01-16,2217,SD1725,NA,4,5,7,3711,0,0,0,NA,0,713,PASEO DE LAS AMERICAS,PASEO DE LAS AMERICAS 2300,0,NA,N,A,-,N,NA,NA,NA,NA,NA,NA,NA,NA,NA,N,4,0,1,2,A,-,08,38314,NA,N,A,G,A,A,-,-,C,D,0,NA,NA,NA,NA,Y,NA,A,01,0,0,1,0,0,0,0,0,0,-,-,NA,NA,SAN DIEGO,SAN DIEGO,NA,NA
9776336,2025,2025-02-26,3711,2025-01-25,2350,SD1128,NA,6,5,7,3711,0,0,0,NA,0,826,EL CAJON BL,EUCLID AV,0,NA,Y,B,-,N,NA,NA,NA,NA,NA,NA,NA,NA,NA,N,3,0,1,2,A,-,11,21950,B,N,G,B,C,C,H,-,C,-,0,Y,NA,NA,NA,Y,Y,N,60,0,1,0,0,1,0,0,0,0,-,-,NA,NA,SAN DIEGO,SAN DIEGO,-117.09220886230467,32.756038665771484
9780861,2025,2025-04-08,3708,2025-03-09,810,LM8313,NA,7,5,5,3708,0,0,0,NA,0,003,LAKE MURRAY BL,MARENGO AV,0,NA,Y,A,-,N,NA,NA,NA,NA,NA,NA,NA,NA,NA,Y,4,0,1,2,A,-,09,21801,A,N,D,C,A,A,H,-,A,A,0,NA,NA,NA,NA,Y,NA,A,01,0,0,1,0,0,0,0,0,0,-,-,NA,NA,SAN DIEGO,LA MESA,-117.02601623535156,32.78499221801758
9781324,2025,2025-02-14,3711,2025-01-27,826,SD1260,NA,1,5,7,3711,0,0,0,NA,0,512,NATIONAL AV,31ST ST,150,E,N,B,-,N,NA,NA,NA,NA,NA,NA,NA,NA,NA,N,4,0,1,3,A,-,03,22350,NA,M,C,C,A,B,H,-,A,D,0,NA,NA,NA,NA,Y,NA,-,NA,0,0,1,0,0,0,0,0,0,-,-,NA,NA,SAN DIEGO,SAN DIEGO,-117.12684631347656,32.69596862792969
9782165,2024,2025-02-04,3702,2024-12-28,1913,CV1511,NA,6,5,6,3702,0,0,0,NA,0,031,PASEO RANCHERO,VIA SINUOSO,0,NA,Y,A,-,N,NA,NA,NA,NA,NA,NA,NA,NA,NA,Y,4,0,1,2,A,-,12,22450,A,N,D,C,A,A,H,-,C,D,0,NA,NA,NA,NA,Y,NA,A,01,0,0,1,0,0,0,0,0,0,-,-,NA,NA,SAN DIEGO,CHULA VISTA,-117.01081848144533,32.632667541503906
9782218,2025,2025-02-14,3702,2025-01-14,2140,CV1360,NA,2,5,6,3702,0,0,0,NA,0,023,TELEGRAPH CANYON RD,HALECREST DR,0,NA,Y,A,-,N,NA,NA,NA,NA,NA,NA,NA,NA,NA,Y,4,0,1,2,A,-,01,23153,A,N,D,C,A,A,H,-,C,A,0,NA,NA,NA,NA,Y,Y,A,01,0,0,1,0,0,0,0,0,0,-,-,NA,NA,SAN DIEGO,CHULA VISTA,-117.04224395751952,32.6287727355957
9782220,2025,2025-02-07,3702,2025-01-11,212,CV1564,NA,6,5,6,3702,0,0,0,NA,0,022,3RD AV,MOSS ST,190,S,N,A,-,N,NA,NA,NA,NA,NA,NA,NA,NA,NA,Y,3,0,1,2,A,-,01,23152,A,N,D,C,A,A,H,-,C,D,0,NA,NA,NA,NA,Y,Y,A,01,0,1,0,0,0,0,0,0,0,-,-,NA,NA,SAN DIEGO,CHULA VISTA,-117.07022857666016,32.61662673950195
9782324,2025,2025-03-06,3702,2025-01-01,1418,CV1360,NA,3,5,6,3702,0,0,0,NA,0,023,TELEGRAPH CANYON RD,OLD TELEGRAPH CANYON RD,505,E,N,A,-,N,NA,NA,NA,NA,NA,NA,NA,NA,NA,N,4,0,1,2,A,-,10,21950,A,F,G,G,A,A,H,-,A,A,0,NA,Y,NA,NA,Y,Y,-,99,0,0,1,0,0,0,1,0,0,-,-,NA,NA,SAN DIEGO,CHULA VISTA,-117.03090667724608,32.6261100769043
9782617,2024,2025-02-11,3705,2024-11-22,1406,EC0431,NA,5,5,5,3705,0,0,0,NA,0,004,S MOLLISON AV,EAST MAIN ST,276,S,N,A,-,N,NA,NA,NA,NA,NA,NA,NA,NA,NA,Y,4,0,1,2,A,-,09,21804,A,N,D,C,A,A,H,-,A,D,0,NA,NA,NA,NA,Y,NA,A,01,0,0,1,0,0,0,0,0,0,-,-,NA,NA,SAN DIEGO,EL CAJON,-116.95098114013672,32.794193267822266
9782806,2025,2025-03-06,3711,2025-02-05,7,SD1654,NA,3,5,7,3711,0,0,0,NA,0,813,EL CAJON BL,RT 805,0,NA,Y,A,-,Y,SD,11,805,-,-,16.282,R,4,N,N,4,0,1,2,A,-,11,21955,NA,N,B,B,D,A,H,-,C,A,0,Y,NA,NA,NA,Y,NA,N,60,0,0,1,0,1,0,0,0,0,-,-,NA,NA,SAN DIEGO,SAN DIEGO,-117.12417602539063,32.75328826904297
9784450,2025,2025-02-25,3710,2025-02-03,842,OC1311,NA,1,5,6,3710,0,0,0,NA,0,030,THUNDER DR,LONNIE ST,0,NA,Y,B,-,N,NA,NA,NA,NA,NA,NA,NA,NA,NA,Y,4,0,1,2,A,-,09,21804,A,N,D,C,A,A,H,-,A,D,0,NA,NA,NA,NA,Y,NA,A,01,0,0,1,0,0,0,0,0,0,-,-,NA,NA,SAN DIEGO,OCEANSIDE,-117.28817749023438,33.194305419921875
9784693,2025,2025-02-27,3710,2025-02-11,1145,OC1582,NA,2,5,6,3710,0,0,0,NA,0,019,NORTH RIVER RD,STALLION DR,375,E,N,A,-,N,NA,NA,NA,NA,NA,NA,NA,NA,NA,Y,3,0,1,1,A,-,08,22107,NA,N,E,I,A,A,B,-,A,D,0,NA,NA,NA,NA,Y,NA,A,01,0,1,0,0,0,0,0,0,0,-,-,NA,NA,SAN DIEGO,OCEANSIDE,-117.28720092773438,33.255271911621094
9785086,2024,2025-02-28,3700,2024-12-16,2245,SH0070,NA,1,5,5,3712,0,0,0,NA,0,361,TWIN OAKS VALLEY RD,CRAVEN RD,395,S,N,A,-,N,NA,NA,NA,NA,NA,NA,NA,NA,NA,Y,4,0,1,1,A,-,08,22107,NA,N,E,I,A,A,H,-,C,D,0,NA,NA,NA,NA,Y,NA,A,01,0,0,1,0,0,0,0,0,0,-,-,33.12726974487305,-117.1653289794922,SAN DIEGO,SAN MARCOS,-117.16562652587892,33.126190185546875
9785166,2025,2025-04-03,3711,2025-02-21,955,SD7042,NA,5,5,7,3711,0,0,0,NA,0,713,CALIENTE AV,RT 905,9,N,N,A,-,Y,SD,11,905,-,R,6.986,R,4,W,Y,3,0,1,2,A,-,12,21453,A,N,D,C,A,A,H,-,A,A,0,NA,NA,NA,Y,Y,NA,D,22,0,1,0,0,0,0,0,0,0,-,-,NA,NA,SAN DIEGO,SAN DIEGO,-117.010009765625,32.566341400146484
9785190,2024,2025-03-17,3700,2024-12-08,1751,SH0521,NA,7,5,5,3712,0,0,0,NA,0,357,RANCHEROS DR,WOODLAND PKWY,0,NA,Y,A,-,N,NA,NA,NA,NA,NA,NA,NA,NA,NA,Y,3,0,1,2,A,-,01,23152,A,N,C,C,A,A,H,-,C,A,0,NA,NA,NA,NA,Y,Y,D,22,0,1,0,0,0,0,0,0,0,-,-,33.13943099975586,-117.14058685302734,SAN DIEGO,SAN MARCOS,-117.14060974121094,33.13943099975586
9785261,2025,2025-02-27,3711,2025-02-15,1905,SD1529,NA,6,5,7,3711,0,0,0,NA,0,121,MISSION BAY DR,BAYSIDE LN,45,S,N,A,-,N,NA,NA,NA,NA,NA,NA,NA,NA,NA,Y,3,0,1,1,A,-,07,21658,A,N,E,I,A,A,H,-,C,A,0,NA,NA,NA,NA,Y,Y,-,NA,0,1,0,0,0,0,0,0,0,-,-,NA,NA,SAN DIEGO,SAN DIEGO,-117.25,32.77206039428711
9785722,2025,2025-03-03,3711,2025-02-18,1614,SD1595,NA,2,5,7,3711,0,0,0,NA,0,115,LA JOLLA VILLAGE DR,LEBON DR,0,NA,Y,A,-,N,NA,NA,NA,NA,NA,NA,NA,NA,NA,N,3,0,1,2,A,-,04,21703,NA,M,C,C,A,A,H,-,A,A,0,NA,NA,NA,NA,Y,NA,A,01,0,1,0,0,0,0,0,0,0,-,-,NA,NA,SAN DIEGO,SAN DIEGO,-117.22361755371094,32.8708610534668
9788968,2025,2025-05-20,3708,2025-04-24,1323,LM1328,NA,4,5,5,3708,0,0,0,NA,0,003,BALTIMORE DR,LAKE MURRAY BL,0,NA,Y,A,-,N,NA,NA,NA,NA,NA,NA,NA,NA,NA,Y,4,0,1,2,A,-,17,21461,A,N,D,C,A,A,H,-,A,A,0,NA,NA,NA,NA,Y,NA,A,01,0,0,1,0,0,0,0,0,0,-,-,NA,NA,SAN DIEGO,LA MESA,-117.03310394287108,32.78097915649414
9790538,2025,2025-03-18,3711,2025-02-28,1945,SD1492,NA,5,5,7,3711,0,0,0,NA,0,524,A ST,10TH AV,0,NA,Y,B,-,N,NA,NA,NA,NA,NA,NA,NA,NA,NA,Y,3,0,1,2,A,-,12,21453,A,N,D,C,A,A,H,-,C,A,0,NA,NA,NA,NA,Y,NA,A,01,0,1,0,0,0,0,0,0,0,-,-,NA,NA,SAN DIEGO,SAN DIEGO,-117.15561676025392,32.7188606262207
9790635,2025,2025-03-19,3709,2025-02-18,1647,NC0542,NA,2,5,5,3709,0,0,0,NA,0,020,NATIONAL CITY BL,NATIONAL CITY BL 1300 BLK,0,NA,N,A,-,N,NA,NA,NA,NA,NA,NA,NA,NA,NA,N,4,0,1,2,A,-,08,22107,NA,N,C,C,A,A,H,-,A,D,0,NA,NA,NA,NA,Y,NA,A,01,0,0,1,0,0,0,0,0,0,-,-,NA,NA,SAN DIEGO,NATIONAL CITY,NA,NA
9791627,2025,2025-03-06,3711,2025-02-26,1640,SD1087,NA,3,5,7,3711,0,0,0,NA,0,443,40TH ST,40TH ST 1600,0,NA,N,A,-,N,NA,NA,NA,NA,NA,NA,NA,NA,NA,Y,3,0,1,6,A,-,-,NA,NA,N,C,E,A,A,H,-,A,D,0,NA,NA,NA,NA,Y,Y,D,22,0,1,0,0,0,0,0,0,0,-,-,NA,NA,SAN DIEGO,SAN DIEGO,NA,NA
9791628,2025,2025-03-06,3711,2025-02-26,947,SD1669,NA,3,5,7,3711,0,0,0,NA,0,935,VIA DE LA VALLE,VIA DE LA VALLE 3800,0,NA,N,A,-,N,NA,NA,NA,NA,NA,NA,NA,NA,NA,Y,3,0,1,2,D,-,00,NA,NA,N,C,C,A,A,H,-,A,D,0,NA,NA,NA,NA,Y,NA,-,-,0,1,0,0,0,0,0,0,0,-,-,NA,NA,SAN DIEGO,SAN DIEGO,-117.25151824951172,32.98029327392578
9791888,2025,2025-08-20,3711,2025-07-02,859,SD1542,NA,3,5,7,3711,0,0,0,NA,0,621,GENESSE AV,RICHLAND ST,13,W,N,A,-,N,NA,NA,NA,NA,NA,NA,NA,NA,NA,Y,3,0,1,2,D,-,00,NA,NA,N,A,C,A,A,H,-,A,A,0,NA,NA,NA,NA,Y,NA,-,-,0,1,0,0,0,0,0,0,0,-,-,NA,NA,SAN DIEGO,SAN DIEGO,-117.16307067871094,32.79121017456055
9792014,2025,2025-03-06,3711,2025-02-21,1642,SD5531,NA,5,5,7,3711,0,0,0,NA,0,124,DRAPER AV,KLINE ST,200,S,N,A,-,N,NA,NA,NA,NA,NA,NA,NA,NA,NA,N,3,0,1,2,A,-,11,21954,A,N,G,B,D,A,H,-,A,A,0,Y,NA,NA,NA,Y,NA,N,60,0,1,0,0,1,0,0,0,0,-,-,NA,NA,SAN DIEGO,SAN DIEGO,-117.27691650390624,32.842220306396484
9792133,2025,2025-03-18,3702,2025-02-14,2357,CV1381,NA,5,5,6,3702,0,0,0,NA,0,032,OTAY LAKES RD,"OTAY LAKES RD, 2200",0,NA,Y,B,-,N,NA,NA,NA,NA,NA,NA,NA,NA,NA,Y,2,0,1,2,A,-,01,23153,A,N,A,C,A,A,H,-,C,A,0,NA,NA,NA,NA,Y,Y,A,01,1,0,0,0,0,0,0,0,0,-,-,NA,NA,SAN DIEGO,CHULA VISTA,NA,NA
9792201,2024,2025-03-13,3700,2024-08-22,1540,SH0361,NA,4,5,5,3782,0,0,0,NA,0,242,LAKE DR,CRESTVIEW DR,100,S,N,A,-,N,NA,NA,NA,NA,NA,NA,NA,NA,NA,N,3,0,1,2,A,-,03,22350,NA,N,C,G,A,A,H,-,A,D,0,NA,Y,NA,NA,Y,NA,L,04,0,1,0,0,0,0,1,0,0,-,-,NA,NA,SAN DIEGO,ENCINITAS,-117.26654815673828,33.022586822509766
9792211,2024,2025-04-11,3700,2024-08-05,1707,SH5543,NA,1,5,5,3782,0,0,0,NA,0,222,ENCINITAS BL,RT 5,99,W,N,A,-,Y,SD,11,5,-,R,41.739,R,4,S,Y,3,0,2,3,A,-,01,23152,A,N,A,C,A,A,H,-,A,D,0,NA,NA,NA,NA,Y,Y,A,01,0,2,0,0,0,0,0,0,0,-,SF,NA,NA,SAN DIEGO,ENCINITAS,-117.2882843017578,33.05143737792969
9792645,2024,2025-03-18,3705,2024-11-26,1042,EC0461,NA,2,5,5,3705,0,0,0,NA,0,001,S MARSHALL AV,PALM AV,65,S,N,A,-,N,NA,NA,NA,NA,NA,NA,NA,NA,NA,N,4,0,2,3,A,-,03,22350,NA,N,C,C,A,A,H,-,A,A,0,NA,NA,NA,NA,Y,NA,A,08,0,0,2,0,0,0,0,0,0,-,-,NA,NA,SAN DIEGO,EL CAJON,-116.97557067871094,32.79117202758789
9792647,2024,2025-03-13,3705,2024-11-28,1700,EC0415,NA,4,5,5,3705,0,0,0,NA,0,004,WASHINGTON AV,BALLARD ST,0,NA,Y,A,-,N,NA,NA,NA,NA,NA,NA,NA,NA,NA,N,3,0,3,2,A,-,03,22350,NA,N,D,C,A,A,H,-,B,A,0,NA,NA,NA,NA,Y,NA,A,01,0,1,2,0,0,0,0,0,0,-,-,NA,NA,SAN DIEGO,EL CAJON,-116.94139862060548,32.78764724731445
9792901,2025,2025-03-27,3711,2025-03-08,1650,SD6927,NA,6,5,7,3711,0,0,0,NA,0,821,EL CAJON BL,69TH ST,0,NA,Y,A,-,N,NA,NA,NA,NA,NA,NA,NA,NA,NA,N,4,0,1,2,A,-,09,21800,A,M,D,C,A,B,H,-,A,D,0,NA,NA,NA,NA,Y,Y,-,NA,0,0,1,0,0,0,0,0,0,-,-,NA,NA,SAN DIEGO,SAN DIEGO,-117.0492706298828,32.7686653137207
9793357,2025,2025-04-01,3711,2025-03-04,1427,SD2080,NA,2,5,7,3711,0,0,0,NA,0,242,BLACK MOUNTAIN RD,CARROLL CANYON RD,0,NA,Y,A,-,N,NA,NA,NA,NA,NA,NA,NA,NA,NA,N,3,0,1,1,A,-,08,22107,NA,N,H,-,A,A,H,-,A,A,0,NA,Y,NA,NA,Y,NA,L,04,0,1,0,0,0,0,1,0,0,-,-,NA,NA,SAN DIEGO,SAN DIEGO,-117.12410736083984,32.90275955200195
9793887,2025,2025-03-19,3711,2025-02-28,1041,SD1567,NA,5,5,7,3711,0,0,0,NA,0,721,PALM AV,PALM AV 1900,0,NA,-,A,B,N,NA,NA,NA,NA,NA,NA,NA,NA,NA,N,3,0,1,2,A,-,03,22350,NA,M,C,C,A,A,H,-,A,D,0,NA,NA,NA,NA,Y,NA,-,99,0,1,0,0,0,0,0,0,0,-,-,NA,NA,SAN DIEGO,SAN DIEGO,-117.0857391357422,32.58381652832031
9794612,2025,2025-03-27,3700,2025-01-09,806,SH0432,NA,4,5,4,3707,0,0,0,NA,0,702,PALM AV,13TH ST,14,W,N,A,-,N,NA,NA,NA,NA,NA,NA,NA,NA,NA,Y,2,0,2,2,A,-,09,21804,A,N,D,C,A,A,H,-,A,D,0,NA,NA,Y,NA,Y,Y,C,02,1,1,0,0,0,0,0,0,1,-,-,32.58386993408203,-117.10442352294922,SAN DIEGO,IMPERIAL BEACH,-117.1057357788086,32.58380126953125
9795408,2025,2025-03-28,3702,2025-02-18,1952,CV1490,NA,2,5,6,3702,0,0,0,NA,0,014,MELROSE AV,L ST,28,N,N,A,-,N,NA,NA,NA,NA,NA,NA,NA,NA,NA,Y,4,0,1,2,A,-,03,22350,NA,N,A,C,A,A,H,-,C,A,0,NA,NA,NA,NA,Y,NA,A,01,0,0,1,0,0,0,0,0,0,-,-,NA,NA,SAN DIEGO,CHULA VISTA,-117.04940795898438,32.62702178955078
9795415,2025,2025-03-28,3702,2025-02-27,1535,CV1486,NA,4,5,6,3702,0,0,0,NA,0,032,SUNNY CREST LN,ARBORCREEK LN,241,E,N,A,-,N,NA,NA,NA,NA,NA,NA,NA,NA,NA,N,4,0,1,2,A,-,01,23152,F,N,A,C,A,A,H,-,A,D,0,NA,NA,NA,NA,Y,Y,A,01,0,0,1,0,0,0,0,0,0,-,-,NA,NA,SAN DIEGO,CHULA VISTA,-116.99149322509766,32.65309524536133
9796551,2025,2025-04-03,3709,2025-03-07,617,NC0563,NA,5,5,5,3709,0,0,0,NA,0,021,8TH ST,PALM AV,0,NA,Y,E,-,N,NA,NA,NA,NA,NA,NA,NA,NA,NA,N,4,0,1,2,A,-,10,21950,A,N,G,B,B,B,H,-,B,A,0,Y,NA,NA,NA,Y,NA,-,NA,0,0,1,0,1,0,0,0,0,-,-,NA,NA,SAN DIEGO,NATIONAL CITY,-117.09054565429688,32.6804313659668
9799074,2025,2025-06-24,3708,2025-05-21,2013,LM1315,NA,3,5,5,3708,0,0,0,NA,0,001,WAITE DR,MASSACHUSETTS AV,0,NA,Y,A,-,N,NA,NA,NA,NA,NA,NA,NA,NA,NA,Y,4,0,3,2,A,-,12,21453,A,N,D,C,A,A,H,-,C,A,0,NA,NA,NA,NA,Y,NA,A,01,0,0,3,0,0,0,0,0,0,-,-,NA,NA,SAN DIEGO,LA MESA,-117.04279327392578,32.746238708496094
9799957,2025,2025-04-03,3711,2025-02-11,1116,SD1944,NA,2,5,7,3711,0,0,0,NA,0,446,SOUTH EUCLID AV,S EUCLID AV 110,0,NA,-,A,-,N,NA,NA,NA,NA,NA,NA,NA,NA,NA,N,4,0,1,2,D,-,00,NA,NA,N,G,G,A,-,H,-,A,D,0,NA,Y,NA,NA,Y,NA,-,-,0,0,1,0,0,0,1,0,0,-,-,NA,NA,SAN DIEGO,SAN DIEGO,-117.08499908447266,32.704505920410156