CASE_ID,ACCIDENT_YEAR,PROC_DATE,JURIS,COLLISION_DATE,COLLISION_TIME,OFFICER_ID,REPORTING_DISTRICT,DAY_OF_WEEK,CHP_SHIFT,POPULATION,CNTY_CITY_LOC,SPECIAL_COND,BEAT_TYPE,CHP_BEAT_TYPE,CITY_DIVISION_LAPD,CHP_BEAT_CLASS,BEAT_NUMBER,PRIMARY_RD,SECONDARY_RD,DISTANCE,DIRECTION,INTERSECTION,WEATHER_1,WEATHER_2,STATE_HWY_IND,CALTRANS_COUNTY,CALTRANS_DISTRICT,STATE_ROUTE,ROUTE_SUFFIX,POSTMILE_PREFIX,POSTMILE,LOCATION_TYPE,RAMP_INTERSECTION,SIDE_OF_HWY,TOW_AWAY,COLLISION_SEVERITY,NUMBER_KILLED,NUMBER_INJURED,PARTY_COUNT,PRIMARY_COLL_FACTOR,PCF_CODE_OF_VIOL,PCF_VIOL_CATEGORY,PCF_VIOLATION,PCF_VIOL_SUBSECTION,HIT_AND_RUN,TYPE_OF_COLLISION,MVIW,PED_ACTION,ROAD_SURFACE,ROAD_COND_1,ROAD_COND_2,LIGHTING,CONTROL_DEVICE,CHP_ROAD_TYPE,PEDESTRIAN_ACCIDENT,BICYCLE_ACCIDENT,MOTORCYCLE_ACCIDENT,TRUCK_ACCIDENT,NOT_PRIVATE_PROPERTY,ALCOHOL_INVOLVED,STWD_VEHTYPE_AT_FAULT,CHP_VEHTYPE_AT_FAULT,COUNT_SEVERE_INJ,COUNT_VISIBLE_INJ,COUNT_COMPLAINT_PAIN,COUNT_PED_KILLED,COUNT_PED_INJURED,COUNT_BICYCLIST_KILLED,COUNT_BICYCLIST_INJURED,COUNT_MC_KILLED,COUNT_MC_INJURED,PRIMARY_RAMP,SECONDARY_RAMP,LATITUDE,LONGITUDE,COUNTY,CITY,POINT_X,POINT_Y
9817859,2025,2025-06-16,3702,2025-05-14,846,CV9365,NA,3,5,6,3702,0,0,0,NA,0,021,INDUSTRIAL BL,PALOMAR ST,403,N,N,A,-,N,NA,NA,NA,NA,NA,NA,NA,NA,NA,Y,4,0,1,2,A,-,04,21703,NA,N,C,C,A,A,H,-,A,D,0,NA,NA,NA,NA,Y,NA,A,01,0,0,1,0,0,0,0,0,0,-,-,NA,NA,SAN DIEGO,CHULA VISTA,-117.0860595703125,32.60503387451172
9817934,2025,2025-06-12,3702,2025-04-25,804,CV1163,NA,5,5,6,3702,0,0,0,NA,0,013,J ST,J ST 696,21,W,N,A,-,N,NA,NA,NA,NA,NA,NA,NA,NA,NA,N,3,0,1,2,A,-,03,22350,NA,F,D,C,A,A,H,-,A,D,0,NA,NA,NA,NA,Y,NA,A,01,0,1,0,0,0,0,0,0,0,-,-,NA,NA,SAN DIEGO,CHULA VISTA,-117.09479522705078,32.6218376159668
9818342,2024,2025-07-29,3700,2024-11-17,2206,NA,NA,7,5,5,3712,0,0,0,NA,0,356,S SANTA FE,N LAS FLORES,0,NA,Y,A,-,N,NA,NA,NA,NA,NA,NA,NA,NA,NA,Y,4,0,1,2,A,-,12,21453,A,F,D,C,A,A,H,-,C,A,0,NA,NA,NA,NA,Y,NA,A,01,0,0,1,0,0,0,0,0,0,-,-,NA,NA,SAN DIEGO,SAN MARCOS,-117.20003509521484,33.156864166259766
9818512,2025,2025-10-09,3711,2025-07-16,1858,SD1865,NA,3,5,7,3711,0,0,0,NA,0,123,W MISSION BAY,W MISSION BAY 2300,0,NA,N,A,-,N,NA,NA,NA,NA,NA,NA,NA,NA,NA,N,3,0,1,3,A,-,-,NA,NA,M,C,C,A,-,H,-,C,-,0,NA,NA,NA,NA,Y,NA,-,NA,0,1,0,0,0,0,0,0,0,-,-,NA,NA,SAN DIEGO,SAN DIEGO,-117.25112915039063,32.77204132080078
9818545,2025,2025-08-01,3702,2025-06-24,1905,CV1520,NA,2,5,6,3702,0,0,0,NA,0,022,3RD AV,NAPLES ST,287,N,N,A,-,N,NA,NA,NA,NA,NA,NA,NA,NA,NA,Y,3,0,2,2,A,-,08,22107,NA,N,D,C,A,A,H,-,A,D,0,NA,NA,NA,NA,Y,NA,A,01,0,2,0,0,0,0,0,0,0,-,-,NA,NA,SAN DIEGO,CHULA VISTA,-117.0693817138672,32.61442565917969
9818792,2025,2025-08-28,3711,2025-07-17,1249,SD5342,NA,4,5,7,3711,0,0,0,NA,0,231,SABRE SPRINGS PKWY,SAVANNAH CREEK DR,0,NA,Y,A,-,N,NA,NA,NA,NA,NA,NA,NA,NA,NA,Y,3,0,1,2,A,-,12,21453,A,N,D,C,A,A,H,-,A,A,0,NA,NA,NA,NA,Y,NA,A,01,0,1,0,0,0,0,0,0,0,-,-,NA,NA,SAN DIEGO,SAN DIEGO,-117.09622955322266,32.94867706298828
9819097,2025,2025-10-01,3711,2025-09-05,1715,SD1705,NA,5,5,7,3711,0,0,0,NA,0,122,PACIFIC BEACH DR,JEWELL ST,0,NA,Y,A,-,N,NA,NA,NA,NA,NA,NA,NA,NA,NA,N,4,0,1,2,A,-,12,22450,A,N,-,G,A,A,H,-,A,D,0,NA,Y,NA,NA,Y,NA,-,NA,0,0,1,0,0,0,1,0,0,-,-,NA,NA,SAN DIEGO,SAN DIEGO,-117.23724365234376,32.79440689086914
9819339,2024,2025-07-29,3700,2024-12-15,1505,SH3319,NA,7,5,5,3712,0,0,0,NA,0,352,MULBERRY DR,BORDEN RD,0,NA,Y,A,-,N,NA,NA,NA,NA,NA,NA,NA,NA,NA,Y,2,0,3,2,A,-,12,21453,A,N,D,C,A,A,H,-,A,A,0,NA,NA,NA,NA,Y,NA,A,01,1,1,1,0,0,0,0,0,0,-,-,NA,NA,SAN DIEGO,SAN MARCOS,-117.14935302734376,33.149898529052734
9819531,2025,2025-08-04,3711,2025-07-17,1446,SD7316,NA,4,5,7,3711,0,0,0,NA,0,234,BERNARDO TRAILS DR,ACEITUNO ST,482,E,N,A,-,N,NA,NA,NA,NA,NA,NA,NA,NA,NA,N,3,0,1,1,A,-,07,21658,A,N,H,A,A,A,H,-,A,D,0,NA,Y,NA,NA,Y,NA,L,04,0,1,0,0,0,0,1,0,0,-,-,NA,NA,SAN DIEGO,SAN DIEGO,-117.04689025878906,33.04576873779297
9819920,2025,2025-10-14,3711,2025-09-26,2048,SD1784,NA,5,5,7,3711,0,0,0,NA,0,622,VIA LAS CUMBRES,FRIARS RD,255,N,N,A,-,N,NA,NA,NA,NA,NA,NA,NA,NA,NA,Y,3,0,2,2,A,-,08,22107,NA,N,D,C,A,A,H,-,C,D,0,NA,NA,NA,NA,Y,NA,A,01,0,2,0,0,0,0,0,0,0,-,-,NA,NA,SAN DIEGO,SAN DIEGO,-117.18338775634766,32.766937255859375
9820199,2025,2025-10-16,3703,2025-09-15,1119,1312,3,1,5,3,3703,0,0,0,NA,0,003,SILVER STRAND BL,TULAGI RD,60,S,N,A,-,Y,SD,11,75,-,-,17.45,H,-,S,Y,4,0,1,2,A,-,12,21453,A,N,H,C,A,A,H,-,A,A,0,NA,NA,NA,NA,Y,NA,A,07,0,0,1,0,0,0,0,0,0,-,-,32.67000961303711,-117.16397094726563,SAN DIEGO,CORONADO,-117.16399383544922,32.66990661621094
9820956,2025,2025-08-18,3700,2025-04-12,2313,SH4705,NA,6,5,5,3781,0,0,0,NA,0,514,N MAGNOLIA AV,WOODSIDE AV,0,NA,Y,A,-,N,NA,NA,NA,NA,NA,NA,NA,NA,NA,N,2,0,1,2,A,-,12,21453,A,N,D,C,A,A,H,-,C,A,0,NA,NA,NA,NA,Y,NA,A,01,1,0,0,0,0,0,0,0,0,-,-,NA,NA,SAN DIEGO,SANTEE,-116.96723175048828,32.83839797973633
9821402,2025,2025-10-08,3710,2025-08-13,1748,OC1585,NA,3,5,6,3710,0,0,0,NA,0,021,OLD GROVE RD,SCARLET OAK WY,232,N,N,A,-,N,NA,NA,NA,NA,NA,NA,NA,NA,NA,N,2,0,1,1,D,-,00,NA,NA,N,H,J,A,A,H,-,A,D,0,NA,Y,NA,NA,Y,NA,-,-,1,0,0,0,0,0,1,0,0,-,-,NA,NA,SAN DIEGO,OCEANSIDE,-117.30878448486328,33.23615264892578
9821894,2025,2025-10-06,3711,2025-08-09,1317,SD1177,NA,6,5,7,3711,0,0,0,NA,0,515,MARKET ST,30TH ST,0,NA,Y,A,-,N,NA,NA,NA,NA,NA,NA,NA,NA,NA,Y,4,0,1,1,A,-,03,22350,NA,N,E,I,A,A,H,-,A,A,0,NA,NA,NA,NA,Y,Y,A,01,0,0,1,0,0,0,0,0,0,-,-,NA,NA,SAN DIEGO,SAN DIEGO,-117.13019561767578,32.71165084838867
9822497,2025,2025-09-03,3711,2025-08-15,1842,SD1704,NA,5,5,7,3711,0,0,0,NA,0,522,MARKET ST,2ND AV,0,NA,Y,A,-,N,NA,NA,NA,NA,NA,NA,NA,NA,NA,Y,3,0,1,3,A,-,08,22107,NA,M,B,E,A,A,H,-,C,D,0,NA,NA,NA,NA,Y,Y,A,01,0,1,0,0,0,0,0,0,0,-,-,NA,NA,SAN DIEGO,SAN DIEGO,-117.16287994384766,32.71141815185547
9823057,2024,2025-01-03,3702,2024-12-13,1335,CV1564,NA,5,5,6,3702,0,0,0,NA,0,013,BROADWAY,SIERRA WY,98,N,N,A,-,N,NA,NA,NA,NA,NA,NA,NA,NA,NA,N,3,0,2,3,A,-,03,22350,NA,N,C,C,A,A,H,-,A,D,0,NA,NA,NA,NA,Y,NA,A,01,0,1,1,0,0,0,0,0,0,-,-,NA,NA,SAN DIEGO,CHULA VISTA,-117.08484649658205,32.61912536621094
9824235,2025,2025-10-10,3711,2025-09-27,1350,SD1977,NA,6,5,7,3711,0,0,0,NA,0,721,THERMAL AV,DAHLIA AV,0,NA,Y,B,-,N,NA,NA,NA,NA,NA,NA,NA,NA,NA,Y,3,0,1,2,A,-,12,22450,A,M,D,C,A,A,H,-,A,A,0,NA,NA,NA,NA,Y,NA,-,99,0,1,0,0,0,0,0,0,0,-,-,NA,NA,SAN DIEGO,SAN DIEGO,-117.09698486328124,32.582908630371094
9825012,2025,2025-10-17,3710,2025-09-16,1830,OC1587,NA,2,5,6,3710,0,0,0,NA,0,009,VISTA WY,SOUTH COAST HWY,118,W,N,A,-,N,NA,NA,NA,NA,NA,NA,NA,NA,NA,Y,3,0,1,2,A,-,03,22350,NA,N,D,C,A,A,H,-,A,D,0,NA,NA,NA,NA,Y,NA,A,07,0,1,0,0,0,0,0,0,0,-,-,NA,NA,SAN DIEGO,OCEANSIDE,-117.35987854003906,33.17190170288086
9825048,2025,2025-09-15,3711,2025-08-18,1003,SD5300,NA,1,5,7,3711,0,0,0,NA,0,124,LA JOLLA PKWY,HIDDEN VALLEY RD,0,NA,Y,A,-,N,NA,NA,NA,NA,NA,NA,NA,NA,NA,Y,3,0,1,3,A,-,09,21453,C,N,D,C,A,A,H,-,A,A,0,NA,NA,Y,NA,Y,NA,A,07,0,1,0,0,0,0,0,0,1,-,-,NA,NA,SAN DIEGO,SAN DIEGO,-117.25162506103516,32.85003662109375
9825071,2025,2025-09-18,3702,2025-08-08,1835,CV1573,NA,5,5,6,3702,0,0,0,NA,0,022,3RD AV,MOSS ST,450,S,N,A,-,N,NA,NA,NA,NA,NA,NA,NA,NA,NA,Y,3,0,1,2,A,-,08,22100,B,N,A,C,A,A,H,-,A,A,0,NA,NA,NA,NA,Y,NA,A,01,0,1,0,0,0,0,0,0,0,-,-,NA,NA,SAN DIEGO,CHULA VISTA,-117.06997680664063,32.61595153808594
9825074,2025,2025-09-18,3702,2025-08-09,156,CV1450,NA,6,5,6,3702,0,0,0,NA,0,011,BROADWAY,FLOWER ST,0,NA,Y,A,-,N,NA,NA,NA,NA,NA,NA,NA,NA,NA,Y,3,0,1,3,A,-,12,21453,A,F,D,C,A,A,H,-,A,A,0,NA,NA,NA,NA,Y,NA,-,99,0,1,0,0,0,0,0,0,0,-,-,NA,NA,SAN DIEGO,CHULA VISTA,-117.09415435791016,32.64301681518555
9825093,2025,2025-09-05,3711,2025-08-25,1154,SD7247,NA,1,5,7,3711,0,0,0,NA,0,242,MIRA MESA BL,REAGAN RD,0,NA,Y,A,-,N,NA,NA,NA,NA,NA,NA,NA,NA,NA,Y,3,0,1,2,A,-,09,21453,C,N,D,C,A,A,H,-,A,A,0,NA,NA,NA,NA,Y,NA,A,01,0,1,0,0,0,0,0,0,0,-,-,NA,NA,SAN DIEGO,SAN DIEGO,-117.14920043945313,32.912513732910156
9825133,2025,2025-09-09,3702,2025-08-03,750,CV1448,NA,7,5,6,3702,0,0,0,NA,0,012,WOODLAWN AV,G ST,312,S,N,B,-,N,NA,NA,NA,NA,NA,NA,NA,NA,NA,Y,3,0,1,3,A,-,08,22107,NA,N,B,E,A,A,H,-,A,D,0,NA,NA,NA,NA,Y,NA,E,22,0,1,0,0,0,0,0,0,0,-,-,NA,NA,SAN DIEGO,CHULA VISTA,-117.09493255615234,32.63235855102539
9825202,2025,2025-09-16,3711,2025-08-25,1525,SD8861,NA,1,5,7,3711,0,0,0,NA,0,512,SOUTH 28TH ST,HARRISON AV,66,S,N,A,-,N,NA,NA,NA,NA,NA,NA,NA,NA,NA,Y,3,0,1,2,A,-,08,22107,NA,N,B,E,A,A,H,-,A,D,0,NA,NA,NA,NA,Y,NA,D,22,0,1,0,0,0,0,0,0,0,-,-,NA,NA,SAN DIEGO,SAN DIEGO,-117.13384246826172,32.699501037597656
9825335,2025,2025-09-04,3702,2025-07-28,2156,CV1580,NA,1,5,6,3702,0,0,0,NA,0,011,5TH AV,DAVIDSON ST,0,NA,Y,A,-,N,NA,NA,NA,NA,NA,NA,NA,NA,NA,Y,4,0,2,2,A,-,03,22350,NA,N,D,C,A,A,H,-,C,A,0,NA,NA,NA,NA,Y,NA,A,01,0,0,2,0,0,0,0,0,0,-,-,NA,NA,SAN DIEGO,CHULA VISTA,-117.08870697021484,32.640724182128906
9825419,2025,2025-10-17,3710,2025-09-19,1546,OC1533,NA,5,5,6,3710,0,0,0,NA,0,011,OCEANSIDE BL,CAMELOT DR,557,W,N,A,-,N,NA,NA,NA,NA,NA,NA,NA,NA,NA,Y,4,0,4,3,A,-,03,22350,NA,N,C,C,A,A,H,-,A,A,0,NA,NA,NA,NA,Y,NA,A,01,0,0,4,0,0,0,0,0,0,-,-,NA,NA,SAN DIEGO,OCEANSIDE,-117.34557342529295,33.20018005371094
9825778,2025,2025-10-09,3711,2025-09-30,1812,SD1883,NA,2,5,7,3711,0,0,0,NA,0,436,S MEADOWBROOK DR,S ROYAL OAK DR,0,NA,N,A,-,N,NA,NA,NA,NA,NA,NA,NA,NA,NA,Y,3,0,1,2,A,-,08,22107,NA,N,B,C,A,A,H,-,A,D,0,NA,NA,NA,NA,Y,NA,A,01,0,1,0,0,0,0,0,0,0,-,-,NA,NA,SAN DIEGO,SAN DIEGO,-117.02754974365234,32.69926071166992
9825780,2025,2025-10-09,3711,2025-09-29,1138,SD7227,NA,1,5,7,3711,0,0,0,NA,0,231,POWAY RD,CARA WY,162,E,N,A,-,N,NA,NA,NA,NA,NA,NA,NA,NA,NA,Y,3,0,1,2,A,-,08,22107,NA,N,B,C,A,A,H,-,A,D,0,NA,NA,NA,NA,Y,NA,A,01,0,1,0,0,0,0,0,0,0,-,-,NA,NA,SAN DIEGO,SAN DIEGO,-117.1020278930664,32.94608688354492
9826352,2025,2025-06-25,3711,2025-06-04,2020,SD1566,NA,3,5,7,3711,0,0,0,NA,0,838,UNIVERSITY AV,WABASH AV,0,NA,Y,A,-,N,NA,NA,NA,NA,NA,NA,NA,NA,NA,N,3,0,1,2,A,-,09,21801,A,M,D,C,A,A,H,-,C,A,0,NA,NA,NA,NA,Y,NA,-,NA,0,1,0,0,0,0,0,0,0,-,-,NA,NA,SAN DIEGO,SAN DIEGO,-117.12079620361328,32.74919891357422
9826365,2025,2025-06-24,3711,2025-05-27,1200,SD5747,NA,2,5,7,3711,0,0,0,NA,0,613,ROSECRANS ST,KURTZ ST,0,NA,N,A,-,N,NA,NA,NA,NA,NA,NA,NA,NA,NA,N,3,0,1,2,A,-,08,22107,NA,N,D,C,A,A,H,-,A,D,0,NA,Y,NA,NA,Y,NA,A,01,0,1,0,0,0,0,1,0,0,-,-,NA,NA,SAN DIEGO,SAN DIEGO,-117.2038803100586,32.752315521240234
9827337,2025,2025-07-10,3711,2025-06-29,2110,SD1516,NA,7,5,7,3711,0,0,0,NA,0,625,MOORE ST,ARISTA ST,0,NA,Y,A,-,N,NA,NA,NA,NA,NA,NA,NA,NA,NA,Y,3,0,2,2,A,-,08,22107,NA,N,E,C,A,A,H,-,C,D,0,NA,NA,NA,NA,Y,Y,A,01,0,2,0,0,0,0,0,0,0,-,-,NA,NA,SAN DIEGO,SAN DIEGO,-117.1950912475586,32.7493896484375
9827354,2025,2025-07-17,3711,2025-06-05,2222,SD1930,NA,4,5,7,3711,0,0,0,NA,0,613,KEMPER ST,MIDWAY DR,0,NA,Y,A,-,N,NA,NA,NA,NA,NA,NA,NA,NA,NA,Y,4,0,1,2,D,-,00,NA,NA,N,D,C,A,A,H,-,C,A,0,NA,NA,NA,NA,Y,NA,-,-,0,0,1,0,0,0,0,0,0,-,-,NA,NA,SAN DIEGO,SAN DIEGO,-117.21515655517578,32.752132415771484
9828413,2025,2025-07-23,3711,2025-06-21,1200,SD7824,NA,6,5,7,3711,0,0,0,NA,0,121,MISSION BAY DR,MISSION BAY DR 1200 W,0,NA,N,A,-,N,NA,NA,NA,NA,NA,NA,NA,NA,NA,Y,3,0,3,4,A,-,04,21703,NA,N,C,C,A,A,H,-,A,D,0,NA,NA,NA,NA,Y,NA,D,22,0,3,0,0,0,0,0,0,0,-,-,NA,NA,SAN DIEGO,SAN DIEGO,-117.21102905273438,32.79828643798828
9828450,2025,2025-07-02,3711,2025-06-24,1118,SD7247,NA,2,5,7,3711,0,0,0,NA,0,111,DANTE ST,DOLIVA DR,31,N,N,A,-,N,NA,NA,NA,NA,NA,NA,NA,NA,NA,Y,3,0,1,1,A,-,03,22350,NA,N,E,I,A,A,H,-,A,A,0,NA,NA,Y,NA,Y,NA,C,02,0,1,0,0,0,0,0,0,1,-,-,NA,NA,SAN DIEGO,SAN DIEGO,-117.17566680908205,32.83147048950195
9829195,2025,2025-06-26,3711,2025-06-06,1110,SD2117,NA,5,5,7,3711,0,0,0,NA,0,452,IMPERIAL AV,63RD ST,0,NA,Y,A,-,N,NA,NA,NA,NA,NA,NA,NA,NA,NA,N,3,0,1,2,A,-,11,21456,A,N,G,B,B,A,H,-,A,A,0,Y,NA,NA,NA,Y,NA,N,60,0,1,0,0,1,0,0,0,0,-,-,NA,NA,SAN DIEGO,SAN DIEGO,-117.06238555908205,32.710060119628906
9829514,2025,2025-08-12,3711,2025-06-24,1624,SD1719,NA,2,5,7,3711,0,0,0,NA,0,934,EL CAMINO REAL,PASEO VIEW CT,0,NA,Y,A,-,N,NA,NA,NA,NA,NA,NA,NA,NA,NA,Y,3,0,1,2,A,-,03,22350,NA,N,D,C,A,A,H,-,A,D,0,NA,NA,NA,Y,Y,NA,A,01,0,1,0,0,0,0,0,0,0,-,-,NA,NA,SAN DIEGO,SAN DIEGO,-117.24016571044922,32.94089889526367
9831060,2025,2025-07-08,3711,2025-06-18,1115,SD5985,NA,3,5,7,3711,0,0,0,NA,0,511,EVANS ST,NEWTON AV,0,NA,Y,A,-,N,NA,NA,NA,NA,NA,NA,NA,NA,NA,N,3,0,2,2,A,-,09,21802,A,N,D,C,A,A,H,-,A,A,0,NA,NA,NA,NA,Y,NA,A,08,0,2,0,0,0,0,0,0,0,-,-,NA,NA,SAN DIEGO,SAN DIEGO,-117.14253997802734,32.697547912597656
9831159,2025,2025-07-07,3700,2025-03-10,2500,SH4338,NA,1,5,4,3707,0,0,0,NA,0,705,13TH ST,IMPERIAL BEACH BL,0,NA,Y,A,-,N,NA,NA,NA,NA,NA,NA,NA,NA,NA,N,3,0,1,2,A,-,08,22107,NA,F,G,G,A,A,D,-,A,A,0,NA,Y,NA,NA,Y,Y,-,99,0,1,0,0,0,0,1,0,0,-,-,32.57653045654297,-117.1056900024414,SAN DIEGO,IMPERIAL BEACH,-117.10569763183594,32.5765266418457
9831684,2025,2025-07-14,3711,2025-01-30,708,SD1722,NA,4,5,7,3711,0,0,0,NA,0,233,BLACK MOUNTAIN RD,56 WEST,0,NA,Y,A,-,N,NA,NA,NA,NA,NA,NA,NA,NA,NA,N,4,0,1,2,A,-,12,21453,A,N,B,C,A,A,H,-,A,A,0,NA,NA,NA,NA,Y,NA,A,01,0,0,1,0,0,0,0,0,0,-,-,NA,NA,SAN DIEGO,SAN DIEGO,NA,NA
9832686,2025,2025-07-24,3711,2025-07-01,2225,SD1536,NA,2,5,7,3711,0,0,0,NA,0,935,EL CAMINO REAL,EL CAMINO REAL 14100,0,NA,N,A,-,N,NA,NA,NA,NA,NA,NA,NA,NA,NA,Y,3,0,1,1,A,-,08,38314,NA,N,E,I,A,A,H,-,C,D,0,NA,NA,NA,NA,Y,NA,A,01,0,1,0,0,0,0,0,0,0,-,-,NA,NA,SAN DIEGO,SAN DIEGO,-117.22843933105467,32.922367095947266
9832891,2025,2025-07-18,3711,2025-06-17,1944,SD7668,NA,2,5,7,3711,0,0,0,NA,0,821,EL CAJON BL,70TH ST,260,W,N,A,-,N,NA,NA,NA,NA,NA,NA,NA,NA,NA,Y,3,0,2,2,A,-,05,21651,A,M,A,C,A,A,H,-,A,D,0,NA,NA,NA,NA,Y,NA,A,01,0,2,0,0,0,0,0,0,0,-,-,NA,NA,SAN DIEGO,SAN DIEGO,-117.04794311523438,32.7686882019043
9832960,2025,2025-07-24,3711,2025-07-05,1719,SD5300,NA,6,5,7,3711,0,0,0,NA,0,123,WEST MISSION BAY DR,SEA WORLD DR,1100,S,N,A,-,N,NA,NA,NA,NA,NA,NA,NA,NA,NA,Y,3,0,5,2,A,-,03,22350,NA,N,C,C,A,A,H,-,A,D,0,NA,NA,NA,NA,Y,NA,-,NA,0,5,0,0,0,0,0,0,0,-,-,NA,NA,SAN DIEGO,SAN DIEGO,-117.22738647460938,32.759639739990234
9833419,2025,2025-07-21,3710,2025-05-10,1003,OC1571,NA,6,5,6,3710,0,0,0,NA,0,036,OCEANSIDE BL,MELROSE DR,402,E,N,A,-,N,NA,NA,NA,NA,NA,NA,NA,NA,NA,N,3,0,1,2,A,-,08,38314,NA,N,B,C,A,A,H,-,A,D,0,NA,NA,Y,NA,Y,NA,A,01,0,1,0,0,0,0,0,0,1,-,-,NA,NA,SAN DIEGO,OCEANSIDE,-117.2580795288086,33.22122573852539
9833591,2025,2025-07-23,3711,2025-06-19,623,SD1807,NA,4,5,7,3711,0,0,0,NA,0,511,NORMAN SCOTT RD,SOUTH 32ND ST,0,NA,Y,A,-,N,NA,NA,NA,NA,NA,NA,NA,NA,NA,Y,3,0,2,2,A,-,05,21651,A,N,A,C,A,A,H,-,B,A,0,NA,NA,NA,NA,Y,NA,A,01,0,2,0,0,0,0,0,0,0,-,-,NA,NA,SAN DIEGO,SAN DIEGO,-117.12538909912108,32.68761444091797
9833803,2025,2025-09-02,3711,2025-07-08,1910,SD1963,NA,2,5,7,3711,0,0,0,NA,0,611,MIDWAY DR,MIDWAY DR 2700,0,NA,N,A,-,N,NA,NA,NA,NA,NA,NA,NA,NA,NA,N,4,0,1,2,A,-,08,22107,NA,N,B,C,A,A,H,-,A,D,0,NA,NA,NA,NA,Y,NA,A,01,0,0,1,0,0,0,0,0,0,-,-,NA,NA,SAN DIEGO,SAN DIEGO,-117.04972076416016,33.13434600830078
9833816,2025,2025-08-25,3711,2025-07-11,2054,SD7049,NA,5,5,7,3711,0,0,0,NA,0,834,43RD ST,WIGHTMAN ST,80,N,N,A,-,N,NA,NA,NA,NA,NA,NA,NA,NA,NA,N,3,0,1,2,A,-,12,22450,A,N,A,B,B,A,H,-,A,D,0,Y,NA,NA,NA,Y,NA,A,01,0,1,0,0,1,0,0,0,0,-,-,NA,NA,SAN DIEGO,SAN DIEGO,-117.10203552246094,32.74802017211914
9867144,2025,2026-01-14,3711,2025-08-24,2016,SD7759,NA,7,5,7,3711,0,0,0,NA,0,836,HOME AV,HOME AV 4500,0,NA,N,A,-,N,NA,NA,NA,NA,NA,NA,NA,NA,NA,N,1,1,0,3,A,-,11,21956,A,N,G,B,E,A,H,-,D,D,0,Y,NA,NA,NA,Y,NA,N,60,0,0,0,1,0,0,0,0,0,-,-,NA,NA,SAN DIEGO,SAN DIEGO,-117.097325,32.730906
9867656,2025,2025-08-21,3711,2025-06-20,1830,SD7861,NA,5,5,7,3711,0,0,0,NA,0,934,EL CAMINO REAL,DERBY DOWNS RD,0,NA,Y,A,-,N,NA,NA,NA,NA,NA,NA,NA,NA,NA,Y,3,0,2,2,A,-,03,22350,NA,N,C,C,A,A,H,-,A,A,0,NA,NA,NA,NA,Y,NA,A,01,0,1,1,0,0,0,0,0,0,-,-,NA,NA,SAN DIEGO,SAN DIEGO,-117.23476409912108,32.965110778808594
9867861,2025,2025-08-06,3711,2025-07-25,1939,SD2139,NA,5,5,7,3711,0,0,0,NA,0,123,SEA WORLD DR,SEA WORLD WY,250,W,N,A,-,N,NA,NA,NA,NA,NA,NA,NA,NA,NA,Y,3,0,2,2,B,-,22,NA,NA,N,C,C,A,A,H,-,A,D,0,NA,NA,NA,NA,Y,NA,A,01,0,2,0,0,0,0,0,0,0,-,-,NA,NA,SAN DIEGO,SAN DIEGO,NA,NA
9867868,2025,2025-08-21,3711,2025-07-26,34,SD1631,NA,6,5,7,3711,0,0,0,NA,0,122,FOOTHILL BL,CARDENO DR,0,NA,Y,A,-,N,NA,NA,NA,NA,NA,NA,NA,NA,NA,N,3,0,1,1,A,-,03,22350,NA,N,H,A,A,A,H,-,C,A,0,NA,NA,Y,NA,Y,NA,C,02,0,1,0,0,0,0,0,0,1,-,-,NA,NA,SAN DIEGO,SAN DIEGO,NA,NA
9868031,2025,2025-08-28,3711,2025-07-30,1650,SD6985,NA,3,5,7,3711,0,0,0,NA,0,725,PALM AV,PALM AV 4380,0,NA,N,A,-,N,NA,NA,NA,NA,NA,NA,NA,NA,NA,N,3,0,1,2,A,-,08,38314,NA,N,B,C,A,A,H,-,A,A,0,NA,NA,NA,NA,Y,Y,A,01,0,1,0,0,0,0,0,0,0,-,-,NA,NA,SAN DIEGO,SAN DIEGO,-117.0857391357422,32.58381652832031
9868429,2025,2025-09-29,3711,2025-08-03,2348,SD1856,NA,7,5,7,3711,0,0,0,NA,0,934,CARMEL VALLEY RD,MORADO TRL,0,NA,Y,A,-,N,NA,NA,NA,NA,NA,NA,NA,NA,NA,Y,3,0,1,1,A,-,08,38314,NA,N,A,I,A,A,H,-,C,A,0,NA,NA,NA,NA,Y,NA,A,01,0,1,0,0,0,0,0,0,0,-,-,NA,NA,SAN DIEGO,SAN DIEGO,-117.17560577392578,32.96950149536133
9868433,2025,2025-09-29,3711,2025-08-05,1351,SD1998,NA,2,5,7,3711,0,0,0,NA,0,624,WASHINGTON ST,NORMAL ST,0,NA,Y,A,-,N,NA,NA,NA,NA,NA,NA,NA,NA,NA,N,3,0,1,2,A,-,07,21658,A,N,B,C,A,A,H,-,A,A,0,NA,NA,NA,NA,Y,NA,A,01,0,1,0,0,0,0,0,0,0,-,-,NA,NA,SAN DIEGO,SAN DIEGO,-117.14787292480467,32.752864837646484
9869633,2025,2025-09-02,3711,2025-08-19,1143,SD5531,NA,2,5,7,3711,0,0,0,NA,0,124,LA JOLLA BL,GRAVILLA ST,0,NA,Y,A,-,N,NA,NA,NA,NA,NA,NA,NA,NA,NA,N,3,0,1,2,A,-,08,22107,NA,N,D,C,A,A,H,-,A,A,0,NA,NA,Y,NA,Y,NA,C,02,0,1,0,0,0,0,0,0,1,-,-,NA,NA,SAN DIEGO,SAN DIEGO,-117.2770767211914,32.82906723022461
9870746,2025,2025-08-25,3711,2025-07-02,515,SD1184,NA,3,5,7,3711,0,0,0,NA,0,524,5TH AV,B ST,0,NA,Y,A,-,N,NA,NA,NA,NA,NA,NA,NA,NA,NA,Y,3,0,1,2,A,-,12,21453,A,N,D,C,A,A,H,-,C,A,0,NA,NA,NA,NA,Y,NA,A,01,0,1,0,0,0,0,0,0,0,-,-,NA,NA,SAN DIEGO,SAN DIEGO,-117.16019439697266,32.71780014038086