CASE_ID,ACCIDENT_YEAR,PROC_DATE,JURIS,COLLISION_DATE,COLLISION_TIME,OFFICER_ID,REPORTING_DISTRICT,DAY_OF_WEEK,CHP_SHIFT,POPULATION,CNTY_CITY_LOC,SPECIAL_COND,BEAT_TYPE,CHP_BEAT_TYPE,CITY_DIVISION_LAPD,CHP_BEAT_CLASS,BEAT_NUMBER,PRIMARY_RD,SECONDARY_RD,DISTANCE,DIRECTION,INTERSECTION,WEATHER_1,WEATHER_2,STATE_HWY_IND,CALTRANS_COUNTY,CALTRANS_DISTRICT,STATE_ROUTE,ROUTE_SUFFIX,POSTMILE_PREFIX,POSTMILE,LOCATION_TYPE,RAMP_INTERSECTION,SIDE_OF_HWY,TOW_AWAY,COLLISION_SEVERITY,NUMBER_KILLED,NUMBER_INJURED,PARTY_COUNT,PRIMARY_COLL_FACTOR,PCF_CODE_OF_VIOL,PCF_VIOL_CATEGORY,PCF_VIOLATION,PCF_VIOL_SUBSECTION,HIT_AND_RUN,TYPE_OF_COLLISION,MVIW,PED_ACTION,ROAD_SURFACE,ROAD_COND_1,ROAD_COND_2,LIGHTING,CONTROL_DEVICE,CHP_ROAD_TYPE,PEDESTRIAN_ACCIDENT,BICYCLE_ACCIDENT,MOTORCYCLE_ACCIDENT,TRUCK_ACCIDENT,NOT_PRIVATE_PROPERTY,ALCOHOL_INVOLVED,STWD_VEHTYPE_AT_FAULT,CHP_VEHTYPE_AT_FAULT,COUNT_SEVERE_INJ,COUNT_VISIBLE_INJ,COUNT_COMPLAINT_PAIN,COUNT_PED_KILLED,COUNT_PED_INJURED,COUNT_BICYCLIST_KILLED,COUNT_BICYCLIST_INJURED,COUNT_MC_KILLED,COUNT_MC_INJURED,PRIMARY_RAMP,SECONDARY_RAMP,LATITUDE,LONGITUDE,COUNTY,CITY,POINT_X,POINT_Y
9892699,2025,2025-12-19,3711,2025-11-16,1438,SD7556,NA,7,5,7,3711,0,0,0,NA,0,523,G ST,6TH AV,1,E,N,A,-,N,NA,NA,NA,NA,NA,NA,NA,NA,NA,N,3,0,1,2,A,-,12,21453,A,N,D,J,A,A,H,-,A,A,0,NA,NA,NA,NA,Y,NA,-,99,0,1,0,0,0,0,0,0,0,-,-,NA,NA,SAN DIEGO,SAN DIEGO,-117.1592254638672,32.71257019042969
9892708,2025,2025-12-12,3711,2025-11-22,910,SD1970,NA,6,5,7,3711,0,0,0,NA,0,234,BERNARDO CENTER DR,RANCHO BERNARDO TOWN DR,0,NA,Y,B,C,N,NA,NA,NA,NA,NA,NA,NA,NA,NA,N,4,0,3,2,B,-,22,NA,NA,N,D,C,A,B,H,-,B,D,0,NA,NA,NA,NA,Y,NA,A,01,0,0,3,0,0,0,0,0,0,-,-,NA,NA,SAN DIEGO,SAN DIEGO,-117.07443237304688,33.02280044555664
9893004,2025,2025-12-09,3700,2025-10-17,1412,SH3197,NA,5,5,5,3712,0,0,0,NA,0,360,DISCOVERY ST,RUSH DR,0,NA,Y,A,-,N,NA,NA,NA,NA,NA,NA,NA,NA,NA,Y,3,0,2,2,A,-,09,21453,C,N,D,C,A,A,H,-,A,A,0,NA,NA,NA,NA,Y,NA,A,01,0,2,0,0,0,0,0,0,0,-,-,NA,NA,SAN DIEGO,SAN MARCOS,NA,NA
9893257,2025,2026-02-04,3711,2025-12-07,1522,SD1726,NA,7,5,7,3711,0,0,0,NA,0,531,UPAS ST,PERSHING DR,0,NA,Y,-,-,N,NA,NA,NA,NA,NA,NA,NA,NA,NA,N,3,0,1,2,A,-,10,21950,A,N,-,-,-,-,-,-,-,-,0,Y,NA,NA,NA,Y,NA,-,NA,0,1,0,0,1,0,0,0,0,-,-,NA,NA,SAN DIEGO,SAN DIEGO,-117.13372802734376,32.74098205566406
9893289,2025,2026-01-12,3711,2025-12-01,921,SD1886,NA,1,5,7,3711,0,0,0,NA,0,115,GOVERNOR DR,STADIUM ST,0,NA,Y,A,-,N,NA,NA,NA,NA,NA,NA,NA,NA,NA,N,3,0,1,2,A,-,10,21950,A,N,G,B,-,A,H,-,A,A,0,Y,NA,NA,NA,Y,NA,A,07,0,1,0,0,1,0,0,0,0,-,-,NA,NA,SAN DIEGO,SAN DIEGO,-117.21334838867188,32.850791931152344
9893631,2025,2025-12-29,3702,2025-11-21,800,CV1448,NA,5,5,6,3702,0,0,0,NA,0,012,G ST,5TH AV,75,E,N,B,C,N,NA,NA,NA,NA,NA,NA,NA,NA,NA,N,3,0,1,2,A,-,03,22350,NA,N,G,B,F,B,H,-,A,D,0,Y,NA,NA,NA,Y,NA,A,01,0,1,0,0,1,0,0,0,0,-,-,NA,NA,SAN DIEGO,CHULA VISTA,-117.0864715576172,32.63560485839844
9893641,2025,2026-01-14,3702,2025-11-14,254,CV1487,NA,5,5,6,3702,0,0,0,NA,0,014,BONITA RD,BONITA GLEN RD,87,E,N,A,-,N,NA,NA,NA,NA,NA,NA,NA,NA,NA,N,3,0,1,1,A,-,03,22350,NA,N,H,A,A,A,H,-,E,A,0,NA,Y,NA,NA,Y,NA,L,04,0,1,0,0,0,0,1,0,0,-,-,NA,NA,SAN DIEGO,CHULA VISTA,-117.0638427734375,32.64803695678711
9893680,2025,2025-12-23,3702,2025-10-30,1442,CV1490,NA,4,5,6,3702,0,0,0,NA,0,032,BONITA RD,WILLOW ST,144,E,N,A,-,N,NA,NA,NA,NA,NA,NA,NA,NA,NA,Y,3,0,1,2,A,-,03,22350,NA,N,D,C,A,A,H,-,A,D,0,NA,NA,NA,NA,Y,NA,A,01,0,1,0,0,0,0,0,0,0,-,-,NA,NA,SAN DIEGO,CHULA VISTA,-117.04044342041016,32.65825653076172
9894036,2025,2026-01-16,3711,2025-12-21,143,SD7247,NA,7,5,7,3711,0,0,0,NA,0,311,FRIARS RD,RT 15,0,NA,Y,A,-,Y,SD,11,15,-,R,6.389,R,4,S,Y,3,0,1,2,A,-,03,22350,NA,M,C,C,A,A,H,-,D,A,0,NA,NA,NA,NA,Y,NA,A,01,0,1,0,0,0,0,0,0,0,-,SO,NA,NA,SAN DIEGO,SAN DIEGO,-117.1137237548828,32.782203674316406
9894044,2025,2026-01-07,3711,2025-12-16,237,SD1961,NA,2,5,7,3711,0,0,0,NA,0,113,MORENA BL,MORENA BL 4645,0,NA,N,A,-,N,NA,NA,NA,NA,NA,NA,NA,NA,NA,Y,3,0,1,2,A,-,21,22106,NA,N,D,C,A,A,H,-,A,D,0,NA,NA,NA,NA,Y,NA,A,01,0,1,0,0,0,0,0,0,0,-,-,NA,NA,SAN DIEGO,SAN DIEGO,-117.20689392089844,32.7750129699707
9894155,2025,2026-02-13,3711,2025-12-27,214,SD1474,NA,6,5,7,3711,0,0,0,NA,0,431,EUCLID AV,GENEVA AV,0,NA,Y,C,-,Y,SD,11,94,-,-,5.251,R,4,E,Y,3,0,1,2,A,-,08,22107,NA,N,D,C,A,B,H,-,C,D,0,NA,NA,NA,NA,Y,NA,A,01,0,1,0,0,0,0,0,0,0,-,-,NA,NA,SAN DIEGO,SAN DIEGO,-117.08322143554688,32.71852111816406
9894211,2025,2025-12-16,3702,2025-11-06,1340,CV1439,NA,4,5,6,3702,0,0,0,NA,0,013,BAY BL,L ST,0,NA,Y,A,-,N,NA,NA,NA,NA,NA,NA,NA,NA,NA,Y,3,0,1,2,A,-,03,22350,NA,N,D,C,A,A,H,-,A,D,0,NA,NA,NA,NA,Y,NA,A,07,0,1,0,0,0,0,0,0,0,-,-,NA,NA,SAN DIEGO,CHULA VISTA,-117.09197998046876,32.61494827270508
9894412,2025,2025-12-10,3710,2025-11-01,935,OC1529,NA,6,5,6,3710,0,0,0,NA,0,033,COLLEGE BL,CHROMA DR,865,N,N,A,-,N,NA,NA,NA,NA,NA,NA,NA,NA,NA,Y,4,0,1,1,A,-,08,22107,NA,N,E,I,A,A,H,-,A,D,0,NA,NA,NA,NA,Y,NA,A,01,0,0,1,0,0,0,0,0,0,-,-,NA,NA,SAN DIEGO,OCEANSIDE,-117.2935028076172,33.231441497802734
9894552,2025,2025-12-19,3700,2025-11-03,1033,SH0113,NA,1,5,5,3713,0,0,0,NA,0,308,WEST VISTA WY,THUNDER DR,469,E,N,A,-,N,NA,NA,NA,NA,NA,NA,NA,NA,NA,Y,3,0,3,2,A,-,09,21804,A,N,D,C,A,A,H,-,A,D,0,NA,NA,NA,NA,Y,NA,A,07,0,2,1,0,0,0,0,0,0,-,-,NA,NA,SAN DIEGO,VISTA,-117.28680419921876,33.18466567993164
9895451,2025,2026-01-22,3711,2025-12-25,720,SD1799,NA,4,5,7,3711,0,0,0,NA,0,124,COSTEBELLE DR,MOONRIDGE PL,112,W,N,A,-,N,NA,NA,NA,NA,NA,NA,NA,NA,NA,Y,3,0,1,1,A,-,08,22107,NA,N,E,I,A,A,H,-,A,D,0,NA,NA,NA,NA,Y,NA,A,08,0,1,0,0,0,0,0,0,0,-,-,NA,NA,SAN DIEGO,SAN DIEGO,-117.24340057373048,32.848995208740234
9895452,2025,2026-01-22,3711,2025-12-29,804,SD1790,NA,1,5,7,3711,0,0,0,NA,0,315,FRIARS RD,NORTHSIDE DR,0,NA,Y,A,-,N,NA,NA,NA,NA,NA,NA,NA,NA,NA,Y,4,0,1,2,A,-,09,21453,C,N,D,C,A,A,H,-,A,A,0,NA,NA,NA,NA,Y,NA,A,01,0,0,1,0,0,0,0,0,0,-,-,NA,NA,SAN DIEGO,SAN DIEGO,-117.1278839111328,32.78409194946289
9895593,2025,2026-01-23,3702,2025-12-18,1700,CV0986,NA,4,5,6,3702,0,0,0,NA,0,032,BONITA RD,ALLEN SCHOOL RD,160,W,N,A,-,N,NA,NA,NA,NA,NA,NA,NA,NA,NA,N,4,0,1,2,A,-,09,21804,A,N,D,C,A,A,H,-,C,A,0,NA,NA,NA,NA,Y,NA,A,01,0,0,1,0,0,0,0,0,0,-,-,NA,NA,SAN DIEGO,CHULA VISTA,-117.03702545166016,32.66023254394531
9896133,2025,2026-01-21,3711,2025-12-20,1445,SD7808,NA,6,5,7,3711,0,0,0,NA,0,231,SABRE SPRINGS PKWY,POWAY RD,0,NA,Y,-,-,N,NA,NA,NA,NA,NA,NA,NA,NA,NA,N,3,0,1,2,D,-,00,NA,NA,N,-,-,A,-,-,-,-,-,0,NA,NA,NA,NA,Y,NA,-,-,0,1,0,0,0,0,0,0,0,-,-,NA,NA,SAN DIEGO,SAN DIEGO,-117.09585571289063,32.946895599365234
9896134,2025,2026-01-15,3711,2025-12-21,408,SD7759,NA,7,5,7,3711,0,0,0,NA,0,931,TORREY RIDGE DR,TORREY BLUFF DR,0,NA,Y,A,-,N,NA,NA,NA,NA,NA,NA,NA,NA,NA,Y,4,0,2,4,A,-,08,22107,NA,N,E,E,A,A,H,-,C,A,0,NA,NA,NA,NA,Y,NA,A,01,0,0,2,0,0,0,0,0,0,-,-,NA,NA,SAN DIEGO,SAN DIEGO,-117.22590637207033,32.95476150512695
9897657,2025,2026-01-23,3700,2025-08-13,1751,SH0509,NA,3,5,4,3707,0,0,0,NA,0,705,ELM AV,FLORIDA ST,36,N,N,A,-,N,NA,NA,NA,NA,NA,NA,NA,NA,NA,Y,3,0,2,2,A,-,12,22450,A,N,D,C,A,A,H,-,A,D,0,NA,NA,NA,NA,Y,NA,A,01,0,2,0,0,0,0,0,0,0,-,-,NA,NA,SAN DIEGO,IMPERIAL BEACH,-117.10936737060548,32.58066940307617
9899546,2025,2026-02-09,3705,2025-10-03,1717,EC0438,NA,5,5,5,3705,0,0,0,NA,0,002,WEST MAIN ST,CHAMBERS ST,0,NA,Y,A,-,N,NA,NA,NA,NA,NA,NA,NA,NA,NA,N,3,0,1,2,A,-,05,21650,1,F,D,G,A,B,H,-,A,A,0,NA,Y,NA,NA,Y,NA,-,NA,0,1,0,0,0,0,1,0,0,-,-,NA,NA,SAN DIEGO,EL CAJON,-116.9665756225586,32.79495620727539
9900204,2025,2025-12-22,3705,2025-06-28,1954,EC0460,NA,6,5,5,3705,0,0,0,NA,0,002,ORLANDO ST,E MADISON AV,0,NA,Y,A,-,N,NA,NA,NA,NA,NA,NA,NA,NA,NA,N,3,0,1,2,A,-,08,22107,NA,N,B,C,A,A,H,-,B,A,0,NA,NA,NA,NA,Y,NA,A,07,0,1,0,0,0,0,0,0,0,-,-,NA,NA,SAN DIEGO,EL CAJON,-116.9401397705078,32.8001594543457
9900230,2025,2025-12-22,3711,2025-12-14,35,SD1988,NA,7,5,7,3711,0,0,0,NA,0,431,60TH ST,BROADWAY,0,NA,Y,E,-,N,NA,NA,NA,NA,NA,NA,NA,NA,NA,Y,3,0,1,1,A,-,08,22107,NA,N,E,I,A,A,H,-,C,D,0,NA,NA,NA,NA,Y,Y,A,01,0,1,0,0,0,0,0,0,0,-,-,NA,NA,SAN DIEGO,SAN DIEGO,-117.0679931640625,32.71535110473633
9900605,2025,2025-12-30,3709,2025-11-25,1952,NC0525,NA,2,5,5,3709,0,0,0,NA,0,024,MILE OF CARS WY,EAST 24TH ST,10,S,N,-,-,N,NA,NA,NA,NA,NA,NA,NA,NA,NA,Y,3,0,2,2,A,-,-,NA,NA,N,D,C,A,A,H,-,C,A,0,NA,NA,NA,NA,Y,NA,A,01,0,2,0,0,0,0,0,0,0,-,-,NA,NA,SAN DIEGO,NATIONAL CITY,NA,NA
9900714,2025,2026-01-12,3711,2025-12-11,1540,SD1788,NA,4,5,7,3711,0,0,0,NA,0,446,IMPERIAL AV,IMPERIAL AV 4777,0,NA,N,A,-,N,NA,NA,NA,NA,NA,NA,NA,NA,NA,Y,3,0,1,3,A,-,-,NA,NA,M,B,C,A,A,-,-,A,D,0,NA,NA,NA,NA,Y,NA,-,NA,0,1,0,0,0,0,0,0,0,-,-,NA,NA,SAN DIEGO,SAN DIEGO,NA,NA
9900718,2025,2026-01-06,3711,2025-12-11,1325,SD2048,NA,4,5,7,3711,0,0,0,NA,0,116,DENVER ST,PIPER ST,165,S,N,A,-,N,NA,NA,NA,NA,NA,NA,NA,NA,NA,N,3,0,1,2,A,-,03,22350,NA,N,C,G,A,A,H,-,A,D,0,NA,Y,NA,NA,Y,NA,L,04,0,1,0,0,0,0,1,0,0,-,-,NA,NA,SAN DIEGO,SAN DIEGO,-117.20362091064452,32.797157287597656
9901370,2025,2026-01-08,3710,2025-12-12,604,OC1584,NA,5,5,6,3710,0,0,0,NA,0,011,CANYON RD,MISSION AV,850,S,N,A,-,N,NA,NA,NA,NA,NA,NA,NA,NA,NA,Y,3,0,2,2,A,-,09,21801,A,N,D,C,A,A,H,-,B,D,0,NA,NA,NA,Y,Y,NA,F,26,0,1,1,0,0,0,0,0,0,-,-,NA,NA,SAN DIEGO,OCEANSIDE,-117.36524200439452,33.20561218261719
9901616,2025,2026-01-22,3711,2025-12-20,1430,SD1976,NA,6,5,7,3711,0,0,0,NA,0,122,HORNBLEND ST,MISSION BL,0,NA,Y,A,-,N,NA,NA,NA,NA,NA,NA,NA,NA,NA,N,3,0,1,2,B,-,22,NA,NA,N,G,B,D,A,H,-,A,D,0,Y,NA,NA,NA,Y,NA,A,01,0,1,0,0,1,0,0,0,0,-,-,NA,NA,SAN DIEGO,SAN DIEGO,-117.25523376464844,32.795692443847656
9901623,2025,2026-01-21,3711,2025-12-05,1200,SD7864,NA,5,5,7,3711,0,0,0,NA,0,115,EASTGATE MALL,JUDICIAL DR,800,E,N,A,-,N,NA,NA,NA,NA,NA,NA,NA,NA,NA,Y,3,0,2,2,A,-,04,21703,NA,N,C,C,A,A,H,-,A,B,0,NA,NA,NA,NA,Y,NA,A,01,0,2,0,0,0,0,0,0,0,-,-,NA,NA,SAN DIEGO,SAN DIEGO,-117.20320892333984,32.88045120239258
9901635,2025,2026-01-21,3711,2025-12-18,1700,SD1864,NA,4,5,7,3711,0,0,0,NA,0,823,STREAMVIEW DR,54TH ST,0,NA,Y,A,-,N,NA,NA,NA,NA,NA,NA,NA,NA,NA,Y,4,0,1,2,A,-,03,22350,NA,N,D,C,A,A,H,-,C,A,0,NA,NA,NA,NA,Y,NA,A,01,0,0,1,0,0,0,0,0,0,-,-,NA,NA,SAN DIEGO,SAN DIEGO,-117.0795440673828,32.743045806884766
9901657,2025,2026-01-06,3711,2025-12-14,1222,SD2074,NA,7,5,7,3711,0,0,0,NA,0,315,MISSION CENTER CT,HAZARD CENTER DR,0,NA,Y,A,-,N,NA,NA,NA,NA,NA,NA,NA,NA,NA,Y,3,0,2,2,A,-,09,21453,C,N,D,A,A,A,H,-,A,A,0,NA,NA,NA,NA,Y,NA,-,NA,0,2,0,0,0,0,0,0,0,-,-,NA,NA,SAN DIEGO,SAN DIEGO,-117.15481567382813,32.770809173583984
9901672,2025,2026-01-07,3711,2025-12-19,2045,SD7380,NA,5,5,7,3711,0,0,0,NA,0,834,FAIRMOUNT AV,WIGHTMAN ST,160,N,N,A,-,N,NA,NA,NA,NA,NA,NA,NA,NA,NA,N,3,0,1,2,A,-,11,21954,A,N,D,B,D,A,H,-,C,A,0,Y,NA,NA,NA,Y,NA,N,60,0,1,0,0,1,0,0,0,0,-,-,NA,NA,SAN DIEGO,SAN DIEGO,-117.10092163085938,32.74817657470703
9901673,2025,2026-01-07,3710,2025-12-19,902,OC1533,NA,5,5,6,3710,0,0,0,NA,0,018,NORTH RIVER RD,CALLE MONTECITO,70,E,N,A,-,N,NA,NA,NA,NA,NA,NA,NA,NA,NA,Y,4,0,1,3,A,-,03,22350,NA,N,C,C,A,A,H,-,A,A,0,NA,NA,NA,NA,Y,NA,A,07,0,0,1,0,0,0,0,0,0,-,-,NA,NA,SAN DIEGO,OCEANSIDE,-117.3085479736328,33.24549865722656
9901695,2025,2026-01-02,3711,2025-10-06,2006,SD6000,NA,1,5,7,3711,0,0,0,NA,0,822,EL CAJON BL,EL CERRITO DR,54,E,N,A,-,N,NA,NA,NA,NA,NA,NA,NA,NA,NA,N,2,0,1,2,A,-,11,21954,A,F,G,B,D,A,H,-,C,D,0,Y,NA,NA,NA,Y,NA,N,60,1,0,0,0,1,0,0,0,0,-,-,NA,NA,SAN DIEGO,SAN DIEGO,-117.07347869873048,32.75867462158203
9901850,2025,2026-02-13,3711,2025-12-25,1300,SD6927,NA,4,5,7,3711,0,0,0,NA,0,827,UNIVERSITY AV,54TH ST,0,NA,Y,A,-,N,NA,NA,NA,NA,NA,NA,NA,NA,NA,Y,3,0,1,3,A,-,08,22107,NA,N,C,C,A,A,H,-,A,A,0,NA,NA,NA,Y,Y,NA,A,01,0,1,0,0,0,0,0,0,0,-,-,NA,NA,SAN DIEGO,SAN DIEGO,-117.07947540283205,32.74878692626953
9902336,2025,2026-01-16,3710,2025-12-28,1410,OC1382,NA,7,5,6,3710,0,0,0,NA,0,033,COLLEGE BL,FRAZEE RD,410,N,N,A,-,N,NA,NA,NA,NA,NA,NA,NA,NA,NA,N,4,0,1,1,A,-,-,NA,NA,N,F,A,A,A,C,-,A,D,0,NA,Y,NA,NA,Y,NA,L,04,0,0,1,0,0,0,1,0,0,-,-,NA,NA,SAN DIEGO,OCEANSIDE,-117.29237365722656,33.23798370361328
9902635,2025,2026-01-20,3711,2025-01-04,2140,SD1998,NA,6,5,7,3711,0,0,0,NA,0,624,NORMAL ST,POLK AV,0,NA,Y,C,-,N,NA,NA,NA,NA,NA,NA,NA,NA,NA,Y,3,0,1,2,A,-,11,21954,A,N,G,B,B,B,H,-,C,A,0,Y,NA,NA,NA,Y,NA,N,60,0,1,0,0,1,0,0,0,0,-,-,NA,NA,SAN DIEGO,SAN DIEGO,-117.14752197265624,32.75274658203125
9903660,2025,2026-01-29,3700,2025-12-21,1825,SH3183,NA,7,5,5,3713,0,0,0,NA,0,306,VISTA WY,BOBIER DR,0,NA,Y,A,-,N,NA,NA,NA,NA,NA,NA,NA,NA,NA,N,4,0,1,2,A,-,04,21703,NA,M,C,C,A,A,H,-,C,D,0,NA,NA,NA,NA,Y,NA,D,22,0,0,1,0,0,0,0,0,0,-,-,NA,NA,SAN DIEGO,VISTA,-117.22622680664063,33.21723556518555
9904021,2025,2026-02-13,3705,2025-11-13,905,EC0390,NA,4,5,5,3705,0,0,0,NA,0,002,N MAGNOLIA AV,MAIN ST,156,N,N,A,-,N,NA,NA,NA,NA,NA,NA,NA,NA,NA,Y,3,0,1,1,A,-,07,21658,A,N,E,J,A,A,H,-,A,D,0,NA,NA,NA,NA,Y,NA,A,01,0,1,0,0,0,0,0,0,0,-,-,NA,NA,SAN DIEGO,EL CAJON,-116.96234893798828,32.79537582397461
9904051,2025,2026-02-13,3705,2025-11-28,1912,EC0438,NA,5,5,5,3705,0,0,0,NA,0,002,N FIRST ST,NARANCA AV,0,NA,Y,A,-,N,NA,NA,NA,NA,NA,NA,NA,NA,NA,Y,3,0,2,2,A,-,12,21453,A,N,D,C,A,A,H,-,C,A,0,NA,NA,NA,NA,Y,NA,-,NA,0,1,1,0,0,0,0,0,0,-,-,NA,NA,SAN DIEGO,EL CAJON,-116.9446029663086,32.80390930175781
9906274,2025,2026-02-04,3711,2025-11-19,1745,SD1584,NA,3,5,7,3711,0,0,0,NA,0,434,CARDIFF ST,CARDIFF ST 900,0,NA,N,B,-,N,NA,NA,NA,NA,NA,NA,NA,NA,NA,Y,3,0,1,2,A,-,08,22107,NA,N,C,C,A,A,H,-,C,D,0,NA,NA,NA,NA,Y,NA,-,NA,0,1,0,0,0,0,0,0,0,-,-,NA,NA,SAN DIEGO,SAN DIEGO,NA,NA
9907241,2025,2026-02-12,3700,2025-12-06,1927,SH919,NA,6,5,5,3782,0,0,0,NA,0,241,SAN ELIJO AV,CORNISH DR,176,N,N,A,-,N,NA,NA,NA,NA,NA,NA,NA,NA,NA,N,3,0,1,2,A,-,21,22106,NA,N,D,G,A,A,H,-,D,D,0,NA,Y,NA,NA,Y,NA,A,01,0,1,0,0,0,0,1,0,0,-,-,NA,NA,SAN DIEGO,ENCINITAS,-117.29044342041016,33.0341682434082
9907274,2025,2026-02-17,3700,2025-07-26,2222,SH0564,NA,6,5,3,3783,0,0,0,NA,0,273,SOLANA HILLS DR,SAN RODOLFO DR,281,N,N,A,-,N,NA,NA,NA,NA,NA,NA,NA,NA,NA,Y,3,0,1,2,A,-,03,22350,NA,N,B,E,A,A,H,-,C,D,0,NA,NA,NA,NA,Y,NA,A,01,0,1,0,0,0,0,0,0,0,-,-,NA,NA,SAN DIEGO,SOLANA BEACH,-117.25855255126952,32.99512481689453
9908186,2025,2026-02-04,3709,2025-12-30,1926,NC0535,NA,2,5,5,3709,0,0,0,NA,0,023,HIGHLAND AV,HIGHLAND AV 1800,0,NA,N,A,-,N,NA,NA,NA,NA,NA,NA,NA,NA,NA,N,4,0,1,2,A,-,09,21801,NA,N,D,C,A,A,H,-,C,A,0,NA,NA,NA,NA,Y,NA,-,-,0,0,1,0,0,0,0,0,0,-,-,NA,NA,SAN DIEGO,NATIONAL CITY,-117.0892333984375,32.65372085571289
9909039,2025,2026-02-17,3700,2025-06-16,2309,SH7919,NA,1,5,5,3782,0,0,0,NA,0,224,VILLAGE PARK WY,ENCINITAS BL,277,N,N,A,-,N,NA,NA,NA,NA,NA,NA,NA,NA,NA,Y,3,0,2,2,A,-,01,23152,A,F,A,C,A,A,H,-,C,D,0,NA,NA,NA,NA,Y,Y,A,07,0,2,0,0,0,0,0,0,0,-,-,NA,NA,SAN DIEGO,ENCINITAS,-117.24832916259766,33.045780181884766
9909129,2025,2026-03-05,3711,2025-02-07,2147,SD1488,NA,5,5,7,3711,0,0,0,NA,0,312,SANTO RD,RT 52,0,NA,Y,A,-,Y,NA,NA,NA,NA,NA,NA,NA,NA,NA,Y,3,0,3,2,A,-,08,22107,NA,N,B,C,A,A,H,-,C,D,0,NA,NA,NA,NA,Y,NA,A,07,0,3,0,0,0,0,0,0,0,-,-,NA,NA,SAN DIEGO,SAN DIEGO,-117.09733581542967,32.841163635253906
9909180,2025,2026-02-20,3705,2025-10-23,1536,EC0468,NA,4,5,5,3705,0,0,0,NA,0,001,W WASHINGTON AV,EL CAJON BL,0,NA,Y,A,-,N,NA,NA,NA,NA,NA,NA,NA,NA,NA,N,4,0,1,2,A,-,12,21453,A,N,D,C,A,A,H,-,A,A,0,NA,NA,NA,NA,Y,NA,A,01,0,0,1,0,0,0,0,0,0,-,-,NA,NA,SAN DIEGO,EL CAJON,-116.97474670410156,32.78773880004883
9909193,2025,2026-02-20,3700,2025-09-07,1905,SH7919,NA,7,5,5,3782,0,0,0,NA,0,224,MANCHESTER AV,MIRA COSTA COLLEGE RD,0,NA,Y,A,-,N,NA,NA,NA,NA,NA,NA,NA,NA,NA,Y,3,0,2,2,A,-,01,23152,A,N,C,C,A,A,H,-,A,A,0,NA,NA,NA,NA,Y,NA,A,01,0,2,0,0,0,0,0,0,0,-,-,NA,NA,SAN DIEGO,ENCINITAS,-117.25714874267578,33.01617431640625
9913467,2025,2026-03-03,3705,2025-12-16,2024,EC0483,NA,2,5,5,3705,0,0,0,NA,0,002,E MADISON AV,GRAVES AV,88,W,N,A,-,N,NA,NA,NA,NA,NA,NA,NA,NA,NA,Y,4,0,1,2,A,-,01,23152,A,N,C,C,A,A,H,-,C,D,0,NA,NA,NA,NA,Y,Y,A,07,0,0,1,0,0,0,0,0,0,-,-,NA,NA,SAN DIEGO,EL CAJON,-116.96061706542967,32.8008918762207
6290643,2014,2014-06-04,3700,2014-02-22,1330,SH5865,NA,6,5,5,3712,0,0,0,NA,0,350,MISSION RD,PICO AV,0,NA,Y,A,-,N,NA,NA,NA,NA,NA,NA,NA,NA,NA,Y,1,1,0,2,A,-,12,21453,A,N,D,C,A,A,H,-,A,A,0,NA,NA,Y,NA,Y,NA,-,-,0,0,0,0,0,0,0,0,0,-,-,NA,NA,SAN DIEGO,SAN MARCOS,-117.16605003,33.14349011
6292920,2017,2017-10-05,3703,2017-08-20,0023,1247,NA,7,5,3,3703,0,0,0,NA,0,003,SILVER STRAND BL,AVNDA DEL SOL,60,N,N,A,-,Y,SD,11,75,-,-,18.43,H,-,N,Y,1,2,7,3,A,-,01,23153,A,N,A,C,A,A,H,-,C,A,0,NA,NA,NA,NA,Y,Y,A,01,4,2,1,0,0,0,0,0,0,-,-,NA,NA,SAN DIEGO,CORONADO,-117.17583864,32.67971194
6293037,2017,2019-04-05,3710,2017-06-22,2037,OC1363,014,4,5,6,3710,0,0,0,NA,0,004,MISSION AV,AIRPORT RD,0,NA,Y,A,-,N,NA,NA,NA,NA,NA,NA,NA,NA,NA,Y,1,1,0,2,A,-,11,21461,5,N,G,B,B,A,H,-,C,A,0,Y,NA,NA,Y,Y,Y,N,60,0,0,0,1,0,0,0,0,0,-,-,NA,NA,SAN DIEGO,OCEANSIDE,-117.34830009,33.21337001
6328053,2014,2014-06-02,3711,2014-01-06,1745,5559,NA,1,5,7,3711,0,0,0,NA,0,934,CARMEL MOUNTAIN RD,CARMEL CREEK RD,0,NA,Y,A,-,N,NA,NA,NA,NA,NA,NA,NA,NA,NA,Y,4,0,2,2,A,-,12,21453,A,N,D,C,A,A,H,-,C,A,0,NA,NA,NA,NA,Y,NA,A,01,0,0,2,0,0,0,0,0,0,-,-,NA,NA,SAN DIEGO,SAN DIEGO,-117.22844013,32.92237003
6328106,2014,2015-11-09,3703,2014-01-05,1446,1233,NA,7,5,3,3703,0,0,0,NA,0,NA,RT 75,A AV,22,W,N,A,-,Y,SD,11,75,-,R,19.93,H,-,S,Y,3,0,2,1,A,-,08,22107,NA,N,E,I,A,A,H,-,A,D,0,NA,NA,NA,NA,Y,NA,A,01,0,1,1,0,0,0,0,0,0,-,-,NA,NA,SAN DIEGO,CORONADO,-117.17107454,32.69396829
6330682,2014,2014-06-17,9650,2014-01-10,1035,15295,NA,5,1,9,3700,0,3,5,NA,2,213,PALA TEMECULA RD,RIVERSIDE/SAN DIEGO COUNTY LINE,137,S,N,A,-,N,NA,NA,NA,NA,NA,NA,NA,NA,NA,Y,4,0,3,3,A,-,03,22350,NA,N,C,C,A,A,H,-,A,D,0,NA,NA,NA,NA,Y,NA,A,01,0,0,3,0,0,0,0,0,0,-,-,33.4303,-117.08908,SAN DIEGO,UNINCORPORATED,-117.089106,33.429886
6330721,2014,2016-02-02,9645,2014-01-10,0835,16816,NA,5,1,7,3711,0,1,3,NA,2,014,RT 52,CONVOY ST,1000,W,N,A,-,Y,SD,11,52,-,-,5.3,H,-,W,Y,4,0,2,6,A,-,03,22350,NA,N,C,C,A,A,H,-,A,D,1,NA,NA,NA,NA,Y,NA,D,22,0,0,2,0,0,0,0,0,0,-,-,32.84006,-117.16203,SAN DIEGO,SAN DIEGO,-117.15527658,32.83749264