CASE_ID,ACCIDENT_YEAR,PROC_DATE,JURIS,COLLISION_DATE,COLLISION_TIME,OFFICER_ID,REPORTING_DISTRICT,DAY_OF_WEEK,CHP_SHIFT,POPULATION,CNTY_CITY_LOC,SPECIAL_COND,BEAT_TYPE,CHP_BEAT_TYPE,CITY_DIVISION_LAPD,CHP_BEAT_CLASS,BEAT_NUMBER,PRIMARY_RD,SECONDARY_RD,DISTANCE,DIRECTION,INTERSECTION,WEATHER_1,WEATHER_2,STATE_HWY_IND,CALTRANS_COUNTY,CALTRANS_DISTRICT,STATE_ROUTE,ROUTE_SUFFIX,POSTMILE_PREFIX,POSTMILE,LOCATION_TYPE,RAMP_INTERSECTION,SIDE_OF_HWY,TOW_AWAY,COLLISION_SEVERITY,NUMBER_KILLED,NUMBER_INJURED,PARTY_COUNT,PRIMARY_COLL_FACTOR,PCF_CODE_OF_VIOL,PCF_VIOL_CATEGORY,PCF_VIOLATION,PCF_VIOL_SUBSECTION,HIT_AND_RUN,TYPE_OF_COLLISION,MVIW,PED_ACTION,ROAD_SURFACE,ROAD_COND_1,ROAD_COND_2,LIGHTING,CONTROL_DEVICE,CHP_ROAD_TYPE,PEDESTRIAN_ACCIDENT,BICYCLE_ACCIDENT,MOTORCYCLE_ACCIDENT,TRUCK_ACCIDENT,NOT_PRIVATE_PROPERTY,ALCOHOL_INVOLVED,STWD_VEHTYPE_AT_FAULT,CHP_VEHTYPE_AT_FAULT,COUNT_SEVERE_INJ,COUNT_VISIBLE_INJ,COUNT_COMPLAINT_PAIN,COUNT_PED_KILLED,COUNT_PED_INJURED,COUNT_BICYCLIST_KILLED,COUNT_BICYCLIST_INJURED,COUNT_MC_KILLED,COUNT_MC_INJURED,PRIMARY_RAMP,SECONDARY_RAMP,LATITUDE,LONGITUDE,COUNTY,CITY,POINT_X,POINT_Y
6336485,2014,2014-06-04,3700,2014-01-02,1735,SH2560,NA,4,5,5,3713,0,0,0,NA,0,312,SOUTH MELROSE DR,BREEZE HILL DR,0,NA,Y,A,C,N,NA,NA,NA,NA,NA,NA,NA,NA,NA,Y,4,0,2,2,A,-,12,21453,A,N,D,D,A,A,H,-,A,A,0,NA,NA,NA,NA,Y,NA,A,01,0,0,2,0,0,0,0,0,0,-,-,NA,NA,SAN DIEGO,VISTA,-117.2536301,33.18789002
6337208,2014,2014-06-26,3711,2014-01-11,1530,6910,CA,6,5,7,3711,0,0,0,NA,0,627,WASHINGTON ST,4TH AV,60,W,N,A,-,N,NA,NA,NA,NA,NA,NA,NA,NA,NA,N,4,0,1,2,A,-,04,21703,NA,N,C,C,A,A,H,-,A,A,0,NA,NA,NA,NA,Y,NA,-,NA,0,0,1,0,0,0,0,0,0,-,-,NA,NA,SAN DIEGO,SAN DIEGO,-117.16182449,32.74998825
6337232,2014,2014-06-26,3711,2014-01-11,1023,6982,NA,6,5,7,3711,0,0,0,NA,0,111,CLAIREMONT MESA BL,DIANE AV,15,E,N,A,-,N,NA,NA,NA,NA,NA,NA,NA,NA,NA,N,4,0,1,2,A,-,10,21950,A,N,-,B,D,A,H,-,A,A,0,Y,NA,NA,NA,Y,NA,-,NA,0,0,1,0,1,0,0,0,0,-,-,NA,NA,SAN DIEGO,SAN DIEGO,-117.18700134,32.83452922
6337235,2014,2014-06-05,3711,2014-01-12,0955,6614,NA,7,5,7,3711,0,0,0,NA,0,122,GRAND AV,LEE AV,10,W,N,A,-,N,NA,NA,NA,NA,NA,NA,NA,NA,NA,Y,4,0,2,2,A,-,12,21453,A,N,D,C,A,A,H,-,A,A,0,NA,NA,NA,NA,Y,NA,-,NA,0,0,2,0,0,0,0,0,0,-,-,NA,NA,SAN DIEGO,SAN DIEGO,-117.22468135,32.80136296
6337268,2014,2014-06-04,3711,2014-01-09,2127,4653,NA,4,5,7,3711,0,0,0,NA,0,232,CARMEL RIDGE RD,BOULTON AV,156,S,N,A,-,N,NA,NA,NA,NA,NA,NA,NA,NA,NA,Y,3,0,4,3,A,-,08,22107,NA,N,B,C,A,A,H,-,C,D,0,NA,NA,NA,NA,Y,NA,A,01,0,2,2,0,0,0,0,0,0,-,-,NA,NA,SAN DIEGO,SAN DIEGO,-117.07771437,32.97273332
6337674,2014,2014-07-23,3709,2014-01-12,2101,461,NA,7,5,5,3709,0,0,0,NA,0,021,EAST PLAZA BL,L AV,0,NA,Y,A,-,N,NA,NA,NA,NA,NA,NA,NA,NA,NA,Y,4,0,1,2,A,-,17,21461,A,N,A,C,A,A,H,-,C,A,0,NA,NA,NA,NA,Y,NA,-,NA,0,0,1,0,0,0,0,0,0,-,-,NA,NA,SAN DIEGO,NATIONAL CITY,-117.09413011,32.67721006
6344042,2014,2016-02-11,9650,2014-01-07,1755,013452,NA,2,2,5,3782,0,1,1,NA,2,007,RT 5,BIRMINGHAM DR,200,S,N,A,-,Y,SD,11,5,-,R,39.606,R,1,S,Y,4,0,1,2,A,-,03,22350,NA,N,C,C,A,A,H,-,C,A,1,NA,NA,NA,NA,Y,NA,A,01,0,0,1,0,0,0,0,0,0,-,-,33.02342,-117.27406,SAN DIEGO,ENCINITAS,-117.27376763,33.02313166
6347232,2016,2016-04-04,3709,2016-03-16,1800,493,NA,3,5,5,3709,0,0,0,NA,0,021,N EUCLID AV,EUCLID AV 00,0,N,N,A,-,N,NA,NA,NA,NA,NA,NA,NA,NA,NA,N,3,0,1,2,A,-,09,21804,A,F,A,B,D,A,H,-,A,D,0,Y,NA,NA,NA,Y,NA,A,01,0,1,0,0,1,0,0,0,0,-,-,NA,NA,SAN DIEGO,NATIONAL CITY,NA,NA
6347700,2016,2016-08-24,3711,2016-03-10,1425,7212,NA,4,5,7,3711,0,0,0,NA,0,521,IMPERIAL AV,17TH ST,5,W,N,A,-,N,NA,NA,NA,NA,NA,NA,NA,NA,NA,Y,4,0,1,2,A,-,17,21451,B,N,D,C,A,A,H,-,A,A,0,NA,NA,NA,NA,Y,NA,A,01,0,0,1,0,0,0,0,0,0,-,-,NA,NA,SAN DIEGO,SAN DIEGO,-117.1485262,32.70627017
6348141,2014,2016-02-04,9680,2014-01-07,0533,013253,NA,2,3,9,3700,0,1,3,NA,1,017,RT 67,SLAUGHTER HOUSE CANYON RD,28,S,N,A,-,Y,SD,11,67,-,-,9.33,H,-,N,Y,4,0,1,2,A,-,03,22350,NA,M,C,C,A,A,H,-,D,A,0,NA,NA,NA,NA,Y,NA,A,07,0,0,1,0,0,0,0,0,0,-,-,32.90699,-116.94295,SAN DIEGO,UNINCORPORATED,-116.96226789,32.8032056
6351408,2016,2016-03-28,3711,2016-03-12,1434,6880,NA,6,5,7,3711,0,0,0,NA,0,446,IMPERIAL AV,47TH ST,100,E,N,A,-,N,NA,NA,NA,NA,NA,NA,NA,NA,NA,N,3,0,1,2,B,-,22,NA,NA,N,G,B,D,A,H,-,A,D,0,Y,NA,NA,NA,Y,NA,-,-,0,1,0,0,1,0,0,0,0,-,-,NA,NA,SAN DIEGO,SAN DIEGO,-117.09337603,32.70415
6352404,2014,2014-06-05,3711,2014-01-21,1755,4691,NA,2,5,7,3711,0,0,0,NA,0,232,TED WILLIAMS PKWY,LINDAMERE LN,40,E,N,A,-,N,NA,NA,NA,NA,NA,NA,NA,NA,NA,Y,4,0,1,3,A,-,08,22107,NA,N,B,C,A,A,H,-,C,D,0,NA,NA,NA,NA,Y,NA,-,NA,0,0,1,0,0,0,0,0,0,-,-,NA,NA,SAN DIEGO,SAN DIEGO,-117.07118166,32.97142532
6352428,2014,2014-06-26,3711,2014-01-16,1014,6979,3711,4,5,7,3711,0,0,0,NA,0,931,BARNES CANYON RD,SCRANTON,51,E,N,A,-,N,NA,NA,NA,NA,NA,NA,NA,NA,NA,N,4,0,1,2,A,-,03,22350,NA,N,C,C,A,A,H,-,A,D,0,NA,NA,NA,NA,Y,NA,-,NA,0,0,1,0,0,0,0,0,0,-,-,NA,NA,SAN DIEGO,SAN DIEGO,-117.20252164,32.89877241
6352436,2014,2014-06-05,3711,2014-01-19,0834,7050,NA,7,5,7,3711,0,0,0,NA,0,242,AQUARIUS DR,WESTONHILL DR,0,NA,Y,A,-,N,NA,NA,NA,NA,NA,NA,NA,NA,NA,N,4,0,2,2,A,-,12,22450,A,N,D,C,A,A,H,-,A,A,0,NA,NA,NA,NA,Y,NA,-,NA,0,0,2,0,0,0,0,0,0,-,-,NA,NA,SAN DIEGO,SAN DIEGO,-117.13561007,32.92994009
6353320,2016,2016-03-23,3711,2016-03-14,1244,4274,NA,1,5,7,3711,0,0,0,NA,0,313,CLAIREMONT MESA BL,KEARNY VILLA RD,0,NA,Y,A,-,N,NA,NA,NA,NA,NA,NA,NA,NA,NA,Y,4,0,2,2,A,-,12,21453,A,N,D,C,A,A,H,-,A,A,0,NA,NA,NA,NA,Y,NA,-,NA,0,0,2,0,0,0,0,0,0,-,-,NA,NA,SAN DIEGO,SAN DIEGO,-117.13842006,32.8315301
6353389,2014,2014-06-25,3711,2014-01-19,1300,7033,N,7,5,7,3711,0,0,0,NA,0,115,CENTURION SQ,GENESEE,275,E,N,A,-,N,NA,NA,NA,NA,NA,NA,NA,NA,NA,Y,4,0,1,1,A,-,-,NA,NA,N,E,I,A,A,H,-,A,D,0,NA,NA,NA,NA,Y,NA,A,01,0,0,1,0,0,0,0,0,0,-,-,NA,NA,SAN DIEGO,SAN DIEGO,-117.20883965,32.86062915
6353393,2014,2014-06-06,3711,2014-01-19,2148,6161,NA,7,5,7,3711,0,0,0,NA,0,611,MIDWAY DR,WEST POINT LOMA BL,29,S,N,A,-,N,NA,NA,NA,NA,NA,NA,NA,NA,NA,Y,3,0,3,2,A,-,03,22350,NA,N,-,C,A,A,H,-,C,A,0,NA,NA,NA,NA,Y,Y,-,NA,0,1,2,0,0,0,0,0,0,-,-,NA,NA,SAN DIEGO,SAN DIEGO,-117.21943517,32.7547919
6355073,2014,2014-06-02,9645,2014-01-20,1230,016779,NA,1,1,9,3700,0,3,5,NA,2,018,BONITA RD,ANDORRA WY,319,E,N,B,-,N,NA,NA,NA,NA,NA,NA,NA,NA,NA,Y,4,0,2,2,A,-,03,22350,NA,N,C,C,A,A,H,-,A,D,0,NA,NA,NA,Y,Y,NA,A,01,0,0,2,0,0,0,0,0,0,-,-,32.64998,-117.05272,SAN DIEGO,UNINCORPORATED,-117.05388791,32.6492107
6356509,2014,2014-06-05,3703,2014-01-26,1555,1258,NA,7,5,3,3703,0,0,0,NA,0,003,CORONADO CAYS BL,MONTEGO BAY CT,0,NA,Y,A,-,N,NA,NA,NA,NA,NA,NA,NA,NA,NA,N,2,0,1,2,A,-,03,22350,NA,N,G,B,F,A,H,-,A,D,0,Y,NA,NA,NA,Y,NA,A,01,1,0,0,0,1,0,0,0,0,-,-,NA,NA,SAN DIEGO,CORONADO,-117.13845994,32.62927003
6357044,2014,2014-06-05,3706,2014-01-17,1434,0318,ESPD,5,5,6,3706,0,0,0,NA,0,052,VALLEY BL,GRAND AV,13,N,N,A,-,N,NA,NA,NA,NA,NA,NA,NA,NA,NA,N,3,0,1,2,A,-,12,21453,A,N,D,G,A,A,H,-,A,A,0,NA,Y,NA,NA,Y,NA,L,04,0,1,0,0,0,0,1,0,0,-,-,NA,NA,SAN DIEGO,ESCONDIDO,-117.07663702,33.12411511
6357108,2014,2014-06-06,3706,2014-01-04,1817,0446,3706,6,5,6,3706,0,0,0,NA,0,041,N BROADWAY,LINCOLN AV,0,NA,Y,A,-,N,NA,NA,NA,NA,NA,NA,NA,NA,NA,N,3,0,1,2,A,-,10,21950,A,N,G,B,B,A,H,-,C,D,0,Y,NA,NA,NA,Y,NA,A,01,0,1,0,0,1,0,0,0,0,-,-,NA,NA,SAN DIEGO,ESCONDIDO,-117.08680004,33.13375007
6360570,2014,2015-11-07,9645,2014-01-28,1150,14922,NA,2,1,7,3711,0,1,1,NA,2,009,RT 805,CAMINO DE LA PLAZA,1700,N,N,A,-,Y,SD,11,805,-,-,0.28,H,-,S,N,4,0,1,2,A,-,21,22106,NA,N,C,C,A,A,H,-,A,D,0,NA,NA,NA,NA,Y,NA,D,22,0,0,1,0,0,0,0,0,0,-,-,32.54687,-117.0376,SAN DIEGO,SAN DIEGO,-117.03771291,32.54695582
6360624,2014,2016-02-02,9680,2014-01-23,1040,15070,NA,4,1,9,3700,0,1,3,NA,1,024,RT 94,JEFFERSON RD,0,NA,Y,A,-,Y,SD,11,94,-,-,19.776,I,5,W,N,4,0,1,2,A,-,12,21453,A,N,D,C,A,A,H,-,A,A,0,NA,NA,Y,NA,Y,NA,D,22,0,0,1,0,0,0,0,0,1,-,-,32.71668,-116.8759,SAN DIEGO,UNINCORPORATED,-116.87663336,32.71709547
6370172,2014,2014-06-12,3709,2014-01-21,2227,449,NATIO,2,5,5,3709,0,0,0,NA,0,023,PLAZA BONITA RD,BONITA MESA RD,77,S,N,A,-,N,NA,NA,NA,NA,NA,NA,NA,NA,NA,Y,3,0,1,1,A,-,08,22107,NA,N,E,I,A,A,H,-,C,A,0,NA,NA,NA,NA,Y,Y,A,01,0,1,0,0,0,0,0,0,0,-,-,NA,NA,SAN DIEGO,NATIONAL CITY,-117.06423592,32.6517023
6370302,2014,2016-03-21,9650,2014-01-17,1958,016485,NA,5,2,9,3700,0,1,1,NA,2,021,RT 15,DEER SPRINGS RD,5808,N,N,A,-,Y,SD,11,15,-,R,37.82,H,-,N,Y,3,0,4,1,A,-,08,22107,NA,N,F,A,A,A,H,-,D,D,1,NA,NA,NA,NA,Y,NA,A,01,0,3,1,0,0,0,0,0,0,-,-,33.1243,-117.0807,SAN DIEGO,UNINCORPORATED,-117.13561344,33.2122126
6370337,2014,2014-06-06,3711,2014-01-15,0002,HB5521,NA,3,5,7,3711,0,0,0,NA,0,503,NORTH HARBOR DR,WINSHIP LN,0,NA,Y,A,-,N,NA,NA,NA,NA,NA,NA,NA,NA,NA,Y,4,0,2,2,A,-,12,21453,A,N,D,C,A,A,H,-,C,A,0,NA,NA,NA,NA,Y,NA,A,01,0,0,2,0,0,0,0,0,0,-,-,NA,NA,SAN DIEGO,SAN DIEGO,-117.19106013,32.72974006
6371165,2014,2014-06-11,9680,2014-01-30,0205,016694,NA,4,3,9,3700,0,2,4,NA,1,018,LAKEVIEW RD,LOS COCHES RD,19,E,N,A,-,N,NA,NA,NA,NA,NA,NA,NA,NA,NA,NA,4,0,1,1,A,-,03,22350,NA,N,E,I,A,A,H,-,C,D,0,NA,NA,NA,NA,Y,NA,A,01,0,0,1,0,0,0,0,0,0,-,-,32.83601,-116.9077,SAN DIEGO,UNINCORPORATED,-116.90779092,32.83607147
6371393,2014,2015-01-21,9680,2014-01-23,2035,19407,NA,4,2,9,3700,0,2,4,NA,1,026,JAMACHA BL,RT 94,1777,S,N,A,-,N,NA,NA,NA,NA,NA,NA,NA,NA,NA,Y,4,0,8,4,A,-,05,21460,A,N,B,D,A,A,H,-,C,A,0,NA,NA,NA,NA,Y,NA,A,01,0,0,8,0,0,0,0,0,0,-,-,32.73821,-116.95481,SAN DIEGO,UNINCORPORATED,-116.95481,32.73821
6373276,2014,2014-06-06,3711,2014-01-21,1315,4965,NA,2,5,7,3711,0,0,0,NA,0,233,RANCHO PENASQUITOS,RANCHO PENASQUITOS 12900,13,N,N,A,-,N,NA,NA,NA,NA,NA,NA,NA,NA,NA,N,4,0,1,2,A,-,03,22350,NA,N,C,C,A,A,H,-,A,A,0,NA,NA,NA,NA,Y,NA,-,NA,0,0,1,0,0,0,0,0,0,-,-,NA,NA,SAN DIEGO,SAN DIEGO,NA,NA
6375101,2014,2016-02-01,9680,2014-02-04,0225,020105,NA,2,3,4,3720,0,1,3,NA,2,028,RT 125,BROADWAY,108,N,N,A,-,Y,SD,11,125,-,-,12.86,H,-,N,Y,4,0,1,1,A,-,08,22107,NA,N,E,I,A,A,H,-,C,D,1,NA,NA,NA,NA,Y,NA,D,22,0,0,1,0,0,0,0,0,0,-,-,32.74668,-117.01822,SAN DIEGO,LEMON GROVE,-117.01827914,32.74668045
6375934,2014,2014-06-04,3702,2014-01-07,0852,CV0850,NA,2,5,6,3702,0,0,0,NA,0,032,OTAY LAKES RD,AVENIDA DEL REY,0,NA,Y,A,-,N,NA,NA,NA,NA,NA,NA,NA,NA,NA,Y,4,0,2,2,A,-,12,21453,A,N,D,C,A,A,H,-,A,A,0,NA,NA,NA,NA,Y,NA,A,01,0,0,2,0,0,0,0,0,0,-,-,NA,NA,SAN DIEGO,CHULA VISTA,-117.01461007,32.65202007
6376692,2014,2014-06-19,3711,2014-02-03,1745,6252,NA,1,5,7,3711,0,0,0,NA,0,627,EAGLE ST,UNIVERSITY AV,0,NA,Y,A,-,N,NA,NA,NA,NA,NA,NA,NA,NA,NA,N,4,0,1,2,A,-,09,21802,A,N,D,C,A,A,H,-,C,D,0,NA,NA,NA,NA,Y,NA,A,01,0,0,1,0,0,0,0,0,0,-,-,NA,NA,SAN DIEGO,SAN DIEGO,-117.16956006,32.74896009
6376959,2014,2014-06-18,3700,2014-02-07,1756,SH7548,NA,5,5,5,3713,0,0,0,NA,0,314,SOUTH SANTA FE AV,CYPRESS DR,180,N,N,A,-,N,NA,NA,NA,NA,NA,NA,NA,NA,NA,Y,2,0,1,2,A,-,08,22107,NA,N,D,C,A,A,H,-,C,D,0,NA,NA,Y,NA,Y,NA,A,01,1,0,0,0,0,0,0,0,1,-,-,NA,NA,SAN DIEGO,VISTA,-117.22438386,33.18614674
6377402,2014,2016-03-21,9645,2014-02-15,0635,18393,NA,6,1,7,3711,0,1,1,NA,2,017,RT 15,SCRIPPS POWAY PKWY,1072,N,N,A,-,Y,SD,11,15,-,M,17.55,H,-,N,Y,4,0,1,1,A,-,08,22107,NA,N,E,I,A,A,H,-,A,D,1,NA,NA,NA,Y,Y,NA,F,24,0,0,1,0,0,0,0,0,0,-,-,32.94384,-117.10874,SAN DIEGO,SAN DIEGO,-117.11000307,32.94007298
6377644,2014,2014-06-10,9650,2014-01-12,1330,019227,NA,7,1,9,3700,0,3,5,NA,2,006,SANDIA CREEK RD,DE LUZ RD,13200,N,N,A,-,N,NA,NA,NA,NA,NA,NA,NA,NA,NA,Y,2,0,2,1,A,-,08,22107,NA,N,E,I,A,A,H,-,A,D,0,NA,NA,Y,NA,Y,NA,C,02,1,0,1,0,0,0,0,0,2,-,-,33.42634,-117.24896,SAN DIEGO,UNINCORPORATED,-117.24900465,33.4266067
6377709,2014,2016-02-17,9650,2014-01-24,1756,17328,NA,5,2,9,3700,0,1,1,NA,2,021,RT15,SNA LUIS REY RIVER,350,S,N,A,-,Y,SD,11,15,-,R,45.94,H,-,N,Y,4,0,1,2,A,-,03,22350,NA,N,C,C,A,A,H,-,D,D,1,NA,NA,Y,NA,Y,NA,C,02,0,0,1,0,0,0,0,0,1,-,-,33.32289,-117.15778,SAN DIEGO,UNINCORPORATED,-117.15789441,33.32342318
6378972,2014,2016-03-25,9650,2014-02-14,1535,014886,NA,5,2,9,3700,0,1,1,NA,2,003,RT 5,COCKLEBURR,800,S,N,B,-,Y,SD,11,5,-,R,57.98,H,-,S,Y,4,0,2,3,A,-,03,22350,NA,N,C,C,A,A,H,-,A,D,1,NA,NA,NA,NA,Y,NA,D,22,0,0,2,0,0,0,0,0,0,-,-,33.155,-117.2517,SAN DIEGO,UNINCORPORATED,-117.42169351,33.25176278
6379527,2014,2014-06-18,3711,2014-02-14,2220,4576,NA,5,5,7,3711,0,0,0,NA,0,825,E TALMADGE DR,SHORT ST,128,E,N,A,-,N,NA,NA,NA,NA,NA,NA,NA,NA,NA,Y,4,0,1,2,A,-,08,22107,NA,N,C,E,A,A,H,-,C,D,0,NA,NA,NA,NA,Y,NA,A,01,0,0,1,0,0,0,0,0,0,-,-,NA,NA,SAN DIEGO,SAN DIEGO,-117.10068795,32.76190318
6380287,2014,2014-06-21,9645,2014-02-05,1930,018149,NA,3,2,9,3700,0,3,5,NA,2,018,CENTRAL AV,AUDUBON CT,67,W,N,A,-,N,NA,NA,NA,NA,NA,NA,NA,NA,NA,Y,3,0,1,2,A,-,06,21755,NA,N,B,C,A,A,H,-,C,D,0,NA,NA,NA,NA,Y,NA,A,01,0,1,0,0,0,0,0,0,0,-,-,32.6706,-117.01601,SAN DIEGO,UNINCORPORATED,-117.01615601,32.67062244
6384832,2014,2014-06-13,3705,2014-02-01,1623,EC0324,NA,6,5,5,3705,0,0,0,NA,0,010,EAST MADISON,GRAVES,0,NA,Y,A,-,N,NA,NA,NA,NA,NA,NA,NA,NA,NA,N,4,0,1,2,A,-,05,21651,A,N,D,C,A,A,H,-,A,D,0,NA,NA,NA,NA,Y,NA,A,01,0,0,1,0,0,0,0,0,0,-,-,NA,NA,SAN DIEGO,EL CAJON,-116.96033013,32.8008901
6385767,2014,2014-06-06,3702,2014-01-02,1600,CV1017,NA,4,5,6,3702,0,0,0,NA,0,024,E NAPLES,OLEANDER AV,50,W,N,A,-,N,NA,NA,NA,NA,NA,NA,NA,NA,NA,N,3,0,1,2,A,-,01,23153,A,N,G,B,E,A,H,-,A,D,0,Y,NA,NA,NA,Y,Y,-,NA,0,1,0,0,1,0,0,0,0,-,-,NA,NA,SAN DIEGO,CHULA VISTA,-117.03713303,32.62270546
6385783,2014,2014-06-06,3702,2014-01-03,0350,CV1077,NA,5,5,6,3702,0,0,0,NA,0,031,EAST H ST,PASEO RANCHERO,250,W,N,A,-,N,NA,NA,NA,NA,NA,NA,NA,NA,NA,Y,4,0,1,2,A,-,01,23152,A,N,C,B,A,A,H,-,C,D,0,NA,NA,NA,NA,Y,Y,A,01,0,0,1,0,0,0,0,0,0,-,-,NA,NA,SAN DIEGO,CHULA VISTA,-117.01181043,32.63819811
6385947,2014,2015-11-09,9650,2014-02-01,1250,018321,NA,6,1,6,3710,0,1,1,NA,2,005,RT 5,OCEANSIDE BL,453,S,N,A,-,Y,SD,11,5,-,R,52.21,H,-,N,Y,4,0,1,3,A,-,03,22350,NA,N,C,C,A,A,H,-,A,D,1,NA,NA,NA,NA,Y,NA,A,01,0,0,1,0,0,0,0,0,0,-,-,33.18782,-117.36053,SAN DIEGO,OCEANSIDE,-117.36113387,33.18909106
6385955,2014,2015-11-09,9650,2014-02-02,1800,16275,NA,7,2,6,3710,0,1,3,NA,2,015,RT 78,VISTA WY,20,E,N,B,-,Y,SD,11,5,-,R,51.129,R,4,S,Y,4,0,1,2,A,-,03,22350,NA,N,-,C,A,A,H,-,C,A,1,NA,NA,NA,NA,Y,NA,A,01,0,0,1,0,0,0,0,0,0,-,-,33.1036,-117.2106,SAN DIEGO,OCEANSIDE,-117.35074622,33.17607156
6386736,2014,2015-11-10,9680,2014-02-15,1745,018672,NA,6,2,9,3700,0,1,3,NA,1,052,RT 78,MAGNOLIA AV,16368,E,N,A,-,Y,SD,11,78,-,-,40.21,H,-,W,Y,3,0,1,1,A,-,08,22107,NA,N,F,A,A,A,H,-,B,D,0,NA,NA,Y,NA,Y,NA,C,02,0,1,0,0,0,0,0,0,1,-,-,33.06719,-116.80924,SAN DIEGO,UNINCORPORATED,-116.80908891,33.06651653
6387877,2014,2016-03-21,9645,2014-02-02,0520,14692,NA,7,3,7,3711,0,1,1,NA,2,019,RT 15,WEST BERNARDO,3168,S,N,A,-,Y,SD,11,15,-,M,25.46,H,-,N,Y,3,0,1,1,A,-,08,22107,NA,N,F,I,A,A,H,-,D,D,1,NA,NA,NA,NA,Y,NA,A,01,0,1,0,0,0,0,0,0,0,-,-,33.04796,-117.07246,SAN DIEGO,SAN DIEGO,-117.07266665,33.04774313
6388813,2014,2014-06-05,3711,2014-01-04,2312,5985,SAN D,6,5,7,3711,0,0,0,NA,0,529,STATE ST,W MAPLE ST,151,N,N,A,-,N,NA,NA,NA,NA,NA,NA,NA,NA,NA,N,3,0,1,1,A,-,08,22107,NA,N,E,I,A,A,H,-,C,D,0,NA,NA,NA,NA,Y,Y,A,01,0,1,0,0,0,0,0,0,0,-,-,NA,NA,SAN DIEGO,SAN DIEGO,-117.16989792,32.73217613
6393743,2014,2015-11-10,9650,2014-02-17,1420,16026,NA,1,2,6,3710,0,1,3,NA,2,015,RT 78,RT 5,400,E,N,A,-,Y,SD,11,78,-,-,0.11,H,-,W,Y,4,0,1,3,A,-,03,22350,NA,N,C,C,A,A,H,-,A,D,1,NA,NA,NA,NA,Y,NA,A,01,0,0,1,0,0,0,0,0,0,-,-,33.10439,-117.20599,SAN DIEGO,OCEANSIDE,-117.34984109,33.17800379
6395955,2014,2016-02-02,9645,2014-02-13,0856,013383,NA,4,1,7,3711,0,1,3,NA,2,014,RT 52,RT 163,1883,W,N,A,-,Y,SD,11,52,-,-,6.24,H,-,W,Y,4,0,2,3,A,-,03,22350,NA,N,C,C,A,A,H,-,A,D,1,NA,NA,NA,NA,Y,NA,A,01,0,0,2,0,0,0,0,0,0,-,-,32.84765,-117.12796,SAN DIEGO,SAN DIEGO,-117.13959788,32.84042381
6395959,2014,2016-02-03,9645,2014-02-05,0750,016766,NA,3,1,7,3711,0,1,3,NA,2,023,RT 163,RT 8,528,S,N,A,-,Y,SD,11,163,-,-,3.64,H,-,S,Y,3,0,1,2,A,-,03,22350,NA,N,B,C,A,A,H,-,A,D,1,NA,NA,Y,NA,Y,NA,C,02,0,1,0,0,0,0,0,0,1,-,-,32.7639,-117.6374,SAN DIEGO,SAN DIEGO,-117.16349501,32.76188448
6396495,2014,2014-06-24,3706,2014-02-12,0905,342,ESPD,3,5,6,3706,0,0,0,NA,0,053,CITRACADO PKWY,ALEXANDER DR,255,E,N,A,-,N,NA,NA,NA,NA,NA,NA,NA,NA,NA,Y,4,0,1,2,A,-,09,21804,A,N,D,C,A,A,H,-,A,D,0,NA,NA,NA,NA,Y,NA,A,01,0,0,1,0,0,0,0,0,0,-,-,NA,NA,SAN DIEGO,ESCONDIDO,-117.0760558,33.09127623
6397296,2014,2014-06-10,3700,2014-01-12,1336,SH0029,317,7,5,5,3713,0,0,0,NA,0,NA,HIBISCUS AV,SYCAMORE AV,485,S,N,A,-,N,NA,NA,NA,NA,NA,NA,NA,NA,NA,N,4,0,1,2,A,-,08,22107,NA,N,D,C,A,A,H,-,A,D,0,NA,NA,Y,NA,Y,NA,A,01,0,0,1,0,0,0,0,0,1,-,-,NA,NA,SAN DIEGO,VISTA,-117.21905249,33.15997362
6399128,2014,2014-06-19,9680,2014-02-28,1045,19410,NA,5,1,9,3700,0,2,4,NA,1,010,WOODSIDE AV,WINTER GARDENS BL,300,W,N,B,C,N,NA,NA,NA,NA,NA,NA,NA,NA,NA,Y,4,0,3,3,A,-,03,22350,NA,N,C,C,A,B,H,-,A,D,0,NA,NA,NA,NA,Y,NA,A,08,0,0,3,0,0,0,0,0,0,-,-,32.8557,-116.93353,SAN DIEGO,UNINCORPORATED,-116.93209495,32.85590084
6399154,2014,2014-06-19,3702,2014-02-08,2007,CV1020,NA,6,5,6,3702,0,0,0,NA,0,023,EAST ORANGE AV,MELROSE AV,0,NA,Y,A,-,N,NA,NA,NA,NA,NA,NA,NA,NA,NA,Y,3,0,1,2,A,-,09,21801,A,N,A,C,A,A,H,-,C,A,0,NA,NA,NA,NA,Y,NA,A,01,0,1,0,0,0,0,0,0,0,-,-,NA,NA,SAN DIEGO,CHULA VISTA,-117.03896011,32.60470001
6399192,2014,2016-03-25,9650,2014-02-28,1615,14886,NA,5,2,9,3700,0,1,1,NA,2,003,RT 5,COOK ST,200,N,N,C,-,Y,SD,11,5,-,R,58.41,H,-,N,Y,4,0,1,2,A,-,08,22107,NA,N,D,C,A,B,H,-,A,D,1,NA,NA,NA,NA,Y,NA,A,01,0,0,1,0,0,0,0,0,0,-,-,33.153,-117.2535,SAN DIEGO,UNINCORPORATED,-117.42546144,33.25694447
6400242,2014,2014-06-17,3711,2014-02-23,1750,6502,NA,7,5,7,3711,0,0,0,NA,0,122,BAYARD ST,GARNET AV,138,N,N,A,-,N,NA,NA,NA,NA,NA,NA,NA,NA,NA,NA,4,0,1,2,A,-,09,21804,A,N,B,B,D,A,H,-,C,D,0,Y,NA,NA,NA,Y,Y,A,07,0,0,1,0,1,0,0,0,0,-,-,NA,NA,SAN DIEGO,SAN DIEGO,-117.25378611,32.7973373
6401559,2014,2014-06-06,3700,2014-01-06,2000,SH2497,NA,1,5,5,3712,0,0,0,NA,0,359,SOUTH RANCHO SANTA FE RD,WEST SAN MARCOS BL,560,N,N,A,-,N,NA,NA,NA,NA,NA,NA,NA,NA,NA,Y,4,0,1,2,A,-,09,21804,A,N,D,C,A,A,H,-,C,D,0,NA,NA,NA,NA,Y,NA,A,01,0,0,1,0,0,0,0,0,0,-,-,NA,NA,SAN DIEGO,SAN MARCOS,-117.20752451,33.13267546