CASE_ID,ACCIDENT_YEAR,PROC_DATE,JURIS,COLLISION_DATE,COLLISION_TIME,OFFICER_ID,REPORTING_DISTRICT,DAY_OF_WEEK,CHP_SHIFT,POPULATION,CNTY_CITY_LOC,SPECIAL_COND,BEAT_TYPE,CHP_BEAT_TYPE,CITY_DIVISION_LAPD,CHP_BEAT_CLASS,BEAT_NUMBER,PRIMARY_RD,SECONDARY_RD,DISTANCE,DIRECTION,INTERSECTION,WEATHER_1,WEATHER_2,STATE_HWY_IND,CALTRANS_COUNTY,CALTRANS_DISTRICT,STATE_ROUTE,ROUTE_SUFFIX,POSTMILE_PREFIX,POSTMILE,LOCATION_TYPE,RAMP_INTERSECTION,SIDE_OF_HWY,TOW_AWAY,COLLISION_SEVERITY,NUMBER_KILLED,NUMBER_INJURED,PARTY_COUNT,PRIMARY_COLL_FACTOR,PCF_CODE_OF_VIOL,PCF_VIOL_CATEGORY,PCF_VIOLATION,PCF_VIOL_SUBSECTION,HIT_AND_RUN,TYPE_OF_COLLISION,MVIW,PED_ACTION,ROAD_SURFACE,ROAD_COND_1,ROAD_COND_2,LIGHTING,CONTROL_DEVICE,CHP_ROAD_TYPE,PEDESTRIAN_ACCIDENT,BICYCLE_ACCIDENT,MOTORCYCLE_ACCIDENT,TRUCK_ACCIDENT,NOT_PRIVATE_PROPERTY,ALCOHOL_INVOLVED,STWD_VEHTYPE_AT_FAULT,CHP_VEHTYPE_AT_FAULT,COUNT_SEVERE_INJ,COUNT_VISIBLE_INJ,COUNT_COMPLAINT_PAIN,COUNT_PED_KILLED,COUNT_PED_INJURED,COUNT_BICYCLIST_KILLED,COUNT_BICYCLIST_INJURED,COUNT_MC_KILLED,COUNT_MC_INJURED,PRIMARY_RAMP,SECONDARY_RAMP,LATITUDE,LONGITUDE,COUNTY,CITY,POINT_X,POINT_Y
6837529,2015,2016-10-11,9645,2015-02-19,0831,13383,NA,4,1,7,3711,0,1,1,NA,2,017,RT 15,CARROLL CANYON RD,1217,N,N,A,-,Y,SD,11,15,-,M,15.23,H,-,N,Y,4,0,2,1,A,-,08,22107,NA,N,E,I,A,A,H,-,A,D,1,NA,NA,NA,NA,Y,NA,A,01,0,0,2,0,0,0,0,0,0,-,-,32.90752,-117.11603,SAN DIEGO,SAN DIEGO,-117.11627991,32.90678879
6837612,2015,2015-03-18,3706,2015-02-20,0947,ES0453,NA,5,5,6,3706,0,0,0,NA,0,052,ROSE ST,OAKHILL DR,0,NA,Y,A,-,N,NA,NA,NA,NA,NA,NA,NA,NA,NA,N,3,0,1,2,A,-,08,22107,NA,N,G,B,B,A,H,-,A,A,0,Y,NA,NA,NA,Y,NA,A,01,0,1,0,0,1,0,0,0,0,-,-,NA,NA,SAN DIEGO,ESCONDIDO,-117.05529012,33.12759012
6837771,2015,2015-03-17,3711,2015-02-10,2215,6043,NA,2,5,7,3711,0,0,0,NA,0,232,CARMEL MOUNTAIN RD,CARMEL MOUNTAIN RD 12400,27,E,N,A,-,N,NA,NA,NA,NA,NA,NA,NA,NA,NA,Y,3,0,1,2,A,-,09,21453,C,N,D,C,A,A,H,-,C,A,0,NA,NA,NA,NA,Y,NA,A,01,0,1,0,0,0,0,0,0,0,-,-,NA,NA,SAN DIEGO,SAN DIEGO,NA,NA
6837784,2015,2015-03-17,3711,2015-02-18,1426,4283,NA,3,5,7,3711,0,0,0,NA,0,315,FRIARS RD,FRIARS RD 9050,24,E,N,A,-,N,NA,NA,NA,NA,NA,NA,NA,NA,NA,N,4,0,2,2,A,-,04,21703,NA,N,C,C,A,A,H,-,A,A,0,NA,NA,NA,NA,Y,NA,-,NA,0,0,2,0,0,0,0,0,0,-,-,NA,NA,SAN DIEGO,SAN DIEGO,NA,NA
6838077,2015,2017-07-26,9650,2015-02-01,0040,15080,NA,7,3,6,3706,0,1,1,NA,2,023,RT 15,CITRACADO PKWY,1000,N,N,A,-,Y,SD,11,15,-,-,29.03,H,-,S,Y,4,0,1,1,A,-,08,22107,NA,N,E,I,A,A,H,-,D,D,1,NA,NA,NA,NA,Y,NA,A,01,0,0,1,0,0,0,0,0,0,-,-,33.0896,-117.07967,SAN DIEGO,ESCONDIDO,-117.08582584,33.09532596
6838895,2015,2016-10-12,3705,2015-02-22,1307,EC0282,NA,7,5,5,3705,0,0,0,NA,0,007,MAIN,RT 8,0,NA,Y,B,-,Y,SD,11,8,-,-,17.991,R,4,W,Y,4,0,1,2,A,-,12,21453,A,N,D,C,A,A,H,-,A,A,0,NA,NA,NA,NA,Y,NA,D,22,0,0,1,0,0,0,0,0,0,-,WF,NA,NA,SAN DIEGO,EL CAJON,-116.92495662,32.80368246
6840063,2015,2016-10-26,9680,2015-02-27,1755,019822,NA,5,2,9,3700,0,1,3,NA,1,023,RT 94,BANCROFT DR,910,E,N,B,-,Y,SD,11,94,-,R,11.28,H,-,E,Y,3,0,2,3,A,-,03,22350,NA,N,C,C,A,A,H,-,C,D,0,NA,NA,NA,NA,Y,NA,A,01,0,1,1,0,0,0,0,0,0,-,-,32.74945,-116.9985,SAN DIEGO,UNINCORPORATED,-116.99841188,32.74943877
6840576,2015,2016-10-12,9645,2015-02-18,1325,018801,NA,3,1,7,3711,0,1,1,NA,2,010,RT 8,FAIRMONT AV,528,W,N,A,-,Y,SD,11,8,-,-,6.141,R,2,E,Y,3,0,1,2,A,-,00,23103,A,F,B,C,A,A,H,-,A,D,1,NA,NA,Y,NA,Y,NA,C,02,0,1,0,0,0,0,0,0,1,-,-,32.77857,-117.10748,SAN DIEGO,SAN DIEGO,-117.10365276,32.77876107
6840610,2015,2015-03-23,3709,2015-03-07,2016,938,NCPD,6,5,5,3709,0,0,0,NA,0,020,EAST 4TH ST,LAUREL AV,5,E,N,A,-,N,NA,NA,NA,NA,NA,NA,NA,NA,NA,N,2,0,1,2,A,-,03,22350,NA,N,G,B,D,A,H,-,D,D,0,Y,NA,NA,NA,Y,Y,-,NA,1,0,0,0,1,0,0,0,0,-,-,NA,NA,SAN DIEGO,NATIONAL CITY,-117.09537456,32.68289412
6842897,2015,2016-09-12,9650,2015-02-27,0905,015302,NA,5,1,5,3712,0,1,3,NA,2,019,RT 78,MISSION RD,200,E,N,B,-,Y,SD,11,78,-,-,15.09,H,-,W,Y,4,0,1,3,A,-,03,22350,NA,N,C,C,A,A,H,-,A,D,1,NA,NA,NA,NA,Y,NA,A,01,0,0,1,0,0,0,0,0,0,-,-,33.13486,-117.12822,SAN DIEGO,SAN MARCOS,-117.12761186,33.13467711
6845991,2015,2015-03-23,3711,2015-03-01,1312,6167,SD,7,5,7,3711,0,0,0,NA,0,122,BALBOA AV,NOYES ST,0,NA,Y,C,-,N,NA,NA,NA,NA,NA,NA,NA,NA,NA,Y,4,0,1,2,A,-,17,21461,A,N,D,C,A,B,H,-,A,D,0,NA,NA,NA,NA,Y,NA,-,NA,0,0,1,0,0,0,0,0,0,-,-,NA,NA,SAN DIEGO,SAN DIEGO,-117.2313401,32.80068011
6847201,2015,2015-03-27,3710,2015-03-03,0925,OC0778,NA,2,5,6,3710,0,0,0,NA,0,029,OCEANSIDE,CATALINA,0,NA,Y,A,-,N,NA,NA,NA,NA,NA,NA,NA,NA,NA,Y,4,0,1,2,A,-,12,21453,A,N,D,C,A,A,H,-,A,A,0,NA,NA,NA,NA,Y,NA,D,22,0,0,1,0,0,0,0,0,0,-,-,NA,NA,SAN DIEGO,OCEANSIDE,-117.2663401,33.21920011
6847486,2015,2016-09-23,9645,2015-03-01,0632,18250,NA,7,1,7,3711,0,1,1,NA,2,005,RT 5,CLAIRMONT DR,1000,N,N,C,-,Y,SD,11,5,-,R,22.45,H,-,N,Y,4,0,1,1,A,-,03,22350,NA,N,E,I,A,B,H,-,A,D,1,NA,NA,NA,NA,Y,NA,A,07,0,0,1,0,0,0,0,0,0,-,-,32.79326,-117.20749,SAN DIEGO,SAN DIEGO,-117.20762188,32.793329
6847523,2015,2015-05-14,3700,2015-03-02,1356,SH5502,NA,1,5,5,3713,0,0,0,NA,0,308,WEST VISTA WY,NORTH EMERALD DR,15,W,N,C,-,N,NA,NA,NA,NA,NA,NA,NA,NA,NA,Y,3,0,2,2,A,-,12,21453,A,N,D,C,A,B,H,-,A,A,0,NA,NA,NA,NA,Y,NA,A,07,0,1,1,0,0,0,0,0,0,-,-,NA,NA,SAN DIEGO,VISTA,-117.27960725,33.1891695
6849152,2015,2016-10-11,3706,2015-02-21,2345,ES0475,NA,6,5,6,3706,0,0,0,NA,0,051,VIA RANCHO PKWY,RT 15,0,NA,Y,A,-,Y,SD,11,15,-,M,26.895,R,4,N,Y,3,0,3,2,A,-,12,21453,A,N,D,C,A,A,H,-,C,A,0,NA,NA,NA,NA,Y,NA,D,22,0,1,2,0,0,0,0,0,0,-,NF,NA,NA,SAN DIEGO,ESCONDIDO,-117.06908013,33.06809003
6849159,2015,2016-11-04,3710,2015-03-09,0230,OC1197,NA,1,5,6,3710,0,0,0,NA,0,022,RT 76,GUAJOME LAKE RD,205,E,N,A,-,Y,SD,11,76,-,R,7.22,H,-,W,N,4,0,1,2,A,-,04,21703,NA,M,C,C,A,A,H,-,D,D,0,NA,NA,NA,NA,Y,NA,-,99,0,0,1,0,0,0,0,0,0,-,-,NA,NA,SAN DIEGO,OCEANSIDE,-117.27364428,33.24869104
6849624,2015,2016-09-23,9645,2015-02-23,0001,20515,NA,1,3,7,3711,0,1,1,NA,2,021,RT 5,32ND ST,610,S,N,C,-,Y,SD,11,15,-,R,0.15,R,2,S,Y,4,0,1,1,A,-,08,22107,NA,N,E,I,A,B,H,-,D,D,1,NA,NA,NA,NA,Y,NA,A,01,0,0,1,0,0,0,0,0,0,FR,-,32.694,-117.125,SAN DIEGO,SAN DIEGO,-117.12118234,32.69476436
6849733,2015,2016-09-09,9645,2015-02-24,0850,12733,9645,2,1,7,3711,0,1,3,NA,2,023,RT 163,ROBINSON AV,330,S,N,A,-,Y,SD,11,163,-,-,2.43,H,-,S,Y,4,0,1,3,A,-,08,22107,NA,N,D,C,A,A,H,-,A,D,1,NA,NA,NA,NA,Y,NA,D,22,0,0,1,0,0,0,0,0,0,-,-,32.74558,-117.1565,SAN DIEGO,SAN DIEGO,-117.15658468,32.74590019
6849753,2015,2015-03-24,9645,2015-02-09,1340,15790,NA,1,1,7,3711,0,2,S,NA,2,901,BUSINESS CENTER CT,BUSINESS CENTER DR,200,S,N,A,-,N,NA,NA,NA,NA,NA,NA,NA,NA,NA,N,4,0,1,3,B,-,22,NA,NA,N,C,C,A,A,H,-,A,D,0,NA,NA,NA,NA,Y,NA,A,01,0,0,1,0,0,0,0,0,0,-,-,32.85805,-117.11292,SAN DIEGO,SAN DIEGO,-117.00541,32.56931
6850056,2015,2016-09-23,9645,2015-02-24,1540,17499,NA,2,2,7,3711,0,1,1,NA,2,001,RT 5,MAIN ST,1200,S,N,A,-,Y,SD,11,5,-,R,11.43,H,-,S,Y,4,0,1,2,A,-,03,22350,NA,N,C,C,A,A,H,-,A,D,1,NA,NA,NA,NA,Y,NA,D,22,0,0,1,0,0,0,0,0,0,-,-,32.68004,-117.11051,SAN DIEGO,SAN DIEGO,-117.10998947,32.67911859
6850149,2015,2016-10-11,9645,2015-03-03,1030,14909,NA,2,1,7,3711,0,1,1,NA,2,027,RT 15,FRIARS RD,1584,N,N,A,-,Y,SD,11,15,-,R,7.09,H,-,S,N,4,0,4,3,A,-,07,21658,A,N,B,C,A,A,H,-,A,D,1,NA,NA,NA,NA,Y,NA,A,07,0,0,4,0,0,0,0,0,0,-,-,32.7917,-117.1126,SAN DIEGO,SAN DIEGO,-117.11257039,32.79218923
6850704,2015,2015-03-20,3711,2015-03-07,1300,5787,NA,6,5,7,3711,0,0,0,NA,0,124,LA JOLLA SHORES DR,LA JOLLA SHORES LN 9000,0,NA,Y,A,-,N,NA,NA,NA,NA,NA,NA,NA,NA,NA,N,3,0,1,2,-,-,-,NA,NA,N,C,G,A,A,H,-,A,D,0,NA,Y,NA,NA,Y,NA,-,-,0,1,0,0,0,0,1,0,0,-,-,NA,NA,SAN DIEGO,SAN DIEGO,-117.25226104,32.86554063
6850706,2015,2015-03-20,3711,2015-03-08,1945,7274,NA,7,5,7,3711,0,0,0,NA,0,124,LA JOLLA,HIDDEN VALLEY RD,30,W,N,A,-,N,NA,NA,NA,NA,NA,NA,NA,NA,NA,Y,3,0,2,2,A,-,09,21453,C,N,A,C,A,A,H,-,C,A,0,NA,NA,NA,NA,Y,NA,-,NA,0,2,0,0,0,0,0,0,0,-,-,NA,NA,SAN DIEGO,SAN DIEGO,-117.25170968,32.85007203
6851903,2015,2015-03-23,3706,2015-03-05,1642,ES0318,NA,4,5,6,3706,0,0,0,NA,0,056,VALLEY PKWY,FALCONER,343,E,N,A,-,N,NA,NA,NA,NA,NA,NA,NA,NA,NA,Y,4,0,1,1,A,-,08,22107,NA,N,E,I,A,A,H,-,A,D,0,NA,NA,NA,NA,Y,NA,A,01,0,0,1,0,0,0,0,0,0,-,-,NA,NA,SAN DIEGO,ESCONDIDO,-117.03612316,33.14551998
6852110,2015,2015-03-20,3710,2015-02-19,1615,OC0891,NA,4,5,6,3710,0,0,0,NA,0,018,VANDEGRIFT,GOLD DR,555,S,N,A,-,N,NA,NA,NA,NA,NA,NA,NA,NA,NA,Y,4,0,1,2,A,-,03,22350,NA,N,C,C,A,A,H,-,A,A,0,NA,NA,NA,NA,Y,NA,A,01,0,0,1,0,0,0,0,0,0,-,-,NA,NA,SAN DIEGO,OCEANSIDE,-117.29906427,33.25655831
6852725,2015,2016-04-07,3700,2015-02-15,1317,SH2784,NA,7,5,5,3782,0,0,0,NA,0,210,RT 101,LEUCADIA BL,112,N,N,A,-,N,NA,NA,NA,NA,NA,NA,NA,NA,NA,N,3,0,1,2,A,-,17,22517,NA,N,E,G,A,A,H,-,A,D,0,NA,Y,NA,NA,Y,NA,D,22,0,1,0,0,0,0,1,0,0,-,-,NA,NA,SAN DIEGO,ENCINITAS,-117.30244579,33.06476607
6853974,2015,2016-09-06,3711,2015-03-10,1650,6799,NA,2,5,7,3711,0,0,0,NA,0,931,MIRAMAR RD,RT 805,10,W,N,A,-,Y,SD,11,805,-,-,26.107,R,4,N,N,4,0,1,3,A,-,03,22350,NA,N,C,C,A,A,H,-,A,A,0,NA,NA,NA,NA,Y,NA,-,NA,0,0,1,0,0,0,0,0,0,-,NF,NA,NA,SAN DIEGO,SAN DIEGO,-117.20012742,32.87758731
6854641,2014,2015-09-24,3705,2014-11-07,1904,EC0304,NA,5,5,5,3705,0,0,0,NA,0,007,N 2ND ST,MARLINE AV,0,NA,Y,A,-,N,NA,NA,NA,NA,NA,NA,NA,NA,NA,Y,1,1,0,2,A,-,11,21954,A,N,G,B,D,A,H,-,C,D,0,Y,NA,NA,NA,Y,Y,N,60,0,0,0,1,0,0,0,0,0,-,-,NA,NA,SAN DIEGO,EL CAJON,-116.93578002,32.80515
6854677,2015,2015-07-11,3711,2015-05-22,1229,4897,NA,5,5,7,3711,0,0,0,NA,0,123,SEA WORLD DR,PACIFIC HWY,544,N,N,B,-,N,NA,NA,NA,NA,NA,NA,NA,NA,NA,Y,1,1,0,1,C,-,18,NA,NA,N,E,I,A,A,H,-,A,D,0,NA,NA,NA,NA,Y,NA,-,-,0,0,0,0,0,0,0,0,0,-,-,NA,NA,SAN DIEGO,SAN DIEGO,-117.20834295,32.76858801
6855156,2015,2016-10-11,3706,2015-03-13,2012,ES0393,NA,5,5,6,3706,0,0,0,NA,0,043,EL NORTE PKWY,RT 15,35,W,N,A,-,Y,SD,11,15,-,R,33.108,R,4,N,N,3,0,3,2,A,-,03,22350,NA,N,C,C,A,A,H,-,E,A,0,NA,NA,NA,NA,Y,NA,A,01,0,1,2,0,0,0,0,0,0,-,NF,NA,NA,SAN DIEGO,ESCONDIDO,-117.10413941,33.15038209
6856344,2015,2016-10-26,9680,2015-03-07,0935,017996,NA,6,1,9,3700,0,1,3,NA,1,024,RT 94,PROCTOR VALLEY RD,750,E,N,A,-,Y,SD,11,94,-,R,19.92,H,-,W,Y,3,0,2,3,A,-,05,21460,A,F,A,C,A,A,H,-,A,D,0,NA,NA,NA,NA,Y,NA,-,99,0,2,0,0,0,0,0,0,0,-,-,32.71655,-116.87328,SAN DIEGO,UNINCORPORATED,-116.874376,32.71662262
6856792,2015,2015-03-30,9680,2015-03-08,1800,19822,NA,7,2,9,3700,0,3,5,NA,2,002,LYONS VALLEY RD,HONEY SPRINGS RD,15312,W,N,A,-,N,NA,NA,NA,NA,NA,NA,NA,NA,NA,Y,3,0,2,1,A,-,03,22350,NA,N,F,A,A,A,H,-,A,D,0,NA,NA,Y,NA,Y,NA,C,02,0,2,0,0,0,0,0,0,2,-,-,32.70761,-116.79197,SAN DIEGO,UNINCORPORATED,-116.78932953,32.70859246
6858803,2015,2016-11-04,9645,2015-03-08,0840,016156,NA,7,1,7,3711,0,1,1,NA,2,010,RT 8,SPORTS ARENA BL,2112,S,N,A,-,Y,SD,11,8,-,L,1.84,H,-,E,Y,2,0,1,1,A,-,08,22107,NA,N,E,I,A,A,H,-,A,D,1,NA,NA,NA,NA,Y,NA,A,01,1,0,0,0,0,0,0,0,0,-,-,32.75628,-117.22989,SAN DIEGO,SAN DIEGO,-117.2131463,32.75847862
6859923,2015,2016-04-07,3711,2015-03-17,1650,7075,NA,2,5,7,3711,0,0,0,NA,0,322,WARING RD,ORCUTT AV,12,E,N,B,-,N,NA,NA,NA,NA,NA,NA,NA,NA,NA,N,4,0,1,2,A,-,04,21703,NA,N,C,D,A,A,H,-,A,A,0,NA,NA,NA,NA,Y,NA,-,NA,0,0,1,0,0,0,0,0,0,-,-,NA,NA,SAN DIEGO,SAN DIEGO,-117.08266584,32.79074577
6859944,2015,2015-04-07,3711,2015-03-16,1437,6261,NA,1,5,7,3711,0,0,0,NA,0,313,BALBOA AV,CONVOY,300,E,N,A,-,N,NA,NA,NA,NA,NA,NA,NA,NA,NA,N,4,0,1,2,A,-,-,NA,NA,N,B,C,A,A,H,-,A,D,0,NA,NA,NA,NA,Y,NA,-,NA,0,0,1,0,0,0,0,0,0,-,-,NA,NA,SAN DIEGO,SAN DIEGO,-117.15411686,32.82176421
6859976,2015,2015-03-30,3711,2015-03-07,2029,5918,NA,6,5,7,3711,0,0,0,NA,0,447,EUCLID AV,MARILOU RD,0,NA,Y,A,-,N,NA,NA,NA,NA,NA,NA,NA,NA,NA,Y,4,0,1,2,A,-,09,21801,A,M,A,C,A,A,H,-,C,A,0,NA,NA,NA,NA,Y,NA,-,NA,0,0,1,0,0,0,0,0,0,-,-,NA,NA,SAN DIEGO,SAN DIEGO,-117.08492003,32.72230011
6859987,2015,2015-03-27,3711,2015-03-17,1556,6481,NA,2,5,7,3711,0,0,0,NA,0,446,EUCLID AV,CASTANA ST,0,NA,Y,A,-,N,NA,NA,NA,NA,NA,NA,NA,NA,NA,N,3,0,1,1,A,-,05,21650,1,N,H,A,A,A,H,-,A,D,0,NA,Y,NA,NA,Y,Y,L,04,0,1,0,0,0,0,1,0,0,-,-,NA,NA,SAN DIEGO,SAN DIEGO,-117.08507003,32.70593006
6860496,2015,2015-04-03,3711,2015-03-05,1624,5972,NA,4,5,7,3711,0,0,0,NA,0,723,PETERLYNN DR,MARZO ST,120,S,N,A,-,N,NA,NA,NA,NA,NA,NA,NA,NA,NA,N,3,0,1,1,B,-,22,NA,NA,N,F,A,A,A,H,-,A,D,0,NA,NA,Y,NA,Y,NA,O,05,0,1,0,0,0,0,0,0,1,-,-,NA,NA,SAN DIEGO,SAN DIEGO,-117.04636764,32.57024138
6860675,2015,2015-04-03,3702,2015-03-01,1240,CV1091,NA,7,5,6,3702,0,0,0,NA,0,022,OXFORD ST,DEL MAR AV,0,NA,Y,C,-,N,NA,NA,NA,NA,NA,NA,NA,NA,NA,Y,3,0,2,2,A,-,09,21801,A,N,D,C,A,B,H,-,A,D,0,NA,NA,NA,NA,Y,NA,D,22,0,1,1,0,0,0,0,0,0,-,-,NA,NA,SAN DIEGO,CHULA VISTA,-117.06637007,32.61062007
6861396,2015,2015-04-03,3702,2015-02-15,1206,CV1114,NA,7,5,6,3702,0,0,0,NA,0,022,4TH AV,VILLAGE DR,102,S,N,A,-,N,NA,NA,NA,NA,NA,NA,NA,NA,NA,N,4,0,1,2,A,-,04,21703,NA,N,C,C,A,A,H,-,A,D,0,NA,NA,NA,NA,Y,NA,A,01,0,0,1,0,0,0,0,0,0,-,-,NA,NA,SAN DIEGO,CHULA VISTA,-117.07135722,32.6078545
6861509,2015,2015-04-20,3700,2015-03-03,1615,SH4541,NA,2,5,5,3712,0,0,0,NA,0,355,LINDA VISTA DR,PACIFIC ST,225,W,N,A,-,N,NA,NA,NA,NA,NA,NA,NA,NA,NA,Y,4,0,1,4,A,-,03,22350,NA,N,C,C,A,A,H,-,A,B,0,NA,NA,NA,Y,Y,NA,F,76,0,0,1,0,0,0,0,0,0,-,-,NA,NA,SAN DIEGO,SAN MARCOS,-117.19956362,33.13894237
6863453,2015,2015-04-07,3706,2015-02-24,0733,ES0486,NA,2,5,6,3706,0,0,0,NA,0,051,E FELICITA,TAMARME TER,246,E,N,A,-,N,NA,NA,NA,NA,NA,NA,NA,NA,NA,Y,4,0,2,3,A,-,03,22350,NA,N,C,C,A,A,H,-,A,A,0,NA,NA,NA,NA,Y,NA,A,01,0,0,2,0,0,0,0,0,0,-,-,NA,NA,SAN DIEGO,ESCONDIDO,-117.06998195,33.10618448
6863610,2015,2016-09-06,9645,2015-03-18,1257,012503,NA,3,1,7,3711,0,1,1,NA,2,015,RT 805,EASTGATE MALL,1877,N,N,A,-,Y,SD,11,805,-,-,26.7,H,-,N,Y,4,0,1,2,A,-,07,21658,A,N,B,C,A,A,D,-,A,D,1,NA,NA,NA,NA,Y,NA,A,07,0,0,1,0,0,0,0,0,0,-,-,32.88475,-117.20234,SAN DIEGO,SAN DIEGO,-117.20271246,32.88606539
6863654,2015,2016-09-23,9645,2015-03-12,1744,014565,NA,4,2,7,3711,0,1,1,NA,2,007,RT 5,DE MAR HIEGHTS RD,4752,S,N,A,-,Y,SD,11,5,-,R,33.23,H,-,N,N,4,0,1,2,A,-,03,22350,NA,N,C,C,A,A,H,-,A,D,1,NA,NA,NA,NA,Y,NA,A,01,0,0,1,0,0,0,0,0,0,-,-,32.9371,-117.24125,SAN DIEGO,SAN DIEGO,-117.24144866,32.93706503
6865704,2015,2015-04-09,3705,2015-03-03,1117,EC5258,NA,2,5,5,3705,0,0,0,NA,0,007,BROADWAY,3RD ST,220,E,N,A,-,N,NA,NA,NA,NA,NA,NA,NA,NA,NA,Y,2,0,1,1,C,-,18,NA,NA,N,E,I,A,A,H,-,A,D,0,NA,NA,NA,NA,Y,NA,-,-,1,0,0,0,0,0,0,0,0,-,-,NA,NA,SAN DIEGO,EL CAJON,-116.92621658,32.80771
6865712,2015,2015-04-09,3705,2015-03-10,1509,EC0295,NA,2,5,5,3705,0,0,0,NA,0,006,MAGNOLIA,AIRPORT DR,0,NA,Y,A,-,N,NA,NA,NA,NA,NA,NA,NA,NA,NA,N,4,0,1,2,A,-,09,21802,A,N,D,C,A,A,H,-,A,A,0,NA,NA,NA,NA,Y,NA,A,01,0,0,1,0,0,0,0,0,0,-,-,NA,NA,SAN DIEGO,EL CAJON,-116.96232007,32.82448011
6865952,2015,2015-04-09,3711,2015-03-23,1926,7222,SANDI,1,5,7,3711,0,0,0,NA,0,122,GARNET AV,BAYARD ST,200,E,N,A,-,N,NA,NA,NA,NA,NA,NA,NA,NA,NA,N,3,0,1,2,A,-,08,22107,NA,M,B,G,A,A,H,-,C,D,0,NA,Y,NA,NA,Y,NA,-,NA,0,1,0,0,0,0,1,0,0,-,-,NA,NA,SAN DIEGO,SAN DIEGO,-117.2530487,32.797096260000004
6865966,2015,2015-05-18,3711,2015-03-25,1920,7047,SAN D,3,5,7,3711,0,0,0,NA,0,822,UNIVERSITY,UNIVERSITY 5600,50,W,N,A,-,N,NA,NA,NA,NA,NA,NA,NA,NA,NA,N,4,0,3,2,-,-,-,NA,NA,N,C,C,A,A,H,-,C,D,0,NA,NA,NA,NA,Y,NA,-,-,0,0,3,0,0,0,0,0,0,-,-,NA,NA,SAN DIEGO,SAN DIEGO,NA,NA
6866001,2015,2015-04-18,3711,2015-03-31,1455,4527,NA,2,5,7,3711,0,0,0,NA,0,518,BROADWAY,30TH,6,W,N,A,-,N,NA,NA,NA,NA,NA,NA,NA,NA,NA,N,3,0,1,1,A,-,03,22350,NA,N,H,A,A,A,H,-,A,A,0,NA,NA,Y,NA,Y,NA,C,03,0,1,0,0,0,0,0,0,1,-,-,NA,NA,SAN DIEGO,SAN DIEGO,-117.12960944,32.71586991
6866009,2015,2015-04-13,3711,2015-03-29,1450,7214,NA,7,5,7,3711,0,0,0,NA,0,512,IMPERIAL AV,33RD ST,22,W,N,A,-,N,NA,NA,NA,NA,NA,NA,NA,NA,NA,N,4,0,2,2,A,-,12,21453,A,M,D,C,A,A,H,-,A,A,0,NA,NA,NA,NA,Y,NA,-,99,0,0,2,0,0,0,0,0,0,-,-,NA,NA,SAN DIEGO,SAN DIEGO,-117.12262126,32.70675876
6866049,2015,2015-04-13,3711,2015-03-13,1704,3815,NA,5,5,7,3711,0,0,0,NA,0,934,HIGH BLUFF DR,PLAZA DEL MAR,838,N,N,A,-,N,NA,NA,NA,NA,NA,NA,NA,NA,NA,Y,2,0,2,2,A,-,03,22350,NA,N,D,C,A,A,H,-,A,D,0,NA,NA,Y,NA,Y,NA,C,02,1,1,0,0,0,0,0,0,1,-,-,NA,NA,SAN DIEGO,SAN DIEGO,-117.24072723,32.94806383
6866857,2015,2016-12-20,9645,2015-08-24,0100,17671,NA,1,3,6,3702,0,1,1,NA,2,001,RT 5,RT 54,1500,S,N,A,-,Y,SD,11,5,-,-,9.16,H,-,N,Y,4,0,2,2,A,-,03,22350,NA,F,C,C,A,A,H,-,C,D,1,NA,NA,NA,NA,Y,NA,A,07,0,0,2,0,0,0,0,0,0,-,-,32.64788,-117.10253,SAN DIEGO,CHULA VISTA,-117.10275734,32.647875
6867209,2015,2015-04-18,9680,2015-03-21,1400,17928,NA,6,2,9,3700,0,2,4,NA,1,094,WILDCAT CANYON RD,FEATHERSTONE CANYON RD,1584,N,N,A,-,N,NA,NA,NA,NA,NA,NA,NA,NA,NA,Y,4,0,1,1,A,-,01,23152,A,N,E,I,A,A,H,-,A,A,0,NA,NA,NA,NA,Y,Y,D,22,0,0,1,0,0,0,0,0,0,-,-,32.95572,-116.84023,SAN DIEGO,UNINCORPORATED,-116.840168,32.955736
6867288,2015,2016-09-23,9650,2015-03-20,2025,17263,NA,5,2,9,3700,0,1,1,NA,2,021,RT 15,DEER SPRINGS RD,8448,N,N,A,-,Y,SD,11,15,-,R,38.24,H,-,S,Y,3,0,2,2,A,-,03,22350,NA,N,C,C,A,A,H,-,D,D,1,NA,NA,NA,Y,Y,NA,D,22,0,1,1,0,0,0,0,0,0,-,-,33.217,-117.13982,SAN DIEGO,UNINCORPORATED,-117.13972151,33.21732284
6869291,2015,2015-05-14,3705,2015-02-19,1711,EC0295,NA,4,5,5,3705,0,0,0,NA,0,008,E WASHINGTON AV,AVOCADO,139,W,N,A,-,N,NA,NA,NA,NA,NA,NA,NA,NA,NA,N,4,0,1,2,A,-,03,22350,NA,N,C,C,A,A,H,-,A,A,0,NA,NA,NA,NA,Y,NA,A,01,0,0,1,0,0,0,0,0,0,-,-,NA,NA,SAN DIEGO,EL CAJON,-116.95812067,32.78765
6869399,2015,2015-04-09,9650,2015-03-15,0240,20254,NA,7,3,9,3700,0,3,5,NA,2,191,ELFIN FOREST RD,QUESTHAVEN RD,3300,W,N,A,-,N,NA,NA,NA,NA,NA,NA,NA,NA,NA,Y,4,0,1,1,A,-,01,23152,A,N,F,A,A,A,H,-,D,D,0,NA,NA,NA,NA,Y,Y,A,01,0,0,1,0,0,0,0,0,0,-,-,33.07849,-117.17324,SAN DIEGO,UNINCORPORATED,-117.17209744,33.07832327
6869403,2015,2016-09-13,9650,2015-03-13,2301,20254,NA,5,3,5,3712,0,1,3,NA,2,019,RT 78,TWIN OAKS VALLEY RD,1255,E,N,A,-,Y,SD,11,78,-,-,13.15,H,-,E,Y,4,0,1,2,A,-,03,22350,NA,N,A,C,A,A,H,-,D,D,1,NA,NA,NA,NA,Y,Y,A,01,0,0,1,0,0,0,0,0,0,-,-,33.13791,-117.15738,SAN DIEGO,SAN MARCOS,-117.159666,33.13748704
6869429,2015,2015-04-08,3711,2015-03-21,0425,6827,NA,6,5,7,3711,0,0,0,NA,0,111,MOUNT ACADIA BL,MOUNT ARARAT DR,345,S,N,A,-,N,NA,NA,NA,NA,NA,NA,NA,NA,NA,Y,3,0,1,3,A,-,08,22107,NA,N,C,E,A,A,H,-,D,D,0,NA,NA,NA,NA,Y,NA,-,NA,0,1,0,0,0,0,0,0,0,-,-,NA,NA,SAN DIEGO,SAN DIEGO,-117.18118147,32.80963502