CASE_ID,ACCIDENT_YEAR,PROC_DATE,JURIS,COLLISION_DATE,COLLISION_TIME,OFFICER_ID,REPORTING_DISTRICT,DAY_OF_WEEK,CHP_SHIFT,POPULATION,CNTY_CITY_LOC,SPECIAL_COND,BEAT_TYPE,CHP_BEAT_TYPE,CITY_DIVISION_LAPD,CHP_BEAT_CLASS,BEAT_NUMBER,PRIMARY_RD,SECONDARY_RD,DISTANCE,DIRECTION,INTERSECTION,WEATHER_1,WEATHER_2,STATE_HWY_IND,CALTRANS_COUNTY,CALTRANS_DISTRICT,STATE_ROUTE,ROUTE_SUFFIX,POSTMILE_PREFIX,POSTMILE,LOCATION_TYPE,RAMP_INTERSECTION,SIDE_OF_HWY,TOW_AWAY,COLLISION_SEVERITY,NUMBER_KILLED,NUMBER_INJURED,PARTY_COUNT,PRIMARY_COLL_FACTOR,PCF_CODE_OF_VIOL,PCF_VIOL_CATEGORY,PCF_VIOLATION,PCF_VIOL_SUBSECTION,HIT_AND_RUN,TYPE_OF_COLLISION,MVIW,PED_ACTION,ROAD_SURFACE,ROAD_COND_1,ROAD_COND_2,LIGHTING,CONTROL_DEVICE,CHP_ROAD_TYPE,PEDESTRIAN_ACCIDENT,BICYCLE_ACCIDENT,MOTORCYCLE_ACCIDENT,TRUCK_ACCIDENT,NOT_PRIVATE_PROPERTY,ALCOHOL_INVOLVED,STWD_VEHTYPE_AT_FAULT,CHP_VEHTYPE_AT_FAULT,COUNT_SEVERE_INJ,COUNT_VISIBLE_INJ,COUNT_COMPLAINT_PAIN,COUNT_PED_KILLED,COUNT_PED_INJURED,COUNT_BICYCLIST_KILLED,COUNT_BICYCLIST_INJURED,COUNT_MC_KILLED,COUNT_MC_INJURED,PRIMARY_RAMP,SECONDARY_RAMP,LATITUDE,LONGITUDE,COUNTY,CITY,POINT_X,POINT_Y
6869486,2015,2016-09-13,9650,2015-03-07,1440,015830,NA,6,2,6,3710,0,1,3,NA,2,015,RT 78,JEFFERSON ST,105,E,N,A,-,Y,SD,11,78,-,-,0.885,R,1,W,Y,4,0,1,3,A,-,03,22350,NA,N,B,C,A,A,H,-,A,D,1,NA,NA,NA,NA,Y,NA,A,01,0,0,1,0,0,0,0,0,0,TO,-,33.18145,-117.33946,SAN DIEGO,OCEANSIDE,-117.33744023,33.18124072
6869518,2015,2016-10-19,9650,2015-03-13,0810,017012,NA,5,1,9,3700,0,1,1,NA,2,001,RT 5,SAN ONOFRE INSPECTION FACILITY,1320,S,N,A,-,Y,SD,11,5,-,R,66.77,H,-,N,Y,4,0,1,2,A,-,03,22350,NA,N,C,C,A,A,H,-,A,D,1,NA,NA,NA,NA,Y,NA,A,01,0,0,1,0,0,0,0,0,0,-,-,33.37123,-117.55539,SAN DIEGO,UNINCORPORATED,-117.51779036,33.34738413
6869660,2015,2015-04-09,3708,2015-03-18,2023,LM1255,NA,3,5,5,3708,0,0,0,NA,0,002,LA MESA BL,HAYES ST,0,NA,Y,A,-,N,NA,NA,NA,NA,NA,NA,NA,NA,NA,Y,4,0,1,2,A,-,01,23153,B,N,D,C,A,A,H,-,C,D,0,NA,NA,NA,NA,Y,Y,A,01,0,0,1,0,0,0,0,0,0,-,-,NA,NA,SAN DIEGO,LA MESA,-117.00658,32.77195003
6869854,2015,2016-09-08,3700,2015-02-02,1730,SH7478,NA,1,5,4,3780,0,0,0,NA,0,412,RT 67,POWAY RD,425,N,N,A,-,Y,SD,11,67,-,-,15.28,H,-,N,Y,4,0,1,2,A,-,03,22350,NA,N,C,C,A,A,H,-,A,D,0,NA,NA,NA,NA,Y,NA,A,01,0,0,1,0,0,0,0,0,0,-,-,NA,NA,SAN DIEGO,POWAY,-116.96226918,32.80325905
6869995,2015,2016-09-27,9680,2015-03-26,1550,013741,NA,4,2,9,3700,0,1,3,NA,2,028,RT 125,TROY ST,560,N,N,A,-,Y,SD,11,125,-,-,12.15,H,-,N,Y,3,0,1,4,A,-,04,21703,NA,N,C,C,A,A,C,-,A,D,1,NA,NA,NA,NA,Y,NA,A,01,0,1,0,0,0,0,0,0,0,-,-,32.73045,-117.01546,SAN DIEGO,UNINCORPORATED,-117.01568142,32.73664101
6870309,2015,2015-04-15,3710,2015-03-27,1522,OC0652,NA,5,5,6,3710,0,0,0,NA,0,033,MISSION AV,FRANCESCA DR,0,NA,Y,A,-,N,NA,NA,NA,NA,NA,NA,NA,NA,NA,Y,3,0,1,2,A,-,09,21802,A,N,B,C,A,A,H,-,A,A,0,NA,NA,Y,NA,Y,NA,A,01,0,1,0,0,0,0,0,0,1,-,-,NA,NA,SAN DIEGO,OCEANSIDE,-117.30232003,33.23162004
6870443,2015,2015-05-18,3701,2015-03-20,1655,5420,110,5,5,5,3701,0,0,0,NA,0,008,RANCHO SANTA FE,LA COSTA,10,N,N,A,-,N,NA,NA,NA,NA,NA,NA,NA,NA,NA,N,4,0,1,2,A,-,03,22350,NA,M,C,C,A,A,H,-,A,A,0,NA,NA,NA,NA,Y,NA,-,NA,0,0,1,0,0,0,0,0,0,-,-,33.08147,-117.23695,SAN DIEGO,CARLSBAD,-117.23694904,33.08161096
6875764,2015,2015-04-14,3711,2015-03-26,1823,6366,NA,4,5,7,3711,0,0,0,NA,0,614,ABBOTT ST,SANTA MONICA AV,28,S,N,A,-,N,NA,NA,NA,NA,NA,NA,NA,NA,NA,N,3,0,1,1,A,-,04,21703,NA,N,F,A,A,A,H,-,B,D,0,NA,NA,Y,NA,Y,NA,C,02,0,1,0,0,0,0,0,0,1,-,-,NA,NA,SAN DIEGO,SAN DIEGO,-117.25210583,32.74871951
6875780,2015,2016-04-07,3711,2015-03-29,2022,7211,NA,7,5,7,3711,0,0,0,NA,0,614,SUNSET CLIFFS BL,LONG BRANCH AV,0,NA,Y,A,-,N,NA,NA,NA,NA,NA,NA,NA,NA,NA,N,4,0,1,2,A,-,03,22350,NA,M,C,C,A,A,H,-,C,A,0,NA,NA,NA,NA,Y,NA,-,-,0,0,1,0,0,0,0,0,0,-,-,NA,NA,SAN DIEGO,SAN DIEGO,-117.24423008,32.74868005
6876096,2015,2016-10-11,9645,2015-03-12,1110,17473,NA,4,1,7,3711,0,1,1,NA,2,027,RT 15,BALBOA AV,1000,N,N,A,-,Y,SD,11,15,-,R,9.43,H,-,N,Y,4,0,3,2,A,-,07,21658,A,N,B,C,A,A,H,-,A,D,1,NA,NA,NA,Y,Y,NA,G,25,0,0,3,0,0,0,0,0,0,-,-,32.82637,-117.1172,SAN DIEGO,SAN DIEGO,-117.11680727,32.82571402
6877416,2015,2016-09-09,9645,2015-03-26,1820,016061,NA,4,2,7,3711,0,1,3,NA,2,023,RT 163,MESA COLLEGE DR,528,S,N,A,-,Y,SD,11,163,-,-,6.44,H,-,S,N,3,0,1,2,A,-,07,21658,A,N,B,C,A,A,H,-,A,D,1,NA,NA,Y,NA,Y,NA,A,01,0,1,0,0,0,0,0,0,1,-,-,NA,NA,SAN DIEGO,SAN DIEGO,-117.15597317,32.80045301
6877444,2015,2015-04-14,9680,2015-03-13,2227,019936,NA,5,3,9,3700,0,3,5,NA,2,003,GARRISON RD,EUCLID,1056,W,N,A,-,N,NA,NA,NA,NA,NA,NA,NA,NA,NA,Y,3,0,1,1,A,-,01,23152,A,M,E,I,A,A,H,-,D,D,0,NA,NA,NA,NA,Y,Y,A,01,0,1,0,0,0,0,0,0,0,-,-,32.78991,-116.90885,SAN DIEGO,UNINCORPORATED,-116.90898268,32.78975356
6877510,2015,2015-04-15,3711,2015-03-16,0836,6913,SAN D,1,5,7,3711,0,0,0,NA,0,713,OTAY CENTER DR,SIEMPRE VIVA RD,0,NA,Y,A,-,N,NA,NA,NA,NA,NA,NA,NA,NA,NA,N,4,0,1,2,A,-,09,21801,A,N,G,B,B,A,H,-,A,D,0,Y,NA,NA,NA,Y,NA,-,NA,0,0,1,0,1,0,0,0,0,-,-,NA,NA,SAN DIEGO,SAN DIEGO,-116.94243003,32.55406002
6877929,2015,2015-04-16,9680,2015-03-23,1500,17717,NA,1,2,9,3700,0,2,4,NA,1,019,RIVERSIDE DR,NEW BEDFORD CT,175,E,N,A,-,N,NA,NA,NA,NA,NA,NA,NA,NA,NA,Y,4,0,1,3,A,-,05,21650,NA,N,B,C,A,A,H,-,A,A,0,NA,NA,NA,NA,Y,NA,D,22,0,0,1,0,0,0,0,0,0,-,-,32.8644,-116.93797000000001,SAN DIEGO,UNINCORPORATED,-116.93824146,32.86419326
6878349,2015,2015-04-15,9650,2015-03-27,2250,018296,NA,5,3,9,3700,0,3,5,NA,1,160,GOPHER CANYON RD,LITTLE GOPHER CANYON RD,0,NA,Y,A,-,N,NA,NA,NA,NA,NA,NA,NA,NA,NA,Y,4,0,1,2,A,-,08,22105,NA,N,B,C,A,A,H,-,D,D,0,NA,NA,NA,NA,Y,NA,A,07,0,0,1,0,0,0,0,0,0,-,-,33.25718,-117.21249,SAN DIEGO,UNINCORPORATED,-117.21285013,33.25713006
6878373,2015,2015-04-15,3711,2015-03-29,1000,7245,NA,7,5,7,3711,0,0,0,NA,0,315,CAMINO DEL RIO N,QUALCOMM WY,20,W,N,A,-,N,NA,NA,NA,NA,NA,NA,NA,NA,NA,Y,4,0,2,3,A,-,12,21453,A,N,D,C,A,A,H,-,A,A,0,NA,NA,NA,NA,Y,NA,-,NA,0,0,2,0,0,0,0,0,0,-,-,NA,NA,SAN DIEGO,SAN DIEGO,-117.14019,32.77202
6878899,2015,2015-04-20,3711,2015-03-25,1505,5507,SDSU,3,5,7,3711,0,0,0,NA,0,00E,AZTEC CIRCLE DR,S WALL OF EBA,57,N,N,A,-,N,NA,NA,NA,NA,NA,NA,NA,NA,NA,N,3,0,1,2,A,-,17,22517,NA,N,H,G,A,A,E,-,A,D,0,NA,Y,NA,NA,Y,NA,I,11,0,1,0,0,0,0,1,0,0,-,-,NA,NA,SAN DIEGO,SAN DIEGO,NA,NA
6879336,2015,2015-04-17,3711,2015-04-04,0223,7146,NA,6,5,7,3711,0,0,0,NA,0,233,SPARREN AV,CALLE PERICO,40,N,N,A,-,N,NA,NA,NA,NA,NA,NA,NA,NA,NA,Y,3,0,1,1,A,-,08,22107,NA,N,E,-,A,A,H,-,C,D,0,NA,NA,NA,NA,Y,NA,A,01,0,1,0,0,0,0,0,0,0,-,-,NA,NA,SAN DIEGO,SAN DIEGO,-117.13736591,32.96531892
6879706,2015,2015-04-20,3702,2015-03-22,1834,CV0979,NA,7,5,6,3702,0,0,0,NA,0,023,MELROSE AV,EAST ORANGE AV,9,S,N,A,-,N,NA,NA,NA,NA,NA,NA,NA,NA,NA,Y,3,0,4,2,A,-,08,22107,NA,N,D,C,A,A,H,-,B,A,0,NA,NA,NA,NA,Y,NA,A,01,0,1,3,0,0,0,0,0,0,-,-,NA,NA,SAN DIEGO,CHULA VISTA,-117.03894569,32.60467853
6879749,2015,2015-04-21,3702,2015-03-09,2105,CV923,NA,1,5,6,3702,0,0,0,NA,0,042,BIRCH RD,MAGDALENA AV,18,E,N,A,-,N,NA,NA,NA,NA,NA,NA,NA,NA,NA,Y,4,0,1,3,A,-,03,22350,NA,N,C,C,A,A,H,-,C,A,0,NA,NA,NA,NA,Y,NA,A,01,0,0,1,0,0,0,0,0,0,-,-,NA,NA,SAN DIEGO,CHULA VISTA,-116.97919369,32.61776262
6879923,2015,2016-10-19,9650,2015-03-30,0740,15302,NA,1,1,5,3701,0,1,1,NA,2,005,RT 5,LA COSTA AV,1584,N,N,B,-,Y,SD,11,5,-,R,44.37,H,-,S,Y,4,0,2,2,A,-,03,22350,NA,N,C,C,A,A,H,-,A,D,1,NA,NA,NA,NA,Y,NA,A,01,0,0,2,0,0,0,0,0,0,-,-,33.05294,-117.18112,SAN DIEGO,CARLSBAD,-117.30070313,33.08800395
6879935,2015,2016-10-19,9650,2015-03-30,1514,15531,NA,1,2,3,3783,0,1,1,NA,2,007,RT 5,LOMAS SANTA FE DR,1584,N,N,A,-,Y,SD,11,5,-,R,37.77,H,-,S,Y,4,0,2,2,A,-,03,22350,NA,N,C,C,A,A,H,-,A,D,1,NA,NA,NA,NA,Y,NA,A,07,0,0,2,0,0,0,0,0,0,-,-,33.00123,-117.25766,SAN DIEGO,SOLANA BEACH,-117.25760471,33.00148083
6881459,2015,2015-04-27,3700,2015-03-25,1037,SH0029,NA,3,5,5,3713,0,0,0,NA,0,307,EAST VISTA WY,TOWNSITE DR,259,S,N,A,-,N,NA,NA,NA,NA,NA,NA,NA,NA,NA,Y,4,0,1,2,A,-,07,21658,A,N,B,C,A,A,H,-,A,D,0,NA,NA,NA,NA,Y,NA,A,01,0,0,1,0,0,0,0,0,0,-,-,NA,NA,SAN DIEGO,VISTA,-117.23546768,33.20886686
6881526,2015,2015-04-27,3706,2015-03-26,1325,ES0393,NA,4,5,6,3706,0,0,0,NA,0,056,VALLEY PKWY,FALCONER RD,30,E,N,A,-,N,NA,NA,NA,NA,NA,NA,NA,NA,NA,Y,3,0,2,2,A,-,09,21801,A,N,D,C,A,A,H,-,A,D,0,NA,NA,NA,NA,Y,NA,A,01,0,1,1,0,0,0,0,0,0,-,-,NA,NA,SAN DIEGO,ESCONDIDO,-117.03669712,33.14481288
6882275,2015,2015-04-29,3711,2015-04-07,1640,5097,NA,2,5,7,3711,0,0,0,NA,0,112,GENESEE AV,BALBOA AV,20,N,N,A,-,N,NA,NA,NA,NA,NA,NA,NA,NA,NA,N,4,0,2,2,A,-,03,22350,NA,N,C,C,A,A,H,-,A,A,0,NA,NA,NA,NA,Y,NA,-,NA,0,0,2,0,0,0,0,0,0,-,-,NA,NA,SAN DIEGO,SAN DIEGO,-117.18204892,32.81941904
6882563,2015,2015-05-29,3702,2015-02-18,1450,CV1105,NA,3,5,6,3702,0,0,0,NA,0,022,4TH AV,VILLAGE DR,110,S,N,A,-,N,NA,NA,NA,NA,NA,NA,NA,NA,NA,N,4,0,1,2,A,-,09,21804,A,N,A,C,A,A,H,-,A,D,0,NA,NA,NA,NA,Y,NA,A,01,0,0,1,0,0,0,0,0,0,-,-,NA,NA,SAN DIEGO,CHULA VISTA,-117.07134916,32.60783368
6882579,2015,2015-04-23,3702,2015-02-26,1933,CV0984,NA,4,5,6,3702,0,0,0,NA,0,024,MAIN ST,4TH AV,0,NA,Y,A,-,N,NA,NA,NA,NA,NA,NA,NA,NA,NA,Y,3,0,2,2,A,-,12,21453,A,N,D,C,A,A,H,-,C,A,0,NA,NA,NA,NA,Y,NA,A,01,0,1,1,0,0,0,0,0,0,-,-,NA,NA,SAN DIEGO,CHULA VISTA,-117.06901013,32.59477008
6883386,2015,2017-01-06,9645,2015-04-01,0748,17025,NA,3,1,7,3711,0,1,1,NA,2,021,RT 15,EL CAJON BL,500,N,N,A,-,Y,SD,11,15,-,M,5.2,H,-,N,Y,3,0,1,2,A,-,03,22350,NA,N,B,C,A,A,H,-,A,D,1,NA,NA,Y,NA,Y,NA,C,02,0,1,0,0,0,0,0,0,1,-,-,32.76011,-117.12639,SAN DIEGO,SAN DIEGO,-117.1086772,32.75758304
6883392,2015,2015-04-21,3710,2015-04-04,1425,OC1408,NA,6,5,6,3710,0,0,0,NA,0,033,COLLEGE BL,SILVER BLUFF DR,0,NA,Y,A,-,N,NA,NA,NA,NA,NA,NA,NA,NA,NA,N,4,0,2,2,A,-,21,22106,NA,N,C,C,A,A,H,-,A,A,0,NA,NA,NA,NA,Y,NA,A,07,0,0,2,0,0,0,0,0,0,-,-,NA,NA,SAN DIEGO,OCEANSIDE,-117.29072005,33.23942011
6883423,2015,2016-12-19,9645,2015-04-07,1548,015001,NA,2,2,7,3711,0,1,3,NA,2,025,RT 163,KEARNY VILLA RD,1056,N,N,A,-,Y,SD,11,163,-,R,10.91,H,-,N,Y,3,0,2,1,A,-,07,21658,A,N,F,A,A,A,H,-,A,D,1,NA,NA,NA,NA,Y,NA,A,07,0,2,0,0,0,0,0,0,0,-,-,32.85576,-117.1164,SAN DIEGO,SAN DIEGO,-117.11798755,32.85520533
6883448,2015,2015-04-22,9680,2015-04-05,0105,019936,NA,7,3,9,3700,0,2,4,NA,1,026,JAMACHA RD,ELKELTON BL,0,NA,Y,A,-,N,NA,NA,NA,NA,NA,NA,NA,NA,NA,N,2,0,1,2,A,-,10,21950,A,N,G,B,B,A,H,-,C,A,0,Y,NA,NA,NA,Y,Y,A,01,1,0,0,0,1,0,0,0,0,-,-,32.71489,-117.01764,SAN DIEGO,UNINCORPORATED,-117.01762005,32.7149101
6883976,2015,2015-04-20,3701,2015-04-04,0741,5392,122,6,5,5,3701,0,0,0,NA,0,008,RANCHO SANTA FE RD,CALLE BARCELONA,0,NA,Y,A,-,N,NA,NA,NA,NA,NA,NA,NA,NA,NA,Y,4,0,1,2,A,-,08,22107,NA,N,D,C,A,A,H,-,A,A,0,NA,NA,NA,NA,Y,NA,A,01,0,0,1,0,0,0,0,0,0,-,-,33.072,-117.242,SAN DIEGO,CARLSBAD,-117.24249,33.0722701
6884212,2015,2016-12-01,9680,2015-04-07,0910,015877,NA,2,1,5,3708,0,1,1,NA,2,081,RT 8,GROSSMONT BL,1056,W,N,A,-,Y,SD,11,8,-,-,12.87,H,-,W,Y,4,0,1,1,A,-,08,22107,NA,N,E,I,A,A,H,-,A,D,1,NA,NA,NA,NA,Y,NA,A,01,0,0,1,0,0,0,0,0,0,-,-,32.77938,-116.99243,SAN DIEGO,LA MESA,-116.99341941,32.77930637
6884538,2015,2016-11-10,9650,2015-04-10,1010,014615,NA,5,1,9,3700,0,1,1,NA,2,001,RT 5,LAS PULGAS RD,1500,N,N,A,-,Y,SD,11,5,-,R,62.43,H,-,N,Y,4,0,1,2,A,-,07,21658,A,N,C,C,A,A,H,-,A,D,1,NA,NA,NA,Y,Y,NA,A,01,0,0,1,0,0,0,0,0,0,-,-,NA,NA,SAN DIEGO,UNINCORPORATED,-117.46865718,33.30227798
6886124,2015,2015-04-23,3711,2015-04-04,1634,7252,NA,6,5,7,3711,0,0,0,NA,0,432,IMPERIAL AV,SAN JACINTO,216,E,N,A,-,N,NA,NA,NA,NA,NA,NA,NA,NA,NA,N,3,0,1,2,A,-,04,21703,NA,N,C,D,A,A,H,-,A,D,0,NA,NA,NA,NA,Y,NA,-,NA,0,1,0,0,0,0,0,0,0,-,-,NA,NA,SAN DIEGO,SAN DIEGO,-117.08211489,32.70602127
6886152,2015,2015-04-23,3711,2015-04-13,0723,7031,SD,1,5,7,3711,0,0,0,NA,0,122,GARNET AV,LAMONT ST,12,E,N,A,-,N,NA,NA,NA,NA,NA,NA,NA,NA,NA,N,4,0,1,3,A,-,03,22350,NA,N,C,C,A,A,H,-,A,A,0,NA,NA,NA,NA,Y,NA,A,01,0,0,1,0,0,0,0,0,0,-,-,NA,NA,SAN DIEGO,SAN DIEGO,-117.23528221,32.80102789
6887258,2015,2016-12-13,9645,2015-04-10,0750,016542,NA,5,1,7,3711,0,1,3,NA,2,014,RT 52,RT 15,500,E,N,A,-,Y,SD,11,52,-,-,7.74,H,-,W,Y,3,0,1,3,A,-,03,22350,NA,N,C,C,A,A,H,-,A,D,1,NA,NA,NA,NA,Y,NA,A,01,0,1,0,0,0,0,0,0,0,-,-,32.84204,-117.11372,SAN DIEGO,SAN DIEGO,-117.11398854,32.84201743
6887481,2015,2016-11-17,9645,2015-04-15,1700,017499,NA,3,2,7,3711,0,1,1,NA,2,001,RT 5,DAIRY MART RD,2000,N,N,A,-,Y,SD,11,5,-,-,2.69,H,-,S,Y,4,0,1,2,A,-,07,21658,A,N,C,C,A,A,H,-,A,D,1,NA,NA,NA,NA,Y,NA,A,01,0,0,1,0,0,0,0,0,0,-,-,32.56174,-117.068,SAN DIEGO,SAN DIEGO,-117.06779039,32.56151593
6887493,2015,2016-11-19,9645,2015-04-14,0745,014669,NA,2,1,7,3711,0,1,3,NA,2,006,RT 94,25TH ST,260,E,N,A,-,Y,SD,11,94,-,-,1.83,H,-,W,Y,4,0,3,4,A,-,03,22350,NA,N,C,C,A,A,H,-,A,D,1,NA,NA,NA,NA,Y,NA,A,01,0,0,3,0,0,0,0,0,0,-,-,32.71337,-117.13705,SAN DIEGO,SAN DIEGO,-117.14057768,32.71327423
6887733,2015,2015-04-27,3711,2015-04-10,0520,4759,04101,5,5,7,3711,0,0,0,NA,0,0520,CASS ST,CHALCEDONY,0,NA,Y,B,-,N,NA,NA,NA,NA,NA,NA,NA,NA,NA,N,4,0,1,2,A,-,10,21950,A,N,D,B,B,A,H,-,B,D,0,Y,NA,NA,NA,Y,NA,-,NA,0,0,1,0,1,0,0,0,0,-,-,NA,NA,SAN DIEGO,SAN DIEGO,-117.25326011,32.80200008
6889471,2015,2015-04-30,3710,2015-03-25,1434,OC0652,NA,3,5,6,3710,0,0,0,NA,0,024,MISSION AV,MISSION GATE,0,NA,Y,A,-,N,NA,NA,NA,NA,NA,NA,NA,NA,NA,Y,4,0,2,2,A,-,09,21802,A,N,D,C,A,A,H,-,A,A,0,NA,NA,NA,NA,Y,NA,A,01,0,0,2,0,0,0,0,0,0,-,-,NA,NA,SAN DIEGO,OCEANSIDE,-117.38299006,33.19389002
6890328,2015,2017-07-06,9645,2015-04-06,1725,018950,NA,1,2,9,3700,0,1,3,NA,2,008,RT 54,RT 805,2640,W,N,A,-,Y,SD,11,54,-,-,1.29,H,-,E,Y,4,0,2,3,A,-,03,22350,NA,N,C,C,A,A,H,-,A,D,1,NA,NA,NA,NA,Y,NA,A,01,0,0,2,0,0,0,0,0,0,-,-,32.65689,-117.08384,SAN DIEGO,UNINCORPORATED,-117.0834485,32.65719493
6890482,2015,2016-11-19,9645,2015-04-06,1730,019054,NA,1,2,5,3709,0,1,3,NA,2,008,RT 54,NATIONAL CITY BL,95,E,N,A,-,Y,SD,11,54,-,-,0.41,H,-,E,Y,4,0,1,2,A,-,03,22350,NA,N,C,C,A,A,H,-,A,D,1,NA,NA,NA,NA,Y,NA,A,01,0,0,1,0,0,0,0,0,0,-,-,32.65202,-117.09747,SAN DIEGO,NATIONAL CITY,-117.09732256,32.65197034
6890770,2015,2015-05-02,3702,2015-04-09,1250,CV0967,NA,4,5,6,3702,0,0,0,NA,0,032,OTAY LAKES RD,OTAL LAKES RD 2254,0,NA,Y,A,-,N,NA,NA,NA,NA,NA,NA,NA,NA,NA,Y,4,0,2,2,C,-,18,NA,NA,N,D,C,A,A,H,-,A,A,0,NA,NA,NA,NA,Y,NA,-,-,0,0,2,0,0,0,0,0,0,-,-,NA,NA,SAN DIEGO,CHULA VISTA,-116.96691513,32.64757637
6890996,2015,2016-12-20,9680,2015-04-07,1758,016981,NA,2,2,5,3781,0,1,3,NA,2,016,RT 67,WOODSIDE AV,381,S,N,A,-,Y,SD,11,67,-,R,2.6,H,-,N,Y,3,0,1,1,A,-,07,21658,A,N,E,I,A,A,H,-,A,D,1,NA,NA,NA,NA,Y,NA,A,01,0,1,0,0,0,0,0,0,0,-,-,NA,NA,SAN DIEGO,SANTEE,-116.9612737,32.84126777
6895816,2015,2015-05-18,3702,2015-04-08,1245,CV0976,NA,3,5,6,3702,0,0,0,NA,0,013,3RD AV,L ST,300,N,N,A,-,N,NA,NA,NA,NA,NA,NA,NA,NA,NA,N,4,0,1,3,A,-,03,22350,NA,N,C,C,A,A,H,-,A,D,0,NA,NA,NA,NA,Y,NA,A,01,0,0,1,0,0,0,0,0,0,-,-,NA,NA,SAN DIEGO,CHULA VISTA,-117.07208678,32.62137963
6897111,2015,2015-05-18,9680,2015-04-13,1725,019870,NA,1,2,9,3700,0,3,5,NA,2,002,SWEETWATER SPRINGS BL,AUSTIN DR,1056,N,N,A,-,N,NA,NA,NA,NA,NA,NA,NA,NA,NA,Y,4,0,3,1,A,-,08,22107,NA,N,E,I,A,A,H,-,A,D,0,NA,NA,NA,NA,Y,NA,A,01,0,0,3,0,0,0,0,0,0,-,-,32.73531,-116.9717,SAN DIEGO,UNINCORPORATED,-116.97156514,32.7338719
6897325,2015,2015-05-12,3701,2015-04-17,1013,5291,84,5,5,5,3701,0,0,0,NA,0,006,PALOMAR AIRPORT RD,MELROSE DR,69,W,N,A,-,N,NA,NA,NA,NA,NA,NA,NA,NA,NA,Y,3,0,1,2,A,-,07,21658,A,N,D,C,A,A,H,-,A,A,0,NA,NA,NA,NA,Y,NA,A,01,0,1,0,0,0,0,0,0,0,-,-,38.13025,-117.24578,SAN DIEGO,CARLSBAD,-117.24571403,33.13011422
6897330,2015,2016-12-13,9680,2015-04-16,1320,018583,NA,4,1,9,3700,0,3,5,NA,2,002,RT 54,CHASE AV,0,NA,Y,A,-,Y,SD,11,54,-,T,13.71,I,5,W,Y,4,0,1,3,A,-,03,22350,NA,N,C,C,A,A,H,-,A,A,0,NA,NA,NA,NA,Y,NA,A,01,0,0,1,0,0,0,0,0,0,-,-,32.76882,-116.92775,SAN DIEGO,UNINCORPORATED,-116.92789686,32.7687854
6897354,2015,2015-05-12,9680,2015-04-20,0645,18166,NA,1,1,9,3700,0,2,4,NA,1,014,WINTER GARDENS BL,LEMON CREST DR,0,NA,Y,A,-,N,NA,NA,NA,NA,NA,NA,NA,NA,NA,Y,4,0,2,2,A,-,12,21453,A,N,D,C,A,A,H,-,A,A,0,NA,NA,NA,NA,Y,NA,A,01,0,0,2,0,0,0,0,0,0,-,-,32.84953,-116.93112,SAN DIEGO,UNINCORPORATED,-116.93110011,32.84948001
6902484,2015,2015-05-12,3711,2015-04-24,0956,6768,NA,5,5,7,3711,0,0,0,NA,0,834,UNIVERSITY AV,FAIRMOUNT AV,50,E,N,B,C,N,NA,NA,NA,NA,NA,NA,NA,NA,NA,N,4,0,1,2,A,-,05,21650,1,N,H,G,A,B,H,-,A,D,0,NA,Y,NA,NA,Y,NA,L,04,0,0,1,0,0,0,1,0,0,-,-,NA,NA,SAN DIEGO,SAN DIEGO,-117.10073812,32.74960674
6902694,2015,2015-05-07,3711,2015-04-24,1318,6628,NA,5,5,7,3711,0,0,0,NA,0,512,OCEAN VIEW BL,30TH ST,0,NA,Y,A,-,N,NA,NA,NA,NA,NA,NA,NA,NA,NA,Y,4,0,1,2,A,-,08,22107,NA,N,D,C,A,A,H,-,A,A,0,NA,NA,NA,NA,Y,NA,-,NA,0,0,1,0,0,0,0,0,0,-,-,NA,NA,SAN DIEGO,SAN DIEGO,-117.12952001,32.70117009
6903429,2015,2015-09-26,3709,2015-04-15,1547,0440,NC,3,5,5,3709,0,0,0,NA,0,021,EAST PLAZA BL,SOUTH EUCLID AV,177,W,N,A,-,N,NA,NA,NA,NA,NA,NA,NA,NA,NA,Y,4,0,2,2,A,-,09,21804,A,N,A,C,A,A,H,-,A,D,0,NA,NA,NA,NA,Y,NA,A,01,0,0,2,0,0,0,0,0,0,-,-,NA,NA,SAN DIEGO,NATIONAL CITY,-117.08056157,32.67960133
6906813,2015,2016-11-19,9680,2015-04-20,1440,018672,NA,1,2,9,3700,0,1,3,NA,1,052,RT 78,PINE HILLS RD,330,E,N,A,-,Y,SD,11,78,-,-,56.97,H,-,E,Y,3,0,2,2,A,-,03,22350,NA,N,C,C,A,A,H,-,A,D,0,NA,NA,NA,NA,Y,NA,A,01,0,1,1,0,0,0,0,0,0,-,-,33.07808,-116.61613,SAN DIEGO,UNINCORPORATED,-116.61639207,33.07812904
6908384,2015,2015-05-27,3701,2015-04-22,1742,5291,44,3,5,5,3701,0,0,0,NA,0,004,CANNON RD,FARADAY AV,346,S,N,A,-,N,NA,NA,NA,NA,NA,NA,NA,NA,NA,Y,4,0,2,2,A,-,08,22107,NA,N,A,C,A,A,C,E,A,A,0,NA,NA,NA,NA,Y,NA,D,22,0,0,2,0,0,0,0,0,0,-,-,33.13843,-117.30822,SAN DIEGO,CARLSBAD,-117.30805054,33.13852114
6909168,2015,2015-06-30,3711,2015-05-02,1130,6564,NA,6,5,7,3711,0,0,0,NA,0,442,NATIONAL AV,36TH ST,66,E,N,A,-,N,NA,NA,NA,NA,NA,NA,NA,NA,NA,Y,3,0,6,2,A,-,03,22350,NA,N,C,C,A,A,H,-,A,A,0,NA,NA,NA,NA,Y,NA,-,NA,0,4,2,0,0,0,0,0,0,-,-,NA,NA,SAN DIEGO,SAN DIEGO,-117.11653622,32.69601281