CASE_ID,ACCIDENT_YEAR,PROC_DATE,JURIS,COLLISION_DATE,COLLISION_TIME,OFFICER_ID,REPORTING_DISTRICT,DAY_OF_WEEK,CHP_SHIFT,POPULATION,CNTY_CITY_LOC,SPECIAL_COND,BEAT_TYPE,CHP_BEAT_TYPE,CITY_DIVISION_LAPD,CHP_BEAT_CLASS,BEAT_NUMBER,PRIMARY_RD,SECONDARY_RD,DISTANCE,DIRECTION,INTERSECTION,WEATHER_1,WEATHER_2,STATE_HWY_IND,CALTRANS_COUNTY,CALTRANS_DISTRICT,STATE_ROUTE,ROUTE_SUFFIX,POSTMILE_PREFIX,POSTMILE,LOCATION_TYPE,RAMP_INTERSECTION,SIDE_OF_HWY,TOW_AWAY,COLLISION_SEVERITY,NUMBER_KILLED,NUMBER_INJURED,PARTY_COUNT,PRIMARY_COLL_FACTOR,PCF_CODE_OF_VIOL,PCF_VIOL_CATEGORY,PCF_VIOLATION,PCF_VIOL_SUBSECTION,HIT_AND_RUN,TYPE_OF_COLLISION,MVIW,PED_ACTION,ROAD_SURFACE,ROAD_COND_1,ROAD_COND_2,LIGHTING,CONTROL_DEVICE,CHP_ROAD_TYPE,PEDESTRIAN_ACCIDENT,BICYCLE_ACCIDENT,MOTORCYCLE_ACCIDENT,TRUCK_ACCIDENT,NOT_PRIVATE_PROPERTY,ALCOHOL_INVOLVED,STWD_VEHTYPE_AT_FAULT,CHP_VEHTYPE_AT_FAULT,COUNT_SEVERE_INJ,COUNT_VISIBLE_INJ,COUNT_COMPLAINT_PAIN,COUNT_PED_KILLED,COUNT_PED_INJURED,COUNT_BICYCLIST_KILLED,COUNT_BICYCLIST_INJURED,COUNT_MC_KILLED,COUNT_MC_INJURED,PRIMARY_RAMP,SECONDARY_RAMP,LATITUDE,LONGITUDE,COUNTY,CITY,POINT_X,POINT_Y
6947482,2015,2015-06-26,3711,2015-05-29,1130,6718,NA,5,5,7,3711,0,0,0,NA,0,232,CARMEL MOUNTAIN RD,HIGHLAND RANCH,150,S,N,A,-,N,NA,NA,NA,NA,NA,NA,NA,NA,NA,N,4,0,1,2,A,-,08,22107,NA,N,B,C,A,A,H,-,A,A,0,NA,NA,NA,NA,Y,NA,-,NA,0,0,1,0,0,0,0,0,0,-,-,NA,NA,SAN DIEGO,SAN DIEGO,-117.07649905,32.98267306
6947497,2015,2015-06-27,3711,2015-05-25,0255,6366,NA,1,5,7,3711,0,0,0,NA,0,241,BIRCH BLUFF AV,BIRCH BLUFF PL,43,N,N,B,-,N,NA,NA,NA,NA,NA,NA,NA,NA,NA,Y,3,0,1,3,A,-,03,22350,NA,N,C,E,A,A,H,-,C,D,0,NA,NA,NA,NA,Y,NA,A,01,0,1,0,0,0,0,0,0,0,-,-,NA,NA,SAN DIEGO,SAN DIEGO,-117.06068588,32.91502767
6947560,2015,2015-06-19,3711,2015-05-25,2246,6553,NA,1,5,7,3711,0,0,0,NA,0,821,EL CAJON BL,CHOCTAW DR,0,NA,Y,B,-,N,NA,NA,NA,NA,NA,NA,NA,NA,NA,Y,3,0,3,2,A,-,04,21703,NA,N,C,C,A,A,H,-,C,D,0,NA,NA,NA,NA,Y,Y,A,01,0,1,2,0,0,0,0,0,0,-,-,NA,NA,SAN DIEGO,SAN DIEGO,-117.06160007,32.76438003
6949527,2015,2015-07-20,3710,2015-06-01,1408,OC1274,NA,1,5,6,3710,0,0,0,NA,0,015,HACIENDA DR,RIVIERA DR,0,NA,Y,A,-,N,NA,NA,NA,NA,NA,NA,NA,NA,NA,N,2,0,1,3,A,-,03,22350,NA,N,A,C,A,A,H,-,A,D,0,NA,NA,Y,NA,Y,NA,C,02,1,0,0,0,0,0,0,0,1,-,-,NA,NA,SAN DIEGO,OCEANSIDE,-117.3371801,33.21917002
6949734,2015,2015-07-13,3700,2015-05-30,1715,SH2619,NA,6,5,5,3712,0,0,0,NA,0,355,SOUTH RANCHO SANTA FE RD,DESCANSO ST,325,S,N,A,-,N,NA,NA,NA,NA,NA,NA,NA,NA,NA,N,4,0,1,2,A,-,09,21801,A,N,D,C,A,A,H,-,A,D,0,NA,NA,NA,NA,Y,NA,A,01,0,0,1,0,0,0,0,0,0,-,-,NA,NA,SAN DIEGO,SAN MARCOS,-117.19935881,33.14820238
6949758,2015,2015-06-25,3710,2015-05-27,0835,OC1236,NA,3,5,6,3710,0,0,0,NA,0,013,VIA ESMARCA,IVY RD,228,N,N,A,-,N,NA,NA,NA,NA,NA,NA,NA,NA,NA,N,3,0,1,2,A,-,09,21804,A,N,D,C,A,B,H,-,A,D,0,NA,NA,NA,NA,Y,NA,A,01,0,1,0,0,0,0,0,0,0,-,-,NA,NA,SAN DIEGO,OCEANSIDE,-117.33130904,33.18524462
6952043,2015,2016-12-13,9645,2015-06-03,0850,012733,NA,3,1,7,3711,0,1,3,NA,2,023,RT 805,LINDA VISTA,55,N,N,B,D,Y,SD,11,163,-,-,6.848,R,2,N,Y,4,0,1,2,A,-,03,22350,NA,N,C,C,A,A,H,-,A,D,1,NA,NA,NA,NA,Y,NA,D,22,0,0,1,0,0,0,0,0,0,-,-,32.8108,-117.15392,SAN DIEGO,SAN DIEGO,-117.15370215,32.80611954
6952401,2015,2016-12-13,9645,2015-05-27,1705,017667,NA,3,2,7,3711,0,1,1,NA,2,011,RT 805,UNIVERSITY AV,500,S,N,B,-,Y,SD,11,805,-,-,15.86,H,-,S,N,4,0,1,2,A,-,03,22350,NA,N,C,C,A,A,H,-,A,D,1,NA,NA,NA,NA,Y,NA,A,07,0,0,1,0,0,0,0,0,0,-,-,NA,NA,SAN DIEGO,SAN DIEGO,-117.12175832,32.74749695
6952437,2015,2016-11-10,9645,2015-05-26,1722,017667,NA,2,2,7,3711,0,1,1,NA,2,003,RT 5,FRONT ST,200,N,N,B,-,Y,SD,11,5,-,R,16.69,H,-,N,Y,4,0,1,2,A,-,07,21658,A,N,B,C,A,A,H,-,A,D,1,NA,NA,NA,NA,Y,NA,A,01,0,0,1,0,0,0,0,0,0,-,-,NA,NA,SAN DIEGO,SAN DIEGO,-117.16506988,32.72447962
6955729,2015,2017-01-11,9650,2015-05-27,1140,013452,NA,3,1,9,3700,0,1,3,NA,2,065,RT 76,OLD RIVER RD,0,NA,Y,A,-,Y,SD,11,76,-,R,9.49,I,5,W,Y,4,0,2,2,A,-,12,21453,A,N,D,C,A,A,H,-,A,A,0,NA,NA,NA,NA,Y,NA,A,01,0,0,2,0,0,0,0,0,0,-,-,33.25781,-117.23757,SAN DIEGO,UNINCORPORATED,-117.23751604,33.25793601
6955749,2015,2016-12-13,9650,2015-05-27,1705,015531,NA,3,2,5,3712,0,1,3,NA,2,019,RT 78,LAS POSAS RD,2640,E,N,A,-,Y,SD,11,78,-,-,11.71,H,-,W,N,4,0,1,2,A,-,03,22350,NA,F,C,C,A,A,H,-,A,D,1,NA,NA,NA,NA,Y,NA,A,01,0,0,1,0,0,0,0,0,0,-,-,33.14125,-117.1842,SAN DIEGO,SAN MARCOS,-117.18335357,33.14047549
6955809,2015,2016-11-21,9650,2015-06-05,0055,16487,NA,5,3,6,3710,0,1,1,NA,2,005,RT 5,MISSION AV,105,S,N,B,-,Y,SD,11,5,-,R,53.16,H,-,N,Y,2,0,1,1,A,-,01,23152,A,N,E,I,A,A,H,-,C,D,1,NA,NA,Y,NA,Y,Y,C,02,1,0,0,0,0,0,0,0,1,-,-,NA,NA,SAN DIEGO,OCEANSIDE,-117.37110588,33.19994017
6956634,2015,2015-07-11,3701,2015-06-03,2155,5283,10,3,5,5,3701,0,0,0,NA,0,003,CARLSBAD VILLAGE DR,HIGHLAND DR,12,E,N,A,-,N,NA,NA,NA,NA,NA,NA,NA,NA,NA,N,3,0,1,2,A,-,10,21950,A,N,G,B,B,A,H,-,C,A,0,Y,NA,NA,NA,Y,NA,D,22,0,1,0,0,1,0,0,0,0,-,-,33.16581,-117.33764,SAN DIEGO,CARLSBAD,-117.3378879,33.16607877
6959047,2015,2015-06-27,3710,2015-05-28,1440,OC1065,NA,4,5,6,3710,0,0,0,NA,0,030,OCEANSIDE BL,MELROSE DR,0,NA,Y,A,-,N,NA,NA,NA,NA,NA,NA,NA,NA,NA,N,4,0,1,2,A,-,04,21703,NA,N,C,C,A,A,H,-,A,A,0,NA,NA,NA,NA,Y,NA,A,01,0,0,1,0,0,0,0,0,0,-,-,NA,NA,SAN DIEGO,OCEANSIDE,-117.25928002,33.22082003
6960189,2015,2015-07-08,3711,2015-06-02,1853,6512,NA,2,5,7,3711,0,0,0,NA,0,234,CAMINO DEL NORTE,PASEO MONTANOSO,515,W,N,A,-,N,NA,NA,NA,NA,NA,NA,NA,NA,NA,Y,3,0,3,4,A,-,03,22350,NA,N,C,C,A,A,H,-,A,D,0,NA,NA,NA,NA,Y,NA,-,NA,0,2,1,0,0,0,0,0,0,-,-,NA,NA,SAN DIEGO,SAN DIEGO,-117.08809383,33.00107411
6960259,2015,2015-07-10,3709,2015-06-03,1121,475,NA,3,5,5,3709,0,0,0,NA,0,021,EAST 8TH ST,PARADISE DR,0,NA,Y,A,-,N,NA,NA,NA,NA,NA,NA,NA,NA,NA,Y,4,0,2,2,A,-,09,21802,A,N,D,C,A,A,H,-,A,A,0,NA,NA,NA,NA,Y,NA,A,08,0,0,2,0,0,0,0,0,0,-,-,NA,NA,SAN DIEGO,NATIONAL CITY,-117.08566003,32.68179008
6960263,2015,2015-07-10,3706,2015-06-03,1959,ES0318,NA,3,5,6,3706,0,0,0,NA,0,044,ROSE ST,WASHINGTON AV,0,NA,Y,A,-,N,NA,NA,NA,NA,NA,NA,NA,NA,NA,Y,4,0,1,2,A,-,09,21801,A,F,D,C,A,A,H,-,C,A,0,NA,NA,Y,NA,Y,NA,A,01,0,0,1,0,0,0,0,0,1,-,-,NA,NA,SAN DIEGO,ESCONDIDO,-117.06090006,33.13729001
6960283,2015,2015-07-16,3711,2015-06-07,1141,7270,SD,7,5,7,3711,0,0,0,NA,0,315,CAMINO DEL RIO S,AUTO CIR,54,E,N,A,-,N,NA,NA,NA,NA,NA,NA,NA,NA,NA,Y,4,0,1,2,A,-,09,21453,C,N,D,C,A,A,H,-,A,A,0,NA,NA,NA,NA,Y,Y,-,NA,0,0,1,0,0,0,0,0,0,-,-,NA,NA,SAN DIEGO,SAN DIEGO,-117.15407176,32.7643333
6960420,2015,2015-06-29,3711,2015-05-31,0039,6982,NA,7,5,7,3711,0,0,0,NA,0,116,CLAIREMONT DR,RAPPAHANNOCK AV,120,N,N,A,-,N,NA,NA,NA,NA,NA,NA,NA,NA,NA,Y,3,0,1,2,A,-,08,22107,NA,N,D,E,A,A,H,-,C,A,0,NA,NA,NA,NA,Y,NA,-,NA,0,1,0,0,0,0,0,0,0,-,-,NA,NA,SAN DIEGO,SAN DIEGO,-117.20095471,32.80601135
6964114,2015,2015-06-26,3702,2015-05-18,2132,CV1106,NA,1,5,6,3702,0,0,0,NA,0,014,1ST AV,H ST,12,S,N,A,-,N,NA,NA,NA,NA,NA,NA,NA,NA,NA,N,2,0,1,2,A,-,11,21456,B,N,G,B,B,A,H,-,C,A,0,Y,NA,NA,NA,Y,NA,N,60,1,0,0,0,1,0,0,0,0,-,-,NA,NA,SAN DIEGO,CHULA VISTA,-117.06903761,32.63666885
6965412,2015,2015-07-03,3700,2015-05-31,1827,SH2076,NA,7,5,4,3780,0,0,0,NA,0,410,TED WILLIAMS PKWY,POMERADO RD,181,W,N,A,-,N,NA,NA,NA,NA,NA,NA,NA,NA,NA,N,2,0,1,2,A,-,11,21954,A,N,G,B,D,A,H,-,A,A,0,Y,NA,NA,NA,Y,NA,N,60,1,0,0,0,1,0,0,0,0,-,-,NA,NA,SAN DIEGO,POWAY,-117.06302426,32.97857395
6967297,2015,2016-11-10,9650,2015-06-04,1135,15027,NA,4,1,9,3700,0,2,4,NA,1,027,VALLEY CENTER RD,RT 76,23760,S,N,B,-,N,NA,NA,NA,NA,NA,NA,NA,NA,NA,Y,4,0,1,1,A,-,08,22107,NA,N,E,I,A,A,H,-,A,D,0,NA,NA,NA,NA,Y,NA,A,01,0,0,1,0,0,0,0,0,0,-,-,33.23792,-116.96553,SAN DIEGO,UNINCORPORATED,-116.9623,33.28493
6967298,2015,2016-12-13,9650,2015-06-07,1700,16516,NA,7,2,9,3700,0,1,1,NA,2,022,RT 15,RAINBOW GLEN RD,6,N,N,A,-,Y,SD,11,15,-,R,52.11,H,-,N,Y,3,0,6,1,A,-,08,22107,NA,N,E,I,A,A,H,-,A,D,1,NA,NA,NA,NA,Y,NA,A,07,0,4,2,0,0,0,0,0,0,-,-,33.40704,-117.16425,SAN DIEGO,UNINCORPORATED,-117.16421826,33.40712831
6967315,2015,2015-06-29,9650,2015-06-05,1500,19227,NA,5,2,9,3700,0,3,5,NA,1,212,COLE GRADE RD,FRUITVALE RD,1320,S,N,A,-,N,NA,NA,NA,NA,NA,NA,NA,NA,NA,Y,4,0,1,3,A,-,03,22350,NA,N,C,C,A,A,H,-,A,A,0,NA,NA,NA,NA,Y,NA,A,01,0,0,1,0,0,0,0,0,0,-,-,33.23754,-117.02394,SAN DIEGO,UNINCORPORATED,-117.02389026,33.23727834
6967317,2015,2016-11-10,9650,2015-06-04,0530,12120,NA,4,3,9,3700,0,1,1,NA,2,001,RT 5,AGRA BRIDGE,528,N,N,C,-,Y,SD,11,5,-,R,63.91,H,-,N,N,4,0,2,1,A,-,08,22107,NA,N,E,I,A,B,H,-,A,D,1,NA,NA,NA,NA,Y,NA,A,01,0,0,2,0,0,0,0,0,0,-,-,NA,NA,SAN DIEGO,UNINCORPORATED,-117.48232718,33.31924944
6975629,2015,2015-07-06,3711,2015-06-20,2207,8861,NA,6,5,7,3711,0,0,0,NA,0,123,WEST MISSION BAY DR,SEA WORLD DR,409,N,N,A,-,N,NA,NA,NA,NA,NA,NA,NA,NA,NA,Y,3,0,2,2,A,-,07,21658,A,N,C,C,A,A,H,-,C,D,0,NA,NA,NA,NA,Y,NA,A,07,0,1,1,0,0,0,0,0,0,-,-,NA,NA,SAN DIEGO,SAN DIEGO,-117.23128261,32.76212847
6975672,2015,2016-06-06,3711,2015-06-22,0745,7220,SANDI,1,5,7,3711,0,0,0,NA,0,07B,ROLL DR,ROLL DR 2310,0,NA,-,A,-,N,NA,NA,NA,NA,NA,NA,NA,NA,NA,Y,4,0,1,2,A,-,08,22107,NA,N,-,C,A,A,H,-,A,-,0,NA,NA,NA,NA,Y,NA,-,NA,0,0,1,0,0,0,0,0,0,-,-,NA,NA,SAN DIEGO,SAN DIEGO,-116.9374752,32.55602843
6976543,2015,2016-11-21,9650,2015-05-14,1530,14886,NA,4,2,5,3701,0,1,1,NA,2,005,RT 5,CANNON RD,1300,S,N,B,-,Y,SD,11,5,-,R,47.73,H,-,S,Y,3,0,4,2,A,-,01,23152,A,N,C,C,A,A,H,-,A,D,1,NA,NA,NA,NA,Y,Y,A,01,0,1,3,0,0,0,0,0,0,-,-,33.0659,-117.1907,SAN DIEGO,CARLSBAD,-117.32766438,33.13118468
6976668,2015,2015-07-07,3706,2015-06-15,0648,ES1603,NA,1,5,6,3706,0,0,0,NA,0,043,EL NORTE PKWY,NUTMEG ST,0,NA,Y,A,-,N,NA,NA,NA,NA,NA,NA,NA,NA,NA,Y,4,0,1,2,A,-,12,21453,A,N,D,C,A,A,H,-,A,A,0,NA,NA,NA,NA,Y,NA,D,22,0,0,1,0,0,0,0,0,0,-,-,NA,NA,SAN DIEGO,ESCONDIDO,-117.10876,33.14720008
6977073,2014,2015-07-07,3705,2014-02-05,2254,EC324,NA,3,5,5,3705,0,0,0,NA,0,009,JAMACHA,E LEXINGTON,344,N,N,A,-,N,NA,NA,NA,NA,NA,NA,NA,NA,NA,N,3,0,3,4,A,-,11,21955,NA,N,G,B,D,A,H,-,C,D,0,Y,NA,NA,NA,Y,Y,N,60,0,3,0,0,3,0,0,0,0,-,-,NA,NA,SAN DIEGO,EL CAJON,-116.93440969,32.7931752
6977622,2015,2015-07-14,3701,2015-06-10,1247,5291,3,3,5,5,3701,0,0,0,NA,0,002,TYLER ST,CHESTNUT AV,184,N,N,A,-,N,NA,NA,NA,NA,NA,NA,NA,NA,NA,N,3,0,1,2,A,-,11,21954,A,N,G,B,E,A,H,-,A,D,0,Y,NA,NA,NA,Y,NA,N,60,0,1,0,0,1,0,0,0,0,-,-,33.15593,-117.34505,SAN DIEGO,CARLSBAD,-117.34496884,33.15591585
6978003,2015,2016-11-17,9645,2015-06-17,1650,016816,NA,3,2,7,3711,0,1,1,NA,2,005,RT 5,OLD TOWN AV,300,N,N,A,-,Y,SD,11,5,-,R,19.32,H,-,N,Y,4,0,1,3,A,-,03,22350,NA,N,C,C,A,A,H,-,A,D,1,NA,NA,NA,NA,Y,NA,A,01,0,0,1,0,0,0,0,0,0,-,-,32.75173,-117.19738,SAN DIEGO,SAN DIEGO,-117.19666775,32.75073158
6978469,2015,2016-12-13,9650,2015-06-16,1549,017743,NA,2,2,6,3706,0,1,3,NA,2,019,RT 78,NORDAHL RD,1400,E,N,A,-,Y,SD,11,78,-,R,15.75,H,-,W,Y,4,0,1,3,A,-,03,22350,NA,N,C,C,A,A,H,-,A,D,1,NA,NA,NA,NA,Y,NA,A,01,0,0,1,0,0,0,0,0,0,-,-,33.13033,-117.11677,SAN DIEGO,ESCONDIDO,-117.11737098,33.13045118
6978474,2015,2015-07-16,3711,2015-06-22,1705,6461,NA,1,5,7,3711,0,0,0,NA,0,122,GARNET AV,FANUEL ST,200,E,N,A,-,N,NA,NA,NA,NA,NA,NA,NA,NA,NA,Y,3,0,1,3,A,-,06,21750,A,N,D,D,A,A,H,-,A,D,0,NA,NA,NA,NA,Y,NA,-,NA,0,1,0,0,0,0,0,0,0,-,-,NA,NA,SAN DIEGO,SAN DIEGO,-117.24572293,32.7986705
6978486,2015,2015-07-13,9650,2015-06-24,2052,15803,NA,3,2,9,3700,0,3,5,NA,2,070,EL CAMINIO REAL,LA ORILLA,1056,N,N,A,-,N,NA,NA,NA,NA,NA,NA,NA,NA,NA,Y,2,0,2,1,A,-,03,22350,NA,N,F,A,A,A,H,-,D,D,0,NA,NA,NA,NA,Y,NA,A,01,1,1,0,0,0,0,0,0,0,-,-,33.00383,-117.25793,SAN DIEGO,UNINCORPORATED,-117.23899576,33.01360203
6978496,2015,2015-07-13,3710,2015-06-30,1322,OC1414,NA,2,5,6,3710,0,0,0,NA,0,031,MELROSE,CANNON,310,N,N,B,-,N,NA,NA,NA,NA,NA,NA,NA,NA,NA,N,4,0,1,2,A,-,05,21650,1,N,H,A,A,A,H,-,A,A,0,NA,Y,NA,NA,Y,NA,L,04,0,0,1,0,0,0,1,0,0,-,-,NA,NA,SAN DIEGO,OCEANSIDE,-117.25272854,33.1724509
6978500,2015,2015-07-13,3710,2015-06-24,0106,OC1404,NA,3,5,6,3710,0,0,0,NA,0,007,SOUTH PACIFIC ST,PINE ST,186,S,N,A,-,N,NA,NA,NA,NA,NA,NA,NA,NA,NA,Y,4,0,1,3,A,-,08,22107,NA,N,G,E,A,A,H,-,C,D,0,NA,NA,NA,NA,Y,NA,A,01,0,0,1,0,0,0,0,0,0,-,-,NA,NA,SAN DIEGO,OCEANSIDE,-117.37895486,33.18905699
6978590,2015,2016-12-01,9645,2015-06-20,1725,19257,NA,6,2,7,3711,0,1,1,NA,2,010,RT 8,RT 5,1000,W,N,A,-,Y,SD,11,8,-,L,2.17,H,-,E,Y,4,0,2,4,A,-,03,22350,NA,N,C,C,A,A,H,-,A,D,1,NA,NA,NA,NA,Y,NA,D,22,0,0,2,0,0,0,0,0,0,-,-,32.7592,-117.2069,SAN DIEGO,SAN DIEGO,-117.20755312,32.75914214
6978867,2015,2015-07-22,3711,2015-06-17,1323,6566,NA,3,5,7,3711,0,0,0,NA,0,232,CARMEL MOUNTAIN RD,RANCHO CARMEL DR,0,NA,Y,-,-,N,NA,NA,NA,NA,NA,NA,NA,NA,NA,N,4,0,1,2,A,-,03,22350,NA,M,C,C,A,-,-,-,-,A,0,NA,NA,NA,NA,Y,NA,-,NA,0,0,1,0,0,0,0,0,0,-,-,NA,NA,SAN DIEGO,SAN DIEGO,-117.08207007,32.97900001
6978876,2015,2015-07-22,3711,2015-06-19,1428,7231,3711,5,5,7,3711,0,0,0,NA,0,931,MIRA MESA BL,SCRANTON RD,0,NA,Y,A,-,N,NA,NA,NA,NA,NA,NA,NA,NA,NA,N,4,0,1,2,A,-,04,21703,NA,N,C,C,A,A,H,-,A,A,0,NA,NA,NA,NA,Y,NA,-,NA,0,0,1,0,0,0,0,0,0,-,-,NA,NA,SAN DIEGO,SAN DIEGO,-117.20163001,32.89273
6981501,2015,2016-12-10,9680,2015-06-19,0405,020343,NA,5,3,5,3781,0,1,3,NA,2,016,RT 52,CUYAMACA AV,3168,E,N,A,-,Y,SD,11,52,-,-,16.51,H,-,W,Y,4,0,1,1,A,-,08,22107,NA,N,E,I,A,A,H,-,C,D,1,NA,NA,NA,NA,Y,NA,A,01,0,0,1,0,0,0,0,0,0,-,-,32.83204,-116.97382,SAN DIEGO,SANTEE,-116.97775132,32.83292717
6981572,2015,2016-11-21,9650,2015-06-26,1300,13636,NA,5,1,5,3782,0,1,1,NA,2,007,RT 5,SANTA FE DR,300,N,N,A,-,Y,SD,11,5,-,R,40.69,H,-,N,N,4,0,1,3,A,-,03,22350,NA,N,C,C,A,A,H,-,A,D,1,NA,NA,NA,NA,Y,NA,A,01,0,0,1,0,0,0,0,0,0,-,-,NA,NA,SAN DIEGO,ENCINITAS,-117.28195026,33.03722245
6982161,2015,2015-07-28,3711,2015-07-06,1730,6262,NA,1,5,7,3711,0,0,0,NA,0,313,CLAIREMONT MESA BL,SHAWLINE ST,100,W,N,B,-,N,NA,NA,NA,NA,NA,NA,NA,NA,NA,N,3,0,2,2,A,-,03,22350,NA,N,C,C,A,A,H,-,A,A,0,NA,NA,NA,NA,Y,NA,A,01,0,1,1,0,0,0,0,0,0,-,-,NA,NA,SAN DIEGO,SAN DIEGO,-117.16415445,32.8326529
6982550,2015,2015-08-10,3711,2015-07-06,0932,6702,NA,1,5,7,3711,0,0,0,NA,0,713,ROLL DR,VIA DE LA AMISTAD,30,N,N,A,-,N,NA,NA,NA,NA,NA,NA,NA,NA,NA,N,4,0,1,2,A,-,10,21950,A,N,G,B,B,A,H,-,A,A,0,Y,NA,NA,NA,Y,NA,A,08,0,0,1,0,1,0,0,0,0,-,-,NA,NA,SAN DIEGO,SAN DIEGO,-116.93742886,32.55300215
6982560,2015,2015-07-18,3711,2015-07-02,1455,5301,NA,4,5,7,3711,0,0,0,NA,0,725,REGATTA LN,RED SAILS WY,45,W,N,A,-,N,NA,NA,NA,NA,NA,NA,NA,NA,NA,Y,4,0,1,2,A,-,08,22107,NA,N,C,E,A,A,H,-,A,D,0,NA,NA,NA,NA,Y,NA,-,NA,0,0,1,0,0,0,0,0,0,-,-,NA,NA,SAN DIEGO,SAN DIEGO,-117.03058746,32.58500156
6982561,2015,2015-07-17,3711,2015-07-01,1830,6344,NA,3,5,7,3711,0,0,0,NA,0,314,HEALTH CENTER DR,MESA COLLEGE DR,195,S,N,B,C,N,NA,NA,NA,NA,NA,NA,NA,NA,NA,Y,3,0,2,2,A,-,05,21650,NA,N,A,C,A,B,-,-,A,D,0,NA,NA,NA,NA,Y,NA,-,NA,0,1,1,0,0,0,0,0,0,-,-,NA,NA,SAN DIEGO,SAN DIEGO,-117.15364586,32.80151814
6986247,2015,2016-12-19,3710,2015-06-30,0853,OC1311,NA,2,5,6,3710,0,0,0,NA,0,016,RT 76,FOUSSAT RD,2300,E,N,A,-,Y,SD,11,76,-,R,3.01,H,-,W,N,4,0,1,2,A,-,03,22350,NA,N,C,C,A,A,H,-,A,D,0,NA,NA,NA,NA,Y,NA,A,01,0,0,1,0,0,0,0,0,0,-,-,NA,NA,SAN DIEGO,OCEANSIDE,-117.33692879,33.22089995
6988128,2015,2016-11-10,9645,2015-06-25,0928,016766,NA,4,1,7,3711,0,1,1,NA,2,007,RT 5,GILLMAN DR,1056,N,N,A,-,Y,SD,11,5,-,R,27.02,H,-,N,Y,4,0,1,2,A,-,07,21658,A,N,B,C,A,A,H,-,A,D,1,NA,NA,Y,NA,Y,NA,A,01,0,0,1,0,0,0,0,0,1,-,-,32.85208,-117.23311,SAN DIEGO,SAN DIEGO,-117.23327659,32.85213876
6988489,2015,2017-01-14,9645,2015-07-04,1450,019054,NA,6,2,7,3711,0,1,1,NA,2,021,RT 15,POLK,138,N,N,A,-,Y,SD,11,15,-,M,4.94,H,-,S,Y,3,0,8,1,A,-,08,22107,NA,N,E,I,A,A,H,-,A,D,1,NA,NA,NA,NA,Y,NA,A,07,0,1,7,0,0,0,0,0,0,-,-,32.75392,-117.10925,SAN DIEGO,SAN DIEGO,-117.10898179,32.75390885
6988661,2015,2016-11-19,9645,2015-06-30,2217,18987,NA,2,3,7,3711,0,1,3,NA,2,023,RT 163,RT 8,375,S,N,A,-,Y,SD,11,163,-,-,3.643,R,3,N,N,3,0,1,1,A,-,08,22107,NA,N,F,A,A,A,H,-,C,D,1,NA,NA,Y,NA,Y,NA,C,02,0,1,0,0,0,0,0,0,1,-,-,32.76108,-117.16297,SAN DIEGO,SAN DIEGO,-117.16332246,32.76199257
6988993,2015,2015-07-28,3706,2015-07-05,1515,ES0479,NA,7,5,6,3706,0,0,0,NA,0,044,EAST VALLEY PKWY,MIDWAY DR,108,E,N,A,-,N,NA,NA,NA,NA,NA,NA,NA,NA,NA,N,4,0,1,2,A,-,03,22350,NA,N,C,C,A,A,H,-,A,A,0,NA,NA,NA,NA,Y,NA,D,22,0,0,1,0,0,0,0,0,0,-,-,NA,NA,SAN DIEGO,ESCONDIDO,-117.05150238,33.13765324
6989005,2015,2015-07-28,3706,2015-07-03,1532,ES0318,NA,5,5,6,3706,0,0,0,NA,0,042,LINCOLN AV,GAMBLE,0,NA,Y,A,-,N,NA,NA,NA,NA,NA,NA,NA,NA,NA,Y,3,0,3,3,A,-,09,21801,A,N,A,C,A,A,H,-,A,D,0,NA,NA,NA,NA,Y,NA,A,01,0,1,2,0,0,0,0,0,0,-,-,NA,NA,SAN DIEGO,ESCONDIDO,-117.08229,33.13518003
6989692,2015,2015-07-18,3711,2015-07-01,1115,4491,NA,3,5,7,3711,0,0,0,NA,0,611,W LAUREL,N HARBOR,0,NA,Y,A,-,N,NA,NA,NA,NA,NA,NA,NA,NA,NA,Y,4,0,1,3,A,-,12,21453,A,N,D,C,A,A,H,-,A,A,0,NA,NA,NA,NA,Y,NA,-,NA,0,0,1,0,0,0,0,0,0,-,-,NA,NA,SAN DIEGO,SAN DIEGO,-117.17742014,32.72777003
6989747,2015,2015-07-18,3711,2015-07-03,2020,5152,NA,5,5,7,3711,0,0,0,NA,0,122,MISSION BL,SANTA CLARA PL,18,N,N,A,-,N,NA,NA,NA,NA,NA,NA,NA,NA,NA,Y,4,0,1,2,A,-,08,22107,NA,M,B,C,A,A,-,-,B,A,0,NA,NA,NA,NA,Y,NA,-,NA,0,0,1,0,0,0,0,0,0,-,-,NA,NA,SAN DIEGO,SAN DIEGO,-117.25256352,32.78258922
6990641,2015,2016-12-13,9650,2015-06-26,1950,016026,NA,5,2,5,3713,0,1,3,NA,2,017,RT 78,VISTA VILLAGE DR,5,W,N,A,-,Y,SD,11,78,-,-,6.03,R,1,E,N,4,0,1,3,A,-,03,22350,NA,F,C,C,A,A,H,-,D,D,1,NA,NA,NA,NA,Y,NA,D,22,0,0,1,0,0,0,0,0,0,TO,-,33.19443,-117.25069,SAN DIEGO,VISTA,-117.25304426,33.19472085
6991387,2015,2015-07-27,3711,2015-07-07,2131,5388,NA,2,5,7,3711,0,0,0,NA,0,614,SUNSET CLIFFS BL,SANTA MONICA AV,123,N,N,A,-,N,NA,NA,NA,NA,NA,NA,NA,NA,NA,N,4,0,1,4,A,-,03,22350,NA,M,C,C,A,A,H,-,C,A,0,NA,NA,NA,NA,Y,NA,-,NA,0,0,1,0,0,0,0,0,0,-,-,NA,NA,SAN DIEGO,SAN DIEGO,-117.24664188,32.7458703
6991392,2015,2015-07-27,3711,2015-07-11,1030,7250,NA,6,5,7,3711,0,0,0,NA,0,613,CATALINA BL,CATALINA PL,25,E,N,-,-,N,NA,NA,NA,NA,NA,NA,NA,NA,NA,Y,4,0,1,3,-,-,-,NA,NA,N,C,C,A,-,-,-,-,D,0,NA,NA,NA,NA,Y,NA,-,-,0,0,1,0,0,0,0,0,0,-,-,NA,NA,SAN DIEGO,SAN DIEGO,-117.23713955,32.7382536
6991396,2015,2015-07-27,3711,2015-07-04,2013,7062,NA,6,5,7,3711,0,0,0,NA,0,521,B ST,PARK BL,0,NA,Y,B,-,N,NA,NA,NA,NA,NA,NA,NA,NA,NA,Y,4,0,1,4,A,-,08,22107,NA,M,D,C,A,A,H,-,C,A,0,NA,NA,NA,NA,Y,NA,-,NA,0,0,1,0,0,0,0,0,0,-,-,NA,NA,SAN DIEGO,SAN DIEGO,-117.15382008,32.71782007