CASE_ID,ACCIDENT_YEAR,PROC_DATE,JURIS,COLLISION_DATE,COLLISION_TIME,OFFICER_ID,REPORTING_DISTRICT,DAY_OF_WEEK,CHP_SHIFT,POPULATION,CNTY_CITY_LOC,SPECIAL_COND,BEAT_TYPE,CHP_BEAT_TYPE,CITY_DIVISION_LAPD,CHP_BEAT_CLASS,BEAT_NUMBER,PRIMARY_RD,SECONDARY_RD,DISTANCE,DIRECTION,INTERSECTION,WEATHER_1,WEATHER_2,STATE_HWY_IND,CALTRANS_COUNTY,CALTRANS_DISTRICT,STATE_ROUTE,ROUTE_SUFFIX,POSTMILE_PREFIX,POSTMILE,LOCATION_TYPE,RAMP_INTERSECTION,SIDE_OF_HWY,TOW_AWAY,COLLISION_SEVERITY,NUMBER_KILLED,NUMBER_INJURED,PARTY_COUNT,PRIMARY_COLL_FACTOR,PCF_CODE_OF_VIOL,PCF_VIOL_CATEGORY,PCF_VIOLATION,PCF_VIOL_SUBSECTION,HIT_AND_RUN,TYPE_OF_COLLISION,MVIW,PED_ACTION,ROAD_SURFACE,ROAD_COND_1,ROAD_COND_2,LIGHTING,CONTROL_DEVICE,CHP_ROAD_TYPE,PEDESTRIAN_ACCIDENT,BICYCLE_ACCIDENT,MOTORCYCLE_ACCIDENT,TRUCK_ACCIDENT,NOT_PRIVATE_PROPERTY,ALCOHOL_INVOLVED,STWD_VEHTYPE_AT_FAULT,CHP_VEHTYPE_AT_FAULT,COUNT_SEVERE_INJ,COUNT_VISIBLE_INJ,COUNT_COMPLAINT_PAIN,COUNT_PED_KILLED,COUNT_PED_INJURED,COUNT_BICYCLIST_KILLED,COUNT_BICYCLIST_INJURED,COUNT_MC_KILLED,COUNT_MC_INJURED,PRIMARY_RAMP,SECONDARY_RAMP,LATITUDE,LONGITUDE,COUNTY,CITY,POINT_X,POINT_Y
7061445,2015,2015-10-27,9680,2015-09-16,0635,15962,NA,3,1,9,3700,0,3,5,NA,2,002,PARADISE VALLEY RD,ELKELTON BL,0,NA,Y,A,-,N,NA,NA,NA,NA,NA,NA,NA,NA,NA,Y,4,0,2,2,A,-,12,21453,A,N,D,C,A,A,H,-,A,A,0,NA,NA,NA,NA,Y,NA,A,01,0,0,2,0,0,0,0,0,0,-,-,32.70268,-117.01257,SAN DIEGO,UNINCORPORATED,-117.01259005,32.70267004
7061590,2015,2015-11-06,3711,2015-09-30,1209,7299,SEI,3,5,7,3711,0,0,0,NA,0,431,EUCLID AV,LAKIBA PALMER,12,S,N,A,-,N,NA,NA,NA,NA,NA,NA,NA,NA,NA,N,3,0,1,2,A,-,10,21950,A,M,H,G,A,A,H,-,A,A,0,NA,Y,NA,NA,Y,NA,-,-,0,1,0,0,0,0,1,0,0,-,-,NA,NA,SAN DIEGO,SAN DIEGO,-117.08503515,32.713735990000004
7061898,2015,2015-10-27,3711,2015-10-09,1126,7082,NA,5,5,7,3711,0,0,0,NA,0,813,ADAMS AV,OREGON,100,E,N,A,-,N,NA,NA,NA,NA,NA,NA,NA,NA,NA,N,3,0,1,2,A,-,09,21804,A,N,D,G,A,A,H,-,A,D,0,NA,Y,NA,NA,Y,NA,A,01,0,1,0,0,0,0,1,0,0,-,-,NA,NA,SAN DIEGO,SAN DIEGO,-117.13483585,32.76284519
7061916,2015,2015-10-20,3705,2015-09-22,1518,EC0279,NA,2,5,5,3705,0,0,0,NA,0,009,1ST ST,LEXINGTON,0,NA,Y,A,-,N,NA,NA,NA,NA,NA,NA,NA,NA,NA,N,4,0,1,2,A,-,05,21650,1,F,A,G,A,A,H,-,A,A,0,NA,Y,NA,NA,Y,NA,L,04,0,0,1,0,0,0,1,0,0,-,-,NA,NA,SAN DIEGO,EL CAJON,-116.94461004,32.7927701
7063099,2015,2015-10-28,3711,2015-10-12,0945,7130,NA,1,5,7,3711,0,0,0,NA,0,627,PARK BL,UNIVERSITY,45,N,N,B,-,N,NA,NA,NA,NA,NA,NA,NA,NA,NA,N,3,0,1,1,A,-,08,22107,NA,N,F,A,A,A,A,-,A,D,0,NA,Y,NA,NA,Y,NA,L,04,0,1,0,0,0,0,1,0,0,-,-,NA,NA,SAN DIEGO,SAN DIEGO,-117.14639367,32.7485725
7063463,2015,2015-11-19,3711,2015-11-03,0935,5072,NA,2,5,7,3711,0,0,0,NA,0,813,LANDIS ST,BANCROFT ST,0,NA,Y,B,-,N,NA,NA,NA,NA,NA,NA,NA,NA,NA,Y,3,0,2,2,A,-,12,22450,A,N,D,C,A,A,H,-,A,A,0,NA,NA,NA,NA,Y,NA,A,01,0,1,1,0,0,0,0,0,0,-,-,NA,NA,SAN DIEGO,SAN DIEGO,-117.12392001,32.74556008
7063692,2015,2017-01-14,9680,2015-09-15,1150,13283,NA,2,1,5,3708,0,1,1,NA,2,081,RT 8,JACKSON DR,250,W,N,B,C,Y,SD,11,8,-,-,11.67,H,-,W,N,4,0,1,1,A,-,03,22350,NA,N,E,I,A,B,H,-,A,D,1,NA,NA,NA,NA,Y,NA,A,01,0,0,1,0,0,0,0,0,0,-,-,32.77421,-117.01315,SAN DIEGO,LA MESA,-117.01279252,32.77444339
7064826,2015,2017-01-04,9650,2015-09-06,2355,19308,NA,7,3,9,3700,0,1,1,NA,2,021,RT 15,MESA ROCK RD,400,N,N,A,-,Y,SD,11,15,-,R,35,H,-,N,Y,3,0,1,1,A,-,08,22107,NA,N,F,A,A,A,H,-,D,D,1,NA,NA,NA,NA,Y,NA,D,22,0,1,0,0,0,0,0,0,0,-,-,33.17576,-117.11304,SAN DIEGO,UNINCORPORATED,-117.11344712,33.17624166
7064968,2015,2017-01-21,9650,2015-09-03,2253,15738,NA,4,3,9,3700,0,1,1,NA,2,007,RT 5,LOMAS SANTA FE DR,1056,N,N,A,-,Y,SD,11,5,-,R,37.564,R,2,S,Y,4,0,1,2,A,-,01,23152,A,N,A,C,A,A,H,-,D,A,1,NA,NA,NA,NA,Y,Y,A,01,0,0,1,0,0,0,0,0,0,TO,-,32.99757,-117.25756,SAN DIEGO,UNINCORPORATED,-117.25714377,32.99839595
7064994,2015,2017-01-10,9650,2015-08-27,1810,14772,NA,4,2,5,3701,0,1,1,NA,2,005,RT 5,CARLSBAD VILLAGE DR,100,N,N,A,-,Y,SD,11,5,-,R,50.259,R,1,S,Y,4,0,1,3,A,-,03,22350,NA,N,C,C,A,A,H,-,A,A,1,NA,NA,NA,NA,Y,NA,A,01,0,0,1,0,0,0,0,0,0,TO,-,33.16302,-117.34269,SAN DIEGO,CARLSBAD,-117.34338315,33.16515313
7065729,2015,2017-01-28,9680,2015-09-06,0405,20105,NA,7,3,5,3705,0,1,3,NA,1,024,RT 94,VIA MERCADO,75,E,N,A,-,Y,SD,11,94,-,-,13.78,H,-,E,Y,4,0,1,1,A,-,08,22107,NA,N,E,I,A,A,H,-,C,A,0,NA,NA,NA,NA,Y,NA,A,08,0,0,1,0,0,0,0,0,0,-,-,32.74533,-116.95768,SAN DIEGO,EL CAJON,-116.95813176,32.74553187
7065829,2015,2017-01-04,9650,2015-08-22,0540,15273,NA,6,3,9,3700,0,1,1,NA,2,022,RT 15,MISSION AV,2640,N,N,A,-,Y,SD,11,15,-,R,31.86,H,-,N,Y,4,0,2,2,A,-,08,22107,NA,N,B,E,A,A,H,-,D,D,1,NA,NA,NA,NA,Y,NA,A,01,0,0,2,0,0,0,0,0,0,-,-,NA,NA,SAN DIEGO,UNINCORPORATED,-117.10502542,33.13222921
7066430,2015,2015-09-23,3705,2015-08-25,1611,EC0281,NA,2,5,5,3705,0,0,0,NA,0,008,CHASE,WILSON,238,W,N,A,-,N,NA,NA,NA,NA,NA,NA,NA,NA,NA,N,4,0,1,2,A,-,03,22350,NA,N,C,C,A,A,H,-,A,D,0,NA,NA,NA,NA,Y,NA,A,01,0,0,1,0,0,0,0,0,0,-,-,NA,NA,SAN DIEGO,EL CAJON,-116.97670767,32.78177426
7066603,2015,2015-09-19,3702,2015-03-11,1132,CV1100,NA,3,5,6,3702,0,0,0,NA,0,024,ZENITH ST,FOURTH AV,335,E,N,A,-,N,NA,NA,NA,NA,NA,NA,NA,NA,NA,N,4,0,1,2,A,-,03,22350,NA,N,C,C,A,A,H,-,A,D,0,NA,NA,NA,NA,Y,NA,A,08,0,0,1,0,0,0,0,0,0,-,-,NA,NA,SAN DIEGO,CHULA VISTA,-117.06798604,32.59580001
7066781,2015,2015-09-23,3711,2015-09-10,2050,6104,NA,4,5,7,3711,0,0,0,NA,0,614,SUNSET CLIFFS BL,NARRAGANSETT AV,24,N,N,B,-,N,NA,NA,NA,NA,NA,NA,NA,NA,NA,N,4,0,1,2,A,-,03,22350,NA,N,G,B,E,A,H,-,C,D,0,Y,NA,NA,NA,Y,NA,-,NA,0,0,1,0,1,0,0,0,0,-,-,NA,NA,SAN DIEGO,SAN DIEGO,-117.24901471,32.74311347
7067174,2015,2015-09-22,3709,2015-09-04,0920,0440,NC,5,5,5,3709,0,0,0,NA,0,424,EAST 24TH ST,F AV,0,NA,Y,A,-,N,NA,NA,NA,NA,NA,NA,NA,NA,NA,N,4,0,1,2,A,-,10,21950,A,F,G,G,A,A,H,-,A,A,0,NA,Y,NA,NA,Y,NA,-,NA,0,0,1,0,0,0,1,0,0,-,-,NA,NA,SAN DIEGO,NATIONAL CITY,-117.09538007,32.66376002
7068193,2015,2016-12-20,9650,2015-09-11,1830,017743,NA,5,2,5,3782,0,1,1,NA,2,007,RT 5,LA COSTA AV,500,S,N,A,-,Y,SD,11,5,-,-,43.98,H,-,N,Y,4,0,1,3,A,-,03,22350,NA,N,C,C,A,A,H,-,A,D,1,NA,NA,NA,NA,Y,NA,D,22,0,0,1,0,0,0,0,0,0,-,-,33.08154,-117.29718,SAN DIEGO,ENCINITAS,-117.29721971,33.08206623
7068283,2015,2016-07-18,3711,2015-09-15,1720,6389,NA,2,5,7,3711,0,0,0,NA,0,529,ELM ST,5TH AV,0,NA,N,B,C,N,NA,NA,NA,NA,NA,NA,NA,NA,NA,N,4,0,1,2,A,-,11,21456,B,N,G,B,B,B,H,-,A,A,0,Y,NA,NA,NA,Y,NA,N,60,0,0,1,0,1,0,0,0,0,-,-,NA,NA,SAN DIEGO,SAN DIEGO,-117.16024005,32.72409005
7070427,2015,2015-09-21,3710,2015-08-25,0830,OC0646,NA,2,5,6,3710,0,0,0,NA,0,016,DOUGLAS DR,MISSION AV,165,N,N,A,-,N,NA,NA,NA,NA,NA,NA,NA,NA,NA,N,4,0,1,2,A,-,06,21750,NA,N,B,C,A,A,H,-,A,D,0,NA,NA,Y,NA,Y,NA,C,02,0,0,1,0,0,0,0,0,1,-,-,NA,NA,SAN DIEGO,OCEANSIDE,-117.3260535,33.22827205
7071298,2015,2015-09-24,3700,2015-09-01,0748,SH0169,NA,2,5,5,3712,0,0,0,NA,0,355,SOUTH RANCHO SANTA FE RD,GRAND AV,65,N,N,A,-,N,NA,NA,NA,NA,NA,NA,NA,NA,NA,Y,4,0,1,4,A,-,03,22350,NA,N,C,C,A,A,H,-,A,D,0,NA,NA,NA,NA,Y,NA,A,08,0,0,1,0,0,0,0,0,0,-,-,NA,NA,SAN DIEGO,SAN MARCOS,-117.20033916,33.14624457
7072569,2015,2015-09-23,3711,2015-07-27,0630,159,NA,1,5,7,3711,0,0,0,NA,0,242,BLACK MOUNTAIN RD,MIRAMAR COLLEGE WAY,0,NA,Y,A,-,N,NA,NA,NA,NA,NA,NA,NA,NA,NA,N,4,0,1,2,A,-,12,21453,A,N,A,C,A,A,H,-,A,A,0,NA,NA,NA,NA,Y,NA,A,01,0,0,1,0,0,0,0,0,0,-,-,NA,NA,SAN DIEGO,SAN DIEGO,-117.12417009,32.90942011
7072910,2015,2015-09-25,3701,2015-09-12,1253,5449,3701,6,5,5,3701,0,0,0,NA,0,008,UNICORNIO ST,CACATUA ST,30,W,N,A,-,N,NA,NA,NA,NA,NA,NA,NA,NA,NA,Y,4,0,3,3,A,-,08,22107,NA,N,A,C,A,A,H,-,A,D,0,NA,NA,NA,NA,Y,NA,D,22,0,0,3,0,0,0,0,0,0,-,-,33.10929,-117.24338,SAN DIEGO,CARLSBAD,-117.24340321,33.10929547
7075958,2015,2016-07-19,3710,2015-09-11,2140,OC0727,NA,5,5,6,3710,0,0,0,NA,0,010,MISSION AV,OCEAN POINT,0,NA,Y,A,-,N,NA,NA,NA,NA,NA,NA,NA,NA,NA,Y,4,0,1,2,A,-,12,21453,A,F,D,C,A,A,H,-,C,A,0,NA,NA,NA,NA,Y,Y,A,01,0,0,1,0,0,0,0,0,0,-,-,NA,NA,SAN DIEGO,OCEANSIDE,-117.33671844,33.22151797
7076669,2015,2015-09-25,3702,2015-08-11,1302,CV1042,NA,2,5,6,3702,0,0,0,NA,0,032,OTAY LAKES RD,RUTGERS,20,E,N,A,-,N,NA,NA,NA,NA,NA,NA,NA,NA,NA,N,4,0,1,2,A,-,03,22350,NA,N,C,C,A,A,H,-,A,A,0,NA,NA,NA,NA,Y,NA,D,22,0,0,1,0,0,0,0,0,0,-,-,NA,NA,SAN DIEGO,CHULA VISTA,-116.98341582,32.64160721
7078684,2015,2015-09-28,3702,2015-08-06,1039,CV1100,NA,4,5,6,3702,0,0,0,NA,0,014,EAST J ST,MONTEREY,0,NA,Y,A,-,N,NA,NA,NA,NA,NA,NA,NA,NA,NA,N,3,0,1,2,A,-,08,22107,NA,N,B,G,A,A,H,-,A,D,0,NA,Y,NA,NA,Y,NA,L,04,0,1,0,0,0,0,1,0,0,-,-,NA,NA,SAN DIEGO,CHULA VISTA,-117.05164005,32.63393004
7078707,2015,2015-09-25,9680,2015-09-03,1750,015081,NA,4,2,9,3700,0,3,5,NA,2,005,MESA GRANDE RD,CENTER LOOP DR,12672,S,N,A,-,N,NA,NA,NA,NA,NA,NA,NA,NA,NA,N,3,0,1,1,A,-,05,21650,NA,N,E,I,A,A,H,-,A,D,0,NA,NA,Y,NA,Y,Y,C,02,0,1,0,0,0,0,0,0,1,-,-,33.19896,-116.75869,SAN DIEGO,UNINCORPORATED,-116.75869,33.19896
7078848,2015,2015-09-26,9645,2015-09-05,0935,17473,NA,6,1,7,3711,0,3,5,NA,2,024,CAMINO DEL NORTE,RANCH PKWY,1000,E,N,A,-,N,NA,NA,NA,NA,NA,NA,NA,NA,NA,Y,4,0,1,1,A,-,08,22107,NA,N,E,I,A,A,H,-,A,D,0,NA,NA,NA,NA,Y,NA,A,07,0,0,1,0,0,0,0,0,0,-,-,33.01729,-117.11316,SAN DIEGO,SAN DIEGO,-117.22796,33.05602
7079376,2015,2017-02-03,3703,2015-10-01,0537,1118,NA,4,5,3,3703,0,0,0,NA,0,001,RT 75,GLORIETTA BL,0,NA,Y,A,-,Y,SD,11,75,-,-,20.17,H,-,S,N,4,0,1,4,D,-,00,NA,NA,F,C,C,A,A,H,-,C,D,0,NA,NA,NA,NA,Y,NA,-,-,0,0,1,0,0,0,0,0,0,-,-,NA,NA,SAN DIEGO,CORONADO,-117.16818514,32.69168274
7080285,2015,2015-09-29,3711,2015-09-16,1530,4897,NA,3,5,7,3711,0,0,0,NA,0,521,7TH AV,MARKET ST,0,NA,Y,A,-,N,NA,NA,NA,NA,NA,NA,NA,NA,NA,N,4,0,1,2,A,-,12,21453,A,N,D,C,A,A,H,-,A,D,0,NA,NA,NA,NA,Y,NA,A,01,0,0,1,0,0,0,0,0,0,-,-,NA,NA,SAN DIEGO,SAN DIEGO,-117.1583301,32.71151006
7080311,2015,2015-09-29,3710,2015-09-06,1210,OC0658,NA,7,5,6,3710,0,0,0,NA,0,013,VISTA WY,VIA ESMARCA,1100,W,N,A,-,N,NA,NA,NA,NA,NA,NA,NA,NA,NA,Y,4,0,2,2,A,-,09,21804,A,N,D,C,A,A,H,-,A,A,0,NA,NA,NA,NA,Y,NA,A,01,0,0,2,0,0,0,0,0,0,-,-,NA,NA,SAN DIEGO,OCEANSIDE,-117.33492375,33.18325295
7087099,2015,2015-10-15,3711,2015-09-30,1200,5628,NA,3,5,7,3711,0,0,0,NA,0,113,CLAIREMONT MESA BL,MORAGA AV,0,NA,Y,A,-,N,NA,NA,NA,NA,NA,NA,NA,NA,NA,Y,4,0,1,4,A,-,09,21801,A,N,B,C,A,A,H,-,A,A,0,NA,NA,NA,NA,Y,NA,A,01,0,0,1,0,0,0,0,0,0,-,-,NA,NA,SAN DIEGO,SAN DIEGO,-117.21324001,32.82865007
7088019,2015,2015-10-09,3711,2015-09-23,2206,6866,3711,3,5,7,3711,0,0,0,NA,0,113,NOBEL DR,GENESEE AV,220,W,N,A,-,N,NA,NA,NA,NA,NA,NA,NA,NA,NA,Y,3,0,1,2,A,-,03,22350,NA,N,C,C,A,A,H,-,C,A,0,NA,NA,NA,NA,Y,NA,-,NA,0,1,0,0,0,0,0,0,0,-,-,NA,NA,SAN DIEGO,SAN DIEGO,-117.21435475,32.86671881
7090573,2015,2016-07-19,3702,2015-09-27,1225,CV1091,NA,7,5,6,3702,0,0,0,NA,0,032,LAKESHORE DR,BROOKSTONE RD,0,NA,Y,A,-,N,NA,NA,NA,NA,NA,NA,NA,NA,NA,Y,3,0,3,2,A,-,09,21801,A,N,A,C,A,A,H,-,A,D,0,NA,NA,NA,NA,Y,NA,A,01,0,1,2,0,0,0,0,0,0,-,-,NA,NA,SAN DIEGO,CHULA VISTA,-116.98026,32.65286002
7090731,2015,2015-10-17,3711,2015-09-28,1248,6647,SD,1,5,7,3711,0,0,0,NA,0,313,MURPHY CANYON RD,MURPHY CANYON RD 4900,0,NA,N,A,-,N,NA,NA,NA,NA,NA,NA,NA,NA,NA,Y,4,0,1,3,A,-,09,21801,A,N,A,C,A,A,H,-,A,D,0,NA,NA,NA,NA,Y,NA,-,NA,0,0,1,0,0,0,0,0,0,-,-,NA,NA,SAN DIEGO,SAN DIEGO,-117.11968482,32.82835829
7090747,2015,2015-10-17,3711,2015-09-24,1515,6146,NA,4,5,7,3711,0,0,0,NA,0,246,SCRIPPS POWAY PKWY,SCRIPPS POWAY PKWY 10500,47,N,N,A,-,N,NA,NA,NA,NA,NA,NA,NA,NA,NA,N,4,0,1,2,A,-,21,22106,NA,N,C,C,A,A,H,-,A,A,0,NA,NA,NA,NA,Y,NA,D,22,0,0,1,0,0,0,0,0,0,-,-,NA,NA,SAN DIEGO,SAN DIEGO,NA,NA
7090767,2015,2015-10-17,3711,2015-09-24,1540,6339,NA,4,5,7,3711,0,0,0,NA,0,242,DOWDY DR,SILVERTON,300,S,N,A,-,N,NA,NA,NA,NA,NA,NA,NA,NA,NA,N,4,0,1,2,A,-,09,21801,A,N,D,C,A,A,H,-,A,A,0,NA,NA,NA,NA,Y,NA,-,NA,0,0,1,0,0,0,0,0,0,-,-,NA,NA,SAN DIEGO,SAN DIEGO,-117.14661222,32.88987241
7090809,2015,2015-11-20,3711,2015-09-25,1452,4523,NA,5,5,7,3711,0,0,0,NA,0,126,GENESSE AVE,SCIENCE CENTER DR,0,NA,Y,A,-,N,NA,NA,NA,NA,NA,NA,NA,NA,NA,Y,4,0,1,3,A,-,03,22350,NA,M,C,C,A,A,H,-,A,A,0,NA,NA,NA,NA,Y,NA,-,NA,0,0,1,0,0,0,0,0,0,-,-,NA,NA,SAN DIEGO,SAN DIEGO,-117.2335401,32.88927011
7090865,2015,2015-11-19,3711,2015-09-25,2107,7339,NA,5,5,7,3711,0,0,0,NA,0,613,VALETA ST,FAMOSA BL,0,NA,Y,A,-,N,NA,NA,NA,NA,NA,NA,NA,NA,NA,Y,3,0,1,1,A,-,03,22350,A,N,E,J,A,A,H,-,C,D,0,NA,NA,NA,NA,Y,Y,-,NA,0,1,0,0,0,0,0,0,0,-,-,NA,NA,SAN DIEGO,SAN DIEGO,-117.22935007,32.74756009
7090875,2015,2015-10-09,3711,2015-09-26,0550,6812,NA,6,5,7,3711,0,0,0,NA,0,123,QUIVIRA RD 1400,QUIVIRA RD,33,N,N,B,-,N,NA,NA,NA,NA,NA,NA,NA,NA,NA,Y,4,0,1,6,A,-,08,22107,NA,N,B,E,A,A,H,-,B,D,0,NA,NA,NA,NA,Y,Y,A,01,0,0,1,0,0,0,0,0,0,-,-,NA,NA,SAN DIEGO,SAN DIEGO,NA,NA
7091841,2015,2015-10-15,3708,2015-09-03,1244,LM1210,NA,4,5,5,3708,0,0,0,NA,0,001,UNIVERSITY AV,UNIVERSITY AV 8085,0,NA,N,A,-,N,NA,NA,NA,NA,NA,NA,NA,NA,NA,N,3,0,1,1,-,-,-,NA,NA,N,E,I,A,A,H,-,A,D,0,NA,NA,NA,NA,Y,NA,-,-,0,1,0,0,0,0,0,0,0,-,-,NA,NA,SAN DIEGO,LA MESA,-117.02379048,32.76728411
7093053,2015,2015-10-27,3706,2015-10-13,1818,ES0406,NA,2,5,6,3706,0,0,0,NA,0,044,ROSE ST,LINCOLN AV,19,N,N,A,-,N,NA,NA,NA,NA,NA,NA,NA,NA,NA,Y,4,0,3,2,A,-,08,22107,NA,F,A,C,A,A,H,-,B,A,0,NA,NA,NA,NA,Y,NA,D,22,0,0,3,0,0,0,0,0,0,-,-,NA,NA,SAN DIEGO,ESCONDIDO,-117.0659359,33.14324238
7093222,2015,2015-10-28,3706,2015-10-04,0957,ES0383,NA,7,5,6,3706,0,0,0,NA,0,052,IDAHO AV,ROBYN RD,70,W,N,C,-,N,NA,NA,NA,NA,NA,NA,NA,NA,NA,Y,3,0,1,2,A,-,09,21801,A,N,D,C,A,B,H,-,A,D,0,NA,NA,NA,NA,Y,NA,A,01,0,1,0,0,0,0,0,0,0,-,-,NA,NA,SAN DIEGO,ESCONDIDO,-117.06493317,33.11146143
7094566,2015,2015-10-10,3700,2015-09-11,2300,SH0817,NA,5,5,5,3713,0,0,0,NA,0,305,NORTH SANTA FE AV,W EAST DR,215,N,N,A,-,N,NA,NA,NA,NA,NA,NA,NA,NA,NA,Y,3,0,1,2,A,-,03,22350,NA,F,C,C,A,A,H,-,C,D,0,NA,NA,NA,NA,Y,NA,A,01,0,1,0,0,0,0,0,0,0,-,-,NA,NA,SAN DIEGO,VISTA,-117.24495659,33.214609
7095256,2015,2016-07-19,3708,2015-07-16,1817,LM1167,NA,4,5,5,3708,0,0,0,NA,0,004,SEVERIN DR,MURRAY DR,0,NA,Y,A,-,N,NA,NA,NA,NA,NA,NA,NA,NA,NA,Y,3,0,3,2,A,-,09,21453,C,N,D,C,A,A,H,-,A,A,0,NA,NA,NA,NA,Y,NA,A,01,0,1,2,0,0,0,0,0,0,-,-,NA,NA,SAN DIEGO,LA MESA,-116.99702013,32.78033004
7096546,2015,2016-07-19,9650,2015-09-07,1115,15027,NA,1,1,9,3700,0,3,5,NA,2,213,SOUTH GRADE RD,RT 76,26928,N,N,A,-,N,NA,NA,NA,NA,NA,NA,NA,NA,NA,N,4,0,1,1,D,-,00,NA,NA,N,F,A,A,A,H,-,A,D,0,NA,NA,Y,NA,Y,NA,-,-,0,0,1,0,0,0,0,0,1,-,-,33.30506,-116.87852,SAN DIEGO,UNINCORPORATED,-116.86989878,33.30443973
7097020,2015,2015-10-23,3711,2015-10-01,0706,5465,NA,4,5,7,3711,0,0,0,NA,0,243,MIRAMAR WY,KEARNY VILLA RD,39,W,N,A,-,N,NA,NA,NA,NA,NA,NA,NA,NA,NA,Y,4,0,1,3,A,-,09,21801,A,N,A,C,A,A,H,-,A,D,0,NA,NA,NA,NA,Y,NA,-,-,0,0,1,0,0,0,0,0,0,-,-,NA,NA,SAN DIEGO,SAN DIEGO,-117.11677661,32.88056
7098452,2015,2015-10-29,3701,2015-10-11,1944,5444,88,7,5,5,3701,0,0,0,NA,0,007,ALGA RD,EL FUERTE ST,0,NA,Y,A,-,N,NA,NA,NA,NA,NA,NA,NA,NA,NA,Y,2,0,6,2,A,-,12,21453,A,N,A,C,A,A,H,-,C,A,0,NA,NA,NA,NA,Y,NA,A,01,2,1,3,0,0,0,0,0,0,-,-,33.635,-117.142,SAN DIEGO,CARLSBAD,-117.23895008,33.10976003
7098456,2015,2015-10-29,3701,2015-10-09,2147,5429,1,5,5,5,3701,0,0,0,NA,0,001,CARLSBAD VILLAGE DR,GARFIELD ST,0,NA,Y,A,-,N,NA,NA,NA,NA,NA,NA,NA,NA,NA,N,4,0,1,2,A,-,11,21954,A,N,G,B,D,A,H,-,C,D,0,Y,NA,NA,NA,Y,NA,N,60,0,0,1,0,1,0,0,0,0,-,-,NA,NA,SAN DIEGO,CARLSBAD,-117.35200004,33.15762002
7098626,2015,2015-10-26,3711,2015-10-02,1705,7261,NA,5,5,7,3711,0,0,0,NA,0,934,HARTFIELD AV,DEL MAR HEIGHTS,0,NA,Y,A,-,N,NA,NA,NA,NA,NA,NA,NA,NA,NA,N,4,0,1,2,A,-,03,22350,NA,N,C,C,A,A,H,-,A,A,0,NA,NA,NA,NA,Y,NA,A,01,0,0,1,0,0,0,0,0,0,-,-,NA,NA,SAN DIEGO,SAN DIEGO,-117.22978012,32.95565012
7098635,2015,2015-10-26,3711,2015-10-03,0551,6437,NA,6,5,7,3711,0,0,0,NA,0,122,SOLEDAD RD,LOS ALTOS WY,528,N,N,A,-,N,NA,NA,NA,NA,NA,NA,NA,NA,NA,Y,3,0,1,2,A,-,08,22107,NA,N,A,E,A,A,H,-,A,D,0,NA,NA,NA,NA,Y,NA,-,NA,0,1,0,0,0,0,0,0,0,-,-,NA,NA,SAN DIEGO,SAN DIEGO,-117.24039396,32.81244565
7099414,2015,2015-10-27,3711,2015-10-02,2040,7119,NA,5,5,7,3711,0,0,0,NA,0,528,W GRAPE,KETTNER,5,S,N,A,-,N,NA,NA,NA,NA,NA,NA,NA,NA,NA,N,4,0,1,2,A,-,10,21950,A,N,G,B,B,A,H,-,C,A,0,Y,NA,NA,NA,Y,NA,-,NA,0,0,1,0,1,0,0,0,0,-,-,NA,NA,SAN DIEGO,SAN DIEGO,-117.16986518,32.72513522
7099467,2015,2015-10-24,3711,2015-10-09,0950,6534,NA,5,5,7,3711,0,0,0,NA,0,937,CAMINITO SANTACUZ,SANTACUZ VILLAGE GRN N,0,NA,Y,A,-,N,NA,NA,NA,NA,NA,NA,NA,NA,NA,N,4,0,1,2,A,-,12,22450,A,N,D,C,A,A,H,-,A,A,0,NA,NA,NA,NA,Y,NA,-,NA,0,0,1,0,0,0,0,0,0,-,-,NA,NA,SAN DIEGO,SAN DIEGO,-117.14960988,32.99324006
7099484,2015,2015-10-24,3711,2015-10-07,2058,6702,NA,3,5,7,3711,0,0,0,NA,0,723,CAULFIELD DR,GARLAND DR,66,W,N,A,-,N,NA,NA,NA,NA,NA,NA,NA,NA,NA,N,3,0,1,1,A,-,03,22350,NA,N,F,A,A,A,H,-,C,D,0,NA,NA,Y,NA,Y,NA,C,02,0,1,0,0,0,0,0,0,1,-,-,NA,NA,SAN DIEGO,SAN DIEGO,-117.0731516,32.57887582
7099543,2015,2015-10-28,3700,2015-09-02,1729,SH1706,NA,3,5,5,3782,0,0,0,NA,0,224,SOUTH EL CAMINO REAL,CREST DR,0,NA,Y,A,-,N,NA,NA,NA,NA,NA,NA,NA,NA,NA,Y,3,0,2,3,A,-,09,21801,A,N,D,C,A,A,H,-,A,D,0,NA,NA,NA,NA,Y,NA,D,22,0,2,0,0,0,0,0,0,0,-,-,NA,NA,SAN DIEGO,ENCINITAS,-117.25957005,33.0426601
7099547,2015,2015-10-28,3700,2015-09-06,0738,SH2410,NA,7,5,5,3782,0,0,0,NA,0,206,LEUCADIA BL,CALLE BARCELONA,0,NA,Y,A,-,N,NA,NA,NA,NA,NA,NA,NA,NA,NA,Y,4,0,1,2,A,-,12,21453,A,N,D,C,A,A,H,-,A,A,0,NA,NA,NA,NA,Y,NA,D,22,0,0,1,0,0,0,0,0,0,-,-,NA,NA,SAN DIEGO,ENCINITAS,-117.26761004,33.06868005
7102298,2015,2015-10-27,3709,2015-10-11,0318,487,NCPD,7,5,5,3709,0,0,0,NA,0,020,EAST 8TH ST,B AV,32,S,N,A,-,N,NA,NA,NA,NA,NA,NA,NA,NA,NA,Y,3,0,1,4,A,-,01,23152,A,N,A,E,A,A,H,-,C,D,0,NA,NA,NA,NA,Y,NA,A,08,0,1,0,0,0,0,0,0,0,-,-,NA,NA,SAN DIEGO,NATIONAL CITY,-117.10496839,32.67637245
7102313,2015,2015-10-26,3711,2015-09-22,1020,7203,SAN D,2,5,7,3711,0,0,0,NA,0,451,54TH ST,WESTOVER PL,0,NA,Y,A,-,N,NA,NA,NA,NA,NA,NA,NA,NA,NA,N,4,0,1,2,A,-,04,21703,NA,N,C,C,A,A,H,-,A,A,0,NA,NA,NA,NA,Y,NA,-,NA,0,0,1,0,0,0,0,0,0,-,-,NA,NA,SAN DIEGO,SAN DIEGO,-117.08401013,32.72483007