CASE_ID,ACCIDENT_YEAR,PROC_DATE,JURIS,COLLISION_DATE,COLLISION_TIME,OFFICER_ID,REPORTING_DISTRICT,DAY_OF_WEEK,CHP_SHIFT,POPULATION,CNTY_CITY_LOC,SPECIAL_COND,BEAT_TYPE,CHP_BEAT_TYPE,CITY_DIVISION_LAPD,CHP_BEAT_CLASS,BEAT_NUMBER,PRIMARY_RD,SECONDARY_RD,DISTANCE,DIRECTION,INTERSECTION,WEATHER_1,WEATHER_2,STATE_HWY_IND,CALTRANS_COUNTY,CALTRANS_DISTRICT,STATE_ROUTE,ROUTE_SUFFIX,POSTMILE_PREFIX,POSTMILE,LOCATION_TYPE,RAMP_INTERSECTION,SIDE_OF_HWY,TOW_AWAY,COLLISION_SEVERITY,NUMBER_KILLED,NUMBER_INJURED,PARTY_COUNT,PRIMARY_COLL_FACTOR,PCF_CODE_OF_VIOL,PCF_VIOL_CATEGORY,PCF_VIOLATION,PCF_VIOL_SUBSECTION,HIT_AND_RUN,TYPE_OF_COLLISION,MVIW,PED_ACTION,ROAD_SURFACE,ROAD_COND_1,ROAD_COND_2,LIGHTING,CONTROL_DEVICE,CHP_ROAD_TYPE,PEDESTRIAN_ACCIDENT,BICYCLE_ACCIDENT,MOTORCYCLE_ACCIDENT,TRUCK_ACCIDENT,NOT_PRIVATE_PROPERTY,ALCOHOL_INVOLVED,STWD_VEHTYPE_AT_FAULT,CHP_VEHTYPE_AT_FAULT,COUNT_SEVERE_INJ,COUNT_VISIBLE_INJ,COUNT_COMPLAINT_PAIN,COUNT_PED_KILLED,COUNT_PED_INJURED,COUNT_BICYCLIST_KILLED,COUNT_BICYCLIST_INJURED,COUNT_MC_KILLED,COUNT_MC_INJURED,PRIMARY_RAMP,SECONDARY_RAMP,LATITUDE,LONGITUDE,COUNTY,CITY,POINT_X,POINT_Y
8017366,2016,2016-04-19,3711,2016-04-08,2000,4663,NA,5,5,7,3711,0,0,0,NA,0,242,MIRA MESA BL,ADERMAN AV,114,E,N,C,-,N,NA,NA,NA,NA,NA,NA,NA,NA,NA,Y,4,0,2,2,A,-,03,22350,NA,N,C,C,A,B,H,-,C,A,0,NA,NA,NA,NA,Y,NA,-,NA,0,0,2,0,0,0,0,0,0,-,-,NA,NA,SAN DIEGO,SAN DIEGO,-117.16176741,32.90927306
8017653,2016,2016-04-20,3705,2016-04-04,1715,EC0337,NA,1,5,5,3705,0,0,0,NA,0,008,W LEXINGTON,VAN HOUTEN,93,W,N,A,-,N,NA,NA,NA,NA,NA,NA,NA,NA,NA,N,4,0,1,2,A,-,05,21650,1,N,D,G,A,A,H,-,A,D,0,NA,Y,NA,NA,Y,NA,L,04,0,0,1,0,0,0,1,0,0,-,-,NA,NA,SAN DIEGO,EL CAJON,-116.96643118,32.79269745
8017673,2016,2016-04-25,3705,2016-04-04,1502,EC0337,NA,1,5,5,3705,0,0,0,NA,0,010,S MAGNOLIA,W LEXINGTON,0,NA,Y,A,-,N,NA,NA,NA,NA,NA,NA,NA,NA,NA,Y,4,0,2,2,A,-,12,21453,A,N,D,C,A,A,H,-,A,A,0,NA,NA,NA,NA,Y,NA,-,-,0,0,2,0,0,0,0,0,0,-,-,NA,NA,SAN DIEGO,EL CAJON,-116.96229007,32.7927101
8017789,2016,2016-06-09,3702,2016-04-11,1422,CV1031,NA,1,5,6,3702,0,0,0,NA,0,014,HILLTOP DR,EAST WHITNEY ST,0,NA,Y,A,-,N,NA,NA,NA,NA,NA,NA,NA,NA,NA,Y,4,0,1,2,A,-,08,22107,NA,N,D,G,A,A,H,-,A,D,0,NA,Y,NA,Y,Y,NA,F,26,0,0,1,0,0,0,1,0,0,-,-,NA,NA,SAN DIEGO,CHULA VISTA,-117.06426008,32.63597004
8020465,2016,2016-04-13,3711,2016-03-28,2126,8181,NA,1,5,7,3711,0,0,0,NA,0,313,CONVOY ST,KEARNY MESA RD,0,NA,Y,A,-,N,NA,NA,NA,NA,NA,NA,NA,NA,NA,Y,4,0,2,2,D,-,00,NA,NA,N,A,C,A,A,H,-,C,A,0,NA,NA,NA,NA,Y,NA,-,-,0,0,2,0,0,0,0,0,0,-,-,NA,NA,SAN DIEGO,SAN DIEGO,-117.15266,32.8135101
8020489,2016,2016-04-15,3708,2016-03-15,0725,LM1255,NA,2,5,5,3708,0,0,0,NA,0,001,EL CAJON BL,LA MESA BL,0,NA,Y,A,-,N,NA,NA,NA,NA,NA,NA,NA,NA,NA,Y,4,0,1,2,A,-,03,22350,NA,N,A,C,A,A,H,-,A,A,0,NA,NA,NA,NA,Y,NA,A,08,0,0,1,0,0,0,0,0,0,-,-,NA,NA,SAN DIEGO,LA MESA,-117.03024009,32.76846006
8020659,2016,2016-04-18,3706,2016-03-13,0749,424,ESCON,7,5,6,3706,0,0,0,NA,0,052,2ND AV,JUNIPER ST,0,NA,Y,A,-,N,NA,NA,NA,NA,NA,NA,NA,NA,NA,N,4,0,2,2,A,-,12,21453,A,N,D,C,A,A,H,-,A,A,0,NA,NA,NA,NA,Y,NA,A,01,0,0,2,0,0,0,0,0,0,-,-,33.1221,-117.07805,SAN DIEGO,ESCONDIDO,-117.07809002,33.12212005
8021326,2016,2017-02-15,3710,2016-03-26,2101,OC1415,NA,6,5,6,3710,0,0,0,NA,0,010,RT 76,RT 5,25,W,N,C,-,Y,SD,11,5,-,R,53.741,R,4,S,N,4,0,1,2,A,-,03,22350,NA,M,C,C,A,B,H,-,C,A,0,NA,NA,NA,NA,Y,NA,-,NA,0,0,1,0,0,0,0,0,0,-,-,NA,NA,SAN DIEGO,OCEANSIDE,-117.38050991,33.2030658
8021357,2016,2016-04-19,3703,2016-04-01,1802,1310,NA,5,5,3,3703,0,0,0,NA,0,001,2ND ST,ORANGE AV,0,NA,Y,A,-,N,NA,NA,NA,NA,NA,NA,NA,NA,NA,N,3,0,1,2,A,-,09,21800,A,N,D,G,A,A,H,-,A,A,0,NA,Y,NA,NA,Y,NA,L,04,0,1,0,0,0,0,1,0,0,-,-,NA,NA,SAN DIEGO,CORONADO,-117.17325009,32.69736012
8022332,2016,2016-04-20,3705,2016-02-19,1438,EC0277,NA,5,5,5,3705,0,0,0,NA,0,006,JOHNSON,BENEDICT,428,S,N,A,-,N,NA,NA,NA,NA,NA,NA,NA,NA,NA,Y,4,0,1,1,A,-,08,22107,NA,N,A,I,A,A,H,-,A,D,0,NA,NA,Y,NA,Y,NA,C,02,0,0,1,0,0,0,0,0,1,-,-,NA,NA,SAN DIEGO,EL CAJON,-116.97104,32.79650783
8022436,2016,2016-04-22,3706,2016-03-29,1338,ES0364,NA,2,5,6,3706,0,0,0,NA,0,045,WASHINGTON AV,ROCK SPRINGS RD,0,NA,Y,B,-,N,NA,NA,NA,NA,NA,NA,NA,NA,NA,Y,4,0,1,3,A,-,09,21801,A,N,D,C,A,A,H,-,A,A,0,NA,NA,NA,NA,Y,NA,A,01,0,0,1,0,0,0,0,0,0,-,-,NA,NA,SAN DIEGO,ESCONDIDO,-117.09600004,33.12319006
8022919,2016,2016-04-22,3711,2016-04-11,1543,4495,NA,1,5,7,3711,0,0,0,NA,0,524,BROADWAY,8TH AV,0,NA,Y,B,-,N,NA,NA,NA,NA,NA,NA,NA,NA,NA,N,3,0,1,3,A,-,12,21453,A,N,D,C,A,A,H,-,A,A,0,NA,NA,NA,NA,Y,NA,A,01,0,1,0,0,0,0,0,0,0,-,-,NA,NA,SAN DIEGO,SAN DIEGO,-117.15741009,32.71572001
8023059,2016,2017-02-15,3700,2016-02-22,0054,SH0742,NA,1,5,4,3780,0,0,0,NA,0,412,RT 67,POWAY RD,1584,N,N,A,-,Y,SD,11,67,-,-,15.51,H,-,N,Y,3,0,3,3,A,-,01,23152,A,N,C,C,A,A,D,-,D,D,0,NA,NA,NA,NA,Y,Y,A,01,0,2,1,0,0,0,0,0,0,-,-,NA,NA,SAN DIEGO,POWAY,-116.96226923,32.80326111
8023067,2016,2016-04-22,3702,2016-02-23,0955,CV0833,NA,2,5,6,3702,0,0,0,NA,0,031,EAST H ST,TERRA NOVA DR,0,NA,Y,A,-,N,NA,NA,NA,NA,NA,NA,NA,NA,NA,Y,3,0,2,2,A,-,12,21453,A,N,D,C,A,A,H,-,A,A,0,NA,NA,NA,NA,Y,NA,A,01,0,1,1,0,0,0,0,0,0,-,-,NA,NA,SAN DIEGO,CHULA VISTA,-117.04311002,32.63863002
8023095,2016,2017-02-15,3700,2016-02-01,0226,SH0742,NA,1,5,4,3780,0,0,0,NA,0,408,RT 67,IRON MOUNTAIN DR,1584,N,N,F,-,Y,SD,11,67,-,-,15.07,H,-,N,Y,4,0,1,1,A,-,03,22350,NA,N,F,A,A,B,H,-,D,D,0,NA,NA,NA,NA,Y,Y,A,01,0,0,1,0,0,0,0,0,0,-,-,NA,NA,SAN DIEGO,POWAY,-116.96226913,32.80325716
8023151,2016,2016-04-22,3702,2016-01-09,0930,CV0928,NA,6,5,6,3702,0,0,0,NA,0,011,E ST,EAST PARK LN,0,NA,Y,A,-,N,NA,NA,NA,NA,NA,NA,NA,NA,NA,Y,4,0,1,2,A,-,09,21801,A,N,D,C,A,A,H,-,A,D,0,NA,NA,Y,NA,Y,NA,A,01,0,0,1,0,0,0,0,0,1,-,-,NA,NA,SAN DIEGO,CHULA VISTA,-117.09282003,32.64152
8024042,2016,2016-05-23,3711,2016-04-04,0530,7000,NA,1,5,7,3711,0,0,0,NA,0,713,AIRWAY RD,PIPER RANCH RD,348,W,N,E,-,N,NA,NA,NA,NA,NA,NA,NA,NA,NA,Y,4,0,2,4,A,-,03,22350,NA,N,D,C,A,A,H,-,C,D,0,NA,NA,NA,NA,Y,NA,-,NA,0,0,2,0,0,0,0,0,0,-,-,NA,NA,SAN DIEGO,SAN DIEGO,-116.95497503,32.56044481
8024199,2016,2016-04-19,3711,2016-04-09,0259,5985,NA,6,5,7,3711,0,0,0,NA,0,243,KEARNY MESA RD,MIRAMAR RD,280,N,N,A,-,N,NA,NA,NA,NA,NA,NA,NA,NA,NA,Y,3,0,1,1,A,-,08,22107,NA,N,E,I,A,A,H,-,C,D,0,NA,NA,NA,NA,Y,Y,A,07,0,1,0,0,0,0,0,0,0,-,-,NA,NA,SAN DIEGO,SAN DIEGO,-117.1182849,32.89450042
8024804,2016,2016-05-18,3711,2016-05-09,1602,8334,NA,1,5,7,3711,0,0,0,NA,0,529,FIR ST,5TH AV,0,NA,Y,A,-,N,NA,NA,NA,NA,NA,NA,NA,NA,NA,Y,4,0,2,3,A,-,09,21802,A,N,D,C,A,A,H,-,A,A,0,NA,NA,NA,NA,Y,NA,A,01,0,0,2,0,0,0,0,0,0,-,-,NA,NA,SAN DIEGO,SAN DIEGO,-117.16025999,32.72511012
8024810,2016,2016-05-18,3711,2016-05-09,1005,6946,NA,1,5,7,3711,0,0,0,NA,0,233,BLACK MOUNTAIN RD,MALER,39,S,N,B,-,N,NA,NA,NA,NA,NA,NA,NA,NA,NA,N,4,0,1,2,A,-,03,22350,NA,N,C,C,A,A,H,-,A,A,0,NA,NA,NA,NA,Y,NA,-,NA,0,0,1,0,0,0,0,0,0,-,-,NA,NA,SAN DIEGO,SAN DIEGO,-117.13103098,32.98016317
8025599,2016,2016-04-20,3705,2016-03-29,1540,EC0281,NA,2,5,5,3705,0,0,0,NA,0,009,MAIN,MOLLISON,6,E,N,A,-,N,NA,NA,NA,NA,NA,NA,NA,NA,NA,Y,4,0,1,2,A,-,11,21950,B,N,G,B,A,A,H,-,A,A,0,NA,NA,NA,NA,Y,NA,-,NA,0,0,1,0,0,0,0,0,0,-,-,NA,NA,SAN DIEGO,EL CAJON,-116.95096054,32.79495
8026217,2015,2017-01-14,9645,2015-09-15,0945,020561,NA,2,1,7,3711,0,1,1,NA,2,001,RT 5,PALM AV,3,N,N,B,-,Y,SD,11,5,-,-,4.848,R,1,S,N,4,0,1,2,A,-,12,21453,A,N,G,B,B,A,H,-,A,A,1,Y,NA,NA,NA,Y,NA,A,01,0,0,1,0,1,0,0,0,0,TO,-,32.58397,-117.08891,SAN DIEGO,SAN DIEGO,-117.0877309,32.58686185
8026432,2016,2016-04-29,3706,2016-04-17,0032,490,ESCON,7,5,6,3706,0,0,0,NA,0,043,W EL NORTE PKWY,MORNING VIEW DR,0,NA,Y,A,-,N,NA,NA,NA,NA,NA,NA,NA,NA,NA,Y,4,0,1,2,A,-,01,23152,A,N,D,C,A,A,H,-,C,A,0,NA,NA,NA,NA,Y,Y,D,22,0,0,1,0,0,0,0,0,0,-,-,NA,NA,SAN DIEGO,ESCONDIDO,-117.0961701,33.14325005
8026609,2016,2016-04-27,3706,2016-04-19,1634,393,ESPD,2,5,6,3706,0,0,0,NA,0,055,SPRUCE ST,5TH AV,0,NA,Y,A,-,N,NA,NA,NA,NA,NA,NA,NA,NA,NA,Y,3,0,6,2,A,-,01,23152,A,F,D,C,A,A,H,-,A,A,0,NA,NA,NA,NA,Y,Y,A,01,0,2,4,0,0,0,0,0,0,-,-,NA,NA,SAN DIEGO,ESCONDIDO,-117.08831011,33.11331009
8027796,2016,2016-04-29,3711,2016-04-14,1738,5939,NA,4,5,7,3711,0,0,0,NA,0,243,MIRAMAR RD,CABOT DR,900,E,N,A,-,N,NA,NA,NA,NA,NA,NA,NA,NA,NA,Y,4,0,2,2,A,-,00,22106,B,N,D,C,A,A,-,-,A,D,0,NA,NA,NA,NA,Y,NA,-,NA,0,0,2,0,0,0,0,0,0,-,-,NA,NA,SAN DIEGO,SAN DIEGO,-117.14037591,32.89118139
8027878,2016,2016-04-26,3711,2016-04-18,1450,7014,NA,1,5,7,3711,0,0,0,NA,0,721,CORONADO AV,CORONADO AV 1800,0,NA,Y,A,-,N,NA,NA,NA,NA,NA,NA,NA,NA,NA,Y,3,0,2,2,A,-,09,21802,A,N,D,C,A,A,H,-,A,D,0,NA,NA,NA,NA,Y,NA,-,NA,0,1,1,0,0,0,0,0,0,-,-,NA,NA,SAN DIEGO,SAN DIEGO,-117.09489942,32.57651226
8028649,2016,2016-05-25,3711,2016-05-12,0855,6897,SD,4,5,7,3711,0,0,0,NA,0,836,FAIRMONT AV,QUINCE ST,129,S,N,B,-,N,NA,NA,NA,NA,NA,NA,NA,NA,NA,Y,3,0,1,2,A,-,03,22350,NA,N,C,C,A,A,H,-,A,A,0,NA,NA,NA,NA,Y,NA,-,NA,0,1,0,0,0,0,0,0,0,-,-,NA,NA,SAN DIEGO,SAN DIEGO,-117.10101416,32.73649666
8028680,2016,2016-05-25,3711,2016-05-12,2219,6394,NA,4,5,7,3711,0,0,0,NA,0,323,COLLEGE AV,NAVAJO RD,0,NA,Y,B,-,N,NA,NA,NA,NA,NA,NA,NA,NA,NA,Y,3,0,1,2,A,-,09,21453,C,N,A,C,A,A,H,-,C,A,0,NA,NA,NA,NA,Y,NA,-,NA,0,1,0,0,0,0,0,0,0,-,-,NA,NA,SAN DIEGO,SAN DIEGO,-117.06772,32.79365007
8029325,2016,2016-05-04,3706,2016-04-21,2059,393,ESPD,4,5,6,3706,0,0,0,NA,0,044,WASHINGTON AV,FIG ST,63,W,N,A,-,N,NA,NA,NA,NA,NA,NA,NA,NA,NA,N,4,0,3,2,A,-,03,22350,NA,N,C,C,A,A,H,-,C,A,0,NA,NA,NA,NA,Y,Y,D,22,0,0,3,0,0,0,0,0,0,-,-,NA,NA,SAN DIEGO,ESCONDIDO,-117.07583169,33.12946866
8030735,2016,2016-05-04,3701,2016-04-20,0610,5191,79,3,5,5,3701,0,0,0,NA,0,006,PALOMAR AIRPORT RD,CAMINO VIDA ROBLE,0,NA,Y,A,-,N,NA,NA,NA,NA,NA,NA,NA,NA,NA,Y,3,0,2,3,A,-,12,21453,A,N,D,C,A,A,H,-,A,A,0,NA,NA,NA,NA,Y,NA,A,01,0,1,1,0,0,0,0,0,0,-,-,33.12012,-117.28169,SAN DIEGO,CARLSBAD,-117.28180002,33.12028006
8031951,2016,2017-02-14,3711,2016-05-01,1231,7419,NA,7,5,7,3711,0,0,0,NA,0,931,RT 805,MIRAMAR RD,15,S,N,A,-,Y,SD,11,805,-,-,26.107,R,4,N,N,4,0,1,2,A,-,04,21703,NA,N,C,C,A,A,H,-,A,A,0,NA,NA,NA,NA,Y,NA,A,01,0,0,1,0,0,0,0,0,0,NO,-,NA,NA,SAN DIEGO,SAN DIEGO,-117.20012742,32.87758731
8034628,2016,2016-05-04,3710,2016-04-19,0710,OC1322,NA,2,5,6,3710,0,0,0,NA,0,033,OLD GROVE RD,MESA DR,0,NA,Y,A,-,N,NA,NA,NA,NA,NA,NA,NA,NA,NA,N,3,0,1,2,A,-,11,21456,B,N,G,B,B,A,H,-,A,A,0,Y,NA,NA,NA,Y,NA,N,60,0,1,0,0,1,0,0,0,0,-,-,NA,NA,SAN DIEGO,OCEANSIDE,-117.29871006,33.21995003
8034735,2016,2016-05-12,3706,2016-05-03,1050,495,ESCON,2,5,6,3706,0,0,0,NA,0,042,MISSION AV,PARK PL,170,W,N,A,-,N,NA,NA,NA,NA,NA,NA,NA,NA,NA,N,4,0,1,3,A,-,04,21703,NA,N,C,C,A,A,H,-,A,D,0,NA,NA,NA,NA,Y,NA,A,01,0,0,1,0,0,0,0,0,0,-,-,33.13128,-117.08236,SAN DIEGO,ESCONDIDO,-117.08230053,33.13128186
8034737,2016,2016-05-13,3706,2016-05-01,0845,464,ESCON,7,5,6,3706,0,0,0,NA,0,041,COUNTRY CLUB LN,EASTRIDGE LN,36,W,N,B,-,N,NA,NA,NA,NA,NA,NA,NA,NA,NA,Y,4,0,1,1,A,-,01,23152,A,N,E,I,A,A,H,-,A,D,0,NA,NA,NA,NA,Y,Y,A,01,0,0,1,0,0,0,0,0,0,-,-,NA,NA,SAN DIEGO,ESCONDIDO,-117.09786671,33.15936928
8034743,2016,2016-05-13,3706,2016-05-06,0646,453,ESCON,5,5,6,3706,0,0,0,NA,0,044,LINCOLN AV,ASH ST,0,NA,Y,B,C,N,NA,NA,NA,NA,NA,NA,NA,NA,NA,Y,4,0,2,2,A,-,09,21801,A,F,D,C,A,B,H,-,A,A,0,NA,NA,NA,NA,Y,NA,A,01,0,0,2,0,0,0,0,0,0,-,-,33.13906,-117.07296,SAN DIEGO,ESCONDIDO,-117.07293013,33.13905011
8035223,2016,2017-02-14,3711,2016-05-12,1645,4507,SANDI,4,5,7,3711,0,0,0,NA,0,015,GOVERNOR DR,RT 805,0,NA,Y,A,-,Y,SD,11,805,-,-,24.664,R,4,S,Y,4,0,2,2,A,-,09,21801,A,N,D,C,A,A,H,-,A,D,0,NA,NA,NA,NA,Y,NA,-,NA,0,0,2,0,0,0,0,0,0,-,SF,NA,NA,SAN DIEGO,SAN DIEGO,-117.18632346,32.86047532
8036349,2016,2016-05-04,3700,2016-04-14,1030,SH2619,NA,4,5,5,3712,0,0,0,NA,0,350,WEST MISSION RD,KNOLL RD,0,NA,Y,A,-,N,NA,NA,NA,NA,NA,NA,NA,NA,NA,Y,4,0,1,2,A,-,12,21453,A,N,D,C,A,A,H,-,A,A,0,NA,NA,NA,NA,Y,NA,A,01,0,0,1,0,0,0,0,0,0,-,-,NA,NA,SAN DIEGO,SAN MARCOS,-117.17341009,33.14531005
8037519,2016,2016-05-12,3711,2016-04-12,2201,LIU,NA,2,5,7,3711,0,0,0,NA,0,722,SATURN BL,AVENIDA DEL MEXICO,93,S,N,A,-,N,NA,NA,NA,NA,NA,NA,NA,NA,NA,Y,3,0,1,2,A,-,08,22107,NA,N,B,E,A,A,H,-,C,D,0,NA,NA,NA,NA,Y,Y,-,-,0,1,0,0,0,0,0,0,0,-,-,NA,NA,SAN DIEGO,SAN DIEGO,-117.09265446,32.5826353
8037555,2016,2016-05-11,3711,2016-04-25,0939,5838,NA,1,5,7,3711,0,0,0,NA,0,723,30TH ST,CORONADO AV,425,S,N,A,-,N,NA,NA,NA,NA,NA,NA,NA,NA,NA,Y,4,0,3,3,A,-,09,21804,A,M,D,C,A,A,H,-,A,D,0,NA,NA,NA,NA,Y,NA,A,07,0,0,3,0,0,0,0,0,0,-,-,NA,NA,SAN DIEGO,SAN DIEGO,-117.06894215,32.5755391
8037614,2016,2016-05-11,3711,2016-04-27,1755,6032,NA,3,5,7,3711,0,0,0,NA,0,122,MISSOURI ST,GRESHAM ST,0,NA,Y,A,-,N,NA,NA,NA,NA,NA,NA,NA,NA,NA,N,4,0,1,3,A,-,03,22350,NA,M,B,C,A,A,H,-,A,A,0,NA,NA,NA,NA,Y,NA,-,NA,0,0,1,0,0,0,0,0,0,-,-,NA,NA,SAN DIEGO,SAN DIEGO,-117.24566006,32.80268008
8038129,2016,2016-05-19,3705,2016-02-08,1027,EC0160,NA,1,5,5,3705,0,0,0,NA,0,007,NORTH MOLLISON AV,BROADWAY,149,N,N,A,-,N,NA,NA,NA,NA,NA,NA,NA,NA,NA,Y,4,0,1,2,A,-,09,21804,A,N,D,C,A,A,D,-,A,A,0,NA,NA,NA,NA,Y,NA,A,07,0,0,1,0,0,0,0,0,0,-,-,NA,NA,SAN DIEGO,EL CAJON,-116.95096271,32.80810801
8038302,2016,2016-06-10,3711,2016-05-06,1205,7039,NA,5,5,7,3711,0,0,0,NA,0,903,AVENIDA DEL MEXICO,SATURN BL,300,E,N,C,-,N,NA,NA,NA,NA,NA,NA,NA,NA,NA,Y,3,0,1,2,D,-,00,NA,NA,N,-,I,A,B,H,-,A,A,0,NA,NA,NA,NA,Y,NA,-,-,0,1,0,0,0,0,0,0,0,-,-,NA,NA,SAN DIEGO,SAN DIEGO,-117.09191904,32.58321627
8039393,2016,2016-05-23,3702,2016-04-28,1538,CV1148,NA,4,5,6,3702,0,0,0,NA,0,021,BROADWAY,PALOMAR ST,168,N,N,A,-,N,NA,NA,NA,NA,NA,NA,NA,NA,NA,N,3,0,1,2,A,-,10,21952,NA,F,G,G,A,A,H,-,A,D,0,NA,Y,NA,NA,Y,NA,A,07,0,1,0,0,0,0,1,0,0,-,-,NA,NA,SAN DIEGO,CHULA VISTA,-117.07893382,32.60385583
8040360,2016,2016-08-24,3700,2016-03-30,1030,SH2292,NA,3,5,5,3782,0,0,0,NA,0,224,NORTH RANCHO SANTA FE RD,SOUTH RANCHO SANTA FE RD,5,N,N,A,-,N,NA,NA,NA,NA,NA,NA,NA,NA,NA,Y,4,0,1,2,A,-,06,21755,NA,N,B,C,A,A,H,-,A,A,0,NA,NA,NA,Y,Y,NA,-,NA,0,0,1,0,0,0,0,0,0,-,-,NA,NA,SAN DIEGO,ENCINITAS,-117.24357131,33.06415985
8040364,2016,2016-05-17,3700,2016-03-31,1222,SH1627,NA,4,5,5,3782,0,0,0,NA,0,206,NORTH EL CAMINO REAL,LEUCADIA BL,420,S,N,A,-,N,NA,NA,NA,NA,NA,NA,NA,NA,NA,Y,4,0,1,3,A,-,03,22350,NA,N,C,C,A,A,H,-,A,A,0,NA,NA,NA,NA,Y,NA,A,01,0,0,1,0,0,0,0,0,0,-,-,NA,NA,SAN DIEGO,ENCINITAS,-117.26241035,33.06652968
8041851,2016,2016-05-31,3705,2016-04-28,0609,EC0160,NA,4,5,5,3705,0,0,0,NA,0,007,EAST MADISON,ORLANDO ST,0,NA,Y,B,-,N,NA,NA,NA,NA,NA,NA,NA,NA,NA,Y,3,0,2,2,A,-,09,21802,A,N,A,C,A,A,H,-,B,A,0,NA,NA,NA,NA,Y,NA,A,01,0,1,1,0,0,0,0,0,0,-,-,NA,NA,SAN DIEGO,EL CAJON,-116.94014001,32.80016004
8042789,2016,2016-05-17,3701,2016-05-04,0830,5302,121,3,5,5,3701,0,0,0,NA,0,008,OLIVENHAIN RD,AMARGOSA DR,453,W,N,B,-,N,NA,NA,NA,NA,NA,NA,NA,NA,NA,Y,4,0,1,2,A,-,03,22350,NA,N,C,C,A,A,H,-,A,D,0,NA,NA,NA,NA,Y,NA,A,01,0,0,1,0,0,0,0,0,0,-,-,33.06711,-117.25667,SAN DIEGO,CARLSBAD,-117.25652203,33.06702772
8043641,2016,2016-08-29,3710,2016-05-12,1655,OC1363,NA,4,5,6,3710,0,0,0,NA,0,006,CIVIC CENTER,NORTH COAST HWY,30,W,N,A,-,N,NA,NA,NA,NA,NA,NA,NA,NA,NA,N,3,0,1,3,A,-,08,22107,NA,N,B,C,A,A,H,-,A,A,0,NA,NA,NA,NA,Y,NA,A,01,0,1,0,0,0,0,0,0,0,-,-,NA,NA,SAN DIEGO,OCEANSIDE,-117.38103775,33.19754016
8043707,2016,2016-05-24,3700,2016-01-17,1344,SH2405,NA,7,5,5,3781,0,0,0,NA,0,510,MAST BL,RYDER RD,0,NA,Y,A,-,N,NA,NA,NA,NA,NA,NA,NA,NA,NA,Y,4,0,1,2,A,-,09,21802,A,M,D,C,A,A,H,-,A,A,0,NA,NA,NA,NA,Y,NA,A,01,0,0,1,0,0,0,0,0,0,-,-,NA,NA,SAN DIEGO,SANTEE,-116.98766001,32.85431001
8044465,2016,2016-06-01,3706,2016-05-16,0730,354,EPD,1,5,6,3706,0,0,0,NA,0,055,FELICITA AV,REDWOOD ST,0,NA,Y,A,-,N,NA,NA,NA,NA,NA,NA,NA,NA,NA,Y,3,0,4,3,A,-,09,21802,A,N,D,C,A,A,H,-,A,A,0,NA,NA,NA,NA,Y,NA,D,22,0,1,3,0,0,0,0,0,0,-,-,33.10187,-117.07866,SAN DIEGO,ESCONDIDO,-117.0786201,33.10184004
8045013,2016,2016-05-27,3706,2016-05-15,1250,393,ESPD,7,5,6,3706,0,0,0,NA,0,042,WASHINGTON AV,BROADWAY,517,W,N,B,-,N,NA,NA,NA,NA,NA,NA,NA,NA,NA,Y,4,0,2,2,A,-,09,21804,A,N,D,C,A,A,H,-,A,D,0,NA,NA,NA,NA,Y,NA,A,07,0,0,2,0,0,0,0,0,0,-,-,NA,NA,SAN DIEGO,ESCONDIDO,-117.0854289,33.12648975
8045396,2016,2016-05-23,3700,2016-05-05,0550,SG2439,NA,4,5,5,3713,0,0,0,NA,0,310,SANTA FE  AV,GUAJOME ST,0,NA,Y,B,-,N,NA,NA,NA,NA,NA,NA,NA,NA,NA,Y,4,0,1,2,A,-,09,21453,B,N,D,C,A,A,H,-,B,A,0,NA,NA,NA,NA,Y,NA,A,01,0,0,1,0,0,0,0,0,0,-,-,NA,NA,SAN DIEGO,VISTA,-117.23983013,33.1974601
8045725,2016,2017-02-14,3710,2016-05-03,0724,OC1059,NA,2,5,6,3710,0,0,0,NA,0,024,RT 76,RANCHO DEL ORO DR,0,NA,Y,A,-,Y,SD,11,76,-,R,4.2,H,-,E,N,4,0,2,2,A,-,03,22350,NA,N,C,C,A,A,H,-,A,A,0,NA,NA,NA,NA,Y,NA,J,48,0,0,2,0,0,0,0,0,0,-,-,NA,NA,SAN DIEGO,OCEANSIDE,-117.31839843,33.22776015
8046365,2016,2017-02-18,3703,2016-05-14,1321,1164,NA,6,5,3,3703,0,0,0,NA,0,003,ORANGE AV,C ST,0,NA,Y,A,-,Y,SD,11,75,-,-,18.823,I,5,N,Y,4,0,1,2,A,-,01,23153,A,N,D,C,A,A,H,-,A,A,0,NA,NA,NA,NA,Y,Y,A,01,0,0,1,0,0,0,0,0,0,-,-,NA,NA,SAN DIEGO,CORONADO,-117.17919853,32.68454657
8046662,2016,2016-05-17,3711,2016-05-05,2218,8987,SD,4,5,7,3711,0,0,0,NA,0,511,LOGAN AV,CESAR E CHAVEZ PKWY,0,NA,Y,C,-,N,NA,NA,NA,NA,NA,NA,NA,NA,NA,N,4,0,1,2,A,-,09,21801,A,M,B,C,A,B,H,-,C,A,0,NA,NA,NA,NA,Y,NA,-,99,0,0,1,0,0,0,0,0,0,-,-,NA,NA,SAN DIEGO,SAN DIEGO,-117.14427006,32.70146006
8046697,2016,2016-05-17,3711,2016-05-04,2234,5985,NA,3,5,7,3711,0,0,0,NA,0,523,MARKET ST,5TH AV,75,E,N,A,-,N,NA,NA,NA,NA,NA,NA,NA,NA,NA,N,4,0,1,1,C,-,18,NA,NA,N,H,A,A,A,H,-,C,D,0,NA,Y,NA,NA,Y,NA,-,-,0,0,1,0,0,0,1,0,0,-,-,NA,NA,SAN DIEGO,SAN DIEGO,-117.159907,32.71150276
8048235,2016,2016-05-25,3706,2016-05-06,2127,359,NA,5,5,6,3706,0,0,0,NA,0,NA,MISSION AV,BROADWAY,161,W,N,A,-,N,NA,NA,NA,NA,NA,NA,NA,NA,NA,N,4,0,1,2,A,-,09,21801,A,N,D,C,A,A,H,-,C,D,0,NA,NA,NA,NA,Y,NA,A,01,0,0,1,0,0,0,0,0,0,-,-,33.13046,-117.08545,SAN DIEGO,ESCONDIDO,-117.08583082,33.13020533
8049216,2016,2016-06-01,3711,2016-05-17,2147,8381,3711,2,5,7,3711,0,0,0,NA,0,111,BALBOA AV,CHARGER BL,0,NA,Y,B,-,N,NA,NA,NA,NA,NA,NA,NA,NA,NA,Y,4,0,2,2,A,-,09,21453,C,N,A,C,A,A,H,-,C,A,0,NA,NA,NA,NA,Y,NA,A,01,0,0,2,0,0,0,0,0,0,-,-,NA,NA,SAN DIEGO,SAN DIEGO,-117.16711,32.82059002