CASE_ID,ACCIDENT_YEAR,PROC_DATE,JURIS,COLLISION_DATE,COLLISION_TIME,OFFICER_ID,REPORTING_DISTRICT,DAY_OF_WEEK,CHP_SHIFT,POPULATION,CNTY_CITY_LOC,SPECIAL_COND,BEAT_TYPE,CHP_BEAT_TYPE,CITY_DIVISION_LAPD,CHP_BEAT_CLASS,BEAT_NUMBER,PRIMARY_RD,SECONDARY_RD,DISTANCE,DIRECTION,INTERSECTION,WEATHER_1,WEATHER_2,STATE_HWY_IND,CALTRANS_COUNTY,CALTRANS_DISTRICT,STATE_ROUTE,ROUTE_SUFFIX,POSTMILE_PREFIX,POSTMILE,LOCATION_TYPE,RAMP_INTERSECTION,SIDE_OF_HWY,TOW_AWAY,COLLISION_SEVERITY,NUMBER_KILLED,NUMBER_INJURED,PARTY_COUNT,PRIMARY_COLL_FACTOR,PCF_CODE_OF_VIOL,PCF_VIOL_CATEGORY,PCF_VIOLATION,PCF_VIOL_SUBSECTION,HIT_AND_RUN,TYPE_OF_COLLISION,MVIW,PED_ACTION,ROAD_SURFACE,ROAD_COND_1,ROAD_COND_2,LIGHTING,CONTROL_DEVICE,CHP_ROAD_TYPE,PEDESTRIAN_ACCIDENT,BICYCLE_ACCIDENT,MOTORCYCLE_ACCIDENT,TRUCK_ACCIDENT,NOT_PRIVATE_PROPERTY,ALCOHOL_INVOLVED,STWD_VEHTYPE_AT_FAULT,CHP_VEHTYPE_AT_FAULT,COUNT_SEVERE_INJ,COUNT_VISIBLE_INJ,COUNT_COMPLAINT_PAIN,COUNT_PED_KILLED,COUNT_PED_INJURED,COUNT_BICYCLIST_KILLED,COUNT_BICYCLIST_INJURED,COUNT_MC_KILLED,COUNT_MC_INJURED,PRIMARY_RAMP,SECONDARY_RAMP,LATITUDE,LONGITUDE,COUNTY,CITY,POINT_X,POINT_Y
8049302,2016,2016-06-07,3711,2016-05-22,1218,7321,NA,7,5,7,3711,0,0,0,NA,0,122,DAMON AV,MISSION BAY DR,0,NA,Y,A,-,N,NA,NA,NA,NA,NA,NA,NA,NA,NA,Y,4,0,2,2,A,-,-,NA,NA,N,D,C,A,A,H,-,A,A,0,NA,NA,NA,NA,Y,NA,-,NA,0,0,2,0,0,0,0,0,0,-,-,NA,NA,SAN DIEGO,SAN DIEGO,-117.21939007,32.80755004
8049313,2016,2016-06-02,3711,2016-05-20,0530,7436,NA,5,5,7,3711,0,0,0,NA,0,825,KENSINGTON DR,MADISON AV,0,NA,Y,B,-,N,NA,NA,NA,NA,NA,NA,NA,NA,NA,N,4,0,1,1,C,-,18,NA,NA,N,H,A,A,A,A,-,D,D,0,NA,Y,NA,NA,Y,NA,-,-,0,0,1,0,0,0,1,0,0,-,-,NA,NA,SAN DIEGO,SAN DIEGO,-117.10739005,32.76086008
8049333,2016,2016-06-02,3711,2016-05-20,1837,7425,NA,5,5,7,3711,0,0,0,NA,0,937,CARMEL VALLEY RD,BLACK MOUNTAIN RD,36,W,N,A,-,N,NA,NA,NA,NA,NA,NA,NA,NA,NA,Y,4,0,1,2,A,-,03,22350,NA,N,C,C,A,A,H,-,B,A,0,NA,NA,NA,NA,Y,NA,-,NA,0,0,1,0,0,0,0,0,0,-,-,NA,NA,SAN DIEGO,SAN DIEGO,-117.13211724,32.98507515
8050685,2016,2016-05-26,3705,2016-05-11,1216,EC0337,NA,3,5,5,3705,0,0,0,NA,0,008,W CHASE,ESTES,22,W,N,A,-,N,NA,NA,NA,NA,NA,NA,NA,NA,NA,N,4,0,1,2,A,-,03,22350,NA,N,C,C,A,A,H,-,A,A,0,NA,NA,NA,NA,Y,NA,A,07,0,0,1,0,0,0,0,0,0,-,-,NA,NA,SAN DIEGO,EL CAJON,-116.96668117,32.78040395
8053111,2016,2016-06-10,3705,2016-05-20,1337,EC0295,NA,5,5,5,3705,0,0,0,NA,0,008,E CHASE,AVOCADO,470,E,N,A,-,N,NA,NA,NA,NA,NA,NA,NA,NA,NA,Y,4,0,3,3,A,-,03,22350,NA,N,C,C,A,A,H,-,A,D,0,NA,NA,NA,NA,Y,NA,D,22,0,0,3,0,0,0,0,0,0,-,-,NA,NA,SAN DIEGO,EL CAJON,-116.95629649,32.7804
8053521,2016,2016-06-09,3700,2016-05-26,2028,SH2558,NA,4,5,5,3712,0,0,0,NA,0,357,BOUGHER,E MISSION,0,NA,Y,A,-,N,NA,NA,NA,NA,NA,NA,NA,NA,NA,Y,3,0,1,3,A,-,01,23152,A,N,C,E,A,A,H,-,C,D,0,NA,NA,NA,Y,Y,Y,-,NA,0,1,0,0,0,0,0,0,0,-,-,NA,NA,SAN DIEGO,SAN MARCOS,-117.13631003,33.14021011
8054022,2016,2016-06-06,3710,2016-05-09,1810,OC1399,NA,1,5,6,3710,0,0,0,NA,0,008,S COAST,EUCALYPTUS,156,N,N,A,-,N,NA,NA,NA,NA,NA,NA,NA,NA,NA,N,3,0,2,1,D,-,00,NA,NA,N,E,I,A,A,H,-,A,D,0,NA,NA,Y,NA,Y,NA,-,-,0,1,1,0,0,0,0,0,2,-,-,NA,NA,SAN DIEGO,OCEANSIDE,-117.37086269,33.18550948
8054395,2016,2016-06-20,3710,2016-05-03,1859,OC1185,NA,2,5,6,3710,0,0,0,NA,0,011,OCEANSIDE,STATE TREE,336,E,N,A,-,N,NA,NA,NA,NA,NA,NA,NA,NA,NA,N,3,0,1,2,A,-,05,21202,A,N,D,G,A,A,H,-,A,D,0,NA,Y,NA,NA,Y,NA,L,04,0,1,0,0,0,0,1,0,0,-,-,NA,NA,SAN DIEGO,OCEANSIDE,-117.35795529,33.19272545
8055092,2016,2016-06-02,3710,2016-05-20,2255,OC0874,NA,5,5,6,3710,0,0,0,NA,0,022,NORTH RIVER RD,STALLION DR,920,E,N,B,-,N,NA,NA,NA,NA,NA,NA,NA,NA,NA,Y,3,0,1,1,A,-,03,22350,NA,N,F,I,A,A,H,-,D,D,0,NA,NA,NA,NA,Y,Y,A,01,0,1,0,0,0,0,0,0,0,-,-,NA,NA,SAN DIEGO,OCEANSIDE,-117.28550047,33.25551318
8055096,2016,2016-06-02,3710,2016-05-23,1934,OC1355,NA,1,5,6,3710,0,0,0,NA,0,033,OLD GROVE,AVENIDA SOLEDAD,0,NA,Y,A,-,N,NA,NA,NA,NA,NA,NA,NA,NA,NA,Y,4,0,6,2,A,-,12,21453,A,N,A,C,A,A,H,-,B,A,0,NA,NA,NA,NA,Y,NA,A,01,0,0,6,0,0,0,0,0,0,-,-,NA,NA,SAN DIEGO,OCEANSIDE,-117.30709001,33.23110001
8055257,2016,2016-06-21,3711,2016-05-30,2102,4310,NA,1,5,7,3711,0,0,0,NA,0,124,PEARL ST,GIRARD AV,61,W,N,A,-,N,NA,NA,NA,NA,NA,NA,NA,NA,NA,Y,4,0,2,2,A,-,01,23152,A,M,A,C,A,A,H,-,E,A,0,NA,NA,NA,NA,Y,Y,A,07,0,0,2,0,0,0,0,0,0,-,-,NA,NA,SAN DIEGO,SAN DIEGO,-117.27269082,32.84046548
8055407,2016,2016-08-29,3700,2016-05-23,1627,SH7146,NA,1,5,5,3712,0,0,0,NA,0,357,E BARHAM DR,RT 78,303,W,N,A,-,N,NA,NA,NA,NA,NA,NA,NA,NA,NA,Y,4,0,1,4,A,-,03,22350,NA,N,C,C,A,A,H,-,A,D,0,NA,NA,NA,NA,Y,NA,A,01,0,0,1,0,0,0,0,0,0,-,EO,NA,NA,SAN DIEGO,SAN MARCOS,-117.14644074,33.13834626
8056103,2016,2017-02-18,3703,2016-05-27,0636,1311,NA,5,5,3,3703,0,0,0,NA,0,001,POMONA AV,A AV,0,NA,N,A,-,Y,SD,11,75,-,R,19.93,H,-,S,Y,4,0,1,2,A,-,08,22107,NA,N,B,C,A,A,H,-,A,D,0,NA,NA,Y,NA,Y,NA,A,01,0,0,1,0,0,0,0,0,1,-,-,NA,NA,SAN DIEGO,CORONADO,-117.17107454,32.69396829
8056166,2016,2016-06-08,3706,2016-05-21,1814,485,ESCON,6,5,6,3706,0,0,0,NA,0,046,VALLEY PKWY,EL NORTE PKWY,0,NA,Y,A,-,N,NA,NA,NA,NA,NA,NA,NA,NA,NA,N,4,0,1,3,A,-,03,22350,NA,N,C,C,A,A,H,-,A,A,0,NA,NA,NA,NA,Y,Y,A,07,0,0,1,0,0,0,0,0,0,-,-,NA,NA,SAN DIEGO,ESCONDIDO,-117.03316006,33.14974008
8059297,2016,2016-06-15,3711,2016-06-03,0730,7199,NA,5,5,7,3711,0,0,0,NA,0,437,WATTLE DR,SOUTH WOODMAN ST,15,E,N,B,-,N,NA,NA,NA,NA,NA,NA,NA,NA,NA,Y,4,0,1,2,A,-,08,22107,NA,N,B,C,A,A,H,-,A,D,0,NA,NA,NA,NA,Y,NA,A,01,0,0,1,0,0,0,0,0,0,-,-,NA,NA,SAN DIEGO,SAN DIEGO,-117.04028349,32.67946187
8061828,2016,2016-08-29,3708,2016-05-25,0615,LM1217,NA,3,5,5,3708,0,0,0,NA,0,003,FLETCHER PKWY,BALTIMORE DR,0,NA,Y,C,-,N,NA,NA,NA,NA,NA,NA,NA,NA,NA,Y,3,0,1,2,A,-,10,21950,A,N,A,B,B,B,H,-,A,A,0,Y,NA,NA,NA,Y,NA,A,01,0,1,0,0,1,0,0,0,0,-,-,NA,NA,SAN DIEGO,LA MESA,-117.02743011,32.7740301
8062114,2016,2016-06-30,3710,2016-05-28,0409,OC1416,NA,6,5,6,3710,0,0,0,NA,0,023,MISSION MEADOWS DR,SHETLAND CT,36,W,N,B,-,N,NA,NA,NA,NA,NA,NA,NA,NA,NA,Y,4,0,1,2,A,-,03,22350,NA,M,G,E,A,A,H,-,C,D,0,NA,NA,NA,NA,Y,Y,A,01,0,0,1,0,0,0,0,0,0,-,-,NA,NA,SAN DIEGO,OCEANSIDE,-117.25346388,33.2458492
8062907,2016,2016-09-29,3702,2016-09-02,1024,CV1079,NA,5,5,6,3702,0,0,0,NA,0,021,BROADWAY,PALOMAR ST,300,N,N,A,-,N,NA,NA,NA,NA,NA,NA,NA,NA,NA,N,3,0,1,2,A,-,10,21952,NA,N,G,B,C,A,H,-,A,D,0,Y,NA,NA,NA,Y,NA,A,01,0,1,0,0,1,0,0,0,0,-,-,NA,NA,SAN DIEGO,CHULA VISTA,-117.07906965,32.60419863
8062967,2016,2016-09-30,3700,2016-08-12,2130,SH0013,NA,5,5,4,3780,0,0,0,NA,0,411,COMMUNITY RD,AUBREY ST,43,S,N,A,-,N,NA,NA,NA,NA,NA,NA,NA,NA,NA,Y,4,0,2,2,A,-,03,22350,NA,N,C,C,A,A,H,-,C,A,0,NA,NA,NA,NA,Y,NA,A,01,0,0,2,0,0,0,0,0,0,-,-,NA,NA,SAN DIEGO,POWAY,-117.04057907,32.97098223
8062983,2016,2016-09-30,3700,2016-08-23,1531,SH0742,NA,2,5,4,3780,0,0,0,NA,0,417,DANIELSON ST,FIRST AMERICAN WY,0,NA,Y,A,-,N,NA,NA,NA,NA,NA,NA,NA,NA,NA,Y,4,0,1,2,A,-,09,21802,A,N,D,C,A,A,H,-,A,D,0,NA,NA,NA,NA,Y,NA,A,01,0,0,1,0,0,0,0,0,0,-,-,NA,NA,SAN DIEGO,POWAY,-117.02148003,32.94111004
8063552,2016,2016-08-29,3710,2016-05-26,1953,OC1426,NA,4,5,6,3710,0,0,0,NA,0,007,MISSION AV,TREMONT ST,0,NA,Y,A,-,N,NA,NA,NA,NA,NA,NA,NA,NA,NA,N,4,0,2,3,A,-,10,21950,A,N,B,B,B,A,H,-,C,A,0,Y,NA,NA,NA,Y,NA,A,01,0,0,2,0,2,0,0,0,0,-,-,NA,NA,SAN DIEGO,OCEANSIDE,-117.38030004,33.1954001
8064811,2016,2016-06-16,3710,2016-05-25,0725,OC0646,NA,3,5,6,3710,0,0,0,NA,0,011,OCEANSIDE,STATE TREE,307,W,N,A,-,N,NA,NA,NA,NA,NA,NA,NA,NA,NA,Y,4,0,2,5,A,-,03,22350,NA,N,C,C,A,A,H,-,A,A,0,NA,NA,NA,NA,Y,NA,A,01,0,0,2,0,0,0,0,0,0,-,-,NA,NA,SAN DIEGO,OCEANSIDE,-117.35976584,33.19183858
8064840,2016,2017-02-14,3702,2016-05-19,0919,CV0471,NA,4,5,6,3702,0,0,0,NA,0,024,MAIN ST,RT 805,0,NA,Y,A,-,Y,SD,11,805,-,-,3.522,R,4,N,Y,4,0,1,2,A,-,12,21453,A,N,D,C,A,A,H,-,A,A,0,NA,NA,NA,NA,Y,NA,A,01,0,0,1,0,0,0,0,0,0,-,NF,NA,NA,SAN DIEGO,CHULA VISTA,-117.03616754,32.59283763
8064875,2016,2016-06-16,3702,2016-05-24,1943,CV1172,NA,2,5,6,3702,0,0,0,NA,0,014,BONITA RD,E FLOWER ST,0,NA,Y,A,-,N,NA,NA,NA,NA,NA,NA,NA,NA,NA,Y,4,0,1,2,A,-,08,22100,A,N,D,C,A,A,H,-,C,A,0,NA,NA,NA,NA,Y,NA,A,01,0,0,1,0,0,0,0,0,0,-,-,NA,NA,SAN DIEGO,CHULA VISTA,-117.06678,32.64811008
8064983,2016,2016-06-17,3711,2016-06-08,1806,6621,NA,3,5,7,3711,0,0,0,NA,0,NA,INGRAM ST,HORNBLEND ST,18,S,N,A,-,N,NA,NA,NA,NA,NA,NA,NA,NA,NA,Y,4,0,1,2,A,-,09,21802,A,N,D,C,A,A,H,-,A,A,0,NA,NA,NA,NA,Y,NA,-,NA,0,0,1,0,0,0,0,0,0,-,-,NA,NA,SAN DIEGO,SAN DIEGO,-117.24054784,32.79876399
8064998,2016,2016-06-17,3711,2016-06-07,0903,4663,NA,2,5,7,3711,0,0,0,NA,0,234,POMERADO RD,PASEO MONTE BATALLA,0,NA,Y,B,-,N,NA,NA,NA,NA,NA,NA,NA,NA,NA,N,4,0,1,2,A,-,03,22350,NA,N,-,C,A,A,H,-,A,A,0,NA,NA,NA,NA,Y,NA,-,NA,0,0,1,0,0,0,0,0,0,-,-,NA,NA,SAN DIEGO,SAN DIEGO,-117.06725,33.05297002
8065319,2016,2017-02-15,3710,2016-06-04,0015,OC1417,NA,6,5,6,3710,0,0,0,NA,0,021,RT 76,OLD GROVE,24,W,N,A,-,Y,SD,11,76,-,R,4.899,I,5,W,Y,3,0,1,1,A,-,03,22350,NA,N,F,A,A,A,H,-,C,A,0,NA,NA,Y,NA,Y,NA,C,02,0,1,0,0,0,0,0,0,1,-,-,NA,NA,SAN DIEGO,OCEANSIDE,-117.30810977,33.23299365
8065561,2016,2016-06-21,3706,2016-06-09,1621,318,ESPD,4,5,6,3706,0,0,0,NA,0,055,AUTOPARK WY,9TH AV,311,N,N,A,-,N,NA,NA,NA,NA,NA,NA,NA,NA,NA,Y,4,0,2,2,A,-,03,22350,NA,N,C,C,A,A,H,-,A,D,0,NA,NA,NA,NA,Y,NA,D,22,0,0,2,0,0,0,0,0,0,-,-,NA,NA,SAN DIEGO,ESCONDIDO,-117.09850667,33.10949966
8067058,2016,2016-06-27,3711,2016-06-04,2113,7081,NA,6,5,7,3711,0,0,0,NA,0,723,25TH STREET,25TH ST 1400,48,W,N,A,-,N,NA,NA,NA,NA,NA,NA,NA,NA,NA,Y,4,0,1,1,A,-,07,21658,A,N,E,I,A,A,H,-,D,A,0,NA,NA,NA,NA,Y,NA,-,-,0,0,1,0,0,0,0,0,0,-,-,NA,NA,SAN DIEGO,SAN DIEGO,-117.14029849,32.71934838
8067101,2016,2016-06-27,3711,2016-06-03,1800,6915,NA,5,5,7,3711,0,0,0,NA,0,713,SIEMPRE VIVA RD,SIEMPRE VIVA RD 2300,0,NA,Y,A,-,N,NA,NA,NA,NA,NA,NA,NA,NA,NA,Y,3,0,1,2,A,-,05,21651,B,N,D,C,A,A,H,-,A,B,0,NA,NA,NA,NA,Y,NA,A,01,0,1,0,0,0,0,0,0,0,-,-,NA,NA,SAN DIEGO,SAN DIEGO,-116.95588231,32.55328234
8068076,2016,2016-06-22,3711,2016-06-10,1654,6887,NA,5,5,7,3711,0,0,0,NA,0,321,FRIARS RD,SANTO RD,15,W,N,A,-,N,NA,NA,NA,NA,NA,NA,NA,NA,NA,N,4,0,2,2,A,-,04,21703,NA,N,C,-,A,A,H,-,A,A,0,NA,NA,NA,NA,Y,NA,A,01,0,0,2,0,0,0,0,0,0,-,-,NA,NA,SAN DIEGO,SAN DIEGO,-117.10516745,32.79035096
8068402,2016,2016-07-08,3705,2016-05-19,1409,EC0295,NA,4,5,5,3705,0,0,0,NA,0,008,LEMON,DELAND,0,NA,Y,A,-,N,NA,NA,NA,NA,NA,NA,NA,NA,NA,Y,3,0,3,2,A,-,08,22107,NA,N,B,C,A,A,H,-,A,D,0,NA,NA,NA,NA,Y,NA,A,01,0,1,2,0,0,0,0,0,0,-,-,NA,NA,SAN DIEGO,EL CAJON,-116.97256002,32.77765003
8068948,2016,2016-06-29,3711,2016-06-04,2233,6146,NA,6,5,7,3711,0,0,0,NA,0,441,SOUTH 43RD ST,LOGAN AV,4,S,N,A,-,N,NA,NA,NA,NA,NA,NA,NA,NA,NA,Y,2,0,1,2,A,-,09,21453,B,F,G,B,B,A,H,-,C,A,0,Y,NA,NA,NA,Y,NA,N,60,1,0,0,0,1,0,0,0,0,-,-,NA,NA,SAN DIEGO,SAN DIEGO,-117.10257529,32.69643979
8069079,2016,2016-06-29,3711,2016-06-16,0905,4421,NA,4,5,7,3711,0,0,0,NA,0,935,VIA DE LA VALLE,VIA DE LA VALLE 3790,0,NA,-,A,-,N,NA,NA,NA,NA,NA,NA,NA,NA,NA,N,3,0,1,2,B,-,22,NA,NA,N,D,C,A,A,H,-,A,A,0,NA,NA,NA,NA,Y,NA,-,NA,0,1,0,0,0,0,0,0,0,-,-,NA,NA,SAN DIEGO,SAN DIEGO,-117.22937465,32.98287186
8070110,2016,2016-06-28,3705,2016-06-16,1128,EC0295,NA,4,5,5,3705,0,0,0,NA,0,007,EAST MAIN ST,OAKDALE,0,NA,Y,A,-,N,NA,NA,NA,NA,NA,NA,NA,NA,NA,Y,3,0,3,2,A,-,12,21453,A,N,D,C,A,A,H,-,A,A,0,NA,NA,NA,NA,Y,NA,D,22,0,1,2,0,0,0,0,0,0,-,-,NA,NA,SAN DIEGO,EL CAJON,-116.9285601,32.80206008
8070808,2016,2016-06-30,3702,2016-05-20,1225,CV1012,NA,5,5,6,3702,0,0,0,NA,0,041,OLYMPIC PKWY,SANTA VENETIA ST,762,W,N,A,-,N,NA,NA,NA,NA,NA,NA,NA,NA,NA,Y,4,0,2,2,A,-,03,22350,NA,N,C,C,A,A,H,-,A,A,0,NA,NA,NA,NA,Y,NA,A,01,0,0,2,0,0,0,0,0,0,-,-,NA,NA,SAN DIEGO,CHULA VISTA,-116.99187417,32.62185769
8071875,2016,2016-07-29,3701,2016-07-20,0940,5392,110,3,5,5,3701,0,0,0,NA,0,008,RANCHO SANTA FE RD,CAMINO JUNIPERO,804,N,N,A,-,N,NA,NA,NA,NA,NA,NA,NA,NA,NA,N,4,0,1,2,A,-,07,21658,A,F,B,C,A,A,H,-,A,D,0,NA,NA,NA,NA,Y,NA,-,NA,0,0,1,0,0,0,0,0,0,-,-,33.08975,-117.22531,SAN DIEGO,CARLSBAD,-117.22524189,33.08965153
8071884,2016,2016-07-29,3701,2016-07-15,1901,5454,109,5,5,5,3701,0,0,0,NA,0,008,RANCHO SANTA FE RD,AVENIDA SOLEDAD,0,NA,Y,A,-,N,NA,NA,NA,NA,NA,NA,NA,NA,NA,Y,4,0,2,2,A,-,09,21453,C,N,D,C,A,A,H,-,A,A,0,NA,NA,NA,NA,Y,NA,A,07,0,0,2,0,0,0,0,0,0,-,-,33.09596,-117.22375,SAN DIEGO,CARLSBAD,-117.22343013,33.09618005
8074290,2016,2016-08-10,3706,2016-07-22,1331,374,ESCON,5,5,6,3706,0,0,0,NA,0,041,BROADWAY,EL NORTE PKWY,1000,S,N,A,-,N,NA,NA,NA,NA,NA,NA,NA,NA,NA,Y,3,0,3,3,A,-,09,21804,A,N,D,C,A,A,D,E,A,D,0,NA,NA,NA,NA,Y,NA,A,01,0,3,0,0,0,0,0,0,0,-,-,33.1399,-117.0895,SAN DIEGO,ESCONDIDO,-117.088368,33.13720184
8074294,2016,2017-01-23,3706,2016-07-28,0254,496,ESCON,4,5,6,3706,0,0,0,NA,0,045,VALLEY PKWY,RT 15,0,NA,Y,A,-,Y,SD,11,15,-,R,30.787,R,4,N,Y,4,0,2,2,A,-,12,21453,A,N,D,C,A,A,H,-,C,A,0,NA,NA,NA,NA,Y,NA,A,01,0,0,2,0,0,0,0,0,0,-,-,33.11545,-117.09895,SAN DIEGO,ESCONDIDO,-117.10012032,33.117571
8074909,2016,2016-07-07,3711,2016-06-24,1640,6986,NA,5,5,7,3711,0,0,0,NA,0,242,MIRA MESA,WESTVIEW PKWY,185,E,N,A,-,N,NA,NA,NA,NA,NA,NA,NA,NA,NA,N,4,0,1,2,A,-,04,21703,NA,N,C,C,A,A,H,-,A,A,0,NA,NA,NA,NA,Y,NA,A,01,0,0,1,0,0,0,0,0,0,-,-,NA,NA,SAN DIEGO,SAN DIEGO,-117.1199193,32.91732985
8075737,2016,2016-07-12,3711,2016-06-24,1241,7331,NA,5,5,7,3711,0,0,0,NA,0,512,IMPERIAL AV,21ST ST,0,NA,Y,B,-,N,NA,NA,NA,NA,NA,NA,NA,NA,NA,Y,4,0,1,2,A,-,12,22450,A,N,D,C,A,A,H,-,A,A,0,NA,NA,NA,NA,Y,NA,-,NA,0,0,1,0,0,0,0,0,0,-,-,NA,NA,SAN DIEGO,SAN DIEGO,-117.14486005,32.70628009
8076393,2016,2016-07-07,3710,2016-05-14,2323,OC1382,NA,6,5,6,3710,0,0,0,NA,0,015,EL CAMINIO REAL,INDUSTRY,494,S,N,A,-,N,NA,NA,NA,NA,NA,NA,NA,NA,NA,Y,4,0,1,2,A,-,00,23154,A,M,C,C,A,A,H,-,C,D,0,NA,NA,NA,NA,Y,Y,A,01,0,0,1,0,0,0,0,0,0,-,-,NA,NA,SAN DIEGO,OCEANSIDE,-117.33053102,33.19921096
8076600,2016,2016-07-07,3706,2016-06-28,1824,495,EPD,2,5,6,3706,0,0,0,NA,0,052,CENTER CITY PKWY,TOWNE CENTRE DR,0,NA,Y,A,-,N,NA,NA,NA,NA,NA,NA,NA,NA,NA,Y,3,0,4,2,A,-,04,21703,NA,N,C,C,A,A,H,-,A,A,0,NA,NA,NA,NA,Y,NA,A,01,0,1,3,0,0,0,0,0,0,-,-,NA,NA,SAN DIEGO,ESCONDIDO,-117.07388073,33.10079559
8077071,2016,2016-07-14,3700,2016-02-12,1148,SH3098,NA,5,5,5,3781,0,0,0,NA,0,519,CUYAMACA ST,MISSION GORGE RD,519,S,N,A,-,N,NA,NA,NA,NA,NA,NA,NA,NA,NA,Y,4,0,1,2,C,-,18,NA,NA,N,C,C,A,A,H,-,A,D,0,NA,NA,NA,NA,Y,NA,-,-,0,0,1,0,0,0,0,0,0,-,-,NA,NA,SAN DIEGO,SANTEE,-116.98388,32.83733859
8077102,2016,2017-01-23,3706,2016-07-02,1227,1603,ESCON,6,5,6,3706,0,0,0,NA,0,042,BROADWAY,PARK AV,188,S,N,A,-,Y,SD,11,78,-,T,17.99,H,-,W,Y,3,0,3,2,A,-,09,21804,A,N,D,C,A,A,H,-,A,D,0,NA,NA,NA,NA,Y,NA,A,08,0,1,2,0,0,0,0,0,0,-,-,33.12878,-117.98452,SAN DIEGO,ESCONDIDO,-117.08433938,33.12806185
8080894,2016,2016-08-02,3711,2016-07-21,1620,6461,SD,4,5,7,3711,0,0,0,NA,0,126,GENESEE AV,SCIENCE CENTER DR,15,E,N,A,-,N,NA,NA,NA,NA,NA,NA,NA,NA,NA,N,4,0,2,2,A,-,12,21453,A,N,D,C,A,A,H,-,A,A,0,NA,NA,NA,NA,Y,NA,-,NA,0,0,2,0,0,0,0,0,0,-,-,NA,NA,SAN DIEGO,SAN DIEGO,-117.23350111,32.88924525
8081060,2016,2016-09-27,3711,2016-07-15,1810,7073,NA,5,5,7,3711,0,0,0,NA,0,6Z1,OSLER ST,WHEATSTONE ST,1000,W,N,A,-,N,NA,NA,NA,NA,NA,NA,NA,NA,NA,Y,4,0,1,2,A,-,05,21650,NA,N,A,C,A,A,H,-,A,D,0,NA,NA,NA,NA,Y,NA,-,NA,0,0,1,0,0,0,0,0,0,-,-,NA,NA,SAN DIEGO,SAN DIEGO,-117.18126564,32.79179556
8082217,2016,2016-07-15,3710,2016-06-23,1719,OC1201,NA,4,5,6,3710,0,0,0,NA,0,025,OCEANSIDE BL,CORPORATE CENTER,0,NA,Y,A,-,N,NA,NA,NA,NA,NA,NA,NA,NA,NA,Y,3,0,2,2,A,-,12,21453,A,N,A,C,A,A,H,-,A,A,0,NA,NA,NA,NA,Y,NA,A,07,0,2,0,0,0,0,0,0,0,-,-,NA,NA,SAN DIEGO,OCEANSIDE,-117.30556008,33.20378002
8083073,2016,2016-07-14,3711,2016-06-30,0857,7447,SAN D,4,5,7,3711,0,0,0,NA,0,313,BALBOA AV,VIEWRIDGE AV,0,NA,Y,A,-,N,NA,NA,NA,NA,NA,NA,NA,NA,NA,Y,3,0,2,2,A,-,12,21453,A,N,D,C,A,A,H,-,A,A,0,NA,NA,NA,NA,Y,NA,A,01,0,1,1,0,0,0,0,0,0,-,-,NA,NA,SAN DIEGO,SAN DIEGO,-117.12496011,32.82243004
8083093,2016,2016-07-14,3711,2016-06-26,1701,7124,NA,7,5,7,3711,0,0,0,NA,0,444,K ST,44TH ST,300,NA,Y,A,-,N,NA,NA,NA,NA,NA,NA,NA,NA,NA,N,4,0,1,2,A,-,05,21650,1,N,G,G,A,A,H,-,A,D,0,NA,Y,NA,NA,Y,NA,L,04,0,0,1,0,0,0,1,0,0,-,-,NA,NA,SAN DIEGO,SAN DIEGO,-117.09969007,32.70781003
8083466,2016,2016-07-19,3700,2016-07-05,1230,SH0327,NA,2,5,5,3712,0,0,0,NA,0,358,RANCHO SANTA FE RD,SAN MARCOS BL,218,W,N,A,-,N,NA,NA,NA,NA,NA,NA,NA,NA,NA,N,3,0,1,2,A,-,10,21952,NA,N,G,B,F,A,H,-,A,D,0,Y,NA,NA,NA,Y,NA,A,01,0,1,0,0,1,0,0,0,0,-,-,NA,NA,SAN DIEGO,SAN MARCOS,-117.20892377,33.13091322
8086413,2016,2016-07-18,3710,2016-06-28,1405,OC1311,NA,2,5,6,3710,0,0,0,NA,0,007,GRANT ST,DIVISION ST,0,NA,Y,A,-,N,NA,NA,NA,NA,NA,NA,NA,NA,NA,N,3,0,1,2,A,-,01,23152,E,M,D,E,A,A,H,-,A,A,0,NA,NA,NA,NA,Y,Y,A,01,0,1,0,0,0,0,0,0,0,-,-,NA,NA,SAN DIEGO,OCEANSIDE,-117.37006008,33.19617005
8086701,2016,2017-01-24,3703,2016-07-09,1115,1289,NA,6,5,3,3703,0,0,0,NA,0,001,ORANGE AV,5TH ST,0,NA,Y,A,-,Y,SD,11,75,-,-,19.486,I,5,S,Y,3,0,3,2,A,-,09,21803,A,N,D,C,A,A,H,-,A,A,0,NA,NA,NA,NA,Y,NA,A,01,0,1,2,0,0,0,0,0,0,-,-,NA,NA,SAN DIEGO,CORONADO,-117.17578783,32.69308607
8087359,2016,2016-07-20,3711,2016-07-05,1230,6418,NA,2,5,7,3711,0,0,0,NA,0,111,DERRICK DR,GENESEE AV,140,E,N,A,-,N,NA,NA,NA,NA,NA,NA,NA,NA,NA,Y,3,0,1,2,A,-,09,21801,A,N,D,C,A,A,H,-,A,D,0,NA,NA,Y,NA,Y,NA,A,01,0,1,0,0,0,0,0,0,1,-,-,NA,NA,SAN DIEGO,SAN DIEGO,-117.18372252,32.82311512
8087371,2016,2016-07-20,3711,2016-07-09,1219,6833,SANDI,6,5,7,3711,0,0,0,NA,0,324,BISBY LAKE AV,LAKE GABY AV,5,N,N,A,-,N,NA,NA,NA,NA,NA,NA,NA,NA,NA,Y,3,0,2,2,A,-,09,21801,A,N,D,C,A,A,H,-,A,D,0,NA,NA,Y,NA,Y,NA,C,06,0,2,0,0,0,0,0,0,2,-,-,NA,NA,SAN DIEGO,SAN DIEGO,-117.01373896,32.80200367
8089124,2016,2016-09-15,3706,2016-08-09,1529,318,ESCON,2,5,6,3706,0,0,0,NA,0,052,DATE ST,2ND AV,0,NA,Y,A,-,N,NA,NA,NA,NA,NA,NA,NA,NA,NA,Y,4,0,1,2,A,-,09,21802,A,N,D,C,A,A,H,-,A,D,0,NA,NA,NA,NA,Y,NA,A,01,0,0,1,0,0,0,0,0,0,-,-,NA,NA,SAN DIEGO,ESCONDIDO,-117.06949004,33.12484003
8092898,2016,2017-01-23,3703,2016-07-17,1805,1120,NA,7,5,3,3703,0,0,0,NA,0,001,ORANGE AV,5TH ST,80,S,N,A,-,Y,SD,11,75,-,-,19.47,H,-,N,N,4,0,2,2,A,-,03,22350,NA,N,C,C,A,A,H,-,A,D,0,NA,NA,NA,NA,Y,NA,A,07,0,0,2,0,0,0,0,0,0,-,-,NA,NA,SAN DIEGO,CORONADO,-117.17573161,32.69279653