CASE_ID,ACCIDENT_YEAR,PROC_DATE,JURIS,COLLISION_DATE,COLLISION_TIME,OFFICER_ID,REPORTING_DISTRICT,DAY_OF_WEEK,CHP_SHIFT,POPULATION,CNTY_CITY_LOC,SPECIAL_COND,BEAT_TYPE,CHP_BEAT_TYPE,CITY_DIVISION_LAPD,CHP_BEAT_CLASS,BEAT_NUMBER,PRIMARY_RD,SECONDARY_RD,DISTANCE,DIRECTION,INTERSECTION,WEATHER_1,WEATHER_2,STATE_HWY_IND,CALTRANS_COUNTY,CALTRANS_DISTRICT,STATE_ROUTE,ROUTE_SUFFIX,POSTMILE_PREFIX,POSTMILE,LOCATION_TYPE,RAMP_INTERSECTION,SIDE_OF_HWY,TOW_AWAY,COLLISION_SEVERITY,NUMBER_KILLED,NUMBER_INJURED,PARTY_COUNT,PRIMARY_COLL_FACTOR,PCF_CODE_OF_VIOL,PCF_VIOL_CATEGORY,PCF_VIOLATION,PCF_VIOL_SUBSECTION,HIT_AND_RUN,TYPE_OF_COLLISION,MVIW,PED_ACTION,ROAD_SURFACE,ROAD_COND_1,ROAD_COND_2,LIGHTING,CONTROL_DEVICE,CHP_ROAD_TYPE,PEDESTRIAN_ACCIDENT,BICYCLE_ACCIDENT,MOTORCYCLE_ACCIDENT,TRUCK_ACCIDENT,NOT_PRIVATE_PROPERTY,ALCOHOL_INVOLVED,STWD_VEHTYPE_AT_FAULT,CHP_VEHTYPE_AT_FAULT,COUNT_SEVERE_INJ,COUNT_VISIBLE_INJ,COUNT_COMPLAINT_PAIN,COUNT_PED_KILLED,COUNT_PED_INJURED,COUNT_BICYCLIST_KILLED,COUNT_BICYCLIST_INJURED,COUNT_MC_KILLED,COUNT_MC_INJURED,PRIMARY_RAMP,SECONDARY_RAMP,LATITUDE,LONGITUDE,COUNTY,CITY,POINT_X,POINT_Y
81493522,2021,2021-06-10,3706,2021-06-04,1600,548,ESCON,5,5,6,3706,0,0,0,NA,0,044,EL NORTE PY,MIDWAY DR,0,NA,Y,A,-,N,NA,NA,NA,NA,NA,NA,NA,NA,NA,Y,3,0,2,3,A,-,03,22350,NA,N,C,C,A,A,H,-,A,A,0,NA,NA,NA,NA,Y,NA,A,01,0,1,1,0,0,0,0,0,0,-,-,33.15102005004883,-117.06185913085938,SAN DIEGO,ESCONDIDO,-117.06195831298828,33.15110397338867
81493612,2021,2021-06-10,3701,2021-05-27,1527,CB5492,067,4,5,5,3701,0,0,0,NA,0,002,CANNON RD,I-5 CANNON SB OFF RAMP,0,NA,Y,A,-,N,NA,NA,5,NA,NA,NA,NA,NA,NA,Y,4,0,1,2,A,-,12,21453,A,N,D,C,A,A,H,-,A,A,0,NA,NA,Y,NA,Y,NA,A,01,0,0,1,0,0,0,0,0,1,-,-,33.13418960571289,-117.33023834228516,SAN DIEGO,CARLSBAD,-117.32955169677734,33.13453674316406
81494593,2021,2021-06-11,3706,2021-05-30,0943,512,ESCON,7,5,6,3706,0,0,0,NA,0,043,EL NORTE PY,ROSEMARY CT,0,NA,Y,A,-,N,NA,NA,NA,NA,NA,NA,NA,NA,NA,N,3,0,1,1,C,-,18,NA,NA,N,F,A,A,A,H,-,A,D,0,NA,Y,NA,NA,Y,NA,-,-,0,1,0,0,0,0,1,0,0,-,-,33.15645980834961,-117.1276626586914,SAN DIEGO,ESCONDIDO,-117.12758636474608,33.15632247924805
81498033,2020,2021-06-16,3701,2020-01-22,1500,CB5521,001,3,5,5,3701,0,0,0,NA,0,001,JEFFERSON ST,LAS FLORES DR,50,S,N,A,-,N,NA,NA,NA,NA,NA,NA,NA,NA,NA,N,4,0,1,2,-,-,-,NA,NA,N,B,C,A,A,H,-,A,D,0,NA,NA,Y,NA,Y,NA,-,-,0,0,1,0,0,0,0,0,1,-,-,NA,NA,SAN DIEGO,CARLSBAD,-117.34838104248048,33.17050552368164
81503404,2021,2021-06-23,3706,2021-06-14,1325,322,ESCON,1,5,6,3706,0,0,0,NA,0,052,13TH AV,ESCONDIDO BL,261,E,N,A,-,N,NA,NA,NA,NA,NA,NA,NA,NA,NA,N,3,0,1,2,A,-,11,21954,A,N,G,B,E,A,H,-,A,D,0,Y,NA,NA,NA,Y,NA,N,60,0,1,0,0,1,0,0,0,0,-,-,33.10927963256836,-117.07698822021484,SAN DIEGO,ESCONDIDO,-117.07583618164063,33.10990905761719
81504880,2021,2021-06-24,3701,2021-06-15,1652,CB5522,15,2,5,5,3701,0,0,0,NA,0,NA,EL CAMINO REAL,HOSP WY,68,S,N,A,-,N,NA,NA,NA,NA,NA,NA,NA,NA,NA,N,3,0,1,2,A,-,08,22107,NA,N,B,G,A,A,H,-,A,D,0,NA,Y,NA,NA,Y,NA,A,01,0,1,0,0,0,0,1,0,0,-,-,33.17509841918945,-117.32537078857422,SAN DIEGO,CARLSBAD,-117.32522583007813,33.17497634887695
8151508,2016,2016-10-26,3702,2016-09-14,1513,CV1053,NA,3,5,6,3702,0,0,0,NA,0,024,MAIN ST,BROADWAY,84,W,N,A,-,N,NA,NA,NA,NA,NA,NA,NA,NA,NA,Y,4,0,3,3,A,-,03,22350,NA,N,C,C,A,A,H,-,A,A,0,NA,NA,NA,NA,Y,NA,A,01,0,0,3,0,0,0,0,0,0,-,-,NA,NA,SAN DIEGO,CHULA VISTA,-117.0754418,32.59478037
8151610,2016,2016-12-09,3702,2016-09-25,1320,CV1170,NA,7,5,6,3702,0,0,0,NA,0,032,BONITA RD,ALLEN SCHOOL RD,252,W,N,A,-,N,NA,NA,NA,NA,NA,NA,NA,NA,NA,N,4,0,1,2,A,-,09,21804,A,N,D,C,A,A,H,-,A,D,0,NA,NA,Y,NA,Y,NA,A,01,0,0,1,0,0,0,0,0,1,-,-,NA,NA,SAN DIEGO,CHULA VISTA,-117.03724219,32.66010873
8151856,2016,2017-03-27,3711,2016-10-13,1553,7100,NA,4,5,7,3711,0,0,0,NA,0,516,32ND ST,RT 94,50,N,N,A,-,Y,SD,11,94,-,-,2.788,R,4,W,Y,3,0,2,2,A,-,08,22100,B,N,D,C,A,A,H,-,A,A,0,NA,NA,NA,NA,Y,NA,-,NA,0,2,0,0,0,0,0,0,0,-,NF,NA,NA,SAN DIEGO,SAN DIEGO,-117.12444341,32.71532956
8151930,2016,2016-10-28,3711,2016-10-17,1742,7354,NA,1,5,7,3711,0,0,0,NA,0,712,DAIRY MART RD,WEST SAN YSIDRO BL,90,S,N,B,-,N,NA,NA,NA,NA,NA,NA,NA,NA,NA,N,4,0,1,2,A,-,03,22350,NA,N,C,C,A,A,H,-,A,D,0,NA,NA,NA,NA,Y,NA,-,NA,0,0,1,0,0,0,0,0,0,-,-,NA,NA,SAN DIEGO,SAN DIEGO,-117.06239904,32.55938366
8151932,2016,2016-10-28,3702,2016-08-30,0753,CV0968,NA,2,5,6,3702,0,0,0,NA,0,014,EAST H ST,HILLTOP,1832,E,N,A,-,N,NA,NA,NA,NA,NA,NA,NA,NA,NA,Y,4,0,1,3,A,-,03,22350,NA,N,C,C,A,A,H,-,A,A,0,NA,NA,NA,NA,Y,NA,A,01,0,0,1,0,0,0,0,0,0,-,-,NA,NA,SAN DIEGO,CHULA VISTA,-117.06499,32.63783
8152795,2016,2016-10-28,3710,2016-10-20,0757,1432,NA,4,5,6,3710,0,0,0,NA,0,013,FIRE MOUNTAIN RD,BAILEY DR,257,W,N,A,-,N,NA,NA,NA,NA,NA,NA,NA,NA,NA,Y,3,0,1,1,A,-,03,22350,NA,N,E,I,A,A,H,-,A,D,0,NA,NA,NA,NA,Y,Y,A,01,0,1,0,0,0,0,0,0,0,-,-,NA,NA,SAN DIEGO,OCEANSIDE,-117.33700676,33.19160313
8153588,2016,2016-10-24,3706,2016-10-12,0542,364,3706,3,5,6,3706,0,0,0,NA,0,043,CENTRE CITY PKWY,NUTMEG DR,165,S,N,C,-,N,NA,NA,NA,NA,NA,NA,NA,NA,NA,Y,3,0,2,1,A,-,08,22107,NA,N,E,I,A,B,H,-,D,D,0,NA,NA,NA,NA,Y,NA,A,01,0,1,1,0,0,0,0,0,0,-,-,NA,NA,SAN DIEGO,ESCONDIDO,-117.10535729,33.16646895
8153666,2016,2016-10-26,3700,2016-09-29,1505,SH2439,NA,4,5,5,3713,0,0,0,NA,0,306,LEMON AV,RAINTREE PL,35,N,N,A,-,N,NA,NA,NA,NA,NA,NA,NA,NA,NA,N,3,0,1,2,A,-,09,21804,A,N,D,G,A,A,H,-,A,D,0,NA,Y,NA,NA,Y,NA,L,04,0,1,0,0,0,0,1,0,0,-,-,NA,NA,SAN DIEGO,VISTA,-117.23978208,33.21038002
81548536,2021,2021-08-19,3706,2021-08-07,1854,528,ESCON,6,5,6,3706,0,0,0,NA,0,055,VALLEY PY,QUINCE ST,0,NA,Y,A,-,N,NA,NA,NA,NA,NA,NA,NA,NA,NA,Y,3,0,2,2,A,-,12,21453,A,N,A,C,A,A,H,-,A,A,0,NA,NA,NA,NA,Y,NA,-,-,0,1,1,0,0,0,0,0,0,-,-,33.11927032470703,-117.08885192871094,SAN DIEGO,ESCONDIDO,-117.08882904052734,33.119224548339844
81548542,2021,2021-08-19,3706,2021-08-10,0802,550,ESCON,2,5,6,3706,0,0,0,NA,0,042,BROADWAY,WASHINGTON AV,18,S,N,A,-,N,NA,NA,78,NA,NA,NA,NA,NA,NA,N,4,0,1,2,A,-,08,22100,A,N,B,C,A,A,H,-,A,A,0,NA,NA,NA,NA,Y,NA,A,01,0,0,1,0,0,0,0,0,0,-,-,33.126991271972656,-117.08374786376952,SAN DIEGO,ESCONDIDO,-117.08375549316406,33.12699890136719
8155323,2016,2017-01-19,3710,2016-10-18,1204,OC0828,NA,2,5,6,3710,0,0,0,NA,0,007,SOUTH COAST HWY,SEAGAZE,0,NA,Y,A,-,N,NA,NA,NA,NA,NA,NA,NA,NA,NA,N,3,0,1,2,A,-,12,21453,A,N,D,G,A,A,H,-,A,A,0,NA,Y,NA,NA,Y,NA,L,04,0,1,0,0,0,0,1,0,0,-,-,NA,NA,SAN DIEGO,OCEANSIDE,-117.37884005,33.1950501
81569433,2021,2021-09-14,3701,2021-08-27,2321,CB5547,031,5,5,5,3701,0,0,0,NA,0,003,SKYLINE RD,WESTHAVEN DR,356,E,N,A,-,N,NA,NA,NA,NA,NA,NA,NA,NA,NA,Y,3,0,3,1,A,-,08,22107,NA,N,E,I,A,A,H,-,C,D,0,NA,NA,NA,NA,Y,NA,A,01,0,3,0,0,0,0,0,0,0,-,-,33.16080093383789,-117.32357025146484,SAN DIEGO,CARLSBAD,-117.32247924804688,33.1609001159668
8156998,2016,2016-11-02,3711,2016-10-21,1645,6646,SAN D,5,5,7,3711,0,0,0,NA,0,823,UNIVERSITY AV,58TH ST,900,E,N,A,-,N,NA,NA,NA,NA,NA,NA,NA,NA,NA,N,3,0,1,2,A,-,10,21950,A,N,G,B,D,A,H,-,A,D,0,Y,NA,NA,NA,Y,NA,-,NA,0,1,0,0,1,0,0,0,0,-,-,NA,NA,SAN DIEGO,SAN DIEGO,-117.0705173,32.75059037
81572842,2021,2021-09-17,3701,2021-09-10,0629,CB5492,128,5,5,5,3701,0,0,0,NA,0,007,CARLSBAD BL,LA COSTA AV,794,N,N,A,-,N,NA,NA,NA,NA,NA,NA,NA,NA,NA,Y,3,0,1,1,A,-,03,22350,NA,N,E,I,A,A,H,-,A,D,0,NA,NA,NA,NA,Y,NA,A,01,0,1,0,0,0,0,0,0,0,-,-,33.0825309753418,-117.30876159667967,SAN DIEGO,CARLSBAD,-117.31057739257813,33.08409881591797
8157798,2016,2016-12-22,3711,2016-10-25,0741,7299,SD,2,5,7,3711,0,0,0,NA,0,621,KRAMER ST,COOLIDGE ST,0,NA,Y,A,-,N,NA,NA,NA,NA,NA,NA,NA,NA,NA,N,4,0,1,2,A,-,10,21950,A,N,G,B,B,A,H,-,A,A,0,Y,NA,NA,NA,Y,NA,-,NA,0,0,1,0,1,0,0,0,0,-,-,NA,NA,SAN DIEGO,SAN DIEGO,-117.17025006,32.77696008
81581002,2021,2021-09-28,3706,2021-09-12,1330,1862,ESCON,7,5,6,3706,0,0,0,NA,0,055,FELICITA AV,MONTVIEW DR,89,E,N,A,-,N,NA,NA,NA,NA,NA,NA,NA,NA,NA,Y,4,0,6,2,A,-,05,21460,A,N,A,C,A,A,H,-,A,D,0,NA,NA,NA,NA,Y,NA,A,01,0,0,6,0,0,0,0,0,0,-,-,33.09988021850586,-117.0824737548828,SAN DIEGO,ESCONDIDO,-117.08228302001952,33.09998321533203
81585401,2021,2021-10-01,3706,2021-09-16,2009,508,ESCON,4,5,6,3706,0,0,0,NA,0,045,MISSION AV,DAN WY,44,E,N,A,-,N,NA,NA,NA,NA,NA,NA,NA,NA,NA,N,2,0,1,1,C,-,18,NA,NA,N,F,A,A,A,H,-,C,D,0,NA,Y,NA,NA,Y,NA,-,-,1,0,0,0,0,0,1,0,0,-,-,33.12678146362305,-117.09676361083984,SAN DIEGO,ESCONDIDO,-117.09629821777344,33.126930236816406
81588893,2021,2021-10-06,3706,2021-09-25,2254,538,ESCON,6,5,6,3706,0,0,0,NA,0,043,EL NORTE PY,I-15 NB,0,NA,Y,A,-,N,NA,NA,NA,NA,NA,NA,NA,NA,NA,N,4,0,1,2,A,-,12,21453,A,N,A,C,A,A,H,-,C,A,0,NA,NA,NA,Y,Y,NA,F,26,0,0,1,0,0,0,0,0,0,-,-,33.14664840698242,-117.10439300537108,SAN DIEGO,ESCONDIDO,-117.10432434082033,33.14662170410156
8160468,2016,2016-11-08,3700,2016-10-17,1354,SH0029,NA,1,5,5,3713,0,0,0,NA,0,319,MELROSE DR,COUNTRYSIDE DR,0,NA,Y,B,-,N,NA,NA,NA,NA,NA,NA,NA,NA,NA,Y,3,0,2,2,A,-,09,21802,A,N,D,C,A,A,H,-,A,D,0,NA,NA,NA,NA,Y,NA,A,01,0,1,1,0,0,0,0,0,0,-,-,NA,NA,SAN DIEGO,VISTA,-117.24186013,33.15994002
8160823,2016,2016-12-15,3711,2016-10-26,1721,7417,NA,3,5,7,3711,0,0,0,NA,0,442,S 38TH ST,Z ST,30,S,N,A,-,N,NA,NA,NA,NA,NA,NA,NA,NA,NA,N,4,0,1,2,A,-,04,21703,NA,M,C,C,A,A,H,-,-,D,0,NA,NA,NA,NA,Y,NA,-,-,0,0,1,0,0,0,0,0,0,-,-,NA,NA,SAN DIEGO,SAN DIEGO,-117.11241853,32.69281783
81629947,2021,2021-11-19,3706,2021-11-09,1814,552,ESCON,2,5,6,3706,0,0,0,NA,0,044,WASHINGTON AV,ROSE ST,0,NA,Y,A,-,N,NA,NA,NA,NA,NA,NA,NA,NA,NA,Y,4,0,3,2,A,-,09,21801,A,N,D,C,A,A,H,-,C,A,0,NA,NA,NA,NA,Y,NA,A,01,0,0,3,0,0,0,0,0,0,-,-,33.13724136352539,-117.06095123291016,SAN DIEGO,ESCONDIDO,-117.06089782714844,33.13728713989258
8164115,2016,2016-11-07,3711,2016-10-22,1915,7444,NA,6,5,7,3711,0,0,0,NA,0,529,5TH AV,FIR ST,155,S,N,A,-,N,NA,NA,NA,NA,NA,NA,NA,NA,NA,N,3,0,1,3,A,-,13,22515,A,N,B,E,A,A,H,-,D,D,0,NA,NA,NA,NA,Y,NA,A,01,0,1,0,0,0,0,0,0,0,-,-,NA,NA,SAN DIEGO,SAN DIEGO,-117.16025168,32.72468545
8164131,2016,2016-11-07,3711,2016-10-26,1437,6677,NA,3,5,7,3711,0,0,0,NA,0,313,BRINELL ST,DAGGETT ST,200,N,N,A,-,N,NA,NA,NA,NA,NA,NA,NA,NA,NA,Y,3,0,1,2,A,-,16,24002,A,N,F,E,A,A,H,-,A,D,0,NA,NA,NA,NA,Y,NA,-,NA,0,1,0,0,0,0,0,0,0,-,-,NA,NA,SAN DIEGO,SAN DIEGO,-117.15314957,32.82414781
8164135,2016,2016-11-07,3711,2016-10-19,0747,7080,NA,3,5,7,3711,0,0,0,NA,0,451,55TH ST,MARVIN ST,69,S,N,A,-,N,NA,NA,NA,NA,NA,NA,NA,NA,NA,N,3,0,1,2,A,-,08,22107,NA,N,A,C,A,A,H,-,A,D,0,NA,NA,NA,NA,Y,NA,-,NA,0,1,0,0,0,0,0,0,0,-,-,NA,NA,SAN DIEGO,SAN DIEGO,-117.07760144,32.74102125
8164143,2016,2016-11-08,3710,2016-10-05,1720,OC1413,NA,3,5,6,3710,0,0,0,NA,0,012,EL CAMINIO REAL,INDUSTRY,230,S,N,A,-,N,NA,NA,NA,NA,NA,NA,NA,NA,NA,Y,3,0,2,2,A,-,03,22350,NA,N,C,C,A,A,H,-,A,A,0,NA,NA,NA,NA,Y,NA,-,NA,0,1,1,0,0,0,0,0,0,-,-,NA,NA,SAN DIEGO,OCEANSIDE,-117.33094527,33.19984429
8165292,2016,2016-11-14,3711,2016-11-01,2250,7387,SDPD,2,5,7,3711,0,0,0,NA,0,324,LAKE MURRAY BL,NAVAJO RD,0,S,N,B,-,N,NA,NA,NA,NA,NA,NA,NA,NA,NA,Y,4,0,2,2,A,-,09,21804,A,N,A,C,A,A,H,-,C,D,0,NA,NA,NA,NA,Y,NA,-,NA,0,0,2,0,0,0,0,0,0,-,-,NA,NA,SAN DIEGO,SAN DIEGO,-117.01046011,32.80293007
8165316,2016,2016-11-14,3711,2016-11-01,1501,6200,NA,2,5,7,3711,0,0,0,NA,0,324,JACKIE DR,BOBHIRD DR,0,NA,Y,A,-,N,NA,NA,NA,NA,NA,NA,NA,NA,NA,N,4,0,2,2,A,-,09,21802,A,N,D,C,A,A,H,-,A,A,0,NA,NA,NA,NA,Y,NA,-,NA,0,0,2,0,0,0,0,0,0,-,-,NA,NA,SAN DIEGO,SAN DIEGO,-117.0132301,32.81093011
81659386,2021,2021-12-23,3706,2021-12-19,1600,1862,ESCON,7,5,6,3706,0,0,0,NA,0,043,EL NORTE PY,NUTMEG ST,275,E,N,A,-,N,NA,NA,NA,NA,NA,NA,NA,NA,NA,N,4,0,1,2,A,-,04,21703,NA,N,C,C,A,A,H,-,A,A,0,NA,NA,NA,NA,Y,NA,D,22,0,0,1,0,0,0,0,0,0,-,-,33.147159576416016,-117.10880279541016,SAN DIEGO,ESCONDIDO,-117.10787963867188,33.14720916748047
8166643,2016,2017-01-31,3711,2016-12-08,1802,6034,NA,4,5,7,3711,0,0,0,NA,0,233,RANCHO PENASQUITOS BL,CALLE DE LAS ROSAS,14,N,N,A,-,N,NA,NA,NA,NA,NA,NA,NA,NA,NA,Y,1,1,0,2,A,-,11,21456,B,N,G,B,B,A,H,-,C,A,0,Y,NA,NA,NA,Y,NA,N,60,0,0,0,1,0,0,0,0,0,-,-,NA,NA,SAN DIEGO,SAN DIEGO,-117.11005168,32.95632752
8166900,2016,2018-09-24,3710,2016-07-14,1533,OC1363,NA,4,5,6,3710,0,0,0,NA,0,026,VISTA WY,RANCHO DEL ORO,23,W,N,A,-,N,NA,NA,NA,NA,NA,NA,NA,NA,NA,Y,1,1,0,2,A,-,10,21950,A,N,G,B,B,-,H,-,A,A,0,Y,NA,NA,NA,Y,NA,A,01,0,0,0,1,0,0,0,0,0,-,-,NA,NA,SAN DIEGO,OCEANSIDE,-117.31148372,33.18193866
8166905,2016,2017-05-01,3710,2016-06-27,0615,OC1355,NA,1,5,6,3710,0,0,0,NA,0,033,MISSION AV,ACADEMY RD,400,W,N,A,-,N,NA,NA,NA,NA,NA,NA,NA,NA,NA,Y,1,1,1,2,A,-,01,23152,A,F,G,B,F,A,H,-,A,D,0,Y,NA,NA,NA,Y,Y,A,01,0,1,0,1,0,0,0,0,0,-,-,NA,NA,SAN DIEGO,OCEANSIDE,-117.31512115,33.2304438
81677002,2021,2022-01-13,3706,2021-12-31,1400,550,ESCON,5,5,6,3706,0,0,0,NA,0,054,VALLEY PY,HARDING ST,200,E,N,A,-,N,NA,NA,NA,NA,NA,NA,NA,NA,NA,N,3,0,2,3,A,-,04,21703,NA,N,C,C,A,A,H,-,A,D,0,NA,NA,NA,NA,Y,NA,A,01,0,1,1,0,0,0,0,0,0,-,-,33.13201904296875,-117.06365966796876,SAN DIEGO,ESCONDIDO,-117.06299591064452,33.1323356628418
81677003,2022,2022-01-13,3706,2022-01-01,1148,1894,ESCON,6,5,6,3706,0,0,0,NA,0,045,MISSION AV,CENTRE CITY PY,12,N,N,A,-,N,NA,NA,NA,NA,NA,NA,NA,NA,NA,Y,4,0,1,2,A,-,04,21703,NA,N,C,D,A,A,H,-,A,A,0,NA,NA,NA,NA,Y,NA,A,01,0,0,1,0,0,0,0,0,0,-,-,33.12828063964844,-117.09185028076172,SAN DIEGO,ESCONDIDO,-117.09164428710938,33.12837219238281
81678133,2022,2022-01-14,3701,2022-01-07,1613,CB5355,011,5,5,5,3701,0,0,0,NA,0,003,MARRON RD,EL CAMINO REAL,150,E,N,B,-,Y,NA,NA,NA,NA,NA,NA,NA,NA,NA,Y,4,0,2,2,A,-,09,21802,A,N,D,C,A,A,H,-,A,D,0,NA,NA,NA,NA,Y,NA,A,01,0,0,2,0,0,0,0,0,0,-,-,33.177669525146484,-117.32649993896484,SAN DIEGO,CARLSBAD,-117.32601165771484,33.17770767211914
81682412,2022,2022-01-21,3701,2022-01-14,1330,CB5492,110,5,5,5,3701,0,0,0,NA,0,008,RANCHO SANTA FE RD,CAMINO JUNIPERO,0,NA,Y,A,-,N,NA,NA,NA,NA,NA,NA,NA,NA,NA,Y,4,0,1,2,A,-,12,21453,A,N,D,C,A,A,H,-,A,A,0,NA,NA,NA,NA,Y,NA,A,01,0,0,1,0,0,0,0,0,0,-,-,33.08753967285156,-117.22576904296876,SAN DIEGO,CARLSBAD,-117.22576904296876,33.087520599365234
81684189,2022,2022-01-25,3706,2022-01-03,0934,533,ESCON,1,5,6,3706,0,0,0,NA,0,056,VALLEY PY,EL NORTE PY,5,S,N,A,-,N,NA,NA,NA,NA,NA,NA,NA,NA,NA,N,4,0,1,2,A,-,03,22350,NA,N,C,C,A,A,H,-,A,A,0,NA,NA,NA,NA,Y,NA,A,01,0,0,1,0,0,0,0,0,0,-,-,33.1496696472168,-117.03292846679688,SAN DIEGO,ESCONDIDO,-117.03316497802734,33.14972686767578
81684192,2022,2022-01-25,3706,2022-01-16,2126,536,ESCON,7,5,6,3706,0,0,0,NA,0,044,EL NORTE PY,ROSE ST,362,W,N,A,-,N,NA,NA,NA,NA,NA,NA,NA,NA,NA,Y,4,0,2,2,A,-,01,23152,A,N,D,C,A,A,H,-,C,A,0,NA,NA,NA,NA,Y,Y,A,01,0,0,2,0,0,0,0,0,0,-,-,33.14781188964844,-117.0697021484375,SAN DIEGO,ESCONDIDO,-117.0708465576172,33.14740753173828
81694141,2022,2022-02-07,3701,2022-01-20,1914,CB5557,122,4,5,5,3701,0,0,0,NA,0,008,SEGOVIA WY,SEGOVIA CT,185,E,N,A,-,N,NA,NA,NA,NA,NA,NA,NA,NA,NA,Y,3,0,1,2,A,-,01,23152,A,N,B,E,A,A,H,-,D,D,0,NA,NA,Y,NA,Y,Y,C,06,0,1,0,0,0,0,0,0,1,-,-,33.07835006713867,-117.24302673339844,SAN DIEGO,CARLSBAD,-117.24239349365234,33.078433990478516
81695458,2022,2022-02-08,3706,2022-01-28,0745,474,ESCON,5,5,6,3706,0,0,0,NA,0,045,MISSION AV,METCALF ST,0,NA,Y,B,-,N,NA,NA,NA,NA,NA,NA,NA,NA,NA,N,4,0,1,2,A,-,05,21650,NA,N,D,C,A,A,H,-,A,A,0,NA,NA,NA,NA,Y,NA,M,94,0,0,1,0,0,0,0,0,0,-,-,33.12533187866211,-117.10148620605467,SAN DIEGO,ESCONDIDO,-117.10150146484376,33.125308990478516
8169684,2016,2016-11-16,3711,2016-11-04,1600,7517,NA,5,5,7,3711,0,0,0,NA,0,834,UNIVERSITY AV,41ST ST,96,E,N,A,-,N,NA,NA,NA,NA,NA,NA,NA,NA,NA,N,4,0,2,2,A,-,08,22100,B,M,D,C,A,A,H,-,A,D,0,NA,NA,NA,NA,Y,NA,-,99,0,0,2,0,0,0,0,0,0,-,-,NA,NA,SAN DIEGO,SAN DIEGO,-117.10662887,32.74968506
8170208,2016,2016-11-17,3701,2016-10-17,1453,5191,110,1,5,5,3701,0,0,0,NA,0,008,RANCHO SANTA FE RD,CAMINO JUNIPERO,41,N,N,A,-,N,NA,NA,NA,NA,NA,NA,NA,NA,NA,Y,2,0,1,2,A,-,03,22350,NA,N,C,C,A,A,H,-,A,A,0,NA,NA,NA,NA,Y,NA,A,01,1,0,0,0,0,0,0,0,0,-,-,33.08774,-117.22591,SAN DIEGO,CARLSBAD,-117.22588683,33.08764302
8170240,2016,2016-11-17,3701,2016-10-25,1513,5339,57,2,5,5,3701,0,0,0,NA,0,005,EL CAMINIO REAL,COLLEGE BL,12,S,N,A,-,N,NA,NA,NA,NA,NA,NA,NA,NA,NA,Y,4,0,1,2,A,-,03,22350,NA,N,C,C,A,A,H,-,A,A,0,NA,NA,NA,NA,Y,NA,A,01,0,0,1,0,0,0,0,0,0,-,-,NA,NA,SAN DIEGO,CARLSBAD,-117.28326533,33.14305483
81703919,2022,2022-02-18,3701,2022-01-28,1200,CB5492,NA,5,5,5,3701,0,0,0,NA,0,NA,CARLSBAD VILLAGE DR,HARDING ST,375,E,N,A,-,N,NA,NA,NA,NA,NA,NA,NA,NA,NA,N,3,0,1,2,A,-,08,22107,NA,N,D,G,A,A,H,-,A,D,0,NA,Y,NA,NA,Y,NA,A,01,0,1,0,0,0,0,1,0,0,-,-,33.16184997558594,-117.34458160400392,SAN DIEGO,CARLSBAD,-117.34365081787108,33.162559509277344
8170394,2016,2016-11-18,3701,2016-11-02,1755,5485,67,3,5,5,3701,0,0,0,NA,0,002,CANNON RD,AVENIDA ENCINAS,0,NA,Y,A,-,N,NA,NA,NA,NA,NA,NA,NA,NA,NA,N,3,0,2,2,A,-,12,21453,A,N,D,C,A,A,H,-,A,A,0,NA,NA,NA,NA,Y,NA,A,07,0,2,0,0,0,0,0,0,0,-,-,33.13418,-117.33118,SAN DIEGO,CARLSBAD,-117.3310201,33.13399007
8170533,2016,2016-11-17,3710,2016-10-19,0813,OC0878,NA,3,5,6,3710,0,0,0,NA,0,018,AVENIDA DESCANSO,LA MIRADA DR,17,N,N,A,-,N,NA,NA,NA,NA,NA,NA,NA,NA,NA,N,4,0,1,2,A,-,10,21950,A,N,G,B,B,A,H,-,A,D,0,Y,NA,NA,NA,Y,NA,A,07,0,0,1,0,1,0,0,0,0,-,-,NA,NA,SAN DIEGO,OCEANSIDE,-117.31087711,33.25074619
8170808,2016,2016-11-21,3711,2016-11-07,1630,5508,NA,1,5,7,3711,0,0,0,NA,0,931,MIRA MESA BL,LUSK BL,500,E,N,A,-,N,NA,NA,NA,NA,NA,NA,NA,NA,NA,N,4,0,1,3,A,-,04,21703,NA,N,C,C,A,A,H,-,C,A,0,NA,NA,NA,NA,Y,NA,-,NA,0,0,1,0,0,0,0,0,0,-,-,NA,NA,SAN DIEGO,SAN DIEGO,-117.19234826,32.89732578
8171675,2016,2016-11-22,3711,2016-11-08,1154,7451,NA,2,5,7,3711,0,0,0,NA,0,934,DEL MAR HEIGHTS RD,HIGH BLUFF DR,0,NA,Y,A,-,N,NA,NA,NA,NA,NA,NA,NA,NA,NA,Y,3,0,2,2,A,-,12,21453,A,N,D,C,A,A,H,-,A,A,0,NA,NA,NA,NA,Y,NA,-,NA,0,1,1,0,0,0,0,0,0,-,-,NA,NA,SAN DIEGO,SAN DIEGO,-117.23942003,32.95175006
81717178,2022,2022-03-08,3706,2022-02-28,1315,1888,ESCON,1,5,6,3706,0,0,0,NA,0,045,ANDREASEN DR,MISSION RD,395,S,N,A,-,N,NA,NA,NA,NA,NA,NA,NA,NA,NA,Y,4,0,2,2,A,-,08,22102,NA,N,B,C,A,A,H,-,A,A,0,NA,NA,NA,NA,Y,NA,A,01,0,0,2,0,0,0,0,0,0,-,-,33.124019622802734,-117.10643005371094,SAN DIEGO,ESCONDIDO,-117.10688018798828,33.12312316894531