CASE_ID,ACCIDENT_YEAR,PROC_DATE,JURIS,COLLISION_DATE,COLLISION_TIME,OFFICER_ID,REPORTING_DISTRICT,DAY_OF_WEEK,CHP_SHIFT,POPULATION,CNTY_CITY_LOC,SPECIAL_COND,BEAT_TYPE,CHP_BEAT_TYPE,CITY_DIVISION_LAPD,CHP_BEAT_CLASS,BEAT_NUMBER,PRIMARY_RD,SECONDARY_RD,DISTANCE,DIRECTION,INTERSECTION,WEATHER_1,WEATHER_2,STATE_HWY_IND,CALTRANS_COUNTY,CALTRANS_DISTRICT,STATE_ROUTE,ROUTE_SUFFIX,POSTMILE_PREFIX,POSTMILE,LOCATION_TYPE,RAMP_INTERSECTION,SIDE_OF_HWY,TOW_AWAY,COLLISION_SEVERITY,NUMBER_KILLED,NUMBER_INJURED,PARTY_COUNT,PRIMARY_COLL_FACTOR,PCF_CODE_OF_VIOL,PCF_VIOL_CATEGORY,PCF_VIOLATION,PCF_VIOL_SUBSECTION,HIT_AND_RUN,TYPE_OF_COLLISION,MVIW,PED_ACTION,ROAD_SURFACE,ROAD_COND_1,ROAD_COND_2,LIGHTING,CONTROL_DEVICE,CHP_ROAD_TYPE,PEDESTRIAN_ACCIDENT,BICYCLE_ACCIDENT,MOTORCYCLE_ACCIDENT,TRUCK_ACCIDENT,NOT_PRIVATE_PROPERTY,ALCOHOL_INVOLVED,STWD_VEHTYPE_AT_FAULT,CHP_VEHTYPE_AT_FAULT,COUNT_SEVERE_INJ,COUNT_VISIBLE_INJ,COUNT_COMPLAINT_PAIN,COUNT_PED_KILLED,COUNT_PED_INJURED,COUNT_BICYCLIST_KILLED,COUNT_BICYCLIST_INJURED,COUNT_MC_KILLED,COUNT_MC_INJURED,PRIMARY_RAMP,SECONDARY_RAMP,LATITUDE,LONGITUDE,COUNTY,CITY,POINT_X,POINT_Y
8423545,2017,2018-07-09,3710,2017-07-26,0833,OC1274,NA,3,5,6,3710,0,0,0,NA,0,NA,RT 76,BENET RD,307,E,N,A,-,Y,SD,11,76,-,R,1.83,H,-,W,N,3,0,1,2,A,-,13,22515,A,N,C,C,A,A,H,-,A,D,0,NA,NA,NA,NA,Y,NA,A,07,0,1,0,0,0,0,0,0,0,-,-,NA,NA,SAN DIEGO,OCEANSIDE,-117.35630656,33.21513152
8424237,2017,2017-08-14,3702,2017-07-07,0525,CV0980,NA,5,5,6,3702,0,0,0,NA,0,014,BONITA RD,E FLOWER ST,0,NA,Y,A,-,N,NA,NA,NA,NA,NA,NA,NA,NA,NA,Y,3,0,1,2,A,-,12,21453,A,N,D,C,A,A,H,-,A,A,0,NA,NA,NA,NA,Y,NA,D,22,0,1,0,0,0,0,0,0,0,-,-,NA,NA,SAN DIEGO,CHULA VISTA,-117.06678,32.64811008
8424276,2017,2017-08-10,3702,2017-07-04,0212,CV1206,NA,2,5,6,3702,0,0,0,NA,0,024,EAST ORANGE AV,LARKHAVEN DR,39,E,N,A,-,N,NA,NA,NA,NA,NA,NA,NA,NA,NA,Y,4,0,1,1,A,-,08,22107,NA,N,E,I,A,A,H,-,C,D,0,NA,NA,NA,NA,Y,NA,A,01,0,0,1,0,0,0,0,0,0,-,-,NA,NA,SAN DIEGO,CHULA VISTA,-117.04637753,32.60045578
8426584,2017,2017-08-14,3711,2017-07-31,1503,7323,NA,1,5,7,3711,0,0,0,NA,0,834,WIGHTMAN ST,41ST ST,55,W,N,A,-,N,NA,NA,NA,NA,NA,NA,NA,NA,NA,NA,3,0,2,2,A,-,09,21802,A,N,D,C,A,A,H,-,A,D,0,NA,NA,NA,NA,Y,NA,A,01,0,1,1,0,0,0,0,0,0,-,-,NA,NA,SAN DIEGO,SAN DIEGO,-117.10712824,32.74778708
8427116,2017,2017-08-15,3710,2017-07-07,1826,OC1442,022,5,5,6,3710,0,0,0,NA,0,009,VANDEGRIFT BL,RIVER RD,170,S,N,A,-,N,NA,NA,NA,NA,NA,NA,NA,NA,NA,N,3,0,2,4,A,-,03,22350,NA,N,C,C,A,A,H,-,A,A,0,NA,NA,NA,NA,Y,NA,D,22,0,1,1,0,0,0,0,0,0,-,-,NA,NA,SAN DIEGO,OCEANSIDE,-117.30013,33.25079
8427203,2017,2017-08-15,3710,2017-07-08,1532,OC0754,021,6,5,6,3710,0,0,0,NA,0,008,DOUGLAS,MISSION,112,N,N,A,-,N,NA,NA,NA,NA,NA,NA,NA,NA,NA,N,4,0,1,2,A,-,21,22106,NA,N,C,C,A,A,H,-,A,A,0,NA,NA,NA,NA,Y,NA,A,01,0,0,1,0,0,0,0,0,0,-,-,NA,NA,SAN DIEGO,OCEANSIDE,-117.32605071,33.22812686
8427920,2017,2017-08-16,3711,2017-07-20,1546,7644,NA,4,5,7,3711,0,0,0,NA,0,124,CARDENO DR,VIA CABRERA,390,S,N,A,-,N,NA,NA,NA,NA,NA,NA,NA,NA,NA,Y,3,0,2,2,A,-,08,22107,NA,N,B,E,A,A,H,-,A,D,0,NA,NA,NA,NA,Y,NA,-,NA,0,2,0,0,0,0,0,0,0,-,-,NA,NA,SAN DIEGO,SAN DIEGO,-117.24771108,32.83208044
8429360,2017,2017-08-22,3711,2017-08-06,2112,6876,NA,7,5,7,3711,0,0,0,NA,0,813,MEADE AV,OHIO ST,45,E,N,A,-,N,NA,NA,NA,NA,NA,NA,NA,NA,NA,N,4,0,3,3,A,-,03,22350,NA,M,B,C,A,A,H,-,C,D,0,NA,NA,NA,NA,Y,NA,-,NA,0,0,3,0,0,0,0,0,0,-,-,NA,NA,SAN DIEGO,SAN DIEGO,-117.12880412,32.75728117
8429816,2017,2017-08-29,3711,2017-07-27,1453,6000,NA,4,5,7,3711,0,0,0,NA,0,722,CORONADO AV,NESTOR WY,363,W,N,A,-,N,NA,NA,NA,NA,NA,NA,NA,NA,NA,N,2,0,2,2,A,-,09,21801,B,N,A,C,A,A,H,-,A,D,0,NA,NA,Y,NA,Y,NA,C,02,1,0,1,0,0,0,0,0,1,-,-,NA,NA,SAN DIEGO,SAN DIEGO,-117.0866243,32.57649816
8431617,2017,2017-09-23,3711,2017-07-22,1415,7425,NA,6,5,7,3711,0,0,0,NA,0,124,PEARL ST,GIRARD AV,148,W,N,A,-,N,NA,NA,NA,NA,NA,NA,NA,NA,NA,N,3,0,1,2,A,-,09,21801,A,N,A,C,A,A,H,-,A,D,0,NA,NA,NA,NA,Y,NA,-,NA,0,1,0,0,0,0,0,0,0,-,-,NA,NA,SAN DIEGO,SAN DIEGO,-117.27296297,32.84040197
8432121,2017,2017-09-29,3700,2017-07-28,2050,SH3183,NA,5,5,5,3713,0,0,0,NA,0,318,SOUTH MELROSE DR,GREEN OAK RD,55,N,N,A,-,N,NA,NA,NA,NA,NA,NA,NA,NA,NA,Y,4,0,2,3,A,-,01,23152,A,F,C,C,A,A,H,-,C,A,0,NA,NA,NA,Y,Y,Y,F,26,0,0,2,0,0,0,0,0,0,-,-,NA,NA,SAN DIEGO,VISTA,-117.24179807,33.15529954
8432630,2017,2017-08-29,3701,2017-08-10,1840,CB5433,NA,4,5,5,3701,0,0,0,NA,0,008,AVENIDA SOLEDAD,RANCHO SANTA FE RD,0,NA,Y,A,-,N,NA,NA,NA,NA,NA,NA,NA,NA,NA,N,3,0,1,2,A,-,09,21801,A,N,D,G,A,A,H,-,A,A,0,NA,Y,NA,NA,Y,NA,D,22,0,1,0,0,0,0,1,0,0,-,-,NA,NA,SAN DIEGO,CARLSBAD,-117.22343013,33.09618005
8434785,2017,2017-08-22,3703,2017-08-07,1129,1331,NA,1,5,3,3703,0,0,0,NA,0,001,3RD ST,GLORIETTA BL,0,NA,Y,A,-,N,NA,NA,NA,NA,NA,NA,NA,NA,NA,N,3,0,1,2,A,-,09,21802,A,N,B,G,A,A,H,-,A,A,0,NA,Y,NA,NA,Y,NA,A,01,0,1,0,0,0,0,1,0,0,-,-,NA,NA,SAN DIEGO,CORONADO,-117.16782008,32.69312008
8434945,2017,2017-08-29,3706,2017-08-06,0935,443,ESPD,7,5,6,3706,0,0,0,NA,0,055,9TH AV,QUINCE ST,35,E,N,A,-,N,NA,NA,NA,NA,NA,NA,NA,NA,NA,N,3,0,1,2,A,-,08,22107,NA,N,G,B,D,A,H,-,A,D,0,Y,NA,NA,NA,Y,NA,A,07,0,1,0,0,1,0,0,0,0,-,-,NA,NA,SAN DIEGO,ESCONDIDO,-117.08303275,33.11112992
8435656,2017,2017-09-18,3709,2017-08-11,0010,NC0452,NA,5,5,5,3709,0,0,0,NA,0,021,EAST 8TH ST,PARADISE VALLEY RD,0,NA,Y,A,-,N,NA,NA,NA,NA,NA,NA,NA,NA,NA,Y,4,0,1,2,A,-,12,21453,A,N,A,C,A,A,H,-,C,A,0,NA,NA,NA,NA,Y,NA,D,22,0,0,1,0,0,0,0,0,0,-,-,NA,NA,SAN DIEGO,NATIONAL CITY,-117.07076006,32.68601008
84364694,2024,2024-08-22,3706,2024-08-13,1828,561,NA,2,5,6,3706,0,0,0,NA,0,045,AUTO PARK WY,VALLEY PY,0,NA,Y,A,-,N,NA,NA,NA,NA,NA,NA,NA,NA,NA,Y,4,0,1,2,A,-,12,21453,A,N,D,C,A,A,H,-,A,A,0,NA,NA,NA,NA,Y,NA,-,-,0,0,1,0,0,0,0,0,0,-,-,33.11309814453125,-117.1020965576172,SAN DIEGO,ESCONDIDO,-117.10196685791016,33.112998962402344
8436526,2017,2017-09-15,3701,2017-08-31,1806,CB5486,NA,4,5,5,3701,0,0,0,NA,0,004,AVALON AV,LASSEN LN,0,NA,Y,A,-,N,NA,NA,NA,NA,NA,NA,NA,NA,NA,N,3,0,3,2,A,-,09,21801,A,N,D,C,A,A,H,-,A,D,0,NA,NA,NA,Y,Y,NA,A,01,0,2,1,0,0,0,0,0,0,-,-,NA,NA,SAN DIEGO,CARLSBAD,-117.30788003,33.16475011
8437972,2017,2018-05-08,3700,2017-07-01,1011,SH5502,NA,6,5,5,3782,0,0,0,NA,0,221,RT 101,RT 101 1136,387,N,N,B,-,N,NA,NA,NA,NA,NA,NA,NA,NA,NA,N,3,0,1,2,C,-,18,NA,NA,N,H,G,A,A,H,-,A,D,0,NA,Y,NA,NA,Y,NA,-,-,0,1,0,0,0,0,1,0,0,-,-,NA,NA,SAN DIEGO,ENCINITAS,NA,NA
84380341,2024,2024-09-04,3706,2024-08-08,1700,605,NA,4,5,6,3706,0,0,0,NA,0,044,ROSE ST,WASHINGTON AV,0,NA,Y,A,-,N,NA,NA,NA,NA,NA,NA,NA,NA,NA,Y,4,0,2,2,A,-,03,22350,NA,N,C,C,A,A,H,-,A,A,0,NA,NA,NA,NA,Y,NA,A,01,0,0,2,0,0,0,0,0,0,-,-,33.13724136352539,-117.06095123291016,SAN DIEGO,ESCONDIDO,-117.06089782714844,33.13728713989258
8438521,2017,2017-09-09,3711,2017-08-15,0635,7631,NA,2,5,7,3711,0,0,0,NA,0,313,PORTOBELO DR,PORTOBELO DR 11092,0,NA,N,B,-,N,NA,NA,NA,NA,NA,NA,NA,NA,NA,Y,3,0,1,1,B,-,22,NA,NA,N,E,I,A,A,H,-,A,D,0,NA,NA,NA,NA,Y,NA,A,01,0,1,0,0,0,0,0,0,0,-,-,NA,NA,SAN DIEGO,SAN DIEGO,-117.0870772,32.84099176
8439944,2017,2017-09-05,3700,2017-07-29,1519,SH7790,NA,6,5,5,3781,0,0,0,NA,0,510,MISSION CREEK DR,WHISPERING WILLOW DR,323,W,N,A,-,N,NA,NA,NA,NA,NA,NA,NA,NA,NA,Y,4,0,2,1,A,-,03,22350,NA,N,E,I,A,A,H,-,A,D,0,NA,NA,NA,NA,Y,NA,A,01,0,0,2,0,0,0,0,0,0,-,-,NA,NA,SAN DIEGO,SANTEE,-116.98813739,32.84938852
84401156,2024,2024-09-20,3706,2024-09-10,1938,554,NA,2,5,6,3706,0,0,0,NA,0,052,DATE ST,VALLEY PY,5,N,N,A,-,N,NA,NA,NA,NA,NA,NA,NA,NA,NA,N,3,0,2,3,A,-,10,21950,A,N,G,B,B,A,H,-,C,A,0,Y,NA,NA,NA,Y,NA,A,01,0,1,1,0,2,0,0,0,0,-,-,33.12828063964844,-117.07144927978516,SAN DIEGO,ESCONDIDO,-117.07119750976563,33.128570556640625
84405394,2024,2024-09-24,3701,2024-09-20,2048,CB5566,NA,5,5,5,3701,0,0,0,NA,0,006,MELROSE DR,PALOMAR AIRPORT RD,0,NA,Y,A,-,N,NA,NA,NA,NA,NA,NA,NA,NA,NA,N,3,0,2,2,A,-,09,21453,C,N,D,C,A,A,H,-,C,A,0,NA,NA,NA,NA,Y,NA,A,01,0,2,0,0,0,0,0,0,0,-,-,33.130210876464844,-117.24543762207033,SAN DIEGO,CARLSBAD,-117.24546813964844,33.1302604675293
84410193,2024,2024-09-27,3706,2024-09-24,745,604,NA,2,5,6,3706,0,0,0,NA,0,056,OAK HILL DR,VALLEY MEADOW PL,85,W,N,A,-,N,NA,NA,NA,NA,NA,NA,NA,NA,NA,Y,3,0,2,2,A,-,08,22107,NA,N,B,E,A,A,H,-,A,A,0,NA,NA,NA,NA,Y,NA,A,08,0,1,1,0,0,0,0,0,0,-,-,33.137271881103516,-117.03456878662108,SAN DIEGO,ESCONDIDO,-117.03478240966795,33.13718795776367
84425558,2024,2024-10-10,3706,2024-10-04,1749,562,NA,5,5,6,3706,0,0,0,NA,0,056,OAK HILL DR,MIDWAY DR,45,E,N,A,-,N,NA,NA,NA,NA,NA,NA,NA,NA,NA,Y,3,0,1,2,A,-,08,22107,NA,N,B,C,A,A,H,-,B,A,0,NA,NA,NA,NA,Y,NA,D,22,0,1,0,0,0,0,0,0,0,-,-,33.13121032714844,-117.04776000976563,SAN DIEGO,ESCONDIDO,-117.04753875732422,33.13119888305664
84427069,2024,2024-10-11,3706,2024-10-09,1210,1914,NA,3,5,6,3706,0,0,0,NA,0,041,ASH ST,SHERIDAN AV,0,NA,Y,A,-,N,NA,NA,NA,NA,NA,NA,NA,NA,NA,Y,4,0,2,2,A,-,12,21453,A,N,D,C,A,A,A,-,A,A,0,NA,NA,NA,NA,Y,NA,A,01,0,0,2,0,0,0,0,0,0,-,-,33.14712142944336,-117.08029174804688,SAN DIEGO,ESCONDIDO,-117.08033752441406,33.147037506103516
84432431,2024,2024-10-16,3706,2024-10-10,714,424,NA,4,5,6,3706,0,0,0,NA,0,052,CENTRE CITY PY,05TH AV,0,NA,Y,A,-,Y,NA,NA,NA,NA,NA,NA,NA,NA,NA,N,4,0,1,3,A,-,12,21453,A,N,D,C,A,A,H,-,A,A,0,NA,NA,NA,NA,Y,NA,A,07,0,0,1,0,0,0,0,0,0,-,-,33.11547088623047,-117.08415222167967,SAN DIEGO,ESCONDIDO,NA,NA
8443516,2017,2017-09-07,3711,2017-08-25,1605,5245,NA,5,5,7,3711,0,0,0,NA,0,315,CAMINO DEL RIO SOUTH,AUTO CIR,1320,E,N,A,-,N,NA,NA,NA,NA,NA,NA,NA,NA,NA,Y,3,0,1,2,A,-,09,21804,A,N,D,C,A,A,H,-,A,D,0,NA,NA,NA,NA,Y,NA,A,08,0,1,0,0,0,0,0,0,0,-,-,NA,NA,SAN DIEGO,SAN DIEGO,-117.15053037,32.76592439
84437277,2024,2024-10-21,3706,2024-10-07,1256,441,NA,1,5,6,3706,0,0,0,NA,0,054,ASH ST,GRAND AV,0,NA,Y,A,-,N,NA,NA,NA,NA,NA,NA,NA,NA,NA,N,4,0,1,2,A,-,12,21453,A,N,D,C,A,A,H,-,A,A,0,NA,NA,NA,NA,Y,NA,A,07,0,0,1,0,0,0,0,0,0,-,-,33.127159118652344,-117.0656509399414,SAN DIEGO,ESCONDIDO,-117.06552886962892,33.127201080322266
84441558,2024,2024-10-23,3701,2024-10-10,842,CB5572,NA,4,5,5,3701,0,0,0,NA,0,NA,LA COSTA AV,EL CAMINO REAL,365,E,N,A,-,N,NA,NA,NA,NA,NA,NA,NA,NA,NA,Y,3,0,1,2,A,-,12,21453,A,N,E,I,A,A,H,-,A,A,0,NA,NA,NA,Y,Y,NA,-,-,0,1,0,0,0,0,0,0,0,-,-,33.08538055419922,-117.26850128173828,SAN DIEGO,CARLSBAD,-117.26725006103516,33.08549880981445
8444254,2017,2017-09-15,3709,2017-08-28,0525,NC0484,NA,1,5,5,3709,0,0,0,NA,0,021,EAST 4TH ST,HIGHLAND AV,0,NA,Y,A,-,N,NA,NA,NA,NA,NA,NA,NA,NA,NA,N,4,0,1,2,A,-,11,21950,B,N,G,B,B,A,H,-,A,A,0,Y,NA,NA,NA,Y,NA,N,60,0,0,1,0,1,0,0,0,0,-,-,NA,NA,SAN DIEGO,NATIONAL CITY,-117.10007009,32.68159009
8444661,2017,2017-08-31,3708,2017-08-09,1546,IM8273,NA,3,5,5,3708,0,0,0,NA,0,004,FLETCHER PKWY,AMAYA DR,0,NA,Y,A,-,N,NA,NA,NA,NA,NA,NA,NA,NA,NA,Y,3,0,2,2,A,-,09,21453,C,N,D,C,A,A,H,-,A,A,0,NA,NA,NA,NA,Y,NA,A,01,0,1,1,0,0,0,0,0,0,-,-,NA,NA,SAN DIEGO,LA MESA,-117.00317002,32.78680004
84448320,2024,2024-10-29,3706,2024-10-26,2000,588,NA,6,5,6,3706,0,0,0,NA,0,051,FELICITA AV,TAMARME TR,202,E,N,A,-,N,NA,NA,NA,NA,NA,NA,NA,NA,NA,N,4,0,1,2,A,-,03,22350,NA,N,C,C,A,A,H,-,C,D,0,NA,NA,NA,NA,Y,Y,A,01,0,0,1,0,0,0,0,0,0,-,-,33.105831146240234,-117.07064056396484,SAN DIEGO,ESCONDIDO,-117.07067108154295,33.105838775634766
8445128,2017,2017-10-11,3711,2017-08-23,1911,7348,NA,3,5,7,3711,0,0,0,NA,0,613,WEST POINT LOMA BL,MONTALVO ST,1,E,N,B,-,N,NA,NA,NA,NA,NA,NA,NA,NA,NA,N,3,0,1,1,A,-,08,22107,NA,N,H,I,A,A,H,-,C,A,0,NA,NA,NA,NA,Y,NA,-,NA,0,1,0,0,0,0,0,0,0,-,-,NA,NA,SAN DIEGO,SAN DIEGO,-117.23508741,32.75167165
8445151,2017,2017-10-10,3706,2017-08-23,1749,318,ESCON,3,5,6,3706,0,0,0,NA,0,042,ESCONDIDO BL,LINCOLN AV,41,S,N,A,-,N,NA,NA,NA,NA,NA,NA,NA,NA,NA,Y,3,0,1,2,A,-,08,22107,NA,N,C,E,A,A,H,-,A,D,0,NA,NA,NA,NA,Y,NA,A,01,0,1,0,0,0,0,0,0,0,-,-,NA,NA,SAN DIEGO,ESCONDIDO,-117.09081402,33.13237457
84453229,2024,2024-11-01,3706,2024-10-29,1240,450,NA,2,5,6,3706,0,0,0,NA,0,042,BROADWAY,CLARK ST,100,S,N,A,-,N,NA,NA,NA,NA,NA,NA,NA,NA,NA,Y,4,0,1,2,A,-,09,21804,A,N,D,C,A,A,H,-,A,D,0,NA,NA,NA,NA,Y,NA,A,07,0,0,1,0,0,0,0,0,0,-,-,33.12525177001953,-117.08299255371094,SAN DIEGO,ESCONDIDO,-117.08294677734376,33.124935150146484
8446480,2017,2017-09-14,3711,2017-09-01,1800,6437,NA,5,5,7,3711,0,0,0,NA,0,823,UNIVERSITY AV,COLLEGE AV,0,NA,Y,A,-,N,NA,NA,NA,NA,NA,NA,NA,NA,NA,N,4,0,3,2,A,-,04,21703,NA,M,C,C,A,A,H,-,A,A,0,NA,NA,NA,NA,Y,NA,-,NA,0,0,3,0,0,0,0,0,0,-,-,NA,NA,SAN DIEGO,SAN DIEGO,-117.0644801,32.75286008
8446846,2017,2017-09-13,3711,2017-08-17,0902,6774,NA,4,5,7,3711,0,0,0,NA,0,824,COLLWOOD BL,COLLWOOD LN,36,S,N,A,-,N,NA,NA,NA,NA,NA,NA,NA,NA,NA,Y,3,0,1,2,A,-,05,21460,A,N,D,C,A,A,H,-,A,D,0,NA,NA,NA,NA,Y,NA,A,01,0,1,0,0,0,0,0,0,0,-,-,NA,NA,SAN DIEGO,SAN DIEGO,-117.08371379,32.76648391
84468792,2024,2024-11-14,3706,2024-11-04,1036,583,NA,1,5,6,3706,0,0,0,NA,0,056,BEAR VALLEY PY,VALLEY PY,94,S,N,A,-,N,NA,NA,NA,NA,NA,NA,NA,NA,NA,Y,3,0,1,3,A,-,03,22350,NA,N,C,C,A,A,H,-,A,D,0,NA,NA,NA,NA,Y,NA,A,01,0,1,0,0,0,0,0,0,0,-,-,33.14310836791992,-117.03868103027344,SAN DIEGO,ESCONDIDO,-117.0386199951172,33.14323425292969
84474680,2024,2024-11-19,3701,2024-10-31,815,CB5518,NA,4,5,5,3701,0,0,0,NA,0,003,CHESTNUT AV,MARJORIE LN,50,E,N,A,-,N,NA,NA,NA,NA,NA,NA,NA,NA,NA,N,3,0,1,2,A,-,08,22107,NA,N,H,G,A,A,H,-,A,D,0,NA,Y,NA,NA,Y,NA,A,07,0,1,0,0,0,0,1,0,0,-,-,33.16156005859375,-117.3280792236328,SAN DIEGO,CARLSBAD,-117.32794952392578,33.16156768798828
84486885,2024,2024-11-28,3706,2024-11-26,733,424,NA,2,5,6,3706,0,0,0,NA,0,052,FELICITA AV,TAMARME TR,175,E,N,A,-,N,NA,NA,NA,NA,NA,NA,NA,NA,NA,Y,4,0,2,2,A,-,09,21801,A,N,A,C,A,A,H,-,A,D,0,NA,NA,NA,NA,Y,NA,A,07,0,0,2,0,0,0,0,0,0,-,-,33.105831146240234,-117.07064056396484,SAN DIEGO,ESCONDIDO,-117.07067108154295,33.105838775634766
84499390,2024,2024-12-13,3706,2024-12-06,1850,570,NA,5,5,6,3706,0,0,0,NA,0,042,WASHINGTON AV,BEECHWOOD ST,132,W,N,A,-,N,NA,NA,NA,NA,NA,NA,NA,NA,NA,N,4,0,1,2,A,-,10,21952,NA,F,G,B,C,A,H,-,A,D,0,Y,NA,NA,NA,Y,Y,A,07,0,0,1,0,1,0,0,0,0,-,-,33.1326904296875,-117.06871795654295,SAN DIEGO,ESCONDIDO,-117.06899261474608,33.13252639770508
84500901,2024,2024-12-13,3701,2024-12-03,1745,CB5575,NA,2,5,5,3701,0,0,0,NA,0,002,CAR COUNTRY DR,CANNON RD,1090,S,N,A,-,N,NA,NA,NA,NA,NA,NA,NA,NA,NA,Y,3,0,1,2,A,-,08,22107,NA,N,C,C,A,A,H,-,B,D,0,NA,NA,NA,NA,Y,NA,A,01,0,1,0,0,0,0,0,0,0,-,-,33.13505172729492,-117.32292938232422,SAN DIEGO,CARLSBAD,-117.32316589355467,33.13237380981445
8450152,2017,2017-09-21,3711,2017-09-10,1045,7626,NA,7,5,7,3711,0,0,0,NA,0,512,31ST ST,MARTIN AV,18,N,N,A,-,N,NA,NA,NA,NA,NA,NA,NA,NA,NA,N,3,0,1,2,A,-,12,22450,NA,N,D,G,A,A,H,-,A,D,0,NA,Y,NA,NA,Y,NA,L,04,0,1,0,0,0,0,1,0,0,-,-,NA,NA,SAN DIEGO,SAN DIEGO,-117.12733095,32.6991393
8450213,2017,2017-09-26,3711,2017-09-08,1445,7604,NA,5,5,7,3711,0,0,0,NA,0,931,SCRANTON RD,MIRA SORRENTO PL,120,S,N,A,-,N,NA,NA,NA,NA,NA,NA,NA,NA,NA,N,3,0,1,2,A,-,10,21950,A,N,G,B,C,A,H,-,A,A,0,Y,NA,NA,NA,Y,NA,-,NA,0,1,0,0,1,0,0,0,0,-,-,NA,NA,SAN DIEGO,SAN DIEGO,-117.20228278,32.89460898
8450225,2017,2017-09-26,3711,2017-09-05,1115,158,NA,2,5,7,3711,0,0,0,NA,0,111,MESA COLLEGE CIR,ARMSTRONG PL,260,N,N,A,-,N,NA,NA,NA,NA,NA,NA,NA,NA,NA,N,3,0,2,3,A,-,06,21755,A,N,G,B,D,A,H,-,A,D,0,Y,NA,Y,NA,Y,NA,C,02,0,1,1,0,1,0,0,0,1,-,-,32.80528,-117.16334,SAN DIEGO,SAN DIEGO,-117.16474108,32.80441341
84502581,2024,2024-12-13,3706,2024-07-13,40,445,NA,6,5,6,3706,0,0,0,NA,0,056,VALLEY PY,BEVEN DR,17,N,N,A,-,N,NA,NA,NA,NA,NA,NA,NA,NA,NA,Y,2,0,4,1,A,-,01,23152,F,N,E,I,A,A,H,-,C,A,0,NA,NA,NA,NA,Y,NA,A,01,1,3,0,0,0,0,0,0,0,-,-,33.15581130981445,-117.03134155273438,SAN DIEGO,ESCONDIDO,-117.03146362304688,33.15593719482422
8450584,2017,2017-10-12,3711,2017-09-15,2355,6391,NA,5,5,7,3711,0,0,0,NA,0,231,POWAY RD,SPRINGBROOK DR,227,W,N,A,-,N,NA,NA,NA,NA,NA,NA,NA,NA,NA,Y,4,0,1,1,A,-,08,22107,NA,N,F,I,A,A,H,-,A,D,0,NA,NA,NA,NA,Y,Y,-,NA,0,0,1,0,0,0,0,0,0,-,-,NA,NA,SAN DIEGO,SAN DIEGO,-117.08472091,32.94565242
8450631,2017,2017-10-14,3711,2017-09-15,0728,6995,SANDI,5,5,7,3711,0,0,0,NA,0,813,MADISON AV,MADISON AV 2400,23,N,N,A,-,N,NA,NA,NA,NA,NA,NA,NA,NA,NA,N,3,0,1,2,A,-,10,21950,A,N,D,B,D,A,H,-,A,D,0,Y,NA,NA,NA,Y,NA,-,NA,0,1,0,0,1,0,0,0,0,-,-,NA,NA,SAN DIEGO,SAN DIEGO,NA,NA
8450801,2017,2017-10-09,3700,2017-08-30,1228,SH2558,NA,3,5,5,3712,0,0,0,NA,0,350,WEST SAN MARCOS BL,PICO AV,0,NA,Y,A,-,N,NA,NA,NA,NA,NA,NA,NA,NA,NA,Y,3,0,3,3,A,-,07,21658,A,F,H,C,A,A,H,-,A,A,0,NA,NA,NA,NA,Y,NA,D,22,0,1,2,0,0,0,0,0,0,-,-,NA,NA,SAN DIEGO,SAN MARCOS,-117.16521003,33.14094006
8450969,2017,2017-10-13,3711,2017-09-20,0508,5747,NA,3,5,7,3711,0,0,0,NA,0,915,NIMITZ BL,EVERGREEN ST,33,E,N,A,-,N,NA,NA,NA,NA,NA,NA,NA,NA,NA,N,3,0,3,3,A,-,08,22107,NA,N,E,I,A,A,H,-,C,D,0,NA,NA,NA,NA,Y,NA,-,NA,0,3,0,0,0,0,0,0,0,-,-,NA,NA,SAN DIEGO,SAN DIEGO,-117.22770626,32.72971183
8451063,2017,2017-10-28,3700,2017-08-22,1920,SH7341,NA,2,5,4,3780,0,0,0,NA,0,411,COMMUNITY RD,AUBREY ST,320,S,N,A,-,N,NA,NA,NA,NA,NA,NA,NA,NA,NA,Y,3,0,5,3,A,-,03,22350,NA,N,C,C,A,A,H,-,A,A,0,NA,NA,NA,NA,Y,NA,A,01,0,5,0,0,0,0,0,0,0,-,-,NA,NA,SAN DIEGO,POWAY,-117.0405731,32.97022356
8451840,2017,2017-09-18,3711,2017-08-26,0034,6366,NA,6,5,7,3711,0,0,0,NA,0,512,IMPERIAL AV,S 24TH ST,60,W,N,B,-,N,NA,NA,NA,NA,NA,NA,NA,NA,NA,Y,2,0,1,2,A,-,11,21954,A,N,G,B,D,A,H,-,C,D,0,Y,NA,NA,NA,Y,Y,N,60,1,0,0,0,1,0,0,0,0,-,-,NA,NA,SAN DIEGO,SAN DIEGO,-117.14262438,32.70630746
8452458,2017,2017-09-25,3711,2017-09-02,1525,7361,NORTH,6,5,7,3711,0,0,0,NA,0,111,BALBOA AV,CHARGERS BL,0,NA,-,A,-,N,NA,NA,NA,NA,NA,NA,NA,NA,NA,Y,4,0,1,2,A,-,03,22350,NA,M,C,C,A,A,H,-,A,A,0,NA,NA,NA,NA,Y,NA,-,NA,0,0,1,0,0,0,0,0,0,-,-,32.82058,-117.16713,SAN DIEGO,SAN DIEGO,-117.16711,32.82059002
84526099,2024,2025-01-06,3706,2024-12-24,1546,606,NA,2,5,6,3706,0,0,0,NA,0,046,VALLEY PY,CITRUS AV,50,W,N,A,-,N,NA,NA,NA,NA,NA,NA,NA,NA,NA,N,4,0,1,2,A,-,08,22107,NA,N,D,C,A,A,H,-,A,D,0,NA,NA,NA,NA,Y,NA,A,01,0,0,1,0,0,0,0,0,0,-,-,33.1409797668457,-117.04424285888672,SAN DIEGO,ESCONDIDO,-117.0443878173828,33.14093017578125