CASE_ID,ACCIDENT_YEAR,PROC_DATE,JURIS,COLLISION_DATE,COLLISION_TIME,OFFICER_ID,REPORTING_DISTRICT,DAY_OF_WEEK,CHP_SHIFT,POPULATION,CNTY_CITY_LOC,SPECIAL_COND,BEAT_TYPE,CHP_BEAT_TYPE,CITY_DIVISION_LAPD,CHP_BEAT_CLASS,BEAT_NUMBER,PRIMARY_RD,SECONDARY_RD,DISTANCE,DIRECTION,INTERSECTION,WEATHER_1,WEATHER_2,STATE_HWY_IND,CALTRANS_COUNTY,CALTRANS_DISTRICT,STATE_ROUTE,ROUTE_SUFFIX,POSTMILE_PREFIX,POSTMILE,LOCATION_TYPE,RAMP_INTERSECTION,SIDE_OF_HWY,TOW_AWAY,COLLISION_SEVERITY,NUMBER_KILLED,NUMBER_INJURED,PARTY_COUNT,PRIMARY_COLL_FACTOR,PCF_CODE_OF_VIOL,PCF_VIOL_CATEGORY,PCF_VIOLATION,PCF_VIOL_SUBSECTION,HIT_AND_RUN,TYPE_OF_COLLISION,MVIW,PED_ACTION,ROAD_SURFACE,ROAD_COND_1,ROAD_COND_2,LIGHTING,CONTROL_DEVICE,CHP_ROAD_TYPE,PEDESTRIAN_ACCIDENT,BICYCLE_ACCIDENT,MOTORCYCLE_ACCIDENT,TRUCK_ACCIDENT,NOT_PRIVATE_PROPERTY,ALCOHOL_INVOLVED,STWD_VEHTYPE_AT_FAULT,CHP_VEHTYPE_AT_FAULT,COUNT_SEVERE_INJ,COUNT_VISIBLE_INJ,COUNT_COMPLAINT_PAIN,COUNT_PED_KILLED,COUNT_PED_INJURED,COUNT_BICYCLIST_KILLED,COUNT_BICYCLIST_INJURED,COUNT_MC_KILLED,COUNT_MC_INJURED,PRIMARY_RAMP,SECONDARY_RAMP,LATITUDE,LONGITUDE,COUNTY,CITY,POINT_X,POINT_Y
84785256,2025,2025-08-01,3706,2025-07-13,1452,566,NA,7,5,6,3706,0,0,0,NA,0,043,CENTRE CITY PY,EL NORTE PY,0,NA,Y,A,-,N,NA,NA,NA,NA,NA,NA,NA,NA,NA,Y,3,0,4,2,A,-,09,21453,C,N,D,C,A,A,H,-,A,A,0,NA,NA,NA,NA,Y,NA,A,08,0,2,2,0,0,0,0,0,0,-,-,33.13949966430664,-117.09343719482422,SAN DIEGO,ESCONDIDO,-117.09339141845705,33.13960266113281
8479761,2017,2017-11-02,3701,2017-10-02,1645,CB5513,NA,1,5,5,3701,0,0,0,NA,0,005,LOKER AVENUE WEST,PALOMAR AIRPORT RD,30,N,N,F,-,N,NA,NA,NA,NA,NA,NA,NA,NA,NA,N,4,0,1,2,A,-,03,22350,NA,N,C,C,A,A,H,-,A,A,0,NA,NA,NA,NA,Y,NA,A,07,0,0,1,0,0,0,0,0,0,-,-,NA,NA,SAN DIEGO,CARLSBAD,-117.25944775,33.13072193
8479972,2017,2017-11-01,3706,2017-10-20,1414,507,ESCON,5,5,6,3706,0,0,0,NA,0,042,BROADWAY,MISSION AV,48,S,N,A,-,N,NA,NA,78,NA,NA,NA,NA,NA,NA,Y,4,0,1,2,A,-,03,22350,NA,N,C,C,A,A,H,-,A,A,0,NA,NA,NA,NA,Y,NA,A,01,0,0,1,0,0,0,0,0,0,-,-,33.13046,-117.08545,SAN DIEGO,ESCONDIDO,-117.08541363,33.13047594
8480058,2017,2017-11-01,3711,2017-10-17,0815,7169,NA,2,5,7,3711,0,0,0,NA,0,822,EL CAJON BL,55TH ST,50,W,N,A,-,N,NA,NA,NA,NA,NA,NA,NA,NA,NA,Y,3,0,2,3,A,-,04,21703,NA,N,C,C,A,A,H,-,A,D,0,NA,NA,NA,NA,Y,Y,-,NA,0,1,1,0,0,0,0,0,0,-,-,NA,NA,SAN DIEGO,SAN DIEGO,-117.07626975,32.75828683
8480167,2017,2017-11-03,3711,2017-10-18,1243,6415,NA,3,5,7,3711,0,0,0,NA,0,211,AERO DR,MURPHY CANYON RD,0,NA,Y,A,-,N,NA,NA,NA,NA,NA,NA,NA,NA,NA,NA,4,0,1,2,A,-,00,21453,NA,N,-,C,A,A,H,-,A,A,0,NA,NA,NA,NA,Y,NA,A,01,0,0,1,0,0,0,0,0,0,-,-,NA,NA,SAN DIEGO,SAN DIEGO,-117.11664009,32.80959012
84805056,2025,2025-08-18,3706,2025-08-07,750,450,NA,4,5,6,3706,0,0,0,NA,0,055,09TH AV,UPAS ST (W),0,NA,Y,A,-,N,NA,NA,NA,NA,NA,NA,NA,NA,NA,Y,3,0,1,2,A,-,09,21802,A,N,D,C,A,A,H,-,A,D,0,NA,NA,NA,NA,Y,NA,A,01,0,1,0,0,0,0,0,0,0,-,-,33.10818099975586,-117.08924102783205,SAN DIEGO,ESCONDIDO,NA,NA
8480601,2017,2017-11-06,3711,2017-10-20,1448,7157,NA,5,5,7,3711,0,0,0,NA,0,446,LOGAN AV,SOUTH EUCLID AV,250,W,N,C,-,N,NA,NA,NA,NA,NA,NA,NA,NA,NA,N,4,0,2,2,A,-,03,22350,NA,M,C,D,A,B,H,-,A,A,0,NA,NA,NA,NA,Y,NA,-,99,0,0,2,0,0,0,0,0,0,-,-,NA,NA,SAN DIEGO,SAN DIEGO,-117.08591302,32.69676767
8480924,2017,2017-11-09,3711,2017-10-24,1138,7339,SAN D,2,5,7,3711,0,0,0,NA,0,437,PARADISE VALLEY RD,DEEP DELL RD,0,NA,Y,A,-,N,NA,NA,NA,NA,NA,NA,NA,NA,NA,N,4,0,1,2,A,-,10,21950,A,N,G,B,B,A,H,-,A,A,0,Y,NA,NA,NA,Y,NA,D,22,0,0,1,0,1,0,0,0,0,-,-,NA,NA,SAN DIEGO,SAN DIEGO,-117.02935013,32.69542005
84814645,2025,2025-08-25,3701,2025-08-09,1544,CB5574,NA,6,5,5,3701,0,0,0,NA,0,007,CARLSBAD BL,LA COSTA AV,577,N,N,B,-,N,NA,NA,NA,NA,NA,NA,NA,NA,NA,N,3,0,1,2,A,-,08,22107,NA,N,B,C,A,A,H,-,A,A,0,NA,NA,Y,NA,Y,NA,C,03,0,1,0,0,0,0,0,0,1,-,-,33.0825309753418,-117.30876159667967,SAN DIEGO,CARLSBAD,-117.31008911132813,33.08366775512695
84814685,2025,2025-08-25,3706,2025-08-18,2007,507,NA,1,5,6,3706,0,0,0,NA,0,042,WASHINGTON AV,HICKORY ST,453,W,N,A,-,Y,SD,NA,78,NA,T,18.419,H,NA,R,Y,3,0,2,2,A,-,03,22350,NA,N,C,C,A,A,H,-,B,A,0,NA,NA,NA,NA,Y,NA,A,01,0,2,0,0,0,0,0,0,0,-,-,33.12866973876953,-117.07823944091795,SAN DIEGO,ESCONDIDO,-117.07825469970705,33.12870788574219
8482580,2017,2017-11-17,3709,2017-09-30,1600,NC0501,NA,6,5,5,3709,0,0,0,NA,0,023,EAST 18TH ST,EUCLID AV,0,NA,Y,A,-,N,NA,NA,NA,NA,NA,NA,NA,NA,NA,N,4,0,1,2,A,-,12,21453,A,N,B,C,A,A,H,-,A,A,0,NA,NA,NA,NA,Y,NA,-,NA,0,0,1,0,0,0,0,0,0,-,-,NA,NA,SAN DIEGO,NATIONAL CITY,-117.07895006,32.67408006
84832391,2025,2025-09-08,3701,2025-09-03,1721,CB5589,NA,3,5,5,3701,0,0,0,NA,0,002,CARLSBAD BL,SHORE DR (N),260,S,N,A,-,N,NA,NA,NA,NA,NA,NA,NA,NA,NA,Y,4,0,2,4,A,-,04,21703,NA,N,C,C,A,A,H,-,A,A,0,NA,NA,NA,NA,Y,NA,A,01,0,0,2,0,0,0,0,0,0,-,-,33.131988525390625,-117.33509826660156,SAN DIEGO,CARLSBAD,-117.33467864990234,33.13136672973633
84848905,2025,2025-09-18,3701,2025-06-15,946,CB5552,NA,7,5,5,3701,0,0,0,NA,0,008,EL CAMINO REAL,CALLE BARCELONA,150,N,N,A,-,N,NA,NA,NA,NA,NA,NA,NA,NA,NA,N,3,0,1,1,A,-,03,22350,NA,N,F,A,A,A,H,-,A,D,0,NA,Y,NA,NA,Y,NA,L,04,0,1,0,0,0,0,1,0,0,-,-,33.07307815551758,-117.26252746582033,SAN DIEGO,CARLSBAD,-117.26259613037108,33.073482513427734
8485316,2017,2017-12-05,3700,2017-10-29,2025,SH0601,NA,7,5,5,3782,0,0,0,NA,0,222,ENCINITAS BL,VIA CANTEBRIA,674,E,N,B,-,N,NA,NA,NA,NA,NA,NA,NA,NA,NA,Y,2,0,2,2,A,-,09,21804,A,N,F,C,A,A,H,-,C,D,0,NA,NA,NA,NA,Y,Y,A,01,1,0,1,0,0,0,0,0,0,-,-,NA,NA,SAN DIEGO,ENCINITAS,-117.26468166,33.04612306
84875243,2025,2025-10-08,3706,2025-10-01,918,553,NA,3,5,6,3706,0,0,0,NA,0,045,PROGRESS PL,COUNTRY CLUB DR,22,W,N,A,-,N,NA,NA,NA,NA,NA,NA,NA,NA,NA,N,3,0,1,2,A,-,03,22350,NA,N,C,C,A,A,H,-,A,A,0,NA,NA,NA,NA,Y,NA,A,07,0,1,0,0,0,0,0,0,0,-,-,33.12491989135742,-117.1274185180664,SAN DIEGO,ESCONDIDO,-117.12759399414063,33.124778747558594
84880404,2025,2025-10-10,3701,2025-09-24,1438,CB5584,NA,3,5,5,3701,0,0,0,NA,0,005,AVIARA RESORT DR,AVIARA PY,319,S,N,A,-,N,NA,NA,NA,NA,NA,NA,NA,NA,NA,N,4,0,2,1,A,-,03,22350,NA,N,E,I,A,A,H,-,A,D,0,NA,NA,NA,NA,Y,NA,A,01,0,0,2,0,0,0,0,0,0,-,-,33.10361099243164,-117.28530120849608,SAN DIEGO,CARLSBAD,-117.28565979003906,33.10275650024414
84884748,2025,2025-10-14,3706,2025-10-09,844,542,NA,4,5,6,3706,0,0,0,NA,0,052,WOODWARD AV,BROADWAY,20,W,N,A,-,N,NA,NA,NA,NA,NA,NA,NA,NA,NA,N,3,0,1,2,A,-,00,21955,A,N,G,B,D,A,H,-,A,A,0,Y,NA,NA,NA,Y,NA,N,60,0,1,0,0,1,0,0,0,0,-,-,33.125850677490234,-117.083251953125,SAN DIEGO,ESCONDIDO,-117.08338928222656,33.12580108642578
8488616,2017,2017-12-13,3711,2017-11-05,1111,6629,SD,7,5,7,3711,0,0,0,NA,0,442,ALPHA ST,ALPHA ST  4000,15,S,N,A,-,N,NA,NA,NA,NA,NA,NA,NA,NA,NA,N,4,0,1,2,A,-,05,21651,NA,N,D,G,A,A,H,-,A,A,0,NA,Y,NA,NA,Y,NA,L,04,0,0,1,0,0,0,1,0,0,-,-,NA,NA,SAN DIEGO,SAN DIEGO,NA,NA
84895061,2025,2025-10-23,3706,2025-10-17,1959,464,NA,5,5,6,3706,0,0,0,NA,0,055,VALLEY PY,SOUTHBOUND I15 ON RAMP,0,NA,Y,A,-,N,NA,NA,NA,NA,NA,NA,NA,NA,NA,Y,3,0,3,2,A,-,01,23152,A,N,C,C,A,A,H,-,C,A,0,NA,NA,NA,NA,Y,Y,A,01,0,3,0,0,0,0,0,0,0,-,-,NA,NA,SAN DIEGO,ESCONDIDO,NA,NA
8489581,2017,2018-06-05,3711,2017-10-24,0744,6996,NA,2,5,7,3711,0,0,0,NA,0,445,47TH ST,F ST,14,S,N,A,-,N,NA,NA,NA,NA,NA,NA,NA,NA,NA,Y,3,0,1,4,A,-,-,NA,NA,N,C,A,A,A,H,-,-,D,0,NA,NA,NA,NA,Y,NA,-,NA,0,1,0,0,0,0,0,0,0,-,-,NA,NA,SAN DIEGO,SAN DIEGO,-117.09358948,32.71360165
8490176,2017,2017-12-11,3709,2017-11-04,0635,NC0498,NA,6,5,5,3709,0,0,0,NA,0,021,EUCLID AV,4TH ST,272,N,N,A,-,N,NA,NA,NA,NA,NA,NA,NA,NA,NA,Y,3,0,3,3,A,-,01,23153,A,N,D,C,A,A,H,-,C,D,0,NA,NA,NA,NA,Y,Y,A,01,0,2,1,0,0,0,0,0,0,-,-,NA,NA,SAN DIEGO,NATIONAL CITY,-117.08399928,32.68688758
8491060,2017,2017-12-12,3711,2017-11-07,1520,7672,NA,2,5,7,3711,0,0,0,NA,0,NA,UNIVERSITY AV,58TH ST,246,W,N,A,-,N,NA,NA,NA,NA,NA,NA,NA,NA,NA,N,3,0,1,2,A,-,08,22107,NA,N,D,G,A,A,H,-,A,A,0,NA,Y,NA,NA,Y,Y,A,01,0,1,0,0,0,0,1,0,0,-,-,NA,NA,SAN DIEGO,SAN DIEGO,-117.07287,32.74914
84918258,2025,2025-11-10,3706,2025-10-27,1725,628,NA,1,5,6,3706,0,0,0,NA,0,044,WASHINGTON AV,HARDING ST,0,NA,Y,A,-,N,NA,NA,NA,NA,NA,NA,NA,NA,NA,Y,3,0,3,2,A,-,12,21453,A,N,D,C,A,A,H,-,A,A,0,NA,NA,NA,NA,Y,NA,A,07,0,1,2,0,0,0,0,0,0,-,-,33.13447189331055,-117.06568145751952,SAN DIEGO,ESCONDIDO,-117.06568908691406,33.13442611694336
8492415,2017,2017-11-27,3700,2017-09-27,0839,SH2581,NA,3,5,5,3782,0,0,0,NA,0,214,NEPTUNE AV,EL PORTAL,420,S,N,A,-,N,NA,NA,NA,NA,NA,NA,NA,NA,NA,N,2,0,1,1,A,-,17,21657,NA,N,H,H,A,A,H,-,A,-,0,NA,Y,NA,NA,Y,NA,L,04,1,0,0,0,0,0,1,0,0,-,-,NA,NA,SAN DIEGO,ENCINITAS,-117.30072101,33.05591028
84931718,2025,2025-11-17,3706,2025-11-06,1940,465,NA,4,5,6,3706,0,0,0,NA,0,041,BROADWAY,LINCOLN AV,222,N,N,A,-,N,NA,NA,NA,NA,NA,NA,NA,NA,NA,N,3,0,2,2,A,-,09,21801,A,N,D,C,A,A,H,-,C,D,0,NA,NA,NA,NA,Y,NA,A,01,0,2,0,0,0,0,0,0,0,-,-,33.13386917114258,-117.08690643310548,SAN DIEGO,ESCONDIDO,-117.08706665039063,33.134315490722656
84931721,2025,2025-11-17,3706,2025-11-12,2056,628,NA,3,5,6,3706,0,0,0,NA,0,045,QUINCE ST,WASHINGTON AV,0,NA,Y,A,-,N,NA,NA,NA,NA,NA,NA,NA,NA,NA,Y,3,0,3,2,A,-,09,21801,A,N,A,C,A,A,H,-,C,A,0,NA,NA,NA,NA,Y,NA,A,01,0,1,2,0,0,0,0,0,0,-,-,33.12432098388672,-117.09224700927734,SAN DIEGO,ESCONDIDO,-117.09196472167967,33.12443542480469
84949628,2025,2025-11-27,3706,2025-11-22,2058,601,NA,6,5,6,3706,0,0,0,NA,0,052,2ND AVE NORTH ALLEY,S KALMIA ST,12,W,N,A,-,N,NA,NA,NA,NA,NA,NA,NA,NA,NA,N,3,0,1,2,A,-,03,22350,NA,F,G,B,D,A,H,-,C,D,0,Y,NA,NA,NA,Y,NA,-,99,0,1,0,0,1,0,0,0,0,-,-,33.07617950439453,-117.11988067626952,SAN DIEGO,ESCONDIDO,-117.07943725585938,33.12145233154297
84953418,2025,2025-12-02,3706,2025-10-28,2002,622,NA,2,5,6,3706,0,0,0,NA,0,052,02ND AV,JUNIPER ST,0,NA,Y,A,-,Y,NA,NA,NA,NA,NA,NA,NA,NA,NA,Y,3,0,1,3,A,-,12,21453,A,F,D,C,A,A,H,-,C,A,0,NA,NA,NA,NA,Y,Y,A,01,0,1,0,0,0,0,0,0,0,-,-,33.122100830078125,-117.07804870605467,SAN DIEGO,ESCONDIDO,NA,NA
8496251,2017,2018-06-08,3706,2017-11-06,0621,354,ESCON,1,5,6,3706,0,0,0,NA,0,045,HALE AV,RT 15,145,E,N,A,-,N,NA,NA,NA,NA,NA,NA,NA,NA,NA,Y,3,0,3,2,A,-,08,22107,NA,N,D,C,A,A,H,-,A,D,0,NA,NA,NA,NA,Y,NA,A,01,0,1,2,0,0,0,0,0,0,-,NF,NA,NA,SAN DIEGO,ESCONDIDO,-117.10149101,33.12007008
8496255,2017,2017-12-12,3706,2017-11-01,0206,487,ESCON,3,5,6,3706,0,0,0,NA,0,051,17TH AV,ENCINO DR,642,E,N,A,-,N,NA,NA,NA,NA,NA,NA,NA,NA,NA,Y,3,0,1,1,A,-,01,23152,A,N,E,I,A,A,H,-,C,D,0,NA,NA,NA,NA,Y,Y,A,01,0,1,0,0,0,0,0,0,0,-,-,33.10792,-117.06202,SAN DIEGO,ESCONDIDO,-117.06011284,33.10856787
84963011,2025,2025-12-09,3706,2025-12-05,1946,587,NA,5,5,6,3706,0,0,0,NA,0,042,MISSION AV,FIG ST,88,W,N,A,-,N,NA,NA,NA,NA,NA,NA,NA,NA,NA,Y,3,0,3,2,A,-,01,23152,A,N,C,C,A,A,H,-,C,A,0,NA,NA,NA,NA,Y,Y,D,22,0,3,0,0,0,0,0,0,0,-,-,33.13291931152344,-117.07733154296876,SAN DIEGO,ESCONDIDO,-117.07752990722656,33.13279342651367
8496581,2017,2018-02-17,3711,2017-11-09,1819,7410,NA,4,5,7,3711,0,0,0,NA,0,814,ADAMS AV,ADAMS AV 4000,0,NA,-,A,-,N,NA,NA,NA,NA,NA,NA,NA,NA,NA,N,4,0,2,2,A,-,04,21703,NA,N,-,C,A,A,H,-,C,A,0,NA,NA,NA,NA,Y,NA,A,07,0,0,2,0,0,0,0,0,0,-,-,NA,NA,SAN DIEGO,SAN DIEGO,-117.10835159,32.76327016
8496745,2017,2018-06-26,3711,2017-10-21,1742,7575,NA,6,5,7,3711,0,0,0,NA,0,233,RANCHO PENASQUITOS BL,AZUAGA ST,21,S,N,A,-,Y,SD,11,56,-,-,8.333,R,4,E,N,2,0,1,2,A,-,09,21804,A,N,B,G,A,A,H,-,A,A,0,NA,Y,NA,NA,Y,NA,L,04,1,0,0,0,0,0,1,0,0,-,-,NA,NA,SAN DIEGO,SAN DIEGO,-117.11727901,32.95711752
8496953,2017,2018-02-17,3711,2017-11-06,1939,5958,242,1,5,7,3711,0,0,0,NA,0,242,CAMINO RUIZ,CAMINO RUIZ 11000,0,NA,-,A,-,N,NA,NA,NA,NA,NA,NA,NA,NA,NA,Y,3,0,1,1,A,-,03,22350,NA,N,H,J,A,A,C,-,C,D,0,NA,NA,Y,NA,Y,NA,C,02,0,1,0,0,0,0,0,0,1,-,-,NA,NA,SAN DIEGO,SAN DIEGO,NA,NA
8497146,2017,2018-01-08,3711,2017-11-21,1012,7339,NA,2,5,7,3711,0,0,0,NA,0,437,PRAIRIE MOUND WY,PRAIRIE MOUND WY 7754,0,NA,-,A,-,N,NA,NA,NA,NA,NA,NA,NA,NA,NA,N,4,0,2,2,A,-,21,22106,NA,N,B,C,A,A,H,-,A,D,0,NA,NA,NA,NA,Y,NA,A,01,0,0,2,0,0,0,0,0,0,-,-,NA,NA,SAN DIEGO,SAN DIEGO,-117.0281893,32.695498
84975164,2025,2025-12-17,3701,2025-12-06,1740,CB5615,NA,6,5,5,3701,0,0,0,NA,0,006,PALOMAR AIRPORT RD,EL FUERTE ST,78,E,N,A,-,N,NA,NA,NA,NA,NA,NA,NA,NA,NA,N,4,0,2,2,A,-,03,22350,NA,N,C,D,A,A,H,-,C,A,0,NA,NA,NA,Y,Y,Y,A,07,0,0,2,0,0,0,0,0,0,-,-,33.12974166870117,-117.25272369384766,SAN DIEGO,CARLSBAD,-117.25242614746094,33.12983322143555
8497948,2017,2017-12-04,3702,2017-10-12,1330,CV1086,NA,4,5,6,3702,0,0,0,NA,0,012,H ST,FIG AV,234,W,N,A,-,N,NA,NA,NA,NA,NA,NA,NA,NA,NA,Y,3,0,1,2,A,-,08,22107,NA,N,D,C,A,A,H,-,A,D,0,NA,NA,NA,NA,Y,NA,A,01,0,1,0,0,0,0,0,0,0,-,-,NA,NA,SAN DIEGO,CHULA VISTA,-117.08366158,32.63259502
8497988,2017,2017-12-04,3702,2017-10-19,1438,CV1060,NA,4,5,6,3702,0,0,0,NA,0,041,OLYMPIC PKWY,BRANDYWINE AV,2300,E,N,A,-,N,NA,NA,NA,NA,NA,NA,NA,NA,NA,Y,3,0,1,2,A,-,05,21651,A,N,C,C,A,A,H,-,A,D,0,NA,NA,NA,NA,Y,NA,A,01,0,1,0,0,0,0,0,0,0,-,-,NA,NA,SAN DIEGO,CHULA VISTA,-117.02069118,32.60921713
8499697,2017,2017-12-06,3711,2017-11-19,1607,8192,NA,7,5,7,3711,0,0,0,NA,0,834,43RD ST,WIGHTMAN ST,10,S,N,A,-,N,NA,NA,NA,NA,NA,NA,NA,NA,NA,N,3,0,1,2,A,-,10,21950,A,N,B,B,B,A,H,-,B,A,0,Y,NA,NA,NA,Y,NA,A,01,0,1,0,0,1,0,0,0,0,-,-,NA,NA,SAN DIEGO,SAN DIEGO,-117.10204028,32.74777261
8499751,2017,2017-12-06,3711,2017-11-18,2253,7200,NA,6,5,7,3711,0,0,0,NA,0,124,SOLEDAD MOUNTAIN RD,SAGEBRUSH CT,75,N,N,A,-,N,NA,NA,NA,NA,NA,NA,NA,NA,NA,N,3,0,2,2,A,-,09,21804,A,N,D,C,A,A,H,-,C,D,0,NA,NA,NA,NA,Y,NA,-,NA,0,1,1,0,0,0,0,0,0,-,-,NA,NA,SAN DIEGO,SAN DIEGO,-117.24220416,32.82825143
84999817,2025,2026-01-06,3706,2025-12-17,1149,441,NA,3,5,6,3706,0,0,0,NA,0,042,BROADWAY,PARK AV,0,NA,Y,A,-,Y,SD,NA,78,NA,T,17.947,H,NA,R,N,4,0,2,2,A,-,03,22350,NA,N,C,C,A,A,H,-,A,A,0,NA,NA,NA,NA,Y,NA,A,01,0,0,2,0,0,0,0,0,0,-,-,33.128780364990234,-117.0845184326172,SAN DIEGO,ESCONDIDO,-117.08472442626952,33.128719329833984
84999818,2025,2026-01-06,3706,2025-12-19,955,600,NA,5,5,6,3706,0,0,0,NA,0,056,VALLEY PY,CITRUS AV,718,E,N,A,-,N,NA,NA,NA,NA,NA,NA,NA,NA,NA,N,3,0,1,2,A,-,00,21221,NA,N,E,J,A,A,H,-,A,D,0,NA,NA,NA,NA,Y,NA,M,94,0,1,0,0,0,0,0,0,0,-,-,33.1409797668457,-117.04424285888672,SAN DIEGO,ESCONDIDO,-117.04220581054688,33.1419563293457
85001658,2025,2026-01-07,3701,2025-12-07,2137,CB5626,NA,7,5,5,3701,0,0,0,NA,0,002,CARLSBAD BL,SHORE DR (S),92,S,N,A,-,N,NA,NA,NA,NA,NA,NA,NA,NA,NA,N,2,0,3,2,A,-,03,22350,NA,N,C,C,A,A,H,-,C,D,0,NA,NA,Y,NA,Y,NA,C,02,2,1,0,0,0,0,0,0,3,-,-,33.13090896606445,-117.33297729492188,SAN DIEGO,CARLSBAD,-117.33495330810548,33.13176345825195
8500652,2017,2018-06-05,3702,2017-10-18,0745,CV1159,NA,3,5,6,3702,0,0,0,NA,0,024,BRANDYWINE AV,CONCORD WY,150,S,N,A,-,N,NA,NA,NA,NA,NA,NA,NA,NA,NA,N,4,0,1,2,A,-,08,22107,NA,N,D,C,A,A,H,-,A,D,0,NA,NA,Y,NA,Y,NA,D,22,0,0,1,0,0,0,0,0,1,-,-,NA,NA,SAN DIEGO,CHULA VISTA,-117.02873158,32.60673674
8500766,2017,2017-12-06,3702,2017-10-07,1701,CV1113,NA,6,5,6,3702,0,0,0,NA,0,013,COLORADO AV,K ST,380,N,N,A,-,N,NA,NA,NA,NA,NA,NA,NA,NA,NA,N,4,0,1,2,A,-,11,21954,A,N,G,B,D,A,H,-,A,D,0,Y,NA,NA,NA,Y,NA,N,60,0,0,1,0,1,0,0,0,0,-,-,NA,NA,SAN DIEGO,CHULA VISTA,-117.09103731,32.62012793
8501923,2017,2017-12-15,3708,2017-11-14,0815,LM1225,NA,2,5,5,3708,0,0,0,NA,0,001,MASSACHUSETTS AV,HOFFMAN AV,0,NA,Y,A,-,N,NA,NA,NA,NA,NA,NA,NA,NA,NA,Y,4,0,2,2,A,-,09,21802,A,N,D,C,A,A,H,-,A,-,0,NA,NA,NA,NA,Y,NA,A,01,0,0,2,0,0,0,0,0,0,-,-,NA,NA,SAN DIEGO,LA MESA,-117.04278002,32.75020003
8504405,2017,2018-01-16,3708,2017-12-02,0114,IM1263,NA,6,5,5,3708,0,0,0,NA,0,003,LAKE MURRAY BL,BALTIMORE,0,NA,Y,A,-,N,NA,NA,NA,NA,NA,NA,NA,NA,NA,Y,4,0,1,1,A,-,01,23152,A,N,E,I,A,A,H,-,D,D,0,NA,NA,NA,NA,Y,Y,D,22,0,0,1,0,0,0,0,0,0,-,-,NA,NA,SAN DIEGO,LA MESA,-117.03310009,32.78098002
8504717,2019,2019-05-23,3710,2019-01-08,1820,OC1471,014,2,5,6,3710,0,0,0,NA,0,004,RT 76,BENET RD,970,E,N,A,-,Y,SD,11,76,-,R,1.95,H,-,W,Y,4,0,2,2,A,-,04,21703,NA,N,C,C,A,A,H,-,C,A,0,NA,NA,NA,NA,Y,NA,A,01,0,0,2,0,0,0,0,0,0,-,-,33.21482849121094,-117.3571319580078,SAN DIEGO,OCEANSIDE,-117.35432434082033,33.21567916870117
8505319,2017,2017-12-07,3705,2017-11-01,1500,EC0295,NA,3,5,5,3705,0,0,0,NA,0,007,N MOLLISON,E MADISON,690,N,N,A,-,N,NA,NA,NA,NA,NA,NA,NA,NA,NA,Y,4,0,2,2,A,-,09,21801,A,N,D,C,A,A,H,-,A,D,0,NA,NA,NA,NA,Y,NA,A,01,0,0,2,0,0,0,0,0,0,-,-,NA,NA,SAN DIEGO,EL CAJON,-116.95097497,32.80203962
8505330,2017,2017-11-30,3705,2017-10-18,2312,EC0327,NA,3,5,5,3705,0,0,0,NA,0,009,GRANITE HILLS DR,EUCLID AV,126,E,N,A,-,N,NA,NA,NA,NA,NA,NA,NA,NA,NA,Y,3,0,1,1,A,-,01,23152,A,N,F,I,A,A,H,-,C,D,0,NA,NA,NA,NA,Y,Y,A,01,0,1,0,0,0,0,0,0,0,-,-,NA,NA,SAN DIEGO,EL CAJON,-116.91421209,32.79637677
8505536,2017,2017-12-06,3701,2017-11-05,0720,CB5342,NA,7,5,5,3701,0,0,0,NA,0,002,CARLSBAD VILLAGE DR,STATE ST,10,W,N,A,-,N,NA,NA,NA,NA,NA,NA,NA,NA,NA,N,4,0,1,3,A,-,06,21750,NA,N,B,E,E,A,H,-,A,A,0,Y,NA,NA,NA,Y,NA,A,07,0,0,1,0,1,0,0,0,0,-,-,NA,NA,SAN DIEGO,CARLSBAD,-117.34876686,33.15958449
8506888,2017,2017-12-07,3702,2017-10-28,1500,CV1190,NA,6,5,6,3702,0,0,0,NA,0,012,BROADWAY,G ST,0,NA,Y,A,-,N,NA,NA,NA,NA,NA,NA,NA,NA,NA,Y,4,0,2,2,A,-,09,21801,A,N,D,C,A,A,H,-,A,A,0,NA,NA,NA,NA,Y,NA,A,01,0,0,2,0,0,0,0,0,0,-,-,NA,NA,SAN DIEGO,CHULA VISTA,-117.09081006,32.63441001
8508103,2017,2018-06-08,3701,2017-11-18,1327,CB5355,NA,6,5,5,3701,0,0,0,NA,0,001,CARLSBAD VILLAGE DR,VALLEY ST,0,NA,Y,A,-,N,NA,NA,NA,NA,NA,NA,NA,NA,NA,Y,4,0,1,2,A,-,12,21453,A,N,D,C,A,A,H,-,A,A,0,NA,NA,NA,NA,Y,NA,D,22,0,0,1,0,0,0,0,0,0,-,-,NA,NA,SAN DIEGO,CARLSBAD,-117.33560008,33.16738006
8509136,2017,2017-12-18,3711,2017-11-11,2040,5734,SANDI,6,5,7,3711,0,0,0,NA,0,245,SCRIPPS HIGHLAND,SCRIPPS POWAY PKWY,0,NA,Y,A,-,N,NA,NA,NA,NA,NA,NA,NA,NA,NA,N,3,0,1,1,A,-,03,22350,NA,N,F,A,A,A,H,-,C,A,0,NA,Y,NA,NA,Y,NA,L,04,0,1,0,0,0,0,1,0,0,-,-,NA,NA,SAN DIEGO,SAN DIEGO,-117.10765012,32.93653005
8509138,2017,2017-12-15,3711,2017-11-30,1730,4939,NA,4,5,7,3711,0,0,0,NA,0,935,VIA DE LA VALLE,SAN ANDRES,300,W,N,A,-,N,NA,NA,NA,NA,NA,NA,NA,NA,NA,Y,4,0,1,3,A,-,03,22350,NA,N,C,C,A,A,-,-,B,A,0,NA,NA,NA,NA,Y,NA,-,NA,0,0,1,0,0,0,0,0,0,-,-,NA,NA,SAN DIEGO,SAN DIEGO,-117.24923804,32.98065685