CASE_ID,ACCIDENT_YEAR,PROC_DATE,JURIS,COLLISION_DATE,COLLISION_TIME,OFFICER_ID,REPORTING_DISTRICT,DAY_OF_WEEK,CHP_SHIFT,POPULATION,CNTY_CITY_LOC,SPECIAL_COND,BEAT_TYPE,CHP_BEAT_TYPE,CITY_DIVISION_LAPD,CHP_BEAT_CLASS,BEAT_NUMBER,PRIMARY_RD,SECONDARY_RD,DISTANCE,DIRECTION,INTERSECTION,WEATHER_1,WEATHER_2,STATE_HWY_IND,CALTRANS_COUNTY,CALTRANS_DISTRICT,STATE_ROUTE,ROUTE_SUFFIX,POSTMILE_PREFIX,POSTMILE,LOCATION_TYPE,RAMP_INTERSECTION,SIDE_OF_HWY,TOW_AWAY,COLLISION_SEVERITY,NUMBER_KILLED,NUMBER_INJURED,PARTY_COUNT,PRIMARY_COLL_FACTOR,PCF_CODE_OF_VIOL,PCF_VIOL_CATEGORY,PCF_VIOLATION,PCF_VIOL_SUBSECTION,HIT_AND_RUN,TYPE_OF_COLLISION,MVIW,PED_ACTION,ROAD_SURFACE,ROAD_COND_1,ROAD_COND_2,LIGHTING,CONTROL_DEVICE,CHP_ROAD_TYPE,PEDESTRIAN_ACCIDENT,BICYCLE_ACCIDENT,MOTORCYCLE_ACCIDENT,TRUCK_ACCIDENT,NOT_PRIVATE_PROPERTY,ALCOHOL_INVOLVED,STWD_VEHTYPE_AT_FAULT,CHP_VEHTYPE_AT_FAULT,COUNT_SEVERE_INJ,COUNT_VISIBLE_INJ,COUNT_COMPLAINT_PAIN,COUNT_PED_KILLED,COUNT_PED_INJURED,COUNT_BICYCLIST_KILLED,COUNT_BICYCLIST_INJURED,COUNT_MC_KILLED,COUNT_MC_INJURED,PRIMARY_RAMP,SECONDARY_RAMP,LATITUDE,LONGITUDE,COUNTY,CITY,POINT_X,POINT_Y
8547725,2017,2018-02-10,3702,2017-12-11,1615,1069,NA,1,5,6,3702,0,0,0,NA,0,032,OTAY LAKES RD,LANE AV,0,NA,Y,A,-,N,NA,NA,NA,NA,NA,NA,NA,NA,NA,N,3,0,1,2,A,-,10,21950,A,N,G,B,B,A,H,-,A,A,0,Y,NA,NA,NA,Y,NA,A,01,0,1,0,0,1,0,0,0,0,-,-,NA,NA,SAN DIEGO,CHULA VISTA,-116.96117011,32.64966011
8548791,2018,2018-02-15,3711,2018-02-03,1325,6166,NA,6,5,7,3711,0,0,0,NA,0,438,TONAWANDA ST,REO DR,611,W,N,A,-,N,NA,NA,NA,NA,NA,NA,NA,NA,NA,NA,4,0,1,2,A,-,08,22107,NA,N,A,C,A,A,H,-,A,D,0,NA,NA,NA,NA,Y,NA,-,NA,0,0,1,0,0,0,0,0,0,-,-,NA,NA,SAN DIEGO,SAN DIEGO,-117.06156158447266,32.66386032104492
8549237,2017,2018-02-28,3702,2017-12-12,1221,CV0984,NA,2,5,6,3702,0,0,0,NA,0,032,BONITA RD,OTAY LAKES RD,0,NA,Y,A,-,N,NA,NA,NA,NA,NA,NA,NA,NA,NA,Y,4,0,2,2,A,-,12,21453,A,N,A,C,A,A,H,-,A,A,0,NA,NA,NA,NA,Y,NA,D,22,0,0,2,0,0,0,0,0,0,-,-,NA,NA,SAN DIEGO,CHULA VISTA,-117.0313101,32.66135003
8549647,2018,2018-02-13,3711,2018-01-29,2018,6391,NA,1,5,7,3711,0,0,0,NA,0,231,POWAY RD,SABRE SPRINGS PKWY,0,NA,Y,A,-,N,NA,NA,NA,NA,NA,NA,NA,NA,NA,N,3,0,4,2,A,-,03,22350,NA,N,C,C,A,A,H,-,C,A,0,NA,NA,NA,NA,Y,NA,-,NA,0,4,0,0,0,0,0,0,0,-,-,NA,NA,SAN DIEGO,SAN DIEGO,-117.09593200683594,32.94707107543945
8552344,2018,2018-02-16,3708,2018-01-19,0921,IM1271,NA,5,5,5,3708,0,0,0,NA,0,004,AMAYA DR,AMAYA CT,0,NA,Y,A,-,N,NA,NA,NA,NA,NA,NA,NA,NA,NA,Y,4,0,1,2,A,-,09,21801,A,N,D,C,A,A,H,-,A,A,0,NA,NA,NA,NA,Y,NA,I,11,0,0,1,0,0,0,0,0,0,-,-,NA,NA,SAN DIEGO,LA MESA,-117.00135040283205,32.78617858886719
8553829,2017,2018-02-26,3710,2017-12-13,1014,OC1059,025,3,5,6,3710,0,0,0,NA,0,006,OCEAN RANCH BL,CORPORATE CENTRE,15,E,N,A,-,N,NA,NA,NA,NA,NA,NA,NA,NA,NA,N,4,0,2,2,A,-,03,22350,NA,N,C,C,A,A,H,-,A,A,0,NA,NA,NA,NA,Y,NA,D,22,0,0,2,0,0,0,0,0,0,-,-,33.21245,-117.30328,SAN DIEGO,OCEANSIDE,-117.3033077,33.21247061
8554140,2017,2018-06-08,3711,2017-12-04,0704,7386,NA,1,5,7,3711,0,0,0,NA,0,511,WABASH BL,SOUTH 32ND ST,974,N,N,A,-,N,NA,NA,NA,NA,NA,NA,NA,NA,NA,Y,4,0,1,2,A,-,03,22350,NA,N,B,C,A,A,H,-,A,A,0,NA,NA,Y,NA,Y,NA,C,02,0,0,1,0,0,0,0,0,1,-,-,NA,NA,SAN DIEGO,SAN DIEGO,NA,NA
8554516,2018,2018-07-30,3711,2018-01-09,1928,7403,SD,2,5,7,3711,0,0,0,NA,0,445,47TH ST,AIR WY,0,NA,Y,C,-,Y,SD,11,94,-,-,4.704,R,4,E,N,4,0,1,2,A,-,08,22108,NA,N,C,C,A,B,H,-,B,D,0,NA,NA,NA,NA,Y,NA,-,-,0,0,1,0,0,0,0,0,0,-,-,NA,NA,SAN DIEGO,SAN DIEGO,-117.09241485595705,32.71779251098633
8558846,2018,2018-02-23,3701,2018-01-25,1256,CB5342,NA,4,5,5,3701,0,0,0,NA,0,006,PALOMAR AIRPORT RD,YARROW DR,680,E,N,A,-,N,NA,NA,NA,NA,NA,NA,NA,NA,NA,Y,3,0,2,3,A,-,03,22350,NA,N,C,C,A,A,H,-,A,A,0,NA,NA,NA,NA,Y,NA,A,01,0,1,1,0,0,0,0,0,0,-,-,NA,NA,SAN DIEGO,CARLSBAD,-117.27356719970705,33.126502990722656
8558910,2018,2018-02-26,3701,2018-01-16,0501,CB5290,NA,2,5,5,3701,0,0,0,NA,0,006,AVENIDA ENCINAS,PALOMAR AIRPORT RD,0,NA,Y,B,-,N,NA,NA,NA,NA,NA,NA,NA,NA,NA,N,3,0,1,2,A,-,05,21650,1,N,D,G,A,A,H,-,B,D,0,NA,Y,NA,NA,Y,NA,L,04,0,1,0,0,0,0,1,0,0,-,-,NA,NA,SAN DIEGO,CARLSBAD,-117.3249282836914,33.122310638427734
8559007,2018,2018-03-14,3711,2018-02-06,2104,6332,NA,2,5,7,3711,0,0,0,NA,0,835,FAIRMOUNT AV,POPLAR ST,84,S,N,A,-,N,NA,NA,NA,NA,NA,NA,NA,NA,NA,N,4,0,2,2,A,-,08,22107,NA,M,C,C,A,A,H,-,C,D,0,NA,NA,NA,NA,Y,NA,-,NA,0,0,2,0,0,0,0,0,0,-,-,NA,NA,SAN DIEGO,SAN DIEGO,-117.10099029541016,32.738189697265625
8560850,2018,2018-03-08,3711,2018-02-11,1403,4656,SANDI,7,5,7,3711,0,0,0,NA,0,713,KERNS ST,SARNEN ST,400,W,N,A,-,N,NA,NA,NA,NA,NA,NA,NA,NA,NA,N,2,0,1,1,A,-,03,22350,NA,N,F,A,A,A,H,-,A,D,0,NA,NA,Y,NA,Y,NA,C,02,1,0,0,0,0,0,0,0,1,-,-,NA,NA,SAN DIEGO,SAN DIEGO,-116.95484161376952,32.55093002319336
8561411,2018,2018-02-27,3711,2018-02-10,1401,7196,SDPD,6,5,7,3711,0,0,0,NA,0,234,POMERADO RD,POMERADO RD  18900,6,N,N,B,-,N,NA,NA,NA,NA,NA,NA,NA,NA,NA,N,3,0,1,2,A,-,04,21703,NA,N,C,C,A,A,H,-,A,A,0,NA,NA,NA,NA,Y,NA,A,01,0,1,0,0,0,0,0,0,0,-,-,NA,NA,SAN DIEGO,SAN DIEGO,NA,NA
8561423,2018,2018-02-27,3711,2018-02-09,0755,4653,NA,5,5,7,3711,0,0,0,NA,0,824,FAIRMONT AV,RT 8,500,S,N,B,-,N,NA,NA,NA,NA,NA,NA,NA,NA,NA,Y,3,0,1,2,A,-,07,21658,A,N,C,C,A,A,H,-,A,D,0,NA,NA,Y,NA,Y,NA,A,01,0,1,0,0,0,0,0,0,1,-,SO,NA,NA,SAN DIEGO,SAN DIEGO,-117.10076904296876,32.777896881103516
8561688,2018,2018-02-28,3710,2018-02-01,2203,OC1434,NA,4,5,6,3710,0,0,0,NA,0,005,COLLEGE BL,FRAZEE RD,11,S,Y,A,-,N,NA,NA,NA,NA,NA,NA,NA,NA,NA,Y,4,0,1,2,A,-,12,21453,A,N,D,C,A,A,H,-,C,A,0,NA,NA,NA,NA,Y,NA,A,01,0,0,1,0,0,0,0,0,0,-,-,NA,NA,SAN DIEGO,OCEANSIDE,-117.29286193847656,33.23691177368164
8561960,2018,2018-02-26,3706,2018-01-21,1748,507,ESCON,7,5,6,3706,0,0,0,NA,0,045,VALLEY PL,AUTO PARK WY,0,NA,Y,A,-,N,NA,NA,NA,NA,NA,NA,NA,NA,NA,Y,3,0,1,2,A,-,09,21453,C,N,D,C,A,A,H,-,B,A,0,NA,NA,NA,NA,Y,NA,A,01,0,1,0,0,0,0,0,0,0,-,-,33.113040924072266,-117.10205841064452,SAN DIEGO,ESCONDIDO,-117.10214996337892,33.113059997558594
8562853,2018,2018-02-28,3705,2018-01-30,1403,EC0324,NA,2,5,5,3705,0,0,0,NA,0,003,JAMACHA,GRANITE HILLS DR,0,NA,N,A,-,N,NA,NA,NA,NA,NA,NA,NA,NA,NA,N,4,0,1,2,A,-,03,22350,NA,N,C,C,A,A,H,-,A,A,0,NA,NA,NA,NA,Y,NA,A,07,0,0,1,0,0,0,0,0,0,-,-,NA,NA,SAN DIEGO,EL CAJON,-116.9279327392578,32.7852897644043
8562990,2018,2018-03-02,3711,2018-01-30,1548,5600,NA,2,5,7,3711,0,0,0,NA,0,242,BLACK MOUNTAIN RD,CARROLL RD,264,S,N,A,-,N,NA,NA,NA,NA,NA,NA,NA,NA,NA,Y,2,0,2,2,A,-,08,22107,NA,N,A,C,A,A,H,-,A,D,0,NA,NA,NA,NA,Y,NA,A,07,1,1,0,0,0,0,0,0,0,-,-,NA,NA,SAN DIEGO,SAN DIEGO,-117.12214660644533,32.89809036254883
8563071,2018,2018-03-08,3711,2018-02-19,0841,7691,NA,1,5,7,3711,0,0,0,NA,0,442,NATIONAL AV,S 37TH ST,0,NA,Y,B,-,N,NA,NA,NA,NA,NA,NA,NA,NA,NA,Y,4,0,1,2,A,-,09,21802,A,N,D,C,A,A,H,-,A,D,0,NA,NA,NA,NA,Y,NA,A,01,0,0,1,0,0,0,0,0,0,-,-,NA,NA,SAN DIEGO,SAN DIEGO,-117.11460876464844,32.69602966308594
8563521,2018,2018-03-06,3711,2018-02-16,1500,4421,NA,5,5,7,3711,0,0,0,NA,0,931,SCRANTON RD,SORRENTO SOUTH DRWY,0,NA,Y,A,-,N,NA,NA,NA,NA,NA,NA,NA,NA,NA,Y,3,0,3,2,A,-,12,21453,A,N,D,C,A,A,H,-,A,A,0,NA,NA,NA,NA,Y,NA,-,NA,0,3,0,0,0,0,0,0,0,-,-,NA,NA,SAN DIEGO,SAN DIEGO,-117.20142364501952,32.89139175415039
8563533,2018,2018-03-06,3711,2018-02-16,2142,4310,NA,5,5,7,3711,0,0,0,NA,0,124,TORREY PINES RD,HIDDEN VALLEY RD,0,NA,Y,A,-,N,NA,NA,NA,NA,NA,NA,NA,NA,NA,Y,3,0,1,3,A,-,12,21453,A,N,D,C,A,A,H,-,C,A,0,NA,NA,NA,NA,Y,Y,A,07,0,1,0,0,0,0,0,0,0,-,-,NA,NA,SAN DIEGO,SAN DIEGO,-117.25161743164063,32.850040435791016
8563537,2018,2018-03-06,3711,2018-02-10,1546,4897,NA,6,5,7,3711,0,0,0,NA,0,246,SCRIPPS POWAY PKWY,ANGELIQUE ST,0,NA,Y,A,-,N,NA,NA,NA,NA,NA,NA,NA,NA,NA,Y,3,0,1,1,A,-,08,22107,NA,N,E,I,A,A,H,-,A,A,0,NA,NA,NA,NA,Y,NA,A,01,0,1,0,0,0,0,0,0,0,-,-,NA,NA,SAN DIEGO,SAN DIEGO,-117.0730438232422,32.93442916870117
8563573,2018,2018-03-13,3711,2018-02-14,2100,6962,NA,3,5,7,3711,0,0,0,NA,0,713,BRITANNIA BL,BRITANNIA BL  2200,0,NA,Y,A,C,N,NA,NA,NA,NA,NA,NA,NA,NA,NA,Y,4,0,2,2,A,-,05,21651,B,N,A,C,A,B,-,-,C,D,0,NA,NA,NA,NA,Y,NA,-,NA,0,0,2,0,0,0,0,0,0,-,-,NA,NA,SAN DIEGO,SAN DIEGO,-116.97987914,32.55863271
8563636,2018,2018-03-02,3711,2018-02-20,0009,6437,NA,2,5,7,3711,0,0,0,NA,0,824,FAIRMOUNT AV,TALMADGE CANYON ROW,29,N,N,B,-,N,NA,NA,NA,NA,NA,NA,NA,NA,NA,Y,2,0,2,2,A,-,05,21651,B,N,A,C,A,A,H,-,C,D,0,NA,NA,NA,NA,Y,Y,A,01,1,0,1,0,0,0,0,0,0,-,-,NA,NA,SAN DIEGO,SAN DIEGO,-117.09680938720705,32.76710891723633
8564406,2018,2018-02-26,3702,2018-01-28,0744,CV1174,NA,7,5,6,3702,0,0,0,NA,0,022,3RD AV,NAPLES ST,0,NA,Y,A,-,N,NA,NA,NA,NA,NA,NA,NA,NA,NA,Y,4,0,2,2,A,-,12,21453,A,N,D,C,A,A,H,-,A,A,0,NA,NA,NA,NA,Y,NA,A,01,0,0,2,0,0,0,0,0,0,-,-,NA,NA,SAN DIEGO,CHULA VISTA,-117.069091796875,32.61368179321289
8564426,2018,2018-02-26,3702,2018-01-22,0820,DV1225,NA,1,5,6,3702,0,0,0,NA,0,014,E ST,2ND AV,0,NA,Y,A,-,N,NA,NA,NA,NA,NA,NA,NA,NA,NA,N,4,0,1,2,A,-,04,21703,NA,M,C,C,A,A,H,-,A,D,0,NA,NA,NA,NA,Y,Y,-,99,0,0,1,0,0,0,0,0,0,-,-,NA,NA,SAN DIEGO,CHULA VISTA,-117.0771713256836,32.64588928222656
8564613,2018,2018-02-28,3703,2018-01-31,0800,1270,NA,3,5,3,3703,0,0,0,NA,0,002,8TH ST,D AV,0,NA,Y,A,-,N,NA,NA,NA,NA,NA,NA,NA,NA,NA,Y,4,0,1,2,A,-,09,21802,A,N,D,C,A,A,H,-,A,D,0,NA,NA,NA,NA,Y,NA,A,01,0,0,1,0,0,0,0,0,0,-,-,NA,NA,SAN DIEGO,CORONADO,-117.17936706542967,32.68925094604492
8564976,2018,2018-08-07,3706,2018-02-14,1440,318,ESCON,3,5,6,3706,0,0,0,NA,0,055,9TH AV,RT 15,0,NA,Y,A,-,Y,SD,11,15,-,R,30.222,R,4,N,Y,4,0,2,2,A,-,12,21453,A,N,D,C,A,A,H,-,A,A,0,NA,NA,NA,NA,Y,NA,A,01,0,0,2,0,0,0,0,0,0,-,NF,33.10853958129883,-117.09481811523438,SAN DIEGO,ESCONDIDO,-117.09571838378906,33.11013412475586
8565200,2018,2018-03-06,3701,2018-02-09,1044,CB5241,NA,5,5,5,3701,0,0,0,NA,0,006,PALOMAR AIRPORT RD,ARMADA DR,294,E,N,A,-,N,NA,NA,NA,NA,NA,NA,NA,NA,NA,N,4,0,1,3,A,-,03,22350,NA,N,C,C,A,A,H,-,A,A,0,NA,NA,NA,NA,Y,NA,A,01,0,0,1,0,0,0,0,0,0,-,-,NA,NA,SAN DIEGO,CARLSBAD,-117.3125457763672,33.12203598022461
8565665,2018,2018-03-08,3700,2018-01-02,1719,SH7690,NA,2,5,4,3780,0,0,0,NA,0,412,ESPOLA RD,POWAY RD,551,N,N,A,-,N,NA,NA,NA,NA,NA,NA,NA,NA,NA,Y,4,0,1,3,A,-,03,22350,NA,N,C,C,A,A,H,-,D,D,0,NA,NA,NA,NA,Y,NA,A,01,0,0,1,0,0,0,0,0,0,-,-,NA,NA,SAN DIEGO,POWAY,-117.01646423339844,32.97121047973633
8568081,2018,2018-03-09,3711,2018-02-15,2031,HB5940,NA,4,5,7,3711,0,0,0,NA,0,503,NORTH HARBOR DR,LINDBERGH FIELD WY,0,NA,Y,A,-,N,NA,NA,NA,NA,NA,NA,NA,NA,NA,N,3,0,1,2,A,-,08,22107,NA,N,B,G,A,A,H,-,C,A,0,NA,Y,NA,NA,Y,NA,A,01,0,1,0,0,0,0,1,0,0,-,-,NA,NA,SAN DIEGO,SAN DIEGO,-117.184304,32.728675
8571056,2018,2018-06-28,3711,2018-02-22,2002,4663,SAN D,4,5,7,3711,0,0,0,NA,0,235,SAN PASQUAL RD,BANDY CANYON RD,15312,S,N,A,-,N,NA,NA,NA,NA,NA,NA,NA,NA,NA,Y,3,0,3,2,A,-,05,21460,A,N,A,C,A,A,H,-,D,D,0,NA,NA,NA,NA,Y,NA,A,01,0,3,0,0,0,0,0,0,0,-,-,NA,NA,SAN DIEGO,SAN DIEGO,-116.91612482,33.08452716
8571466,2018,2018-03-15,3711,2018-02-17,0858,4759,NA,6,5,7,3711,0,0,0,NA,0,124,GILMAN DR,GILMAN DR 8200,2112,N,N,B,-,N,NA,NA,NA,NA,NA,NA,NA,NA,NA,N,4,0,1,1,A,-,04,21703,NA,N,G,A,A,A,H,-,A,D,0,NA,Y,NA,NA,Y,NA,L,04,0,0,1,0,0,0,1,0,0,-,-,NA,NA,SAN DIEGO,SAN DIEGO,NA,NA
8571470,2018,2018-08-07,3711,2018-02-24,2247,6034,NA,6,5,7,3711,0,0,0,NA,0,311,AERO DR,RT 15,22,W,N,A,-,Y,SD,11,15,-,R,8.205,R,4,S,Y,3,0,1,2,A,-,09,21453,C,N,D,C,A,A,H,-,C,A,0,NA,NA,NA,NA,Y,NA,A,01,0,1,0,0,0,0,0,0,0,-,SO,NA,NA,SAN DIEGO,SAN DIEGO,-117.1139678955078,32.80806350708008
8571474,2018,2018-03-14,3711,2018-02-25,1710,6788,NA,7,5,7,3711,0,0,0,NA,0,313,CONVOY ST,RONSON RD,150,S,N,A,-,N,NA,NA,NA,NA,NA,NA,NA,NA,NA,Y,3,0,1,2,A,-,04,21703,NA,N,B,C,A,A,H,-,A,D,0,NA,NA,NA,NA,Y,NA,-,NA,0,1,0,0,0,0,0,0,0,-,-,NA,NA,SAN DIEGO,SAN DIEGO,-117.1533432006836,32.828643798828125
8571794,2018,2018-03-13,3702,2018-02-17,1930,CV1226,NA,6,5,6,3702,0,0,0,NA,0,042,OTAY LAKES RD,LANE AV,30,W,N,A,-,N,NA,NA,NA,NA,NA,NA,NA,NA,NA,Y,4,0,2,2,A,-,03,22350,NA,N,C,C,A,A,H,-,C,A,0,NA,NA,NA,NA,Y,NA,A,01,0,0,2,0,0,0,0,0,0,-,-,NA,NA,SAN DIEGO,CHULA VISTA,-116.96126556396484,32.64963912963867
8572255,2018,2018-03-14,3711,2018-02-26,0739,7381,NA,1,5,7,3711,0,0,0,NA,0,511,MAIN ST,MAIN ST 2600,0,NA,-,A,-,N,NA,NA,NA,NA,NA,NA,NA,NA,NA,Y,4,0,1,1,A,-,08,22107,NA,N,E,I,A,A,H,-,A,D,0,NA,NA,NA,NA,Y,NA,-,NA,0,0,1,0,0,0,0,0,0,-,-,NA,NA,SAN DIEGO,SAN DIEGO,-117.13805348,32.69310306
8573087,2018,2018-03-21,3710,2018-01-22,1623,OC1456,012,1,5,6,3710,0,0,0,NA,0,005,OCEANSIDE BL,CAMELOT DR,10,E,N,A,-,N,NA,NA,NA,NA,NA,NA,NA,NA,NA,N,4,0,1,2,A,-,04,21703,NA,N,C,C,A,A,H,-,A,D,0,NA,NA,NA,NA,Y,NA,D,22,0,0,1,0,0,0,0,0,0,-,-,NA,NA,SAN DIEGO,OCEANSIDE,-117.34396362304688,33.20094299316406
8574203,2018,2018-03-19,3701,2018-02-27,0835,CB5481,NA,2,5,5,3701,0,0,0,NA,0,007,EL CAMINIO REAL,AVIARA PKWY,10,S,N,A,-,N,NA,NA,NA,NA,NA,NA,NA,NA,NA,N,4,0,1,2,A,-,03,22350,NA,N,C,C,A,A,H,-,C,A,0,NA,NA,NA,NA,Y,NA,A,01,0,0,1,0,0,0,0,0,0,-,-,NA,NA,SAN DIEGO,CARLSBAD,-117.26659393310548,33.10231399536133
8574302,2018,2018-04-02,3711,2018-02-25,1027,6570,SD,7,5,7,3711,0,0,0,NA,0,832,43RD ST,POLK AV,0,NA,Y,A,-,N,NA,NA,NA,NA,NA,NA,NA,NA,NA,Y,4,0,2,3,A,-,09,21802,A,N,D,C,A,A,H,-,A,A,0,NA,NA,NA,NA,Y,NA,A,01,0,0,2,0,0,0,0,0,0,-,-,NA,NA,SAN DIEGO,SAN DIEGO,-117.10198974609376,32.751399993896484
8574310,2018,2018-03-16,3711,2018-02-28,2050,6151,NA,3,5,7,3711,0,0,0,NA,0,313,CLAIREMONT MESA BL,MERCURY ST,360,E,N,B,-,N,NA,NA,NA,NA,NA,NA,NA,NA,NA,N,4,0,1,3,A,-,08,22107,NA,N,B,E,A,A,H,-,C,D,0,NA,NA,NA,NA,Y,NA,-,NA,0,0,1,0,0,0,0,0,0,-,-,NA,NA,SAN DIEGO,SAN DIEGO,-117.14773559570313,32.83287048339844
8575141,2018,2018-07-30,3711,2018-03-03,1039,5985,NA,6,5,7,3711,0,0,0,NA,0,524,A ST,11TH AV,0,NA,Y,B,-,Y,SD,11,163,-,-,0.531,I,5,N,Y,3,0,1,2,A,-,12,21453,A,N,D,C,A,B,H,-,A,A,0,NA,NA,NA,NA,Y,NA,A,07,0,1,0,0,0,0,0,0,0,-,-,NA,NA,SAN DIEGO,SAN DIEGO,-117.1547393798828,32.7188835144043
8575145,2018,2018-07-30,3711,2018-03-03,0049,4310,NA,6,5,7,3711,0,0,0,NA,0,524,A ST,11TH AV,0,NA,Y,B,C,Y,SD,11,163,-,-,0.531,I,5,N,Y,4,0,1,2,A,-,12,21453,A,N,D,C,A,B,H,-,C,A,0,NA,NA,NA,NA,Y,Y,A,01,0,0,1,0,0,0,0,0,0,-,-,NA,NA,SAN DIEGO,SAN DIEGO,-117.1547393798828,32.7188835144043
8576034,2018,2018-03-19,3711,2018-03-05,0832,7607,NA,1,5,7,3711,0,0,0,NA,0,831,UNIVERSITY AV,CHAMOUNE AV,18,W,N,A,-,N,NA,NA,NA,NA,NA,NA,NA,NA,NA,N,3,0,1,2,A,-,04,21703,NA,N,C,C,A,A,H,-,A,A,0,NA,NA,Y,NA,Y,NA,C,02,0,1,0,0,0,0,0,0,1,-,-,NA,NA,SAN DIEGO,SAN DIEGO,-117.09664154052734,32.74959945678711
8576584,2018,2018-04-09,3711,2018-02-28,1010,7483,NA,3,5,7,3711,0,0,0,NA,0,713,SIEMPRE VIVA RD,SIEMPRE VIVA RD 9700,18,S,N,A,-,N,NA,NA,NA,NA,NA,NA,NA,NA,NA,Y,4,0,1,2,A,-,08,22107,NA,N,B,C,A,A,H,-,A,D,0,NA,NA,NA,Y,Y,NA,G,25,0,0,1,0,0,0,0,0,0,-,-,32.55413055419922,-116.56095886230467,SAN DIEGO,SAN DIEGO,NA,NA
8576591,2018,2018-03-19,3711,2018-03-06,1634,5679,NA,2,5,7,3711,0,0,0,NA,0,232,WORLD TRADE DR,CONFERENCE WY,0,NA,Y,A,-,N,NA,NA,NA,NA,NA,NA,NA,NA,NA,Y,3,0,1,2,A,-,09,21801,A,N,A,C,A,A,H,-,A,A,0,NA,NA,NA,NA,Y,NA,D,22,0,1,0,0,0,0,0,0,0,-,-,NA,NA,SAN DIEGO,SAN DIEGO,-117.07383728027344,32.98583984375
8577681,2018,2018-03-26,3706,2018-03-09,1700,507,ESCON,5,5,6,3706,0,0,0,NA,0,041,CENTRE CITY PKWY,EL NORTE PKWY,49,S,N,A,-,N,NA,NA,NA,NA,NA,NA,NA,NA,NA,Y,4,0,1,2,A,-,01,23152,A,N,C,C,A,A,H,-,B,A,0,NA,NA,NA,NA,Y,Y,A,01,0,0,1,0,0,0,0,0,0,-,-,33.1397705078125,-117.09332275390624,SAN DIEGO,ESCONDIDO,-117.09339141845705,33.13965606689453
8577743,2018,2018-03-27,3706,2018-03-03,1509,484,ESCON,6,5,6,3706,0,0,0,NA,0,041,ESCONDIDO BL,DECATUR WY,27,N,N,A,-,N,NA,NA,NA,NA,NA,NA,NA,NA,NA,Y,3,0,2,2,A,-,09,21801,A,N,D,C,A,A,H,-,A,D,0,NA,NA,NA,NA,Y,NA,A,01,0,1,1,0,0,0,0,0,0,-,-,33.135589599609375,-117.09221649169922,SAN DIEGO,ESCONDIDO,-117.09223175048828,33.13555145263672
8577747,2018,2018-03-27,3706,2018-03-03,2012,510,ESCON,6,5,6,3706,0,0,0,NA,0,052,JUNIPER ST,2ND AV,0,NA,Y,C,-,N,NA,NA,NA,NA,NA,NA,NA,NA,NA,Y,3,0,1,2,A,-,12,21453,A,N,C,C,A,B,H,-,C,A,0,NA,NA,NA,NA,Y,NA,A,01,0,1,0,0,0,0,0,0,0,-,-,33.122100830078125,-117.07804870605467,SAN DIEGO,ESCONDIDO,-117.07808685302734,33.12211990356445
8580441,2018,2018-04-03,3711,2018-03-12,1654,7466,E,1,5,7,3711,0,0,0,NA,0,315,CAMINO DEL RIO N,AUTO CIR,0,NA,Y,A,-,N,NA,NA,NA,NA,NA,NA,NA,NA,NA,N,3,0,1,2,A,I,-,NA,NA,N,B,J,A,A,H,-,A,A,0,NA,NA,NA,NA,Y,NA,-,NA,0,1,0,0,0,0,0,0,0,-,-,32.7666015625,-117.15360260009766,SAN DIEGO,SAN DIEGO,-117.1533432006836,32.76686096191406
8581284,2018,2018-03-21,3705,2018-02-13,1812,EC0359,NA,2,5,5,3705,0,0,0,NA,0,004,E RENETTE AV,AVOCADO AV,13,W,N,A,-,N,NA,NA,NA,NA,NA,NA,NA,NA,NA,N,3,0,1,2,A,-,11,21954,A,N,G,B,D,A,H,-,C,D,0,Y,NA,NA,NA,Y,Y,N,60,0,1,0,0,1,0,0,0,0,-,-,NA,NA,SAN DIEGO,EL CAJON,-116.95779418945313,32.78411865234375
8582492,2018,2018-03-23,3710,2018-02-15,1921,OC1430,028,4,5,6,3710,0,0,0,NA,0,009,COLLEGE BL,AVNDA EMPRESSA,292,S,N,A,-,N,NA,NA,NA,NA,NA,NA,NA,NA,NA,Y,4,0,1,2,A,-,01,23152,A,N,C,C,A,A,H,-,C,A,0,NA,NA,NA,NA,Y,Y,A,01,0,0,1,0,0,0,0,0,0,-,-,33.22203826904297,-117.29029083251952,SAN DIEGO,OCEANSIDE,-117.28996575,33.22129807
8583422,2018,2018-08-09,3703,2018-03-03,1125,1314,NA,6,5,3,3703,0,0,0,NA,0,002,ORANGE AV,8TH ST,0,NA,N,A,-,Y,SD,11,75,-,-,19.13,H,-,S,N,4,0,1,2,A,-,17,22517,NA,N,G,B,D,A,H,-,A,A,0,Y,Y,NA,NA,Y,NA,N,60,0,0,1,0,0,0,1,0,0,-,-,NA,NA,SAN DIEGO,CORONADO,-117.17852783203124,32.688419342041016
8586294,2018,2018-04-17,3706,2018-03-25,2014,507,ESCON,7,5,6,3706,0,0,0,NA,0,042,MISSION AV,GRAPE ST,0,NA,Y,A,-,N,NA,NA,NA,NA,NA,NA,NA,NA,NA,Y,3,0,1,2,A,-,01,23152,A,N,A,C,A,A,H,-,C,D,0,NA,NA,NA,NA,Y,Y,A,07,0,1,0,0,0,0,0,0,0,-,-,33.13246154785156,-117.07882690429688,SAN DIEGO,ESCONDIDO,-117.07875823974608,33.132381439208984
8587088,2018,2018-04-20,3709,2018-03-08,1557,NC0458,NA,4,5,5,3709,0,0,0,NA,0,023,HIGHLAND AV,27TH ST,3,S,N,A,-,N,NA,NA,NA,NA,NA,NA,NA,NA,NA,Y,3,0,1,2,A,-,01,23152,E,N,G,B,B,A,H,-,A,D,0,Y,NA,NA,NA,Y,NA,A,01,0,1,0,0,1,0,0,0,0,-,-,NA,NA,SAN DIEGO,NATIONAL CITY,NA,NA