CASE_ID,ACCIDENT_YEAR,PROC_DATE,JURIS,COLLISION_DATE,COLLISION_TIME,OFFICER_ID,REPORTING_DISTRICT,DAY_OF_WEEK,CHP_SHIFT,POPULATION,CNTY_CITY_LOC,SPECIAL_COND,BEAT_TYPE,CHP_BEAT_TYPE,CITY_DIVISION_LAPD,CHP_BEAT_CLASS,BEAT_NUMBER,PRIMARY_RD,SECONDARY_RD,DISTANCE,DIRECTION,INTERSECTION,WEATHER_1,WEATHER_2,STATE_HWY_IND,CALTRANS_COUNTY,CALTRANS_DISTRICT,STATE_ROUTE,ROUTE_SUFFIX,POSTMILE_PREFIX,POSTMILE,LOCATION_TYPE,RAMP_INTERSECTION,SIDE_OF_HWY,TOW_AWAY,COLLISION_SEVERITY,NUMBER_KILLED,NUMBER_INJURED,PARTY_COUNT,PRIMARY_COLL_FACTOR,PCF_CODE_OF_VIOL,PCF_VIOL_CATEGORY,PCF_VIOLATION,PCF_VIOL_SUBSECTION,HIT_AND_RUN,TYPE_OF_COLLISION,MVIW,PED_ACTION,ROAD_SURFACE,ROAD_COND_1,ROAD_COND_2,LIGHTING,CONTROL_DEVICE,CHP_ROAD_TYPE,PEDESTRIAN_ACCIDENT,BICYCLE_ACCIDENT,MOTORCYCLE_ACCIDENT,TRUCK_ACCIDENT,NOT_PRIVATE_PROPERTY,ALCOHOL_INVOLVED,STWD_VEHTYPE_AT_FAULT,CHP_VEHTYPE_AT_FAULT,COUNT_SEVERE_INJ,COUNT_VISIBLE_INJ,COUNT_COMPLAINT_PAIN,COUNT_PED_KILLED,COUNT_PED_INJURED,COUNT_BICYCLIST_KILLED,COUNT_BICYCLIST_INJURED,COUNT_MC_KILLED,COUNT_MC_INJURED,PRIMARY_RAMP,SECONDARY_RAMP,LATITUDE,LONGITUDE,COUNTY,CITY,POINT_X,POINT_Y
8589064,2018,2018-04-19,3711,2018-03-19,0306,7329,SDPD,1,5,7,3711,0,0,0,NA,0,723,BEYER WY,BEYER WY 1200,0,NA,N,A,-,N,NA,NA,NA,NA,NA,NA,NA,NA,NA,Y,3,0,1,5,A,-,01,23152,NA,N,C,E,A,A,H,-,D,D,0,NA,NA,NA,NA,Y,Y,-,NA,0,1,0,0,0,0,0,0,0,-,-,32.57379913330078,-117.06549835205078,SAN DIEGO,SAN DIEGO,-117.06548542,32.57370949
8591018,2018,2018-04-10,3710,2018-03-22,1640,OC1431,011,4,5,6,3710,0,0,0,NA,0,004,OCEANSIDE BL,VINE ST,804,E,N,C,-,N,NA,NA,NA,NA,NA,NA,NA,NA,NA,Y,4,0,1,2,A,-,01,23152,A,N,C,C,A,B,H,-,A,A,0,NA,NA,NA,NA,Y,Y,A,01,0,0,1,0,0,0,0,0,0,-,-,33.18886947631836,-117.36406707763672,SAN DIEGO,OCEANSIDE,-117.3624267578125,33.190250396728516
8591149,2018,2018-04-06,3702,2018-02-24,1100,CV1223,NA,6,5,6,3702,0,0,0,NA,0,021,MAIN ST,BROADWAY,55,W,N,A,-,N,NA,NA,NA,NA,NA,NA,NA,NA,NA,Y,3,0,2,5,A,-,03,22350,NA,N,A,E,F,A,H,-,A,A,0,Y,NA,NA,NA,Y,NA,A,01,0,1,1,0,1,0,0,0,0,-,-,NA,NA,SAN DIEGO,CHULA VISTA,-117.07534790039063,32.59477996826172
8591161,2018,2018-04-06,3702,2018-02-12,2100,CV1218,NA,1,5,6,3702,0,0,0,NA,0,021,BROADWAY,PALOMAR ST,433,N,N,A,-,N,NA,NA,NA,NA,NA,NA,NA,NA,NA,Y,3,0,1,2,A,-,09,21801,A,F,G,B,E,A,H,-,C,D,0,Y,NA,NA,NA,Y,NA,A,01,0,1,0,0,1,0,0,0,0,-,-,NA,NA,SAN DIEGO,CHULA VISTA,-117.07920837402344,32.60454559326172
8592083,2018,2018-04-19,3711,2018-03-30,1508,7341,NA,5,5,7,3711,0,0,0,NA,0,123,FIESTA ISLAND RD,EAST MISSION BAY DR,10032,W,N,A,-,N,NA,NA,NA,NA,NA,NA,NA,NA,NA,N,4,0,1,1,A,-,08,22107,NA,N,F,A,A,A,H,-,A,D,0,NA,Y,NA,NA,Y,NA,L,04,0,0,1,0,0,0,1,0,0,-,-,NA,NA,SAN DIEGO,SAN DIEGO,-117.21927642822266,32.77671432495117
8592113,2018,2018-04-18,3711,2018-03-27,2110,7351,NA,2,5,7,3711,0,0,0,NA,0,122,GARNET AV,JEWELL ST,250,E,N,A,-,N,NA,NA,NA,NA,NA,NA,NA,NA,NA,Y,4,0,1,3,-,-,-,NA,NA,M,C,C,A,A,H,-,C,A,0,NA,NA,NA,NA,Y,NA,-,-,0,0,1,0,0,0,0,0,0,-,-,NA,NA,SAN DIEGO,SAN DIEGO,-117.23818206787108,32.80036544799805
8592119,2017,2018-04-19,3711,2017-03-29,1759,5850,NA,3,5,7,3711,0,0,0,NA,0,313,MERCURY ST,ROMONA RD,17,S,N,A,-,N,NA,NA,NA,NA,NA,NA,NA,NA,NA,N,3,0,1,2,A,-,09,21801,A,N,A,C,A,A,H,-,A,A,0,NA,NA,NA,NA,Y,NA,-,NA,0,1,0,0,0,0,0,0,0,-,-,NA,NA,SAN DIEGO,SAN DIEGO,NA,NA
8592676,2018,2018-04-10,3711,2018-03-23,1555,6521,NA,5,5,7,3711,0,0,0,NA,0,242,CAMINO RUIZ,MIRA MESA BL,120,N,N,A,-,N,NA,NA,NA,NA,NA,NA,NA,NA,NA,N,2,0,1,3,A,-,11,21950,B,N,H,J,D,A,H,-,A,D,0,Y,NA,NA,NA,Y,NA,-,-,1,0,0,0,0,0,0,0,0,-,-,NA,NA,SAN DIEGO,SAN DIEGO,-117.1439971923828,32.91314697265625
8594133,2018,2018-08-21,3711,2018-04-03,1108,7462,NA,2,5,7,3711,0,0,0,NA,0,521,C ST,RT 5,0,NA,Y,A,-,Y,SD,11,5,-,R,15.155,R,4,S,Y,4,0,1,3,A,-,03,22350,NA,N,G,B,F,A,H,-,A,D,0,Y,NA,NA,NA,Y,NA,A,01,0,0,1,0,1,0,0,0,0,-,SO,NA,NA,SAN DIEGO,SAN DIEGO,-117.14777374267578,32.71538162231445
8594149,2018,2018-04-18,3711,2018-04-04,1152,6774,NA,3,5,7,3711,0,0,0,NA,0,512,IMPERIAL AV,36TH ST,272,W,N,A,B,N,NA,NA,NA,NA,NA,NA,NA,NA,NA,Y,4,0,1,2,A,-,05,21460,A,M,E,I,A,A,H,-,A,D,0,NA,NA,NA,NA,Y,NA,A,01,0,0,1,0,0,0,0,0,0,-,-,NA,NA,SAN DIEGO,SAN DIEGO,-117.11772918701172,32.70563888549805
8594400,2018,2018-04-25,3706,2018-04-06,0950,380,ESCON,5,5,6,3706,0,0,0,NA,0,045,ROCK SPRINGS RD,MISSION AV,340,S,N,A,-,N,NA,NA,NA,NA,NA,NA,NA,NA,NA,Y,4,0,1,2,A,-,09,21804,A,N,D,C,A,A,H,-,A,D,0,NA,NA,NA,NA,Y,NA,A,01,0,0,1,0,0,0,0,0,0,-,-,33.12649917602539,-117.09739685058594,SAN DIEGO,ESCONDIDO,-117.09706115722656,33.12569808959961
8595883,2018,2018-04-17,3711,2018-03-24,1735,7180,NA,6,5,7,3711,0,0,0,NA,0,622,MORENA BL,BUENOS AV,10,N,N,A,-,N,NA,NA,NA,NA,NA,NA,NA,NA,NA,N,3,0,2,2,A,-,12,21453,A,N,D,C,A,A,H,-,A,A,0,NA,NA,NA,NA,Y,Y,A,07,0,1,1,0,0,0,0,0,0,-,-,NA,NA,SAN DIEGO,SAN DIEGO,-117.20042419433594,32.7690544128418
8596340,2018,2018-04-24,3705,2018-02-02,1449,EC0346,NA,5,5,5,3705,0,0,0,NA,0,004,S  ANZA AV,E WASHINGTON AV,95,S,N,A,-,N,NA,NA,NA,NA,NA,NA,NA,NA,NA,N,4,0,1,2,A,-,03,22350,NA,M,C,C,A,A,H,-,A,A,0,NA,NA,NA,NA,Y,Y,D,22,0,0,1,0,0,0,0,0,0,-,-,NA,NA,SAN DIEGO,EL CAJON,-116.9481964111328,32.787391662597656
8598028,2018,2018-06-28,3711,2018-03-29,1835,6195,NA,4,5,7,3711,0,0,0,NA,0,811,ADAMS AV,40TH ST,93,W,N,A,-,N,NA,NA,NA,NA,NA,NA,NA,NA,NA,Y,3,0,3,3,A,-,04,21703,NA,N,C,C,A,A,H,-,A,D,0,NA,NA,NA,NA,Y,NA,A,01,0,1,2,0,0,0,0,0,0,-,-,NA,NA,SAN DIEGO,SAN DIEGO,-117.11035919189452,32.76327133178711
8599255,2018,2018-04-27,3711,2018-04-15,0045,6203,NA,7,5,7,3711,0,0,0,NA,0,838,35TH ST,ORANGE AV,0,NA,Y,A,-,N,NA,NA,NA,NA,NA,NA,NA,NA,NA,Y,4,0,1,2,A,-,12,21453,A,M,D,C,A,A,H,-,C,A,0,NA,NA,NA,NA,Y,NA,A,07,0,0,1,0,0,0,0,0,0,-,-,NA,NA,SAN DIEGO,SAN DIEGO,-117.11795806884766,32.75328826904297
8599629,2018,2018-04-24,3711,2018-04-06,0845,7033,NORTH,5,5,7,3711,0,0,0,NA,0,116,CLAIREMONT DR,IROQUOIS AV,450,S,N,A,-,N,NA,NA,NA,NA,NA,NA,NA,NA,NA,Y,3,0,1,3,A,-,08,22107,NA,N,B,E,A,A,H,-,A,D,0,NA,NA,NA,NA,Y,NA,A,01,0,1,0,0,0,0,0,0,0,-,-,NA,NA,SAN DIEGO,SAN DIEGO,-117.19326782226563,32.79621887207031
8601220,2018,2018-08-21,3703,2018-04-25,1305,1270,NA,3,5,3,3703,0,0,0,NA,0,003,SILVER STRAND BL,AVENIDA DEL SOL,0,NA,Y,A,-,Y,SD,11,75,-,-,18.494,I,6,S,N,4,0,1,2,A,-,10,21950,A,N,G,B,B,A,H,-,A,D,0,Y,NA,NA,NA,Y,NA,A,01,0,0,1,0,1,0,0,0,0,-,-,NA,NA,SAN DIEGO,CORONADO,-117.17628479003906,32.680572509765625
8601851,2017,2018-05-14,3700,2017-11-28,1045,SH5794,NA,2,5,5,3781,0,0,0,NA,0,518,MISSION GORGE RD,FANITA DR,0,NA,Y,A,-,N,NA,NA,NA,NA,NA,NA,NA,NA,NA,N,4,0,4,2,A,-,03,22350,NA,M,C,C,A,A,H,-,A,A,0,NA,NA,NA,NA,Y,NA,-,99,0,0,4,0,0,0,0,0,0,-,-,NA,NA,SAN DIEGO,SANTEE,-117.0007301,32.8386501
8601855,2017,2018-05-10,3700,2017-11-29,0910,SH7710,NA,3,5,5,3781,0,0,0,NA,0,519,CUYAMACA ST,PROSPECT AV,0,NA,Y,A,-,N,NA,NA,NA,NA,NA,NA,NA,NA,NA,Y,4,0,1,2,A,-,09,21453,C,N,D,C,A,A,H,-,A,A,0,NA,NA,NA,NA,Y,NA,A,07,0,0,1,0,0,0,0,0,0,-,-,NA,NA,SAN DIEGO,SANTEE,-116.98387006,32.83139002
8603656,2018,2018-05-07,3711,2018-04-24,1713,7579,NA,2,5,7,3711,0,0,0,NA,0,931,EASTGATE MALL,MIRAMAR RD,0,NA,-,A,-,N,NA,NA,NA,NA,NA,NA,NA,NA,NA,NA,4,0,2,2,A,-,08,22100,B,N,D,C,A,A,H,-,A,D,0,NA,NA,NA,NA,Y,NA,-,NA,0,0,2,0,0,0,0,0,0,-,-,NA,NA,SAN DIEGO,SAN DIEGO,-117.18631744384766,32.876861572265625
8603664,2018,2018-05-07,3711,2018-04-20,2000,5929,NA,5,5,7,3711,0,0,0,NA,0,122,GRAND AV,INGRAHAM ST,10,W,N,A,-,N,NA,NA,NA,NA,NA,NA,NA,NA,NA,N,4,0,1,2,A,-,03,22350,NA,M,C,C,A,A,H,-,C,A,0,NA,NA,NA,NA,Y,NA,-,NA,0,0,1,0,0,0,0,0,0,-,-,NA,NA,SAN DIEGO,SAN DIEGO,-117.24031066894533,32.79792404174805
8604655,2018,2018-05-09,3705,2018-04-18,1449,EC0344,NA,3,5,5,3705,0,0,0,NA,0,001,EL CAJON BL,LEXINGTON,43,S,N,A,-,N,NA,NA,NA,NA,NA,NA,NA,NA,NA,N,3,0,1,2,A,-,03,22350,NA,N,B,C,A,A,H,-,A,A,0,NA,NA,Y,NA,Y,NA,C,02,0,1,0,0,0,0,0,0,1,-,-,NA,NA,SAN DIEGO,EL CAJON,-116.96985626220705,32.792938232421875
8605027,2018,2018-05-15,3711,2018-04-17,0740,6162,NA,2,5,7,3711,0,0,0,NA,0,242,MIRA MESA BL,WESTMORE RD,300,W,N,A,-,N,NA,NA,NA,NA,NA,NA,NA,NA,NA,Y,3,0,1,3,A,-,08,22107,NA,N,C,C,A,A,H,-,A,D,0,NA,NA,NA,NA,Y,NA,A,01,0,1,0,0,0,0,0,0,0,-,-,NA,NA,SAN DIEGO,SAN DIEGO,-117.13068389892578,32.915653228759766
8606083,2018,2018-05-14,3711,2018-04-27,0745,5472,NA,5,5,7,3711,0,0,0,NA,0,241,POMERADO RD,POMERADO RD  10400,0,NA,N,A,-,N,NA,NA,NA,NA,NA,NA,NA,NA,NA,Y,3,0,2,2,A,-,08,22103,NA,N,-,C,A,A,H,-,A,D,0,NA,NA,NA,NA,Y,NA,-,NA,0,1,1,0,0,0,0,0,0,-,-,32.535499572753906,-117.63200378417967,SAN DIEGO,SAN DIEGO,-117.05631226,32.92603845
8606150,2018,2018-05-14,3711,2018-04-30,1109,7626,NA,1,5,7,3711,0,0,0,NA,0,528,WEST GRAPE ST,CALIFORNIA ST,118,E,N,B,-,N,NA,NA,NA,NA,NA,NA,NA,NA,NA,N,4,0,1,3,A,-,04,21703,NA,N,C,C,A,A,H,-,A,D,0,NA,NA,NA,NA,Y,NA,A,01,0,0,1,0,0,0,0,0,0,-,-,NA,NA,SAN DIEGO,SAN DIEGO,-117.1703872680664,32.72496795654297
8606159,2018,2018-05-14,3711,2018-05-01,0730,7694,NA,2,5,7,3711,0,0,0,NA,0,521,14TH ST,MARKET,9,N,N,A,-,N,NA,NA,NA,NA,NA,NA,NA,NA,NA,N,3,0,1,2,A,-,10,21950,A,M,G,B,B,A,H,-,A,A,0,Y,NA,NA,NA,Y,NA,-,NA,0,1,0,0,1,0,0,0,0,-,-,NA,NA,SAN DIEGO,SAN DIEGO,-117.15190887451172,32.71156311035156
8608757,2018,2018-05-04,3711,2018-04-18,1639,5958,NA,3,5,7,3711,0,0,0,NA,0,234,RANCHO BERNARDO RD,BERNARDO OAKS DR,0,NA,Y,A,-,N,NA,NA,NA,NA,NA,NA,NA,NA,NA,Y,3,0,1,2,A,-,09,21453,B,N,C,C,A,A,H,-,A,A,0,NA,NA,NA,NA,Y,NA,-,NA,0,1,0,0,0,0,0,0,0,-,-,NA,NA,SAN DIEGO,SAN DIEGO,-117.06527709960938,33.01924133300781
8608761,2018,2018-05-02,3711,2018-04-18,1520,4824,NA,3,5,7,3711,0,0,0,NA,0,245,STONEBRIDGE PKWY,STOCKWOOD COVE,1,E,N,A,-,N,NA,NA,NA,NA,NA,NA,NA,NA,NA,Y,4,0,2,2,A,-,08,22107,NA,N,A,C,A,A,H,-,A,D,0,NA,NA,NA,NA,Y,NA,-,NA,0,0,2,0,0,0,0,0,0,-,-,NA,NA,SAN DIEGO,SAN DIEGO,-117.038818359375,32.92321014404297
8610856,2017,2018-05-15,3700,2017-11-22,0400,SH0013,NA,3,5,5,3781,0,0,0,NA,0,509,MAST BL,WEST HILLS PKWY,603,W,N,A,-,N,NA,NA,NA,NA,NA,NA,NA,NA,NA,Y,3,0,1,1,A,-,01,23152,A,N,E,I,A,A,H,-,C,D,0,NA,NA,NA,NA,Y,Y,D,22,0,1,0,0,0,0,0,0,0,-,-,NA,NA,SAN DIEGO,SANTEE,-117.02570898,32.84511767
8612460,2018,2018-04-30,3706,2018-04-14,1954,406,ESCON,6,5,6,3706,0,0,0,NA,0,044,EL NORTE PKWY,CONWAY DR W,0,NA,Y,A,-,N,NA,NA,NA,NA,NA,NA,NA,NA,NA,Y,4,0,1,2,A,-,01,23152,A,F,D,C,A,A,H,-,C,A,0,NA,NA,NA,NA,Y,Y,D,22,0,0,1,0,0,0,0,0,0,-,-,33.14598083496094,-117.07362365722656,SAN DIEGO,ESCONDIDO,-117.0737075805664,33.14598846435547
8612571,2018,2018-05-02,3705,2018-03-09,2315,EC0365,NA,5,5,5,3705,0,0,0,NA,0,003,GREENFIELD DR,E MAIN,195,E,N,A,-,N,NA,NA,NA,NA,NA,NA,NA,NA,NA,Y,3,0,2,1,A,-,03,22350,NA,N,F,A,A,A,H,-,C,A,0,NA,NA,NA,NA,Y,NA,A,01,0,1,1,0,0,0,0,0,0,-,-,NA,NA,SAN DIEGO,EL CAJON,-116.91798400878906,32.81207275390625
8612665,2018,2018-05-14,3700,2018-04-21,1009,SH2439,NA,6,5,5,3713,0,0,0,NA,0,306,LEMON AV,RAINTREE PL,100,N,N,A,-,N,NA,NA,NA,NA,NA,NA,NA,NA,NA,Y,4,0,1,3,A,-,08,22107,NA,M,C,E,A,A,H,-,A,D,0,NA,NA,NA,NA,Y,NA,A,01,0,0,1,0,0,0,0,0,0,-,-,NA,NA,SAN DIEGO,VISTA,-117.23963928222656,33.21051025390625
8612861,2018,2018-05-10,3700,2018-03-14,1600,SH5620,NA,3,5,4,3780,0,0,0,NA,0,411,TWIN PEAKS RD,ESPOLA RD,273,W,N,A,-,N,NA,NA,NA,NA,NA,NA,NA,NA,NA,Y,4,0,1,2,A,-,09,21804,A,N,D,C,A,A,H,-,A,A,0,NA,NA,NA,NA,Y,NA,D,22,0,0,1,0,0,0,0,0,0,-,-,NA,NA,SAN DIEGO,POWAY,-117.0241470336914,32.97812271118164
8612942,2018,2018-05-10,3702,2018-03-20,1026,0991,NA,2,5,6,3702,0,0,0,NA,0,011,BROADWAY,D ST,54,S,N,A,-,N,NA,NA,NA,NA,NA,NA,NA,NA,NA,N,3,0,1,2,B,-,22,NA,NA,N,G,B,F,A,H,-,A,D,0,Y,NA,NA,Y,Y,NA,F,55,0,1,0,0,1,0,0,0,0,-,-,NA,NA,SAN DIEGO,CHULA VISTA,-117.09478759765624,32.64461898803711
8613208,2018,2018-05-04,3702,2018-03-24,0541,CV1190,NA,6,5,6,3702,0,0,0,NA,0,024,BROADWAY,PALOMAR ST,0,NA,Y,A,-,N,NA,NA,NA,NA,NA,NA,NA,NA,NA,Y,4,0,1,2,D,-,00,NA,NA,N,D,C,A,A,H,-,C,A,0,NA,NA,NA,NA,Y,NA,-,-,0,0,1,0,0,0,0,0,0,-,-,NA,NA,SAN DIEGO,CHULA VISTA,-117.07875823974608,32.60342025756836
8613880,2018,2018-04-26,3709,2018-04-08,1158,NC0473,NA,7,5,5,3709,0,0,0,NA,0,021,HARBISON AV,EAST PLAZA BL,0,NA,Y,A,-,N,NA,NA,NA,NA,NA,NA,NA,NA,NA,Y,2,0,2,2,A,-,09,21804,A,N,D,C,A,A,H,-,A,D,0,NA,NA,NA,NA,Y,NA,A,01,1,0,1,0,0,0,0,0,0,-,-,NA,NA,SAN DIEGO,NATIONAL CITY,-117.07401275634766,32.68170928955078
8614299,2018,2018-04-27,3711,2018-04-15,1205,7072,NA,7,5,7,3711,0,0,0,NA,0,123,WEST MISSION BAY DR,QUIVIRA ACCESS,150,E,N,A,-,N,NA,NA,NA,NA,NA,NA,NA,NA,NA,N,4,0,1,3,A,-,08,22107,NA,N,C,C,A,A,H,-,A,A,0,NA,NA,NA,NA,Y,Y,-,NA,0,0,1,0,0,0,0,0,0,-,-,NA,NA,SAN DIEGO,SAN DIEGO,-117.23749542236328,32.76527786254883
8614754,2018,2018-05-01,3711,2018-04-18,2028,7231,3711,3,5,7,3711,0,0,0,NA,0,622,LINDA VISTA RD,VIA LAS CUMBRES,165,N,N,A,-,N,NA,NA,NA,NA,NA,NA,NA,NA,NA,Y,4,0,4,3,A,-,08,22107,NA,N,A,C,A,A,H,-,C,A,0,NA,NA,NA,NA,Y,NA,-,NA,0,0,4,0,0,0,0,0,0,-,-,NA,NA,SAN DIEGO,SAN DIEGO,-117.1809539794922,32.77228546142578
8615489,2018,2018-05-09,3711,2018-04-23,1715,5918,NA,1,5,7,3711,0,0,0,NA,0,447,EUCLID AV,LAUREL ST,0,NA,Y,A,-,N,NA,NA,NA,NA,NA,NA,NA,NA,NA,Y,4,0,1,2,A,-,06,21750,NA,N,-,C,A,A,H,-,A,A,0,NA,NA,NA,NA,Y,NA,A,07,0,0,1,0,0,0,0,0,0,-,-,NA,NA,SAN DIEGO,SAN DIEGO,-117.08902740478516,32.73146057128906
8615528,2018,2018-05-07,3711,2018-04-20,0827,6641,NA,5,5,7,3711,0,0,0,NA,0,933,LONG RUN DR,CANDELA PL,0,NA,Y,A,-,N,NA,NA,NA,NA,NA,NA,NA,NA,NA,N,3,0,1,2,A,-,05,21650,1,N,D,G,A,A,H,-,A,D,0,NA,Y,NA,NA,Y,NA,L,04,0,1,0,0,0,0,1,0,0,-,-,NA,NA,SAN DIEGO,SAN DIEGO,-117.23825073242188,32.95417022705078
8616041,2018,2018-05-18,3711,2018-05-05,1030,6252,NA,6,5,7,3711,0,0,0,NA,0,312,TIERRASANTA BL,TAMBOR RD,0,NA,Y,A,-,N,NA,NA,NA,NA,NA,NA,NA,NA,NA,Y,3,0,1,2,A,-,09,21802,A,N,D,C,A,A,H,-,A,A,0,NA,NA,Y,NA,Y,NA,A,07,0,1,0,0,0,0,0,0,1,-,-,NA,NA,SAN DIEGO,SAN DIEGO,-117.09082794189452,32.817630767822266
8616053,2018,2018-05-18,3711,2018-05-03,0755,7525,NA,4,5,7,3711,0,0,0,NA,0,122,GRAND AV,OLNEY ST,0,NA,Y,A,-,N,NA,NA,NA,NA,NA,NA,NA,NA,NA,N,4,0,1,2,A,-,10,21950,A,N,G,B,B,A,H,-,A,A,0,Y,NA,NA,NA,Y,NA,A,01,0,0,1,0,1,0,0,0,0,-,-,NA,NA,SAN DIEGO,SAN DIEGO,-117.22928619384766,32.800350189208984
8616124,2018,2018-05-16,3701,2018-04-22,1513,CB5392,NA,7,5,5,3701,0,0,0,NA,0,002,PASEO DEL NORTE,CAR COUNTRY DR,805,S,N,A,-,N,NA,NA,NA,NA,NA,NA,NA,NA,NA,Y,4,0,1,2,A,-,08,22107,NA,N,B,C,A,A,H,-,A,A,0,NA,NA,NA,NA,Y,NA,A,01,0,0,1,0,0,0,0,0,0,-,-,NA,NA,SAN DIEGO,CARLSBAD,-117.3225326538086,33.12562561035156
8616160,2018,2018-07-06,3701,2018-04-15,1555,CB5520,NA,7,5,5,3701,0,0,0,NA,0,008,EL CAMINIO REAL,ARESNAL DR,0,NA,Y,A,-,N,NA,NA,NA,NA,NA,NA,NA,NA,NA,Y,4,0,2,3,A,-,12,21453,A,N,D,C,A,A,H,-,B,A,0,NA,NA,NA,NA,Y,NA,A,01,0,0,2,0,0,0,0,0,0,-,-,NA,NA,SAN DIEGO,CARLSBAD,-117.2677993774414,33.09452819824219
8618007,2018,2018-05-25,3709,2018-05-07,1735,NC0497,NA,1,5,5,3709,0,0,0,NA,0,023,SWEETWATER RD,SWEETWATER RD 2400,0,NA,-,A,-,N,NA,NA,NA,NA,NA,NA,NA,NA,NA,N,4,0,2,2,A,-,21,22106,NA,N,D,C,A,A,H,-,A,D,0,NA,NA,NA,NA,Y,NA,A,01,0,0,2,0,0,0,0,0,0,-,-,NA,NA,SAN DIEGO,NATIONAL CITY,-117.07351774,32.66009323
8618422,2018,2018-05-30,3711,2018-05-14,1637,7305,NA,1,5,7,3711,0,0,0,NA,0,511,HARBOR DR,SOUTH 32ND ST,1320,E,N,B,-,N,NA,NA,NA,NA,NA,NA,NA,NA,NA,Y,4,0,1,3,A,-,03,22350,NA,N,C,C,A,A,H,-,A,D,0,NA,NA,NA,NA,Y,NA,A,01,0,0,1,0,0,0,0,0,0,-,-,NA,NA,SAN DIEGO,SAN DIEGO,-117.1221160888672,32.68355941772461
8621284,2018,2018-05-30,3711,2018-05-05,0107,7671,SD,6,5,7,3711,0,0,0,NA,0,627,5TH AV,ROBINSON AV,10,W,N,A,-,N,NA,NA,NA,NA,NA,NA,NA,NA,NA,N,4,0,1,2,A,-,10,21950,A,N,G,B,B,A,H,-,C,A,0,Y,NA,NA,NA,Y,Y,A,01,0,0,1,0,1,0,0,0,0,-,-,NA,NA,SAN DIEGO,SAN DIEGO,-117.16040802001952,32.74694061279297
8622729,2018,2018-06-01,3705,2018-05-07,2345,EC0287,NA,1,5,5,3705,0,0,0,NA,0,003,EAST MAIN ST,BROADWAY,839,S,N,A,-,N,NA,NA,NA,NA,NA,NA,NA,NA,NA,N,3,0,1,2,A,-,11,21956,A,F,B,B,E,A,H,-,C,D,0,Y,NA,NA,NA,Y,NA,N,60,0,1,0,0,1,0,0,0,0,-,-,NA,NA,SAN DIEGO,EL CAJON,-116.92410278320313,32.80618667602539
8622949,2018,2018-05-30,3711,2018-04-27,2245,7692,NA,5,5,7,3711,0,0,0,NA,0,241,POMERADO RD,LEGACY RD,15,N,N,A,-,N,NA,NA,NA,NA,NA,NA,NA,NA,NA,Y,4,0,3,2,A,-,12,21453,A,N,D,C,A,A,H,-,C,A,0,NA,NA,NA,NA,Y,Y,-,NA,0,0,3,0,0,0,0,0,0,-,-,NA,NA,SAN DIEGO,SAN DIEGO,-117.05630493164063,32.926048278808594
8623051,2018,2018-05-31,3705,2018-04-28,1020,EC0337,NA,6,5,5,3705,0,0,0,NA,0,002,EAST MAIN,SHADY,0,NA,Y,A,-,N,NA,NA,NA,NA,NA,NA,NA,NA,NA,Y,4,0,1,2,A,-,09,21802,A,N,D,C,A,A,H,-,A,A,0,NA,NA,NA,NA,Y,NA,A,01,0,0,1,0,0,0,0,0,0,-,-,NA,NA,SAN DIEGO,EL CAJON,-116.93798065185548,32.79494094848633
8624046,2018,2018-05-22,3711,2018-05-04,1550,7056,NA,5,5,7,3711,0,0,0,NA,0,433,FEDERAL BL,WINNETT ST,24,W,N,A,-,N,NA,NA,NA,NA,NA,NA,NA,NA,NA,N,4,0,1,2,A,-,09,21801,A,N,D,C,A,A,H,-,A,D,0,NA,NA,NA,NA,Y,NA,-,NA,0,0,1,0,0,0,0,0,0,-,-,NA,NA,SAN DIEGO,SAN DIEGO,-117.06381225585938,32.728885650634766
8624783,2018,2018-06-12,3711,2018-05-13,1815,7734,NA,7,5,7,3711,0,0,0,NA,0,115,CHARMANT DR,LEBON DR,528,W,N,A,-,N,NA,NA,NA,NA,NA,NA,NA,NA,NA,Y,4,0,5,2,A,-,08,22103,NA,N,D,C,A,A,H,-,A,D,0,NA,NA,NA,NA,Y,NA,-,NA,0,0,5,0,0,0,0,0,0,-,-,NA,NA,SAN DIEGO,SAN DIEGO,-117.22698211669922,32.86550521850586
8624923,2018,2018-08-13,3711,2018-05-25,0329,7461,NA,5,5,7,3711,0,0,0,NA,0,313,AREO DR,RT 15,0,NA,Y,A,-,Y,SD,11,15,-,R,8.205,R,4,S,Y,4,0,1,2,A,-,09,21453,C,N,A,C,A,A,H,-,C,A,0,NA,NA,NA,NA,Y,NA,A,01,0,0,1,0,0,0,0,0,0,-,SO,32.81010055541992,-117.11489868164063,SAN DIEGO,SAN DIEGO,-117.1139678955078,32.80806350708008
8625536,2018,2018-05-31,3706,2018-05-15,2112,318,ESCON,2,5,6,3706,0,0,0,NA,0,052,FELICITA AV,JUNIPER ST,0,NA,Y,A,-,N,NA,NA,NA,NA,NA,NA,NA,NA,NA,Y,4,0,2,2,A,-,08,22107,NA,N,A,C,A,A,H,-,C,D,0,NA,NA,NA,NA,Y,NA,A,01,0,0,2,0,0,0,0,0,0,-,-,33.10683059692383,-117.0686492919922,SAN DIEGO,ESCONDIDO,-117.06867980957033,33.10683822631836
8625587,2018,2018-05-31,3711,2018-05-15,2025,5081,NA,2,5,7,3711,0,0,0,NA,0,823,STREAMVIEW DR,COLLEGE AV,15,E,N,A,-,N,NA,NA,NA,NA,NA,NA,NA,NA,NA,Y,4,0,1,2,A,-,03,22350,NA,N,C,C,A,A,H,-,C,A,0,NA,NA,NA,NA,Y,NA,-,NA,0,0,1,0,0,0,0,0,0,-,-,NA,NA,SAN DIEGO,SAN DIEGO,-117.05876159667967,32.74546813964844