CASE_ID,ACCIDENT_YEAR,PROC_DATE,JURIS,COLLISION_DATE,COLLISION_TIME,OFFICER_ID,REPORTING_DISTRICT,DAY_OF_WEEK,CHP_SHIFT,POPULATION,CNTY_CITY_LOC,SPECIAL_COND,BEAT_TYPE,CHP_BEAT_TYPE,CITY_DIVISION_LAPD,CHP_BEAT_CLASS,BEAT_NUMBER,PRIMARY_RD,SECONDARY_RD,DISTANCE,DIRECTION,INTERSECTION,WEATHER_1,WEATHER_2,STATE_HWY_IND,CALTRANS_COUNTY,CALTRANS_DISTRICT,STATE_ROUTE,ROUTE_SUFFIX,POSTMILE_PREFIX,POSTMILE,LOCATION_TYPE,RAMP_INTERSECTION,SIDE_OF_HWY,TOW_AWAY,COLLISION_SEVERITY,NUMBER_KILLED,NUMBER_INJURED,PARTY_COUNT,PRIMARY_COLL_FACTOR,PCF_CODE_OF_VIOL,PCF_VIOL_CATEGORY,PCF_VIOLATION,PCF_VIOL_SUBSECTION,HIT_AND_RUN,TYPE_OF_COLLISION,MVIW,PED_ACTION,ROAD_SURFACE,ROAD_COND_1,ROAD_COND_2,LIGHTING,CONTROL_DEVICE,CHP_ROAD_TYPE,PEDESTRIAN_ACCIDENT,BICYCLE_ACCIDENT,MOTORCYCLE_ACCIDENT,TRUCK_ACCIDENT,NOT_PRIVATE_PROPERTY,ALCOHOL_INVOLVED,STWD_VEHTYPE_AT_FAULT,CHP_VEHTYPE_AT_FAULT,COUNT_SEVERE_INJ,COUNT_VISIBLE_INJ,COUNT_COMPLAINT_PAIN,COUNT_PED_KILLED,COUNT_PED_INJURED,COUNT_BICYCLIST_KILLED,COUNT_BICYCLIST_INJURED,COUNT_MC_KILLED,COUNT_MC_INJURED,PRIMARY_RAMP,SECONDARY_RAMP,LATITUDE,LONGITUDE,COUNTY,CITY,POINT_X,POINT_Y
8670462,2018,2018-09-05,3711,2018-07-26,2300,7701,NA,4,5,7,3711,0,0,0,NA,0,113,AVANTI DR,MORENA BL,0,NA,Y,A,-,N,NA,NA,NA,NA,NA,NA,NA,NA,NA,N,3,0,1,1,C,-,18,NA,NA,N,F,I,A,A,A,-,C,A,0,NA,Y,NA,NA,Y,NA,-,-,0,1,0,0,0,0,1,0,0,-,-,NA,NA,SAN DIEGO,SAN DIEGO,-117.21746994,32.81381004
8671633,2018,2018-08-20,3711,2018-07-29,2124,7039,NA,7,5,7,3711,0,0,0,NA,0,721,THERMAL AV,DAHLIA AV,15,S,N,A,-,N,NA,NA,NA,NA,NA,NA,NA,NA,NA,Y,4,0,2,3,A,-,12,22450,A,M,B,C,A,A,H,-,C,A,0,NA,NA,NA,NA,Y,NA,A,01,0,0,2,0,0,0,0,0,0,-,-,NA,NA,SAN DIEGO,SAN DIEGO,-117.09699249267578,32.58287048339844
8671679,2018,2018-08-28,3711,2018-07-22,1225,8192,NA,7,5,7,3711,0,0,0,NA,0,832,COPELAND AV,EL CAJON BL,0,NA,Y,A,-,N,NA,NA,NA,NA,NA,NA,NA,NA,NA,Y,3,0,2,2,A,-,09,21453,B,N,D,C,A,A,H,-,A,A,0,NA,NA,NA,NA,Y,NA,D,22,0,2,0,0,0,0,0,0,0,-,-,NA,NA,SAN DIEGO,SAN DIEGO,-117.10404205322266,32.755210876464844
8671878,2018,2018-10-19,3711,2018-07-28,1300,4604,NA,6,5,7,3711,0,0,0,NA,0,614,NIMITZ BL,NIMITZ BL 4600,0,NA,-,-,-,N,NA,NA,NA,NA,NA,NA,NA,NA,NA,N,3,0,1,2,-,-,-,NA,NA,M,H,C,A,-,-,-,-,-,0,NA,NA,Y,NA,Y,NA,-,-,0,1,0,0,0,0,0,0,1,-,-,NA,NA,SAN DIEGO,SAN DIEGO,-117.23612845,32.75123471
8671987,2018,2018-10-10,3711,2018-07-30,1453,7640,NA,1,5,7,3711,0,0,0,NA,0,627,ARBOR DR,4TH AV,0,NA,Y,A,-,N,NA,NA,NA,NA,NA,NA,NA,NA,NA,N,4,0,1,2,A,-,03,22350,NA,M,C,G,A,A,H,-,A,D,0,NA,Y,NA,NA,Y,NA,-,-,0,0,1,0,0,0,1,0,0,-,-,NA,NA,SAN DIEGO,SAN DIEGO,-117.16136932373048,32.75379180908203
8673616,2018,2018-08-22,3706,2018-08-01,1441,318,ESCON,3,5,6,3706,0,0,0,NA,0,055,9TH AV,QUINCE ST,0,NA,Y,A,-,N,NA,NA,NA,NA,NA,NA,NA,NA,NA,Y,3,0,1,2,A,-,12,21453,A,N,D,C,A,A,H,-,A,A,0,NA,NA,NA,NA,Y,NA,D,22,0,1,0,0,0,0,0,0,0,-,-,33.11109924316406,-117.08319091796876,SAN DIEGO,ESCONDIDO,-117.0831298828125,33.111080169677734
8673620,2018,2018-08-24,3706,2018-07-22,1627,1603,ESCON,7,5,6,3706,0,0,0,NA,0,054,MIDWAY DR,GRAND AV,206,N,N,A,-,N,NA,NA,NA,NA,NA,NA,NA,NA,NA,Y,4,0,3,2,A,-,08,22107,NA,N,D,D,A,A,H,-,A,D,0,NA,NA,NA,NA,Y,NA,A,07,0,0,3,0,0,0,0,0,0,-,-,33.13438034057617,-117.04978942871094,SAN DIEGO,ESCONDIDO,-117.05004119873048,33.13484573364258
8673830,2018,2018-10-10,3711,2018-07-07,1630,4491,NA,6,5,7,3711,0,0,0,NA,0,124,TORREY PINES,GLENBROOK,2112,S,N,A,-,N,NA,NA,NA,NA,NA,NA,NA,NA,NA,Y,3,0,1,1,A,-,03,22350,NA,N,E,I,A,A,H,-,A,D,0,NA,NA,NA,NA,Y,NA,A,01,0,1,0,0,0,0,0,0,0,-,-,NA,NA,SAN DIEGO,SAN DIEGO,-117.24378204345705,32.86084747314453
8673866,2018,2018-10-11,3711,2018-07-23,1200,7373,NA,1,5,7,3711,0,0,0,NA,0,122,INGRAHAM ST,INGRAHAM ST 3800,3,E,N,A,-,N,NA,NA,NA,NA,NA,NA,NA,NA,NA,N,3,0,1,2,A,-,08,22107,NA,N,C,G,A,A,H,-,A,D,0,NA,Y,NA,NA,Y,NA,L,04,0,1,0,0,0,0,1,0,0,-,-,NA,NA,SAN DIEGO,SAN DIEGO,NA,NA
8673894,2018,2018-10-11,3711,2018-07-24,1154,7555,NA,2,5,7,3711,0,0,0,NA,0,936,CARMEL VALLEY RD,CAMINO DEL SUR,0,NA,N,A,-,N,NA,NA,NA,NA,NA,NA,NA,NA,NA,N,4,0,1,2,A,-,08,22107,NA,N,B,C,A,A,H,-,A,A,0,NA,NA,Y,NA,Y,NA,A,01,0,0,1,0,0,0,0,0,1,-,-,32.97576904296875,-117.14649200439452,SAN DIEGO,SAN DIEGO,-117.14639282226563,32.97611999511719
8674053,2018,2018-10-10,3700,2018-07-23,1946,SH3079,NA,1,5,5,3713,0,0,0,NA,0,319,SHADOWRIDGE DR,SOUTH MELROSE DR,0,NA,Y,A,-,N,NA,NA,NA,NA,NA,NA,NA,NA,NA,Y,4,0,1,2,A,-,12,21453,A,N,D,C,A,A,H,-,A,A,0,NA,NA,NA,NA,Y,NA,D,22,0,0,1,0,0,0,0,0,0,-,-,NA,NA,SAN DIEGO,VISTA,-117.24215698242188,33.161529541015625
8674271,2018,2018-10-24,3711,2018-07-20,1918,7397,NA,5,5,7,3711,0,0,0,NA,0,627,9TH AV,WASHINGTON ST,150,S,N,A,-,Y,SD,11,163,-,-,2.867,R,4,S,N,4,0,1,2,A,-,04,21703,NA,N,C,C,A,A,-,-,B,D,0,NA,NA,NA,NA,Y,NA,-,NA,0,0,1,0,0,0,0,0,0,-,-,NA,NA,SAN DIEGO,SAN DIEGO,-117.15634155273438,32.75196075439453
8675240,2018,2018-08-22,3711,2018-08-07,0716,5450,NA,2,5,7,3711,0,0,0,NA,0,315,FRIARS RD,MISSION VILLAGE DR,0,NA,Y,A,-,N,NA,NA,NA,NA,NA,NA,NA,NA,NA,Y,4,0,2,2,A,-,03,22350,NA,N,C,C,A,A,H,-,A,A,0,NA,NA,NA,NA,Y,NA,A,01,0,0,2,0,0,0,0,0,0,-,-,NA,NA,SAN DIEGO,SAN DIEGO,-117.12021636962892,32.786720275878906
8676128,2018,2018-10-03,3711,2018-08-11,1247,7422,SD,6,5,7,3711,0,0,0,NA,0,616,SCOTT ST,FENELON ST,30,N,N,A,-,N,NA,NA,NA,NA,NA,NA,NA,NA,NA,N,4,0,1,2,A,-,10,21950,A,N,H,B,D,A,H,-,A,A,0,Y,NA,NA,NA,Y,NA,A,01,0,0,1,0,1,0,0,0,0,-,-,NA,NA,SAN DIEGO,SAN DIEGO,-117.2278060913086,32.72442626953125
8676848,2018,2018-10-24,3711,2018-08-06,1559,7084,S2,1,5,7,3711,0,0,0,NA,0,713,LA MEDIA RD,DRUCKER LN,0,NA,Y,A,-,N,NA,NA,NA,NA,NA,NA,NA,NA,NA,N,3,0,1,2,A,-,03,22350,NA,N,B,C,A,A,H,-,A,D,0,NA,NA,NA,NA,Y,NA,-,NA,0,1,0,0,0,0,0,0,0,-,-,32.549198150634766,-116.95480346679688,SAN DIEGO,SAN DIEGO,NA,NA
8679954,2018,2018-09-10,3709,2018-07-28,1800,NC0509,NA,6,5,5,3709,0,0,0,NA,0,021,HARBISON AV,EAST PLAZA BL,0,NA,Y,A,-,N,NA,NA,NA,NA,NA,NA,NA,NA,NA,N,3,0,1,2,A,-,10,21950,A,N,G,G,A,A,H,-,A,A,0,NA,Y,NA,NA,Y,NA,A,01,0,1,0,0,0,0,1,0,0,-,-,NA,NA,SAN DIEGO,NATIONAL CITY,-117.07401275634766,32.68170928955078
8684070,2018,2018-09-05,3701,2018-08-14,1130,CB5525,NA,2,5,5,3701,0,0,0,NA,0,007,EL CAMINO REAL,FARADAY AV,150,N,N,A,-,N,NA,NA,NA,NA,NA,NA,NA,NA,NA,N,4,0,1,2,A,-,03,22350,NA,N,C,C,A,A,H,-,A,D,0,NA,NA,NA,NA,Y,NA,A,01,0,0,1,0,0,0,0,0,0,-,-,NA,NA,SAN DIEGO,CARLSBAD,-117.27368927001952,33.13688278198242
8684448,2018,2018-09-17,3701,2018-08-14,0606,CB5238,NA,2,5,5,3701,0,0,0,NA,0,005,CANNON RD,GRAND PACIFIC DR,16,E,N,A,-,N,NA,NA,NA,NA,NA,NA,NA,NA,NA,Y,3,0,3,2,A,-,08,22107,NA,N,C,C,A,A,H,-,A,A,0,NA,NA,NA,NA,Y,NA,A,07,0,1,2,0,0,0,0,0,0,-,-,NA,NA,SAN DIEGO,CARLSBAD,-117.31302642822266,33.13481903076172
8685373,2018,2018-10-08,3711,2018-08-09,0731,6865,NA,4,5,7,3711,0,0,0,NA,0,452,S 61ST ST,NEWCASTLE,115,S,N,B,-,N,NA,NA,NA,NA,NA,NA,NA,NA,NA,N,3,0,1,2,A,-,11,21950,B,N,G,B,D,A,H,-,A,D,0,Y,NA,NA,NA,Y,NA,N,60,0,1,0,0,1,0,0,0,0,-,-,NA,NA,SAN DIEGO,SAN DIEGO,-117.0668487548828,32.69941329956055
8686245,2018,2018-09-07,3702,2018-07-22,2059,CV1081,NA,7,5,6,3702,0,0,0,NA,0,013,BROADWAY,J ST,0,NA,Y,A,-,N,NA,NA,NA,NA,NA,NA,NA,NA,NA,Y,2,0,1,2,D,-,00,NA,NA,N,B,C,A,A,H,-,C,A,0,NA,NA,Y,NA,Y,NA,-,-,1,0,0,0,0,0,0,0,1,-,-,NA,NA,SAN DIEGO,CHULA VISTA,-117.08676147460938,32.62403106689453
8686301,2018,2018-09-10,3702,2018-07-09,1810,CV1087,NA,1,5,6,3702,0,0,0,NA,0,014,4TH AV,D ST,14,W,N,A,-,N,NA,NA,NA,NA,NA,NA,NA,NA,NA,N,3,0,1,2,A,-,10,21950,A,N,G,B,B,A,H,-,A,A,0,Y,NA,NA,NA,Y,NA,A,01,0,1,0,0,1,0,0,0,0,-,-,NA,NA,SAN DIEGO,CHULA VISTA,-117.08665466308594,32.64708709716797
8686528,2018,2018-10-04,3706,2018-08-12,1143,1603,ESCON,7,5,6,3706,0,0,0,NA,0,051,VIA RANCHO PKWY,SUNSET DR,0,NA,Y,A,-,N,NA,NA,NA,NA,NA,NA,NA,NA,NA,Y,4,0,3,2,A,-,09,21453,C,N,D,C,A,A,H,-,A,A,0,NA,NA,NA,NA,Y,NA,A,01,0,0,3,0,0,0,0,0,0,-,-,33.06779861450195,-117.06491088867188,SAN DIEGO,ESCONDIDO,-117.06468200683594,33.067848205566406
8687183,2018,2018-08-31,3709,2018-08-20,1737,NC0498,NA,1,5,5,3709,0,0,0,NA,0,020,E 3RD ST,D AV,0,NA,Y,A,-,N,NA,NA,NA,NA,NA,NA,NA,NA,NA,N,3,0,1,2,A,-,09,21802,A,N,D,C,A,A,H,-,A,D,0,NA,NA,Y,NA,Y,NA,D,22,0,1,0,0,0,0,0,0,1,-,-,NA,NA,SAN DIEGO,NATIONAL CITY,-117.10447692871094,32.68128967285156
8688570,2018,2018-09-14,3711,2018-08-19,2146,7415,SAN D,7,5,7,3711,0,0,0,NA,0,436,WOODMAN ST,MADRONE AV,27,S,N,A,-,N,NA,NA,NA,NA,NA,NA,NA,NA,NA,N,4,0,1,2,A,-,04,21703,NA,N,C,C,A,A,H,-,C,D,0,NA,NA,NA,NA,Y,NA,A,01,0,0,1,0,0,0,0,0,0,-,-,NA,NA,SAN DIEGO,SAN DIEGO,-117.05455017089844,32.708778381347656
8688598,2018,2018-09-14,3711,2018-08-26,2241,4310,NA,7,5,7,3711,0,0,0,NA,0,611,SPORTS ARENA BL,HANCOCK ST,160,W,N,A,-,N,NA,NA,NA,NA,NA,NA,NA,NA,NA,Y,3,0,1,3,A,-,08,22107,NA,N,B,E,A,A,H,-,C,D,0,NA,NA,NA,NA,Y,NA,A,01,0,1,0,0,0,0,0,0,0,-,-,NA,NA,SAN DIEGO,SAN DIEGO,-117.2176513671875,32.75475311279297
8688625,2018,2018-09-17,3711,2018-08-19,0138,7579,NA,7,5,7,3711,0,0,0,NA,0,313,BALBOA AV,MERCURY ST,350,E,N,A,-,N,NA,NA,NA,NA,NA,NA,NA,NA,NA,Y,3,0,2,2,A,-,08,22107,NA,N,C,E,A,A,H,-,C,D,0,NA,NA,NA,NA,Y,NA,A,01,0,2,0,0,0,0,0,0,0,-,-,NA,NA,SAN DIEGO,SAN DIEGO,-117.14778137207033,32.82181167602539
8689759,2018,2018-09-13,3700,2018-08-10,1723,SH3812,NA,5,5,5,3713,0,0,0,NA,0,319,SOUTH MELROSE DR,GREEN OAK RD,282,N,N,A,-,N,NA,NA,NA,NA,NA,NA,NA,NA,NA,Y,4,0,1,2,A,-,03,22350,NA,N,C,C,A,A,H,-,A,D,0,NA,NA,NA,NA,Y,NA,A,01,0,0,1,0,0,0,0,0,0,-,-,NA,NA,SAN DIEGO,VISTA,-117.24170684814452,33.15591812133789
8690270,2018,2018-09-06,3710,2018-05-18,1426,OC1358,009,5,5,6,3710,0,0,0,NA,0,003,SOUTH COAST HWY,GODFREY ST,395,S,N,A,-,N,NA,NA,NA,NA,NA,NA,NA,NA,NA,N,4,0,5,4,A,-,03,22350,NA,N,C,C,A,A,H,-,A,A,0,NA,NA,NA,NA,Y,NA,A,01,0,0,5,0,0,0,0,0,0,-,-,NA,NA,SAN DIEGO,OCEANSIDE,-117.36780548095705,33.18186950683594
8690811,2018,2018-10-10,3711,2018-09-09,0940,6931,SD,7,5,7,3711,0,0,0,NA,0,514,IMPERIAL AV,19TH ST,0,NA,Y,A,-,N,NA,NA,NA,NA,NA,NA,NA,NA,NA,Y,3,0,2,2,A,-,12,21453,A,N,D,C,A,A,H,-,A,A,0,NA,NA,NA,NA,Y,NA,-,NA,0,1,1,0,0,0,0,0,0,-,-,NA,NA,SAN DIEGO,SAN DIEGO,-117.14665985107422,32.706268310546875
8691181,2018,2018-09-17,3710,2018-07-12,1325,OC0873,017,4,5,6,3710,0,0,0,NA,0,010,DOUGLAS DR,FESTIVAL DR,20,W,N,A,-,N,NA,NA,NA,NA,NA,NA,NA,NA,NA,Y,3,0,1,2,A,-,09,21802,A,N,D,C,A,A,H,-,A,D,0,NA,NA,NA,NA,Y,NA,A,07,0,1,0,0,0,0,0,0,0,-,-,NA,NA,SAN DIEGO,OCEANSIDE,-117.31828308105467,33.25279998779297
8691576,2018,2018-09-27,3705,2018-08-14,0737,EC0163,NA,2,5,5,3705,0,0,0,NA,0,003,GRANITE HILLS,JAMACHA,0,NA,Y,A,-,N,NA,NA,NA,NA,NA,NA,NA,NA,NA,Y,4,0,3,2,A,-,09,21801,A,N,D,C,A,A,H,-,A,A,0,NA,NA,NA,NA,Y,NA,A,01,0,0,3,0,0,0,0,0,0,-,-,NA,NA,SAN DIEGO,EL CAJON,-116.9279327392578,32.7852897644043
8692742,2018,2018-10-23,3710,2018-09-17,0148,OC1352,007,1,5,6,3710,0,0,0,NA,0,002,NORTH COAST HWY,SEAGAZE DR,0,NA,Y,A,-,N,NA,NA,NA,NA,NA,NA,NA,NA,NA,Y,3,0,1,1,A,-,01,23152,B,N,F,A,A,A,H,-,C,A,0,NA,NA,Y,NA,Y,Y,C,02,0,1,0,0,0,0,0,0,1,-,-,NA,NA,SAN DIEGO,OCEANSIDE,-117.37883758544922,33.19504928588867
8693205,2018,2018-09-27,3706,2018-08-27,1020,322,ESCON,1,5,6,3706,0,0,0,NA,0,045,QUINCE ST,WASHINGTON AV,0,NA,Y,A,-,N,NA,NA,NA,NA,NA,NA,NA,NA,NA,N,4,0,1,2,A,-,10,21950,A,N,G,B,B,A,H,-,A,A,0,Y,NA,NA,NA,Y,NA,A,01,0,0,1,0,1,0,0,0,0,-,-,33.12453079223633,-117.09188842773438,SAN DIEGO,ESCONDIDO,-117.09195709228516,33.12443923950195
8693336,2018,2018-10-12,3711,2018-07-18,0118,6549,SANDI,3,5,7,3711,0,0,0,NA,0,124,SOLEDAD RD,SOLEDAD RD 5800,54,S,N,A,-,N,NA,NA,NA,NA,NA,NA,NA,NA,NA,Y,3,0,1,2,A,-,03,22350,NA,N,F,E,A,A,H,-,C,D,0,NA,NA,NA,NA,Y,Y,-,NA,0,1,0,0,0,0,0,0,0,-,-,NA,NA,SAN DIEGO,SAN DIEGO,NA,NA
8693559,2018,2018-09-17,3711,2018-09-02,1530,7535,NA,7,5,7,3711,0,0,0,NA,0,451,KRENNING ST,KRENNING ST 5300,5,N,N,A,-,N,NA,NA,NA,NA,NA,NA,NA,NA,NA,N,4,0,1,2,A,-,08,22107,NA,N,D,C,A,A,H,-,A,A,0,NA,NA,NA,NA,Y,NA,-,NA,0,0,1,0,0,0,0,0,0,-,-,NA,NA,SAN DIEGO,SAN DIEGO,NA,NA
8693586,2018,2018-09-14,3711,2018-07-25,1631,7326,NA,3,5,7,3711,0,0,0,NA,0,833,CHAMOUNE AV,UNIVERSITY,150,S,N,A,-,N,NA,NA,NA,NA,NA,NA,NA,NA,NA,Y,3,0,3,2,A,-,09,21801,A,N,A,C,A,A,H,-,A,D,0,NA,NA,NA,NA,Y,NA,-,NA,0,1,2,0,0,0,0,0,0,-,-,NA,NA,SAN DIEGO,SAN DIEGO,-117.09658813476563,32.74918746948242
8693990,2018,2018-09-20,3705,2018-08-05,2222,EC0360,NA,7,5,5,3705,0,0,0,NA,0,002,E MADISON AV,DOMINGUEZ WY,30,E,N,A,-,N,NA,NA,NA,NA,NA,NA,NA,NA,NA,Y,3,0,1,3,A,-,01,23152,A,N,B,E,A,A,H,-,C,D,0,NA,NA,NA,NA,Y,Y,A,01,0,1,0,0,0,0,0,0,0,-,-,NA,NA,SAN DIEGO,EL CAJON,-116.94996643066406,32.80015182495117
8694626,2018,2018-10-15,3706,2018-08-14,0940,342,ESCON,2,5,6,3706,0,0,0,NA,0,045,AUTO PARK WY,ROSS WY,80,W,N,A,-,N,NA,NA,NA,NA,NA,NA,NA,NA,NA,Y,4,0,2,2,C,-,18,NA,NA,N,C,C,A,A,H,-,A,D,0,NA,NA,NA,NA,Y,NA,-,-,0,0,2,0,0,0,0,0,0,-,-,33.12683868408203,-117.12168884277344,SAN DIEGO,ESCONDIDO,-117.12192535400392,33.126853942871094
8694729,2018,2018-10-04,3711,2018-09-02,0003,4310,NA,7,5,7,3711,0,0,0,NA,0,123,WEST MISSION BAY DR,INGRAHAM ST,41,W,N,A,-,N,NA,NA,NA,NA,NA,NA,NA,NA,NA,Y,4,0,1,1,A,-,08,22107,NA,N,E,I,A,A,H,-,D,D,0,NA,NA,NA,NA,Y,Y,D,22,0,0,1,0,0,0,0,0,0,-,-,NA,NA,SAN DIEGO,SAN DIEGO,-117.23294067382813,32.76414489746094
8694846,2018,2018-09-19,3711,2018-08-26,1630,7202,NA,7,5,7,3711,0,0,0,NA,0,438,SANDY SHORE CT,SANDY SHORE ST,0,NA,Y,A,-,N,NA,NA,NA,NA,NA,NA,NA,NA,NA,N,3,0,1,2,B,-,22,NA,NA,N,D,G,A,A,H,-,A,A,0,NA,Y,NA,NA,Y,NA,L,04,0,1,0,0,0,0,1,0,0,-,-,NA,NA,SAN DIEGO,SAN DIEGO,-117.0627670288086,32.68584060668945
8695032,2018,2018-09-18,3711,2018-08-31,0225,6957,NA,5,5,7,3711,0,0,0,NA,0,115,NOBEL DR,CARGILL AV,15,E,N,A,-,N,NA,NA,NA,NA,NA,NA,NA,NA,NA,Y,4,0,1,1,A,-,08,22107,NA,N,A,I,A,A,H,-,C,A,0,NA,NA,NA,NA,Y,Y,-,NA,0,0,1,0,0,0,0,0,0,-,-,NA,NA,SAN DIEGO,SAN DIEGO,-117.2164306640625,32.86640548706055
8695345,2018,2018-09-20,3710,2018-08-21,1529,OC1465,033,2,5,6,3710,0,0,0,NA,0,009,OLD GROVE RD,CHICKADEE WY,243,S,N,A,-,N,NA,NA,NA,NA,NA,NA,NA,NA,NA,Y,4,0,1,2,A,-,03,22350,NA,N,C,C,A,A,H,-,A,A,0,NA,NA,NA,NA,Y,NA,A,01,0,0,1,0,0,0,0,0,0,-,-,NA,NA,SAN DIEGO,OCEANSIDE,-117.30362701416016,33.22557067871094
8696529,2018,2018-09-25,3701,2018-07-17,1632,CB5524,NA,2,5,5,3701,0,0,0,NA,0,001,CARLSBAD BL,CYPRESS AV,0,NA,Y,A,-,N,NA,NA,NA,NA,NA,NA,NA,NA,NA,N,4,0,1,2,A,-,03,22350,NA,N,C,C,A,A,H,-,A,D,0,NA,NA,NA,NA,Y,NA,A,01,0,0,1,0,0,0,0,0,0,-,-,NA,NA,SAN DIEGO,CARLSBAD,-117.35399627685548,33.16183090209961
8697647,2018,2018-09-25,3700,2018-08-31,1645,SH0817,NA,5,5,5,3712,0,0,0,NA,0,353,BORDEN RD,LA CIENEGA RD,0,NA,Y,A,-,N,NA,NA,NA,NA,NA,NA,NA,NA,NA,Y,3,0,2,2,A,-,05,21460,A,N,A,C,A,A,H,-,A,D,0,NA,NA,NA,NA,Y,NA,A,01,0,1,1,0,0,0,0,0,0,-,-,NA,NA,SAN DIEGO,SAN MARCOS,-117.12957000732422,33.15713882446289
8698989,2018,2018-09-26,3705,2018-08-16,1901,EC0337,NA,4,5,5,3705,0,0,0,NA,0,001,FLETCHER PKWY,PIONEER WY,0,NA,Y,A,-,N,NA,NA,NA,NA,NA,NA,NA,NA,NA,N,4,0,1,2,A,-,08,22107,NA,N,B,C,A,A,H,-,A,A,0,NA,NA,NA,NA,Y,NA,A,01,0,0,1,0,0,0,0,0,0,-,-,NA,NA,SAN DIEGO,EL CAJON,-116.96745300292967,32.80778121948242
8699074,2018,2018-09-27,3700,2018-09-11,1852,SH3742,NA,2,5,5,3712,0,0,0,NA,0,357,SOUTH TWIN OAKS VALLEY RD,BARHAM DR,194,S,N,A,-,N,NA,NA,NA,NA,NA,NA,NA,NA,NA,N,4,0,2,2,A,-,03,22350,NA,M,C,C,A,A,H,-,A,D,0,NA,NA,NA,NA,Y,NA,A,01,0,0,2,0,0,0,0,0,0,-,-,NA,NA,SAN DIEGO,SAN MARCOS,-117.16469573974608,33.13158416748047
8699314,2018,2018-10-09,3711,2018-09-14,1255,7642,NA,5,5,7,3711,0,0,0,NA,0,124,PEARL ST,DRAPER AV,53,W,N,A,-,N,NA,NA,NA,NA,NA,NA,NA,NA,NA,N,4,0,1,2,A,-,03,22350,NA,N,B,C,A,A,H,-,A,D,0,NA,NA,Y,NA,Y,NA,C,02,0,0,1,0,0,0,0,0,0,-,-,NA,NA,SAN DIEGO,SAN DIEGO,-117.27627563476563,32.839630126953125
8700959,2018,2018-11-13,3711,2018-09-13,0600,7654,SDMC,4,5,7,3711,0,0,0,NA,0,712,SAN YSIDRO BL,CENTER ST,15,W,N,A,-,N,NA,NA,NA,NA,NA,NA,NA,NA,NA,N,4,0,1,2,A,-,08,22107,NA,N,A,B,B,A,H,-,B,D,0,Y,NA,NA,NA,Y,NA,D,22,0,0,1,0,1,0,0,0,0,-,-,NA,NA,SAN DIEGO,SAN DIEGO,-117.0399169921875,32.551658630371094
8701376,2018,2018-09-24,3710,2018-08-02,0127,OC1456,NA,4,5,6,3710,0,0,0,NA,0,0B7,OCEANSIDE BL,TEMPLE HEIGHTS DR,900,E,N,A,-,N,NA,NA,NA,NA,NA,NA,NA,NA,NA,Y,2,0,2,4,A,-,03,22350,NA,N,C,E,F,A,H,-,C,D,0,Y,NA,NA,NA,Y,NA,A,01,1,0,1,0,1,0,0,0,0,-,-,33.21677017211914,-117.2706298828125,SAN DIEGO,OCEANSIDE,-117.2685089111328,33.218421936035156
8704893,2018,2018-10-08,3700,2018-07-28,0214,SH7366,NA,6,5,4,3707,0,0,0,NA,0,705,GEORGIA ST,ELDER AV,32,S,N,A,-,N,NA,NA,NA,NA,NA,NA,NA,NA,NA,Y,4,0,1,3,A,-,01,23152,A,N,B,E,A,A,H,-,C,-,0,NA,NA,NA,NA,Y,Y,-,NA,0,0,1,0,0,0,0,0,0,-,-,NA,NA,SAN DIEGO,IMPERIAL BEACH,-117.10445404052734,32.578983306884766
8706031,2018,2018-10-26,3710,2018-08-15,0035,OC1352,008,3,5,6,3710,0,0,0,NA,0,002,SOUTH PACIFIC ST,OCEANSIDE BL,87,N,N,A,-,N,NA,NA,NA,NA,NA,NA,NA,NA,NA,N,3,0,1,2,A,-,03,22350,NA,F,H,G,A,A,H,-,C,D,0,NA,Y,NA,NA,Y,NA,A,01,0,1,0,0,0,0,1,0,0,-,-,NA,NA,SAN DIEGO,OCEANSIDE,-117.37286376953124,33.181705474853516
8706040,2018,2018-10-08,3711,2018-09-15,1243,7269,NA,6,5,7,3711,0,0,0,NA,0,431,FEDERAL BL,60TH ST,0,NA,Y,A,-,N,NA,NA,NA,NA,NA,NA,NA,NA,NA,Y,4,0,2,2,A,-,05,21651,A,N,D,C,A,A,H,-,A,A,0,NA,NA,NA,NA,Y,NA,-,-,0,0,2,0,0,0,0,0,0,-,-,NA,NA,SAN DIEGO,SAN DIEGO,-117.06807708740234,32.72726821899414
8706064,2018,2019-01-07,3711,2018-09-13,1456,7663,NA,4,5,7,3711,0,0,0,NA,0,113,REGENTS RD,RT 52,81,S,N,A,-,Y,SD,11,52,-,-,1.16,R,4,E,Y,3,0,2,2,A,-,04,21703,NA,N,C,C,A,A,H,-,A,A,0,NA,NA,NA,NA,Y,NA,-,NA,0,1,1,0,0,0,0,0,0,-,NF,NA,NA,SAN DIEGO,SAN DIEGO,-117.2206802368164,32.840450286865234
8706770,2018,2018-09-27,3711,2018-09-11,1538,7464,NA,2,5,7,3711,0,0,0,NA,0,838,39TH ST,UNIVERSITY AV,0,NA,Y,A,-,N,NA,NA,NA,NA,NA,NA,NA,NA,NA,N,3,0,1,2,A,-,17,21235,G,M,G,B,F,A,H,-,A,D,0,Y,NA,NA,NA,Y,NA,M,94,0,1,0,0,1,0,0,0,0,-,-,NA,NA,SAN DIEGO,SAN DIEGO,-117.11064910888672,32.749691009521484
8706881,2018,2018-10-09,3706,2018-09-05,0800,522,ESCON,3,5,6,3706,0,0,0,NA,0,052,ESCONDIDO BL,11TH AV,300,S,N,A,-,N,NA,NA,NA,NA,NA,NA,NA,NA,NA,Y,4,0,1,2,A,-,08,22107,NA,N,D,C,A,A,H,-,A,A,0,NA,NA,NA,NA,Y,NA,A,01,0,0,1,0,0,0,0,0,0,-,-,33.11130142211914,-117.077880859375,SAN DIEGO,ESCONDIDO,-117.07730865478516,33.1105842590332