CASE_ID,ACCIDENT_YEAR,PROC_DATE,JURIS,COLLISION_DATE,COLLISION_TIME,OFFICER_ID,REPORTING_DISTRICT,DAY_OF_WEEK,CHP_SHIFT,POPULATION,CNTY_CITY_LOC,SPECIAL_COND,BEAT_TYPE,CHP_BEAT_TYPE,CITY_DIVISION_LAPD,CHP_BEAT_CLASS,BEAT_NUMBER,PRIMARY_RD,SECONDARY_RD,DISTANCE,DIRECTION,INTERSECTION,WEATHER_1,WEATHER_2,STATE_HWY_IND,CALTRANS_COUNTY,CALTRANS_DISTRICT,STATE_ROUTE,ROUTE_SUFFIX,POSTMILE_PREFIX,POSTMILE,LOCATION_TYPE,RAMP_INTERSECTION,SIDE_OF_HWY,TOW_AWAY,COLLISION_SEVERITY,NUMBER_KILLED,NUMBER_INJURED,PARTY_COUNT,PRIMARY_COLL_FACTOR,PCF_CODE_OF_VIOL,PCF_VIOL_CATEGORY,PCF_VIOLATION,PCF_VIOL_SUBSECTION,HIT_AND_RUN,TYPE_OF_COLLISION,MVIW,PED_ACTION,ROAD_SURFACE,ROAD_COND_1,ROAD_COND_2,LIGHTING,CONTROL_DEVICE,CHP_ROAD_TYPE,PEDESTRIAN_ACCIDENT,BICYCLE_ACCIDENT,MOTORCYCLE_ACCIDENT,TRUCK_ACCIDENT,NOT_PRIVATE_PROPERTY,ALCOHOL_INVOLVED,STWD_VEHTYPE_AT_FAULT,CHP_VEHTYPE_AT_FAULT,COUNT_SEVERE_INJ,COUNT_VISIBLE_INJ,COUNT_COMPLAINT_PAIN,COUNT_PED_KILLED,COUNT_PED_INJURED,COUNT_BICYCLIST_KILLED,COUNT_BICYCLIST_INJURED,COUNT_MC_KILLED,COUNT_MC_INJURED,PRIMARY_RAMP,SECONDARY_RAMP,LATITUDE,LONGITUDE,COUNTY,CITY,POINT_X,POINT_Y
90398359,2017,2017-02-22,9645,2017-02-15,1750,018950,NA,3,2,7,3711,0,1,1,NA,2,010,I-8 E/B,W. MISSION BAY DR. U/C,1048,W,N,A,-,Y,NA,NA,8,NA,NA,NA,NA,NA,E,Y,3,0,1,1,A,-,08,22107,NA,N,E,I,A,A,H,-,D,D,0,NA,NA,NA,NA,Y,NA,A,07,0,1,0,0,0,0,0,0,0,-,-,32.75669,-117.22655,SAN DIEGO,SAN DIEGO,-117.2265662,32.7568491
90398545,2017,2017-02-23,9645,2017-02-17,2205,020301,NA,5,3,9,3700,0,1,3,NA,2,008,SR-54 W/B,BRIARWOOD RD,50,W,N,C,-,Y,NA,NA,54,NA,NA,NA,NA,NA,W,Y,4,0,1,2,A,-,08,22107,NA,F,B,C,A,B,H,-,C,D,0,NA,NA,NA,NA,Y,NA,-,99,0,0,1,0,0,0,0,0,0,-,-,32.68119,-117.03083,SAN DIEGO,UNINCORPORATED,-117.03085573,32.681224040000004
9040048,2020,2020-03-03,3711,2020-01-16,1223,SD7828,NA,4,5,7,3711,0,0,0,NA,0,115,EXECUTION SQUARE,EXECUTIVE SQUARE 4225,0,NA,Y,A,-,N,NA,NA,NA,NA,NA,NA,NA,NA,NA,N,4,0,1,2,B,-,22,NA,NA,N,C,C,A,A,H,-,A,D,0,NA,NA,NA,NA,Y,NA,A,01,0,0,1,0,0,0,0,0,0,-,-,NA,NA,SAN DIEGO,SAN DIEGO,NA,NA
9040126,2019,2020-02-20,3700,2019-12-03,1606,0595,NA,2,5,5,3782,0,0,0,NA,0,212,LEUCADIA CT,SIDONIA ST,0,NA,Y,B,-,N,NA,NA,NA,NA,NA,NA,NA,NA,NA,N,4,0,1,2,A,-,12,21453,A,N,D,C,A,A,H,-,A,A,0,NA,NA,NA,NA,Y,NA,D,22,0,0,1,0,0,0,0,0,0,-,-,NA,NA,SAN DIEGO,ENCINITAS,-117.28058624267578,33.06515884399414
9040267,2019,2020-02-13,3700,2019-12-24,1003,SH1706,NA,2,5,5,3782,0,0,0,NA,0,215,S EL CAMINIO REAL,CREST DR,393,N,N,A,-,N,NA,NA,NA,NA,NA,NA,NA,NA,NA,Y,4,0,1,2,A,-,12,21453,A,N,D,C,A,A,H,-,A,A,0,NA,NA,NA,NA,Y,NA,A,01,0,0,1,0,0,0,0,0,0,-,-,NA,NA,SAN DIEGO,ENCINITAS,-117.25966644287108,33.043724060058594
90403224,2017,2017-03-01,9645,2017-02-13,1919,018678,NA,1,2,7,3711,0,1,3,NA,2,023,SR-163 S/B,WASHINGTON STREET O/C,1000,N,N,A,-,Y,NA,NA,163,NA,NA,NA,NA,NA,S,Y,4,0,3,4,A,-,11,21954,A,N,C,C,E,A,H,-,D,D,0,Y,NA,NA,NA,Y,NA,N,60,0,0,3,0,0,0,0,0,0,-,-,32.75294,-117.15767,SAN DIEGO,SAN DIEGO,-117.15766184,32.75294717
90403612,2017,2017-03-01,9645,2017-02-27,0740,016156,NA,1,1,7,3711,0,1,1,NA,2,003,I-5 S/B,1ST AVENUE O/C,20,N,N,B,C,Y,NA,NA,5,NA,NA,NA,NA,NA,S,Y,4,0,1,1,A,-,03,22350,NA,N,E,I,A,B,H,-,A,D,0,NA,NA,NA,NA,Y,NA,A,01,0,0,1,0,0,0,0,0,0,-,-,32.72339,-117.164,SAN DIEGO,SAN DIEGO,-117.16403205,32.72333678
90404246,2017,2017-03-02,9645,2017-02-27,1040,016156,NA,1,1,7,3711,0,1,1,NA,2,010,I-8 W/B,I-15 S/B,1584,W,N,B,C,Y,NA,NA,8,NA,NA,NA,NA,NA,W,Y,4,0,1,1,A,-,03,22350,NA,N,E,I,A,B,H,-,A,D,0,NA,NA,NA,NA,Y,NA,D,22,0,0,1,0,0,0,0,0,0,-,-,32.77812,-117.11889,SAN DIEGO,SAN DIEGO,-117.11890197,32.77818104
90404331,2017,2017-03-02,9680,2017-02-27,1250,017996,NA,1,1,9,3700,0,1,3,NA,1,040,SR-94 WESTBOUND,CAMPBELL RANCH ROAD,125,W,N,B,C,Y,NA,NA,NA,NA,NA,NA,NA,NA,NA,Y,4,0,1,4,A,-,03,22350,NA,N,C,C,A,B,H,-,A,A,0,NA,NA,NA,NA,Y,NA,A,08,0,0,1,0,0,0,0,0,0,-,-,32.6427,-116.7706,SAN DIEGO,UNINCORPORATED,-116.77602042,32.64264981
90404646,2017,2017-03-02,9680,2017-02-27,1915,019270,NA,1,2,5,3708,0,1,1,NA,2,081,I-8 W/B TO SR-125 S/B,I-8,100,N,N,B,C,Y,NA,NA,8,NA,NA,NA,R,NA,W,Y,4,0,2,2,A,-,03,22350,NA,N,D,C,A,B,H,-,C,D,0,NA,NA,NA,Y,Y,NA,A,01,0,0,2,0,0,0,0,0,0,-,-,32.77824,-117.00336,SAN DIEGO,LA MESA,-117.00336,32.77824
90404709,2017,2017-03-02,9680,2017-02-28,1440,018583,NA,2,2,9,3700,0,1,3,NA,1,023,SR-94 W/B,CAMPO RD,50,W,N,A,-,Y,NA,NA,94,NA,NA,NA,NA,NA,W,N,4,0,1,2,A,-,07,21658,A,N,D,C,A,A,H,-,A,D,0,NA,NA,Y,NA,Y,NA,A,01,0,0,1,0,0,0,0,0,1,-,-,32.7527,-117.0059,SAN DIEGO,UNINCORPORATED,-117.00590557,32.75269135
90404853,2017,2017-03-02,9650,2017-02-24,0840,014615,NA,5,1,9,3700,0,3,5,NA,2,070,PASEO DELICIAS,EL MONTEVIDEO,1320,E,N,A,-,N,NA,NA,NA,NA,NA,NA,NA,NA,NA,N,4,0,1,2,A,-,03,22350,NA,N,C,C,A,A,H,-,A,D,0,NA,NA,NA,NA,Y,NA,D,22,0,0,1,0,0,0,0,0,0,-,-,NA,NA,SAN DIEGO,UNINCORPORATED,-117.18845,33.03303038
90405074,2016,2017-03-03,9645,2016-11-27,0240,019410,NA,7,3,9,3700,0,3,5,NA,2,024,CARMEL VALLEY RD. E/B,DOVE CANYON RD. (WEST EDGE),9,W,N,B,C,N,NA,NA,NA,NA,NA,NA,NA,NA,NA,Y,4,0,1,1,A,-,03,22350,NA,N,E,I,A,B,F,-,C,D,0,NA,NA,NA,NA,Y,NA,A,01,0,0,1,0,0,0,0,0,0,-,-,33.00175,-117.1059,SAN DIEGO,UNINCORPORATED,-117.105893,33.00186
90405400,2017,2017-03-03,9645,2017-03-01,1815,017524,NA,3,2,7,3711,0,1,1,NA,2,017,I-15 S/B TO CLAIREMONT MESA BLVD.,CLAIREMONT MESA BLVD.,100,N,N,A,-,Y,NA,NA,15,NA,NA,NA,R,NA,S,N,4,0,1,2,A,-,03,22350,NA,N,C,C,A,A,H,-,B,D,0,NA,NA,NA,NA,Y,NA,A,07,0,0,1,0,0,0,0,0,0,-,-,32.83581,-117.12058,SAN DIEGO,SAN DIEGO,-117.12058,32.83581
90408186,2017,2017-03-08,9680,2017-03-07,0155,013686,NA,2,3,9,3700,0,1,3,NA,2,027,SR-94 W/B,LEMON GROVE AVE.,2054,E,N,A,-,Y,NA,NA,NA,NA,NA,NA,NA,NA,NA,Y,4,0,1,1,A,-,08,22107,NA,N,E,I,A,A,H,-,C,D,0,NA,NA,NA,NA,Y,NA,A,07,0,0,1,0,0,0,0,0,0,-,-,32.74719,-117.02476,SAN DIEGO,UNINCORPORATED,-117.02645,32.74721
90408457,2017,2017-03-08,9650,2017-02-28,0810,013696,NA,2,1,9,3700,0,3,5,NA,2,070,RANCHO DIEGUENO RD,SAN DIEGUITO RD,18480,E,N,B,-,N,NA,NA,NA,NA,NA,NA,NA,NA,NA,Y,4,0,1,2,A,-,08,22103,NA,N,D,C,A,A,H,-,A,D,0,NA,NA,NA,NA,Y,NA,A,01,0,0,1,0,0,0,0,0,0,-,-,32.98871,-117.19324,SAN DIEGO,UNINCORPORATED,-117.18162,32.98234
90408595,2017,2017-03-08,9650,2017-02-28,0755,015027,NA,2,1,9,3700,0,3,5,NA,2,211,ASH ST,STANLEY AVE,60,N,N,B,-,N,NA,NA,NA,NA,NA,NA,NA,NA,NA,N,2,0,1,2,A,-,11,21954,A,N,G,B,D,B,H,-,A,D,0,Y,NA,NA,NA,Y,NA,N,60,1,0,0,0,1,0,0,0,0,-,-,33.15844,-117.08627,SAN DIEGO,UNINCORPORATED,-117.0862048,33.1583287
90409280,2017,2017-03-09,9645,2017-03-01,1550,017953,NA,3,2,7,3711,0,1,3,NA,2,023,SR-163 S/B,ROBINSON AVENUE O/C,94,N,N,A,-,Y,NA,NA,163,NA,NA,NA,NA,NA,S,Y,4,0,1,2,A,-,03,22350,NA,N,C,C,A,A,H,-,A,D,0,NA,NA,NA,NA,Y,NA,A,01,0,0,1,0,0,0,0,0,0,-,-,32.74749,-117.15634,SAN DIEGO,SAN DIEGO,-117.15635243,32.74749418
90411513,2017,2017-03-13,9680,2017-03-11,0905,018356,NA,6,1,9,3700,0,2,4,NA,1,021,WILLOW GLEN DR,HILLSDALE RD,1056,W,N,A,-,N,NA,NA,NA,NA,NA,NA,NA,NA,NA,N,3,0,1,1,A,-,03,22350,NA,N,F,A,A,A,H,-,A,D,0,NA,Y,NA,NA,Y,NA,L,04,0,1,0,0,0,0,1,0,0,-,-,32.75487,-116.9043,SAN DIEGO,UNINCORPORATED,-116.90467996,32.75493254
90412200,2017,2017-03-14,9645,2017-03-04,1815,019344,NA,6,2,7,3711,0,1,1,NA,2,010,I-8 E/B,PRESIDIO PARK O/C,710,E,N,A,-,Y,NA,NA,8,NA,NA,NA,NA,NA,E,Y,3,0,2,2,A,-,03,22350,NA,N,C,C,A,A,H,-,C,D,0,NA,NA,NA,NA,Y,NA,A,01,0,1,1,0,0,0,0,0,0,-,-,32.7594,-117.1841,SAN DIEGO,SAN DIEGO,-117.18410076,32.75938044
90412292,2017,2017-03-14,9680,2017-03-09,1510,015619,NA,4,2,9,3700,0,3,5,NA,2,003,ALPINE BLVD.,LOUISE DR,70,W,N,A,-,N,NA,NA,NA,NA,NA,NA,NA,NA,NA,Y,4,0,2,2,A,-,09,21804,A,N,A,C,A,A,H,-,A,D,0,NA,NA,NA,NA,Y,NA,A,07,0,0,2,0,0,0,0,0,0,-,-,32.83468,-116.7559,SAN DIEGO,UNINCORPORATED,-116.75585576,32.83462016
90412834,2017,2017-03-15,9645,2017-03-04,1245,016474,NA,6,1,7,3711,0,1,3,NA,2,023,SR-163 BYPASS NORTHBOUND,FRIARS ROAD,400,S,N,B,-,Y,NA,NA,163,NA,NA,NA,NA,NA,N,Y,4,0,1,2,A,-,03,22350,NA,N,C,C,A,A,H,-,A,D,0,NA,NA,NA,NA,Y,NA,A,01,0,0,1,0,0,0,0,0,0,-,-,32.77058,-117.16114,SAN DIEGO,SAN DIEGO,-117.16145133,32.77065845
90414285,2017,2017-03-17,9650,2017-03-14,2145,013890,NA,2,2,9,3700,0,3,5,NA,2,070,DEL DIOS HWY,EL CAMINO DEL NORTE,0,NA,Y,A,-,Y,NA,NA,NA,NA,NA,NA,NA,NA,NA,Y,4,0,1,1,A,-,08,22107,NA,N,E,I,A,A,H,-,D,D,0,NA,NA,NA,NA,Y,NA,A,01,0,0,1,0,0,0,0,0,0,-,-,33.03572,-117.184,SAN DIEGO,UNINCORPORATED,-117.18384001,33.03560001
90414435,2017,2017-03-17,9645,2017-02-24,0800,016047,NA,5,1,5,3709,0,1,1,NA,2,001,I-5 NORTHBOUND,DIVISION STREET,1584,S,N,B,-,Y,NA,NA,5,NA,NA,NA,NA,NA,N,N,3,0,1,2,A,-,07,21658,A,N,C,C,A,A,H,-,A,D,0,NA,NA,Y,NA,Y,NA,D,22,0,1,0,0,0,0,0,0,1,-,-,32.67987,-117.10993,SAN DIEGO,NATIONAL CITY,-117.11000545,32.67983996
90415059,2017,2017-03-20,9650,2017-03-12,1140,016487,NA,7,1,9,3700,0,3,5,NA,2,213,SOUTH GRADE RD,SR-76,11088,N,N,A,-,N,NA,NA,NA,NA,NA,NA,NA,NA,NA,Y,4,0,1,2,A,-,08,22107,NA,N,F,A,A,A,H,-,A,D,0,NA,NA,Y,NA,Y,NA,C,02,0,0,1,0,0,0,0,0,1,-,-,33.3005,-116.88314,SAN DIEGO,UNINCORPORATED,-116.88462528,33.30027898
90415991,2017,2017-03-20,9650,2017-03-19,1710,019398,NA,7,2,9,3700,0,1,1,NA,2,001,I-5 N/B,BASILONE RD,1109,S,N,B,-,Y,NA,NA,NA,NA,NA,NA,NA,NA,NA,Y,4,0,1,2,A,-,03,22350,NA,N,C,C,A,A,H,-,A,D,0,NA,NA,NA,NA,Y,NA,A,01,0,0,1,0,0,0,0,0,0,-,-,33.23314,-117.3447,SAN DIEGO,UNINCORPORATED,-117.5797457,33.38430701
9041634,2020,2020-02-24,3700,2020-01-04,1734,SH0437,NA,6,5,5,3712,0,0,0,NA,0,360,SOUTH TWIN OAKS VALLEY RD,CAMPUS MARKET PL,60,N,N,A,-,N,NA,NA,NA,NA,NA,NA,NA,NA,NA,Y,4,0,1,2,A,-,03,22350,NA,N,C,C,A,A,H,-,B,D,0,NA,NA,NA,NA,Y,NA,A,01,0,0,1,0,0,0,0,0,0,-,-,NA,NA,SAN DIEGO,SAN MARCOS,-117.16500854492188,33.12975311279297
90417166,2017,2017-03-22,9645,2017-03-08,1555,017270,NA,3,2,7,3711,0,1,3,NA,2,014,SR-52 E/B,CONVOY STREET,1700,W,N,A,-,Y,NA,NA,NA,NA,NA,NA,NA,NA,NA,Y,4,0,3,3,A,-,03,22350,NA,N,C,C,A,A,H,-,A,D,0,NA,NA,NA,NA,Y,NA,A,01,0,0,3,0,0,0,0,0,0,-,-,32.5042,-117.108,SAN DIEGO,SAN DIEGO,-117.15754743,32.83755026
90417956,2017,2017-03-22,9645,2017-03-13,1905,017667,NA,1,2,7,3711,0,1,3,NA,2,016,I-15 S/B FROM SR-52 E/B,SR-52,180,W,N,A,-,Y,NA,NA,NA,NA,NA,NA,NA,NA,NA,Y,2,0,1,2,A,-,07,21658,A,F,C,C,A,A,H,-,C,D,0,NA,NA,Y,NA,Y,NA,-,99,1,0,0,0,0,0,0,0,1,-,-,32.84104,-117.12606,SAN DIEGO,SAN DIEGO,-117.12119458,32.84131514
90418100,2017,2017-03-23,9645,2017-03-20,1600,016061,NA,1,2,7,3711,0,1,1,NA,2,005,I-5 S/B,NOELL ST. U/C,1000,N,N,A,-,Y,NA,NA,5,NA,NA,NA,NA,NA,S,Y,3,0,1,1,A,-,08,22107,NA,N,E,I,A,A,H,-,A,D,0,NA,NA,NA,NA,Y,NA,A,01,0,1,0,0,0,0,0,0,0,-,-,32.74522,-117.1891,SAN DIEGO,SAN DIEGO,-117.18899959,32.74543442
90418338,2017,2017-03-23,9645,2017-03-14,0555,016156,NA,2,3,7,3711,0,1,1,NA,2,017,I-15 S/B TO MIRAMAR WAY,MIRAMAR WAY,50,S,N,A,-,Y,NA,NA,15,NA,NA,NA,R,NA,S,Y,3,0,1,1,A,-,03,22350,NA,N,F,A,A,A,H,-,D,D,0,NA,NA,Y,NA,Y,NA,C,02,0,1,0,0,0,0,0,0,1,-,-,32.88071,-117.11148,SAN DIEGO,SAN DIEGO,-117.11148,32.88071
9041883,2019,2020-03-09,3710,2019-09-13,2350,OC1434,NA,5,5,6,3710,0,0,0,NA,0,015,BLUFF WY,EDGEHILL LN,92,N,N,A,-,N,NA,NA,NA,NA,NA,NA,NA,NA,NA,Y,4,0,1,1,A,-,03,22350,NA,M,A,I,A,A,H,-,C,D,0,NA,NA,NA,NA,Y,NA,D,22,0,0,1,0,0,0,0,0,0,-,-,NA,NA,SAN DIEGO,OCEANSIDE,-117.3403549194336,33.2042350769043
90420628,2017,2017-03-27,9645,2017-03-24,1358,017678,NA,5,1,7,3711,0,1,3,NA,2,023,SR-163 N/B,MESA COLLEGE DR.,800,S,N,A,-,Y,NA,NA,163,NA,NA,NA,NA,NA,N,Y,4,0,2,3,A,-,03,22350,NA,N,C,A,A,A,H,-,A,D,0,NA,NA,NA,NA,Y,NA,A,01,0,0,2,0,0,0,0,0,0,-,-,32.79714,-117.15683,SAN DIEGO,SAN DIEGO,-117.1568984,32.79716434
90422302,2017,2017-03-28,9645,2017-03-16,1700,018428,NA,4,2,7,3711,0,1,1,NA,2,010,I-8 E/B,MISSION GORGE RD. U/C,300,W,N,A,-,Y,NA,NA,8,NA,NA,NA,NA,NA,E,Y,4,0,1,2,A,-,03,22350,NA,N,C,C,A,A,H,-,A,D,0,NA,NA,NA,NA,Y,NA,A,01,0,0,1,0,0,0,0,0,0,-,-,32.78025,-117.08945,SAN DIEGO,SAN DIEGO,-117.08946255,32.78055904
9042270,2020,2020-03-17,3711,2020-01-10,1332,SD7865,NA,5,5,7,3711,0,0,0,NA,0,524,A ST,A ST 400,0,NA,-,A,-,N,NA,NA,NA,NA,NA,NA,NA,NA,NA,Y,4,0,1,2,A,-,12,21453,A,N,D,C,A,A,H,-,A,A,0,NA,NA,NA,NA,Y,NA,A,07,0,0,1,0,0,0,0,0,0,-,-,NA,NA,SAN DIEGO,SAN DIEGO,NA,NA
90422807,2017,2017-03-28,9680,2017-03-22,2210,019729,NA,3,3,9,3700,0,1,3,NA,1,091,SR-78 W/B,HORIZON VIEW DR,2640,W,N,C,-,Y,NA,NA,78,NA,NA,NA,NA,NA,W,Y,4,0,1,1,A,-,01,23152,A,N,E,I,A,B,H,-,D,D,0,NA,NA,NA,NA,Y,Y,A,01,0,0,1,0,0,0,0,0,0,-,-,33.07437,-116.90275,SAN DIEGO,UNINCORPORATED,-116.90277127,33.07436916
9042294,2020,2020-03-17,3711,2020-01-11,0816,SD4759,NA,6,5,7,3711,0,0,0,NA,0,124,ESPERANZA WY,CAPRICORN LN,214,S,N,A,-,N,NA,NA,NA,NA,NA,NA,NA,NA,NA,Y,4,0,1,1,A,-,03,22350,NA,N,E,I,A,A,H,-,A,D,0,NA,NA,NA,NA,Y,NA,A,01,0,0,1,0,0,0,0,0,0,-,-,NA,NA,SAN DIEGO,SAN DIEGO,NA,NA
90423683,2017,2017-03-29,9645,2017-03-17,2030,018950,NA,5,2,7,3711,0,1,1,NA,2,017,I-15 S/B,CARROLL CANYON RD O/C,1056,N,N,A,-,Y,NA,NA,15,NA,NA,NA,NA,NA,S,Y,4,0,1,1,A,-,08,22107,NA,N,E,I,A,A,H,-,D,D,0,NA,NA,NA,NA,Y,NA,A,01,0,0,1,0,0,0,0,0,0,-,-,32.91083,-117.11677,SAN DIEGO,SAN DIEGO,-117.1166319,32.91082788
90424077,2017,2017-03-30,9645,2017-03-20,1734,018678,NA,1,2,7,3711,0,1,1,NA,2,009,I-805 S/B,BEYER BLVD O/C,1000,N,N,A,-,Y,NA,NA,805,NA,NA,NA,NA,NA,S,Y,3,0,1,1,A,-,04,21703,NA,N,E,J,A,A,H,-,A,D,0,NA,NA,Y,NA,Y,NA,C,02,0,1,0,0,0,0,0,0,1,-,-,32.55989,-117.04268,SAN DIEGO,SAN DIEGO,-117.0425584,32.55987099
90425561,2017,2017-04-03,9645,2017-03-31,1920,019352,NA,5,2,7,3711,0,1,1,NA,2,001,I-5 S/B,VIA DE SAN YSIDRO,1320,N,N,A,-,Y,NA,NA,5,NA,NA,NA,NA,NA,S,N,4,0,1,2,A,-,03,22350,NA,N,C,C,A,A,H,-,C,D,0,NA,NA,NA,NA,Y,NA,A,01,0,0,1,0,0,0,0,0,0,-,-,32.55253,-117.04847,SAN DIEGO,SAN DIEGO,-117.04845798,32.55255844
9042611,2020,2020-02-25,3700,2020-01-26,0019,SH0029,NA,7,5,5,3713,0,0,0,NA,0,302,N SANTA FE  AV,TAYLOR ST,1180,N,N,E,-,N,NA,NA,NA,NA,NA,NA,NA,NA,NA,Y,4,0,2,2,A,-,01,23152,A,F,B,C,A,B,H,-,C,D,0,NA,NA,NA,NA,Y,Y,D,22,0,0,2,0,0,0,0,0,0,-,-,NA,NA,SAN DIEGO,VISTA,-117.24950408935548,33.23210144042969
90426467,2017,2017-04-03,9680,2017-03-27,1100,016435,NA,1,1,9,3700,0,1,3,NA,1,090,SR-67 (MAIN STREET),11TH STREET,0,NA,Y,B,-,Y,NA,NA,67,NA,NA,NA,NA,NA,NA,Y,4,0,1,2,A,-,09,21802,A,N,D,C,A,A,H,-,A,A,0,NA,NA,Y,NA,Y,NA,A,07,0,0,1,0,0,0,0,0,1,-,-,33.04131,-116.87035,SAN DIEGO,UNINCORPORATED,-116.87023938,33.04111469
9042803,2020,2020-02-20,3711,2020-01-15,1615,HB5910,NA,3,5,7,3711,0,0,0,NA,0,503,LIBERATOR WY,NORTH HARBOR DR,0,NA,-,A,-,N,NA,NA,NA,NA,NA,NA,NA,NA,NA,N,4,0,1,1,A,-,08,22107,NA,N,H,A,A,A,H,-,B,D,0,NA,NA,Y,NA,Y,NA,C,02,0,0,1,0,0,0,0,0,1,-,-,NA,NA,SAN DIEGO,SAN DIEGO,-117.18792724609376,32.728939056396484
90428143,2017,2017-04-05,9645,2017-03-21,1147,016047,NA,2,1,7,3711,0,1,1,NA,2,003,I-5 NORTHBOUND,OLD TOWN AVENUE,200,N,N,A,-,Y,NA,NA,5,NA,NA,NA,NA,NA,N,Y,4,0,1,4,A,-,03,22350,NA,N,C,C,A,A,H,-,A,D,0,NA,NA,NA,NA,Y,NA,D,22,0,0,1,0,0,0,0,0,0,-,-,32.75114,-117.19689,SAN DIEGO,SAN DIEGO,-117.19696726,32.75107204
90428241,2017,2017-04-05,9645,2017-03-29,1840,016864,NA,3,2,7,3711,0,1,1,NA,2,007,I-5 N/B,VIA DE LA VALLE,2640,S,N,A,-,Y,NA,NA,5,NA,NA,NA,NA,NA,N,N,4,0,1,3,A,-,03,22350,NA,F,C,C,A,A,H,-,A,D,0,NA,NA,NA,NA,Y,NA,A,01,0,0,1,0,0,0,0,0,0,-,-,32.97353,-117.25056,SAN DIEGO,SAN DIEGO,-117.25056342,32.97352875
90429819,2017,2017-04-07,9680,2017-03-31,1638,018801,NA,5,2,9,3700,0,1,3,NA,1,040,STATE ROUTE 94,BARRETT SMITH RD,1584,E,N,A,-,Y,NA,NA,94,NA,NA,NA,NA,NA,NA,Y,4,0,1,2,A,-,08,22107,NA,N,B,C,A,A,H,-,A,D,0,NA,NA,NA,NA,Y,NA,D,22,0,0,1,0,0,0,0,0,0,-,-,32.61038,-116.70239,SAN DIEGO,UNINCORPORATED,-116.70241064,32.6103333
90429999,2017,2017-04-07,9680,2017-04-01,1520,020049,NA,6,2,9,3700,0,3,5,NA,2,002,PARADISE VALLEY RD,WORTHINGTON ST,1584,E,N,A,-,N,NA,NA,NA,NA,NA,NA,NA,NA,NA,Y,4,0,1,2,A,-,09,21804,A,N,D,C,A,A,H,-,E,D,0,NA,NA,NA,NA,Y,NA,A,01,0,0,1,0,0,0,0,0,0,-,-,32.70033,-117.01487,SAN DIEGO,UNINCORPORATED,-117.01495443,32.70040301
90430032,2017,2017-04-07,9680,2017-04-01,1915,020049,NA,6,2,9,3700,0,2,4,NA,1,026,JAMACHA RD,SWEETWATER RD,70,E,N,A,-,N,NA,NA,NA,NA,NA,NA,NA,NA,NA,N,4,0,1,2,A,-,03,22350,NA,N,C,C,A,A,H,-,C,A,0,NA,NA,NA,NA,Y,NA,A,01,0,0,1,0,0,0,0,0,0,-,-,32.7148,-117.01228,SAN DIEGO,UNINCORPORATED,-117.01249327,32.71476405
90432750,2017,2017-04-12,9645,2017-03-31,1515,017678,NA,5,2,7,3711,0,1,3,NA,2,023,SR-163 S/B,I-805,600,N,N,A,-,Y,NA,NA,163,NA,NA,NA,NA,NA,S,Y,2,0,1,1,A,-,08,22107,NA,N,F,A,A,A,H,-,A,D,0,NA,NA,Y,NA,Y,NA,C,02,1,0,0,0,0,0,0,0,1,-,-,32.81285,-117.15147,SAN DIEGO,SAN DIEGO,-117.15152714,32.8128734
90433420,2017,2017-04-13,9645,2017-04-03,0025,020857,NA,1,3,7,3711,0,1,3,NA,2,025,SR-163 N/B FROM KEARNY VILLA RD,KEARNY VILLA RD,150,N,N,A,B,Y,NA,NA,163,NA,NA,NA,R,NA,N,Y,3,0,1,1,A,-,08,22107,NA,N,E,I,A,A,H,-,C,D,0,NA,NA,NA,NA,Y,Y,A,01,0,1,0,0,0,0,0,0,0,-,-,32.8537,-117.119,SAN DIEGO,SAN DIEGO,-117.119,32.8537
90433952,2017,2017-04-13,9650,2017-04-06,1635,013452,NA,4,2,5,3782,0,1,1,NA,2,007,I-5 N/B,ENCINITAS BOULEVARD,2112,N,N,A,-,Y,NA,NA,5,NA,NA,NA,NA,NA,N,Y,2,0,1,1,A,-,03,22350,NA,N,F,A,A,A,H,-,A,D,0,NA,NA,Y,NA,Y,NA,C,02,1,0,0,0,0,0,0,0,1,-,-,33.05398,-117.28871,SAN DIEGO,ENCINITAS,-117.28876195,33.05396422
90435029,2017,2017-04-17,9680,2017-04-07,0820,021584,NA,5,1,9,3700,0,3,5,NA,2,003,PEUTZ VALLEY ROAD,SUNSET VALLEY ROAD,1056,E,N,A,-,N,NA,NA,NA,NA,NA,NA,NA,NA,NA,Y,3,0,1,1,A,-,08,22107,NA,N,E,I,A,A,H,-,A,A,0,NA,NA,NA,NA,Y,NA,A,07,0,1,0,0,0,0,0,0,0,-,-,32.85628,-116.77847,SAN DIEGO,UNINCORPORATED,-116.77841752,32.8558401
90435895,2017,2017-04-17,9680,2017-04-08,1610,020049,NA,6,2,9,3700,0,1,3,NA,1,024,SR-94 (CAMPO ROAD),RANCHO JAMUL DR,2112,W,N,A,-,Y,NA,NA,94,NA,NA,NA,NA,NA,NA,Y,4,0,2,2,A,-,08,22107,NA,N,D,C,A,A,H,-,A,D,0,NA,NA,NA,NA,Y,NA,A,01,0,0,2,0,0,0,0,0,0,-,-,32.70048,-116.86436,SAN DIEGO,UNINCORPORATED,-116.86435826,32.70048171
90436103,2017,2017-04-17,9645,2017-04-16,0621,021651,NA,7,1,7,3711,0,1,1,NA,2,017,N/B I-15,SR-56,200,S,N,A,-,Y,NA,NA,15,NA,NA,NA,NA,NA,NA,Y,3,0,2,1,A,-,08,22107,NA,N,E,I,A,A,H,-,A,D,0,NA,NA,NA,NA,Y,Y,A,01,0,2,0,0,0,0,0,0,0,-,-,32.9641,-117.0956,SAN DIEGO,SAN DIEGO,-117.09553341,32.96405969