CASE_ID,ACCIDENT_YEAR,PROC_DATE,JURIS,COLLISION_DATE,COLLISION_TIME,OFFICER_ID,REPORTING_DISTRICT,DAY_OF_WEEK,CHP_SHIFT,POPULATION,CNTY_CITY_LOC,SPECIAL_COND,BEAT_TYPE,CHP_BEAT_TYPE,CITY_DIVISION_LAPD,CHP_BEAT_CLASS,BEAT_NUMBER,PRIMARY_RD,SECONDARY_RD,DISTANCE,DIRECTION,INTERSECTION,WEATHER_1,WEATHER_2,STATE_HWY_IND,CALTRANS_COUNTY,CALTRANS_DISTRICT,STATE_ROUTE,ROUTE_SUFFIX,POSTMILE_PREFIX,POSTMILE,LOCATION_TYPE,RAMP_INTERSECTION,SIDE_OF_HWY,TOW_AWAY,COLLISION_SEVERITY,NUMBER_KILLED,NUMBER_INJURED,PARTY_COUNT,PRIMARY_COLL_FACTOR,PCF_CODE_OF_VIOL,PCF_VIOL_CATEGORY,PCF_VIOLATION,PCF_VIOL_SUBSECTION,HIT_AND_RUN,TYPE_OF_COLLISION,MVIW,PED_ACTION,ROAD_SURFACE,ROAD_COND_1,ROAD_COND_2,LIGHTING,CONTROL_DEVICE,CHP_ROAD_TYPE,PEDESTRIAN_ACCIDENT,BICYCLE_ACCIDENT,MOTORCYCLE_ACCIDENT,TRUCK_ACCIDENT,NOT_PRIVATE_PROPERTY,ALCOHOL_INVOLVED,STWD_VEHTYPE_AT_FAULT,CHP_VEHTYPE_AT_FAULT,COUNT_SEVERE_INJ,COUNT_VISIBLE_INJ,COUNT_COMPLAINT_PAIN,COUNT_PED_KILLED,COUNT_PED_INJURED,COUNT_BICYCLIST_KILLED,COUNT_BICYCLIST_INJURED,COUNT_MC_KILLED,COUNT_MC_INJURED,PRIMARY_RAMP,SECONDARY_RAMP,LATITUDE,LONGITUDE,COUNTY,CITY,POINT_X,POINT_Y
90436119,2017,2017-04-17,9680,2017-04-09,1435,020049,NA,7,2,9,3700,0,3,5,NA,2,002,TROY ST,SWEETWATER RD,90,E,N,A,-,N,NA,NA,NA,NA,NA,NA,NA,NA,NA,N,4,0,1,2,A,-,21,22106,NA,N,H,C,A,A,H,-,A,D,0,NA,NA,NA,NA,Y,NA,A,01,0,0,1,0,0,0,0,0,0,-,-,32.736580000000004,-117.01382,SAN DIEGO,UNINCORPORATED,-117.01417835,32.73668
90436791,2017,2017-04-18,9650,2017-04-08,1240,016275,NA,6,1,9,3700,0,3,5,NA,1,212,WOODS VALLEY RD,LAKE WOHLFORD RD,7392,W,N,A,-,N,NA,NA,NA,NA,NA,NA,NA,NA,NA,Y,2,0,2,2,A,-,05,21460,A,N,A,C,A,A,H,-,A,D,0,NA,NA,NA,NA,Y,NA,A,01,1,0,1,0,0,0,0,0,0,-,-,33.20412,-116.99395,SAN DIEGO,UNINCORPORATED,-116.99285242,33.20376623
90436857,2017,2017-06-05,9650,2017-02-07,0802,016485,NA,2,1,6,3706,0,1,1,NA,2,023,I-15 N/B,VALLEY PKWY,1000,S,N,B,-,Y,NA,NA,15,NA,NA,NA,NA,NA,N,Y,4,0,3,3,A,-,03,22350,NA,F,C,C,A,B,H,-,A,D,0,NA,NA,NA,NA,Y,NA,A,01,0,0,3,0,0,0,0,0,0,-,-,33.1128,-117.09723,SAN DIEGO,ESCONDIDO,-117.09727935,33.11277033
90439365,2017,2017-04-21,9680,2017-04-12,1425,018801,NA,3,2,5,3705,0,1,1,NA,2,081,I-8 E/B,W. MAIN ST U/C,1584,E,N,A,-,Y,NA,NA,8,NA,NA,NA,NA,NA,E,Y,4,0,1,1,A,-,03,22350,NA,N,E,I,A,A,H,-,A,D,0,NA,NA,NA,NA,Y,NA,A,07,0,0,1,0,0,0,0,0,0,-,-,32.79741,-116.97664,SAN DIEGO,EL CAJON,-116.97671936,32.79741928
9043967,2020,2020-02-27,3711,2020-01-22,0645,7313,NA,3,5,7,3711,0,0,0,NA,0,447,49TH ST,FEDERAL BL,0,NA,Y,A,-,N,NA,NA,NA,NA,NA,NA,NA,NA,NA,N,4,0,1,2,A,-,09,21802,A,N,D,C,A,A,H,-,A,A,0,NA,NA,NA,NA,Y,NA,A,01,0,0,1,0,0,0,0,0,0,-,-,NA,NA,SAN DIEGO,SAN DIEGO,-117.08978271484376,32.721431732177734
90440004,2017,2017-04-24,9650,2017-02-04,1400,018321,NA,6,2,9,3700,0,3,5,NA,2,211,JESMOND DENE RD,IVY DELL LN,2586,N,N,A,-,N,NA,NA,NA,NA,NA,NA,NA,NA,NA,Y,4,0,1,1,A,-,08,22107,NA,N,E,I,A,A,H,-,A,D,0,NA,NA,NA,NA,Y,NA,A,01,0,0,1,0,0,0,0,0,0,-,-,33.17601,-117.1085,SAN DIEGO,UNINCORPORATED,-117.10887776,33.17627177
90440017,2017,2017-04-24,9650,2017-04-22,0940,015758,NA,6,1,6,3710,0,1,3,NA,2,015,SR-78 W/B,I-5,1426,E,N,A,-,Y,NA,NA,NA,NA,NA,NA,NA,NA,NA,Y,4,0,1,2,A,-,03,22350,NA,N,C,C,A,A,H,-,A,D,0,NA,NA,NA,NA,Y,NA,D,22,0,0,1,0,0,0,0,0,0,-,-,33.10465,-117.20499,SAN DIEGO,OCEANSIDE,-117.34772378,33.17933463
90441043,2017,2017-04-24,9650,2017-04-19,2102,016485,NA,3,2,9,3700,0,3,5,NA,2,231,CITRUS AVE,IDAHO AVE,4,S,N,A,-,N,NA,NA,NA,NA,NA,NA,NA,NA,NA,Y,3,0,1,1,A,-,08,22107,NA,N,F,A,A,A,H,-,D,D,0,NA,NA,NA,NA,Y,NA,A,07,0,1,0,0,0,0,0,0,0,-,-,33.11405,-117.04503,SAN DIEGO,UNINCORPORATED,-117.04499583,33.1140502
90441055,2017,2017-04-24,9680,2017-04-15,1820,019910,NA,6,2,9,3700,0,3,5,NA,2,003,WILLOWS RD,VIEJAS GRADE RD,1584,E,N,A,-,N,NA,NA,NA,NA,NA,NA,NA,NA,NA,Y,3,0,2,1,A,-,01,23152,F,N,E,I,A,A,H,-,A,D,0,NA,NA,NA,NA,Y,NA,D,22,0,1,1,0,0,0,0,0,0,-,-,32.83955,-116.71178,SAN DIEGO,UNINCORPORATED,-116.71326345,32.83897553
90442200,2017,2017-04-26,9680,2017-04-18,1915,017717,NA,2,2,5,3705,0,2,4,NA,1,014,WINTER GARDENS BLVD,ROYAL RD,40,S,N,A,-,N,NA,NA,NA,NA,NA,NA,NA,NA,NA,Y,4,0,2,2,A,-,09,21801,A,N,D,C,A,A,H,-,B,A,0,NA,NA,NA,NA,Y,NA,A,07,0,0,2,0,0,0,0,0,0,-,-,32.82381,-116.93353,SAN DIEGO,EL CAJON,-116.93348823,32.82398047
9044360,2020,2020-02-25,3711,2020-01-24,1042,SD7942,NA,5,5,7,3711,0,0,0,NA,0,628,KETTNER BL,SASSAFRAS ST,0,NA,Y,A,-,N,NA,NA,NA,NA,NA,NA,NA,NA,NA,Y,4,0,1,2,D,-,00,NA,NA,N,D,C,A,A,H,-,A,A,0,NA,NA,NA,NA,Y,NA,-,-,0,0,1,0,0,0,0,0,0,-,-,NA,NA,SAN DIEGO,SAN DIEGO,-117.17674255371094,32.73686981201172
9044372,2020,2020-02-25,3711,2020-01-24,0702,SD7419,NA,5,5,7,3711,0,0,0,NA,0,235,SAN PASQUAL VALLEY RD,OLD MILKY WAY,1584,W,N,A,-,N,NA,NA,NA,NA,NA,NA,NA,NA,NA,Y,4,0,1,1,A,-,08,22107,NA,N,H,A,A,A,H,-,A,D,0,NA,NA,NA,NA,Y,NA,A,01,0,0,1,0,0,0,0,0,0,-,-,NA,NA,SAN DIEGO,SAN DIEGO,-116.99263763427734,33.090171813964844
90445013,2017,2017-04-28,9680,2017-04-20,1750,017717,NA,4,2,5,3705,0,1,3,NA,2,016,SR-67 S/B TO MAGNOLIA AVE.,BROADWAY,650,N,N,A,-,Y,NA,NA,67,NA,NA,NA,R,NA,S,Y,4,0,1,2,A,-,03,22350,NA,N,C,C,A,A,H,-,A,D,0,NA,NA,NA,NA,Y,NA,A,01,0,0,1,0,0,0,0,0,0,-,-,32.80969,-116.96215,SAN DIEGO,EL CAJON,-116.96215,32.80969
90445218,2017,2017-04-28,9680,2017-04-21,0552,015061,NA,5,3,4,3720,0,1,3,NA,2,028,SR-125 N/B,TROY ST,528,N,N,A,-,Y,NA,NA,125,NA,NA,NA,NA,NA,N,Y,3,0,1,1,A,-,03,22350,NA,N,F,A,A,A,H,-,A,D,0,NA,NA,Y,NA,Y,NA,C,02,0,1,0,0,0,0,0,0,1,-,-,32.73826,-117.01558,SAN DIEGO,LEMON GROVE,-117.01556899,32.73825876
90446649,2017,2017-05-01,9650,2017-04-26,0652,015027,NA,3,1,6,3706,0,1,1,NA,2,023,I-15 S/B,VIA RANCHO PKY,300,N,N,A,-,Y,NA,NA,15,NA,NA,NA,NA,NA,S,Y,4,0,1,5,A,-,03,22350,NA,F,C,C,A,A,H,-,A,D,0,NA,NA,NA,NA,Y,NA,A,01,0,0,1,0,0,0,0,0,0,-,-,33.07227,-117.07007,SAN DIEGO,ESCONDIDO,-117.07003962,33.0722761
90447411,2017,2017-05-02,9645,2017-04-23,0859,019291,NA,7,1,6,3702,0,1,1,NA,2,001,I-5 N/B,J ST,50,N,N,A,-,Y,NA,NA,5,NA,NA,NA,NA,NA,N,Y,4,0,1,2,A,-,07,21658,A,N,C,C,A,A,H,-,A,D,0,NA,NA,NA,NA,Y,NA,A,01,0,0,1,0,0,0,0,0,0,-,-,32.62309,-117.09366,SAN DIEGO,CHULA VISTA,-117.09342426,32.6231844
9044760,2020,2020-10-20,3701,2020-01-18,1122,CB5536,070,6,5,5,3701,0,0,0,NA,0,006,RT 5,PALOMAR AIRPORT RD,0,NA,Y,A,-,Y,SD,11,5,-,R,46.826,R,4,N,N,3,0,1,2,A,-,09,21453,B,N,D,G,A,A,H,-,A,A,0,NA,Y,NA,NA,Y,NA,A,01,0,1,0,0,0,0,1,0,0,-,-,NA,NA,SAN DIEGO,CARLSBAD,-117.32037353515624,33.119537353515625
9044863,2019,2020-02-14,3711,2019-12-13,1155,SD7700,NA,5,5,7,3711,0,0,0,NA,0,122,HORNBLEND ST,MISSION BL,150,E,N,-,-,N,NA,NA,NA,NA,NA,NA,NA,NA,NA,N,4,0,1,1,B,-,22,NA,NA,N,H,G,A,-,-,-,-,-,0,NA,Y,NA,NA,Y,NA,L,04,0,0,1,0,0,0,1,0,0,-,-,NA,NA,SAN DIEGO,SAN DIEGO,-117.25474548339844,32.79576110839844
90449963,2017,2017-05-05,9650,2017-04-29,2254,018675,NA,6,3,6,3710,0,1,3,NA,2,015,SR-78 W/B,EL CAMINO REAL,5280,E,N,A,-,Y,NA,NA,78,NA,NA,NA,NA,NA,W,Y,3,0,1,2,A,-,03,22350,NA,N,C,C,A,A,H,-,D,D,0,NA,NA,NA,NA,Y,NA,A,01,0,1,0,0,0,0,0,0,0,-,-,33.17989,-117.30946,SAN DIEGO,OCEANSIDE,-117.30946141,33.17992207
90450562,2017,2017-05-08,9650,2017-05-06,1120,014615,NA,6,1,9,3700,0,1,1,NA,2,003,I-5 S/B TO HARBOR DRIVE,HARBOR DR,100,N,N,B,-,Y,NA,NA,NA,NA,NA,NA,NA,NA,NA,Y,4,0,1,3,A,-,03,22350,NA,N,C,C,A,A,H,-,A,D,0,NA,NA,NA,NA,Y,NA,A,01,0,0,1,0,0,0,0,0,0,-,-,NA,NA,SAN DIEGO,UNINCORPORATED,-117.38884602,33.21232743
90452074,2017,2017-05-09,9650,2017-05-03,0950,013636,NA,3,1,9,3700,0,3,5,NA,2,070,EL CAMINO DEL NORTE,DEL DIOS HWY,0,NA,Y,A,-,N,NA,NA,NA,NA,NA,NA,NA,NA,NA,Y,2,0,2,2,A,-,09,21802,A,N,D,C,A,A,H,-,A,A,0,NA,NA,NA,Y,Y,NA,D,22,1,1,0,0,0,0,0,0,0,-,-,NA,NA,SAN DIEGO,UNINCORPORATED,-117.18384001,33.03560001
90452667,2017,2017-05-10,9645,2017-04-28,1730,017953,NA,5,2,7,3711,0,1,1,NA,2,007,I-5 N/B,DEL MAR HEIGHTS RD O/C,500,N,N,A,-,Y,NA,NA,5,NA,NA,NA,NA,NA,N,N,4,0,1,2,A,-,03,22350,NA,N,C,C,A,A,H,-,A,D,0,NA,NA,NA,NA,Y,NA,A,01,0,0,1,0,0,0,0,0,0,-,-,32.95181,-117.24368,SAN DIEGO,SAN DIEGO,-117.24388676,32.95177288
90454626,2017,2017-05-12,9645,2017-04-28,0615,015270,NA,5,1,7,3711,0,1,1,NA,2,017,I-15 SOUTHBOUND,MIRAMAR ROAD,2640,N,N,A,-,Y,NA,NA,15,NA,NA,NA,NA,NA,S,Y,3,0,2,4,A,-,07,21658,A,N,B,C,A,A,H,-,A,D,0,NA,NA,NA,Y,Y,NA,A,01,0,2,0,0,0,0,0,0,0,-,-,32.89783,-117.11667,SAN DIEGO,SAN DIEGO,-117.11650117,32.89784266
90455130,2017,2017-05-15,9650,2017-05-10,0840,017994,NA,3,1,9,3700,0,3,5,NA,2,211,LILAC RD,BETSWORTH RD,1214,N,N,B,-,N,NA,NA,NA,NA,NA,NA,NA,NA,NA,Y,3,0,1,1,A,-,08,22107,NA,N,E,I,A,A,H,-,A,D,0,NA,NA,NA,NA,Y,NA,D,22,0,1,0,0,0,0,0,0,0,-,-,33.22549,-117.04219,SAN DIEGO,UNINCORPORATED,-117.04219949,33.22596717
90455135,2017,2017-05-15,9650,2017-05-06,2155,019191,NA,6,2,9,3700,0,3,5,NA,2,211,CENTRE CITY PKY,MOUNTAIN MEADOWS RD,215,S,N,B,-,Y,NA,NA,NA,NA,NA,NA,NA,NA,NA,Y,3,0,1,1,A,-,01,23152,A,N,E,I,A,B,H,-,C,D,0,NA,NA,NA,NA,Y,Y,A,01,0,1,0,0,0,0,0,0,0,-,-,33.19806,-117.12339,SAN DIEGO,UNINCORPORATED,-117.12336799,33.19783569
90455339,2017,2017-05-15,9650,2017-05-07,1130,016275,NA,7,1,9,3700,0,1,1,NA,2,022,I-15 S/B,MISSION RD,2112,N,N,C,-,Y,NA,NA,15,NA,NA,NA,NA,NA,S,Y,4,0,2,1,A,-,08,22107,NA,N,E,I,A,B,H,-,A,D,0,NA,NA,NA,NA,Y,NA,A,01,0,0,2,0,0,0,0,0,0,-,-,33.39416,-117.17352,SAN DIEGO,UNINCORPORATED,-117.17353878,33.39416761
90455425,2017,2017-05-15,9645,2017-03-27,0530,017723,NA,1,3,7,3711,0,1,1,NA,2,009,I-5 S/B,PALM AVE. (SR-75),2112,N,N,A,-,Y,NA,NA,5,NA,NA,NA,NA,NA,S,N,4,0,1,3,A,-,03,22350,NA,F,C,C,A,A,H,-,C,D,0,NA,NA,NA,NA,Y,NA,-,99,0,0,1,0,0,0,0,0,0,-,-,32.5891,-117.0881,SAN DIEGO,SAN DIEGO,-117.08803944,32.5891111
90461705,2017,2017-05-23,9645,2017-05-11,2300,020867,NA,4,3,7,3711,0,1,1,NA,2,015,I-805 S/B FROM CLAIREMONT MESA BLVD,CLAIREMONT MESA BLVD. O/C,100,N,N,A,-,Y,NA,NA,805,NA,NA,NA,R,NA,S,Y,3,0,1,2,A,-,03,22350,NA,N,C,D,A,A,H,-,C,D,0,NA,NA,NA,NA,Y,NA,A,01,0,1,0,0,0,0,0,0,0,-,-,32.83389,-117.17017,SAN DIEGO,SAN DIEGO,-117.17017,32.83389
90462515,2017,2017-05-24,9645,2017-05-12,1350,021651,NA,5,1,7,3711,0,1,1,NA,2,003,I-5 N/B TO CESAR E. CHAVEZ PKWY,CESAR E. CHAVEZ PKWY,200,S,N,A,-,Y,NA,NA,5,NA,NA,NA,R,NA,N,Y,3,0,1,2,A,-,03,22350,NA,N,C,C,A,A,H,-,A,A,0,NA,NA,NA,NA,Y,NA,A,01,0,1,0,0,0,0,0,0,0,-,-,32.70172,-117.14272,SAN DIEGO,SAN DIEGO,-117.14272,32.70172
90463189,2017,2017-05-25,9645,2017-05-15,0500,013784,NA,1,3,7,3711,0,1,1,NA,2,007,I-5 S/B,GILMAN DRIVE,3168,N,N,B,-,Y,NA,NA,5,NA,NA,NA,NA,NA,S,Y,2,0,1,1,A,-,01,23152,A,N,E,I,A,A,H,-,B,D,0,NA,NA,NA,NA,Y,Y,A,01,1,0,0,0,0,0,0,0,0,-,-,32.8584,-117.23078,SAN DIEGO,SAN DIEGO,-117.23067365,32.85838998
9046367,2020,2020-02-26,3702,2020-01-16,1855,CV1174,NA,4,5,6,3702,0,0,0,NA,0,024,OLYMPIC PKWY,CONCORD WY,171,E,N,A,-,N,NA,NA,NA,NA,NA,NA,NA,NA,NA,Y,4,0,1,2,A,-,03,22350,NA,N,C,C,A,A,H,-,C,D,0,NA,NA,NA,NA,Y,NA,A,07,0,0,1,0,0,0,0,0,0,-,-,NA,NA,SAN DIEGO,CHULA VISTA,-117.03008270263672,32.607582092285156
90465045,2017,2017-05-26,9680,2017-05-22,1200,015877,NA,1,1,5,3705,0,1,3,NA,2,028,SR-125 S/B,GROSSMONT COLLEGE DR.,30,N,N,A,-,Y,NA,NA,NA,NA,NA,NA,NA,NA,NA,Y,4,0,1,2,A,-,03,22350,NA,N,C,C,A,A,H,-,A,D,0,NA,NA,NA,Y,Y,NA,A,01,0,0,1,0,0,0,0,0,0,-,-,32.81517,-117.00527,SAN DIEGO,EL CAJON,-117.00404008,32.81182053
90465049,2017,2017-05-26,9680,2017-05-20,0330,020771,NA,6,3,9,3700,0,3,5,NA,2,002,VISTA WAY,CHALLENGE BLVD,736,N,N,A,-,N,NA,NA,NA,NA,NA,NA,NA,NA,NA,Y,3,0,1,1,A,-,01,23152,A,N,E,I,A,A,H,-,D,D,0,NA,NA,NA,NA,Y,Y,D,22,0,1,0,0,0,0,0,0,0,-,-,32.7576,-116.97385,SAN DIEGO,UNINCORPORATED,-116.97372499,32.75718899
90465719,2017,2017-05-26,9680,2017-05-19,1632,020105,NA,5,2,9,3700,0,2,4,NA,1,026,JAMACHA BLVD,SAN JUHN ST,20,E,N,A,-,N,NA,NA,NA,NA,NA,NA,NA,NA,NA,Y,4,0,1,2,A,-,03,22350,NA,N,E,I,A,A,C,-,A,A,0,NA,NA,NA,NA,Y,NA,A,01,0,0,1,0,0,0,0,0,0,-,-,32.70783,-116.98945,SAN DIEGO,UNINCORPORATED,-116.99075564,32.70787372
90467196,2017,2017-05-30,9645,2017-05-18,2245,021600,NA,4,3,7,3711,0,1,1,NA,2,005,I-5 NB TO CLAIREMONT DR.,CLAIREMONT DR,310,S,N,A,-,Y,NA,NA,5,NA,NA,NA,R,NA,N,Y,3,0,2,2,A,-,03,22350,NA,N,C,C,A,A,H,-,D,D,0,NA,NA,NA,NA,Y,NA,A,01,0,1,1,0,0,0,0,0,0,-,-,32.78954,-117.20665,SAN DIEGO,SAN DIEGO,-117.20665,32.78954
90468068,2017,2017-05-31,9680,2017-05-23,1935,017224,NA,2,2,9,3700,0,2,4,NA,1,018,LOS COCHES RD,AURORA DR,15,N,N,A,-,N,NA,NA,NA,NA,NA,NA,NA,NA,NA,N,4,0,1,2,A,-,06,21755,NA,N,B,C,A,A,H,-,B,A,0,NA,NA,Y,NA,Y,NA,C,02,0,0,1,0,0,0,0,0,1,-,-,32.8319,-116.90531,SAN DIEGO,UNINCORPORATED,-116.90506568,32.83197793
90469530,2017,2017-06-02,9645,2017-05-21,0615,017139,NA,7,1,7,3711,0,1,3,NA,2,006,SR-94 W/B,KELTON RD O/C,2640,E,N,A,-,Y,NA,NA,94,NA,NA,NA,NA,NA,W,Y,3,0,2,2,A,-,08,22107,NA,N,B,C,A,A,H,-,A,D,0,NA,NA,NA,NA,Y,NA,A,01,0,1,1,0,0,0,0,0,0,-,-,32.72941,-117.06587,SAN DIEGO,SAN DIEGO,-117.06584295,32.72933395
90469677,2017,2017-06-02,9680,2017-05-24,1450,017011,NA,3,2,9,3700,0,1,3,NA,1,023,SR-94 W/B TO KENWOOD DRIVE,KENWOOD DR,5,E,N,A,-,Y,NA,NA,94,NA,NA,NA,R,NA,W,N,4,0,1,2,A,-,10,21950,A,N,G,B,B,A,H,-,A,A,0,Y,NA,NA,NA,Y,NA,A,01,0,0,1,0,1,0,0,0,0,-,-,32.74702,-116.98926,SAN DIEGO,UNINCORPORATED,-116.98926,32.74702
90471302,2017,2017-06-05,9680,2017-05-26,1740,020116,NA,5,2,9,3700,0,1,3,NA,1,024,SR-94,OLD CAMPO RD,550,E,N,A,-,Y,NA,NA,94,NA,NA,NA,NA,NA,NA,N,4,0,2,2,A,-,03,22350,NA,N,C,C,A,A,H,-,A,D,0,NA,NA,NA,NA,Y,NA,A,01,0,0,2,0,0,0,0,0,0,-,-,32.72681,-116.92166,SAN DIEGO,UNINCORPORATED,-116.92165669,32.72681996
90472596,2017,2017-06-07,9645,2017-05-17,2105,018223,NA,3,2,7,3711,0,1,1,NA,2,010,I-8 WB,COLLEGE AVE,3000,W,N,A,-,Y,NA,NA,8,NA,NA,NA,NA,NA,W,Y,3,0,2,3,A,-,01,23152,A,N,C,C,A,A,D,-,A,A,0,NA,NA,NA,NA,Y,Y,D,22,0,1,1,0,0,0,0,0,0,-,-,32.77973,-117.07613,SAN DIEGO,SAN DIEGO,-117.07614854,32.779605169999996
90472956,2017,2017-06-07,9645,2017-06-06,1755,017667,NA,2,2,7,3711,0,1,1,NA,2,027,I-15 S/B,CLAIREMONT MESA BLVD.,100,S,N,B,-,Y,NA,NA,15,NA,NA,NA,NA,NA,S,N,4,0,1,2,A,-,03,22350,NA,N,C,C,A,A,H,-,A,D,0,NA,NA,NA,NA,Y,NA,A,01,0,0,1,0,0,0,0,0,0,-,-,32.83003,-117.11823,SAN DIEGO,SAN DIEGO,-117.11837461,32.82999252
90473908,2017,2017-06-08,9645,2017-05-26,1445,018950,NA,5,2,7,3711,0,1,1,NA,2,019,I-15 N/B,BERNARDO CENTER DR U/C,528,S,N,A,-,Y,NA,NA,NA,NA,NA,NA,NA,NA,NA,Y,4,0,2,4,A,-,03,22350,NA,N,C,C,A,A,H,-,A,D,0,NA,NA,NA,NA,Y,NA,A,01,0,0,2,0,0,0,0,0,0,-,-,NA,NA,SAN DIEGO,SAN DIEGO,-117.0797008,33.01091026
90474171,2017,2017-06-08,9645,2017-05-07,0030,020480,NA,7,3,7,3711,0,1,1,NA,2,001,I-5 N/B TO PALM AVENUE.,PALM AVENUE U/C.,200,S,N,C,-,Y,NA,NA,5,NA,NA,NA,R,NA,N,Y,4,0,1,2,A,-,03,22350,NA,N,C,C,A,B,H,-,C,D,0,NA,NA,NA,NA,Y,NA,D,22,0,0,1,0,0,0,0,0,0,-,-,32.58197,-117.08652,SAN DIEGO,SAN DIEGO,-117.08652,32.58197
90474398,2017,2017-06-09,9645,2017-05-22,0039,021097,NA,1,3,6,3702,0,1,1,NA,2,001,I-5 N/B,L ST,1320,S,N,B,-,Y,NA,NA,5,NA,NA,NA,NA,NA,N,Y,4,0,1,1,A,-,08,22107,NA,N,F,A,A,A,H,-,C,D,0,NA,NA,NA,NA,Y,NA,A,01,0,0,1,0,0,0,0,0,0,-,-,32.60856,-117.09053,SAN DIEGO,CHULA VISTA,-117.09034007,32.60858111
90474405,2017,2017-06-09,9645,2017-05-25,1500,018678,NA,4,2,7,3711,0,1,1,NA,2,027,I-15 S/B,I-8 U/C,1200,S,N,A,-,Y,NA,NA,15,NA,NA,NA,NA,NA,S,Y,3,0,3,5,A,-,08,22107,NA,N,B,C,A,A,H,-,A,D,0,NA,NA,NA,NA,Y,NA,A,07,0,1,2,0,0,0,0,0,0,-,-,32.77416,-117.11248,SAN DIEGO,SAN DIEGO,-117.11238747,32.77411419
90474666,2017,2017-06-09,9680,2017-05-31,1424,021588,NA,3,2,5,3705,0,1,1,NA,2,082,I-8 E/B TO 2ND STREET,2ND ST,405,W,N,A,-,Y,NA,NA,8,NA,NA,NA,R,NA,E,Y,4,0,1,2,A,-,03,22350,NA,N,C,C,A,A,H,-,A,A,0,NA,NA,NA,NA,Y,NA,A,07,0,0,1,0,0,0,0,0,0,-,-,32.80276,-116.93733,SAN DIEGO,EL CAJON,-116.93733,32.80276
90475332,2017,2017-06-12,9650,2017-06-05,1623,015446,NA,1,2,9,3700,0,3,5,NA,1,160,CAMINO DEL REY,CAMINO DEL LOS CABALLOS,2640,N,N,A,-,N,NA,NA,NA,NA,NA,NA,NA,NA,NA,Y,4,0,1,1,A,-,08,22107,NA,N,E,J,A,A,H,-,A,D,0,NA,NA,NA,NA,Y,NA,A,01,0,0,1,0,0,0,0,0,0,-,-,33.27983,-117.18643,SAN DIEGO,UNINCORPORATED,-117.18926797,33.28191
9047716,2020,2020-06-10,3711,2020-02-04,1009,7300,NA,2,5,7,3711,0,0,0,NA,0,838,UNIVERSITY AV,35TH ST,0,NA,Y,A,-,N,NA,NA,NA,NA,NA,NA,NA,NA,NA,N,4,0,1,2,A,-,05,21650,1,N,D,J,A,A,H,-,A,A,0,NA,NA,NA,NA,Y,NA,-,NA,0,0,1,0,0,0,0,0,0,-,-,NA,NA,SAN DIEGO,SAN DIEGO,-117.11804962158205,32.749759674072266
9047740,2020,2020-07-01,3711,2020-01-02,1500,7705,NA,4,5,7,3711,0,0,0,NA,0,115,REGENTS PARK ROW,REGENTS ROAD 9200,0,NA,Y,-,-,N,NA,NA,NA,NA,NA,NA,NA,NA,NA,N,4,0,1,2,A,-,11,21456,B,N,D,B,A,A,H,-,-,A,0,NA,NA,NA,NA,Y,NA,-,NA,0,0,1,0,0,0,0,0,0,-,-,NA,NA,SAN DIEGO,SAN DIEGO,NA,NA
90477627,2017,2017-07-21,9645,2017-05-07,1310,021639,NA,7,1,7,3711,0,1,1,NA,2,010,I-8 WESTBOUND,PRESIDIO PARK O/C,1584,E,N,B,C,Y,NA,NA,8,NA,NA,NA,NA,NA,W,Y,4,0,2,4,A,-,16,24002,A,N,E,I,A,B,H,-,A,D,0,NA,NA,NA,NA,Y,NA,A,08,0,0,2,0,0,0,0,0,0,-,-,32.75911,-117.17746,SAN DIEGO,SAN DIEGO,-117.17745635,32.75938409
9047773,2020,2020-06-09,3711,2020-02-02,0843,7942,NA,7,5,7,3711,0,0,0,NA,0,624,EL CAJON BL,TEXAS ST,0,NA,Y,A,-,N,NA,NA,NA,NA,NA,NA,NA,NA,NA,N,4,0,1,2,A,-,11,21456,B,N,G,B,B,A,H,-,A,A,0,Y,NA,NA,NA,Y,NA,N,60,0,0,1,0,1,0,0,0,0,-,-,NA,NA,SAN DIEGO,SAN DIEGO,-117.13884735107422,32.75537872314453
90478237,2017,2017-06-14,9680,2017-06-04,1530,020116,NA,7,2,9,3700,0,1,3,NA,1,040,BARRETT SMITH RD,SR-94,1056,N,N,A,-,Y,NA,NA,NA,NA,NA,NA,NA,NA,NA,Y,4,0,1,1,A,-,03,22350,NA,N,E,J,A,A,H,-,A,D,0,NA,NA,NA,NA,Y,NA,A,01,0,0,1,0,0,0,0,0,0,-,-,32.60222,-116.68135,SAN DIEGO,UNINCORPORATED,-116.6810704,32.60081199
90481839,2017,2017-06-20,9645,2017-04-22,0408,019410,NA,6,3,7,3711,0,1,1,NA,2,017,I-15 N/B,SR-56 O/C,2350,S,N,A,-,Y,NA,NA,15,NA,NA,NA,NA,NA,N,Y,3,0,1,1,A,-,08,22107,NA,N,E,I,A,A,H,-,C,D,0,NA,NA,NA,Y,Y,NA,F,26,0,1,0,0,0,0,0,0,0,-,-,32.95953,-117.09831,SAN DIEGO,SAN DIEGO,-117.09828837,32.95951686
90483935,2017,2017-06-22,9645,2017-06-12,0920,016766,NA,1,1,7,3711,0,1,1,NA,2,027,I-15 N/B,AERO DR,1056,N,N,A,-,Y,NA,NA,NA,NA,NA,NA,NA,NA,NA,Y,4,0,1,2,A,-,03,22350,NA,N,C,C,A,A,H,-,A,D,0,NA,NA,NA,NA,Y,NA,A,07,0,0,1,0,0,0,0,0,0,-,-,32.81135,-117.11138,SAN DIEGO,SAN DIEGO,-117.1142957,32.81331897
90491993,2017,2017-07-03,9645,2017-06-02,1654,019496,NA,5,2,7,3711,0,1,3,NA,2,023,SR-163 N/B,QUINCE DR.,200,S,N,A,-,Y,NA,NA,163,NA,NA,NA,NA,NA,N,Y,4,0,2,4,A,-,03,22350,NA,N,C,C,A,A,H,-,A,D,0,NA,NA,NA,NA,Y,NA,A,01,0,0,2,0,0,0,0,0,0,-,-,32.73375,-117.15551,SAN DIEGO,SAN DIEGO,-117.15544979,32.73378113