CASE_ID,ACCIDENT_YEAR,PROC_DATE,JURIS,COLLISION_DATE,COLLISION_TIME,OFFICER_ID,REPORTING_DISTRICT,DAY_OF_WEEK,CHP_SHIFT,POPULATION,CNTY_CITY_LOC,SPECIAL_COND,BEAT_TYPE,CHP_BEAT_TYPE,CITY_DIVISION_LAPD,CHP_BEAT_CLASS,BEAT_NUMBER,PRIMARY_RD,SECONDARY_RD,DISTANCE,DIRECTION,INTERSECTION,WEATHER_1,WEATHER_2,STATE_HWY_IND,CALTRANS_COUNTY,CALTRANS_DISTRICT,STATE_ROUTE,ROUTE_SUFFIX,POSTMILE_PREFIX,POSTMILE,LOCATION_TYPE,RAMP_INTERSECTION,SIDE_OF_HWY,TOW_AWAY,COLLISION_SEVERITY,NUMBER_KILLED,NUMBER_INJURED,PARTY_COUNT,PRIMARY_COLL_FACTOR,PCF_CODE_OF_VIOL,PCF_VIOL_CATEGORY,PCF_VIOLATION,PCF_VIOL_SUBSECTION,HIT_AND_RUN,TYPE_OF_COLLISION,MVIW,PED_ACTION,ROAD_SURFACE,ROAD_COND_1,ROAD_COND_2,LIGHTING,CONTROL_DEVICE,CHP_ROAD_TYPE,PEDESTRIAN_ACCIDENT,BICYCLE_ACCIDENT,MOTORCYCLE_ACCIDENT,TRUCK_ACCIDENT,NOT_PRIVATE_PROPERTY,ALCOHOL_INVOLVED,STWD_VEHTYPE_AT_FAULT,CHP_VEHTYPE_AT_FAULT,COUNT_SEVERE_INJ,COUNT_VISIBLE_INJ,COUNT_COMPLAINT_PAIN,COUNT_PED_KILLED,COUNT_PED_INJURED,COUNT_BICYCLIST_KILLED,COUNT_BICYCLIST_INJURED,COUNT_MC_KILLED,COUNT_MC_INJURED,PRIMARY_RAMP,SECONDARY_RAMP,LATITUDE,LONGITUDE,COUNTY,CITY,POINT_X,POINT_Y
90729710,2018,2018-05-21,9645,2018-05-05,0900,019054,NA,6,1,7,3711,0,1,1,NA,2,021,SR-15 N/B TO SR-94 E/B,SR-94 O/C,200,S,N,A,-,Y,NA,NA,15,NA,NA,NA,R,NA,N,Y,3,0,1,2,A,-,08,22107,NA,F,F,A,A,A,H,-,A,D,0,NA,NA,Y,NA,Y,NA,-,99,0,1,0,0,0,0,0,0,1,-,-,32.71623992919922,-117.11701965332033,SAN DIEGO,SAN DIEGO,-117.11701965332033,32.71623992919922
90729831,2018,2018-05-21,9645,2018-05-11,1430,020066,NA,5,2,7,3711,0,1,1,NA,2,015,I-805 S/B,NOBEL DR. O/C,500,S,N,B,-,Y,NA,NA,805,NA,NA,NA,NA,NA,S,N,4,0,1,3,A,-,03,22350,NA,N,C,C,A,A,H,-,A,D,0,NA,NA,NA,NA,Y,NA,A,01,0,0,1,0,0,0,0,0,0,-,-,32.86357116699219,-117.1892318725586,SAN DIEGO,SAN DIEGO,-117.189208984375,32.863590240478516
90731794,2018,2018-05-23,9650,2018-05-22,0810,013636,NA,2,1,5,3782,0,1,1,NA,2,007,I-5 S/B,LEUCADIA BLVD,200,N,N,B,-,Y,NA,NA,5,NA,NA,NA,NA,NA,S,N,4,0,1,2,A,-,03,22350,NA,N,C,C,A,A,H,-,A,D,0,NA,NA,NA,NA,Y,NA,D,22,0,0,1,0,0,0,0,0,0,-,-,33.06673049926758,-117.29297637939452,SAN DIEGO,ENCINITAS,-117.29290771484376,33.06675338745117
90733246,2018,2018-05-24,9680,2018-05-23,0830,015962,NA,3,1,9,3700,0,2,4,NA,1,029,CAMPO RD,CONRAD DR,520,E,N,B,-,N,NA,NA,NA,NA,NA,NA,NA,NA,NA,Y,4,0,2,2,A,-,09,21804,A,N,D,C,A,A,H,-,A,D,0,NA,NA,NA,NA,Y,NA,A,01,0,0,2,0,0,0,0,0,0,-,-,32.74794006347656,-116.9855499267578,SAN DIEGO,UNINCORPORATED,-116.9856414794922,32.74797821044922
9073597,2020,2020-08-10,3711,2020-05-05,1722,SD7878,NA,2,5,7,3711,0,0,0,NA,0,521,ISLAND AV,16TH ST,4,E,N,A,-,N,NA,NA,NA,NA,NA,NA,NA,NA,NA,Y,4,0,1,3,A,-,03,22350,NA,N,C,C,A,A,H,-,A,A,0,NA,NA,NA,NA,Y,NA,A,07,0,0,1,0,0,0,0,0,0,-,-,NA,NA,SAN DIEGO,SAN DIEGO,-117.14944458007813,32.71044921875
9073673,2020,2020-08-18,3706,2020-04-26,1258,322,ESCON,7,5,6,3706,0,0,0,NA,0,056,CITRUS AV,BEAR VALLEY PKWY,0,NA,Y,A,-,N,NA,NA,NA,NA,NA,NA,NA,NA,NA,Y,4,0,1,2,A,-,12,21453,A,N,D,C,A,A,H,-,A,A,0,NA,NA,NA,NA,Y,NA,A,08,0,0,1,0,0,0,0,0,0,-,-,33.1373405456543,-117.04210662841795,SAN DIEGO,ESCONDIDO,-117.04213714599608,33.137691497802734
90740090,2018,2018-06-04,9645,2018-04-15,0632,017473,NA,7,1,7,3711,0,1,1,NA,2,019,I-15 N/B,WEST BERNARDO DR.,2500,S,N,A,-,Y,NA,NA,15,NA,NA,NA,NA,NA,N,Y,3,0,4,2,A,-,01,23152,A,N,B,C,A,A,H,-,B,D,0,NA,NA,NA,NA,Y,Y,D,22,0,4,0,0,0,0,0,0,0,-,-,33.047088623046875,-117.07264709472656,SAN DIEGO,SAN DIEGO,-117.07261657714844,33.04709243774414
90740267,2018,2018-06-04,9645,2018-05-24,0640,018987,NA,4,1,7,3711,0,1,1,NA,2,027,I-15 SOUTHBOUND,BALBOA AVE,528,S,N,B,-,Y,NA,NA,15,NA,NA,NA,NA,NA,S,Y,4,0,1,2,A,-,03,22350,NA,N,C,C,A,A,H,-,A,D,0,NA,NA,NA,NA,Y,NA,A,07,0,0,1,0,0,0,0,0,0,-,-,32.821231842041016,-117.1166763305664,SAN DIEGO,SAN DIEGO,-117.11632537841795,32.82129669189453
90741608,2018,2018-06-05,9680,2018-05-26,2215,020625,NA,6,3,4,3720,0,1,3,NA,2,027,SR-94 W/B,COLLEGE GROVE WAY,1050,W,N,A,-,Y,NA,NA,94,NA,NA,NA,NA,NA,W,Y,2,0,1,3,A,-,03,22350,NA,N,B,C,A,A,H,-,D,D,0,NA,NA,Y,NA,Y,NA,C,02,1,0,0,0,0,0,0,0,1,-,-,32.73429870605469,-117.05828857421876,SAN DIEGO,LEMON GROVE,-117.05835723876952,32.73436737060547
90742066,2018,2018-06-06,9645,2018-05-18,1815,020992,NA,5,2,7,3711,0,1,1,NA,2,027,I-15 SOUTHBOUND TO I-8 WESTBOUND,INTERSTATE 8,200,N,N,A,-,Y,NA,NA,15,NA,NA,NA,R,NA,S,Y,4,0,1,2,A,-,03,22350,NA,N,C,C,A,A,H,-,A,D,0,NA,NA,NA,Y,Y,NA,A,07,0,0,1,0,0,0,0,0,0,-,-,32.7906494140625,-117.11334991455078,SAN DIEGO,SAN DIEGO,-117.11334991455078,32.7906494140625
9074311,2020,2020-07-10,3709,2020-03-02,1710,NC0514,NA,1,5,5,3709,0,0,0,NA,0,023,18TH ST,L AV,0,NA,Y,A,-,N,NA,NA,NA,NA,NA,NA,NA,NA,NA,N,4,0,1,2,A,-,04,21703,NA,N,A,C,A,A,H,-,A,A,0,NA,NA,Y,NA,Y,NA,C,06,0,0,1,0,0,0,0,0,0,-,-,NA,NA,SAN DIEGO,NATIONAL CITY,-117.09127807617188,32.670650482177734
90743390,2018,2018-06-07,9645,2018-06-04,0805,019054,NA,1,1,7,3711,0,1,3,NA,2,006,SR-94 W/B,25TH STREET O/C,150,E,N,B,-,Y,NA,NA,94,NA,NA,NA,NA,NA,W,Y,4,0,2,3,A,-,03,22350,NA,N,C,C,A,A,H,-,A,D,0,NA,NA,NA,NA,Y,NA,A,01,0,0,2,0,0,0,0,0,0,-,-,32.713409423828125,-117.13826751708984,SAN DIEGO,SAN DIEGO,-117.13826751708984,32.713279724121094
90744491,2018,2018-06-11,9650,2018-06-06,1940,020771,NA,3,2,5,3712,0,1,3,NA,2,019,SR-78 W/B,WOODLAND PKWY.,1500,W,N,A,-,Y,NA,NA,78,NA,NA,NA,NA,NA,W,Y,3,0,1,1,A,-,08,22107,NA,N,E,I,A,A,H,-,B,D,0,NA,NA,NA,NA,Y,NA,A,01,0,1,0,0,0,0,0,0,0,-,-,33.139591217041016,-117.14601135253906,SAN DIEGO,SAN MARCOS,-117.14601135253906,33.1395378112793
90744699,2018,2018-06-11,9645,2018-06-02,0135,021631,NA,6,3,7,3711,0,1,1,NA,2,021,SR-15 S/B,SR-94,450,N,N,A,-,Y,NA,NA,15,NA,NA,NA,NA,NA,S,Y,3,0,1,1,A,-,08,22107,NA,N,E,I,A,A,H,-,C,D,0,NA,NA,NA,NA,Y,NA,A,01,0,1,0,0,0,0,0,0,0,-,-,32.720550537109375,-117.11737060546876,SAN DIEGO,SAN DIEGO,-117.11734008789063,32.72053527832031
90747510,2018,2018-06-20,9680,2018-06-07,1350,020249,NA,4,1,9,3700,0,1,3,NA,1,090,STATE ROUTE 67,RAMONA STREET,397,S,N,A,-,Y,NA,NA,67,NA,NA,NA,NA,NA,NA,Y,3,0,2,3,A,-,03,22350,NA,N,C,C,A,A,H,-,A,A,0,NA,NA,NA,NA,Y,NA,A,01,0,1,1,0,0,0,0,0,0,-,-,33.03435134887695,-116.88160705566406,SAN DIEGO,UNINCORPORATED,-116.8816146850586,33.03435134887695
9074807,2020,2020-05-22,3700,2020-02-15,1041,SH7085,NA,6,5,5,3713,0,0,0,NA,0,308,OLIVE AV,NORTH AV,34,E,N,A,-,N,NA,NA,NA,NA,NA,NA,NA,NA,NA,Y,4,0,1,2,A,-,03,22350,NA,N,C,C,A,A,H,-,A,A,0,NA,NA,NA,NA,Y,NA,A,01,0,0,1,0,0,0,0,0,0,-,-,NA,NA,SAN DIEGO,VISTA,-117.27935791015624,33.20480728149414
9074839,2020,2020-05-22,3709,2020-02-05,1404,NC0496,NA,3,5,5,3709,0,0,0,NA,0,021,EAST 8TH ST,EUCLID AV,0,NA,Y,A,-,N,NA,NA,NA,NA,NA,NA,NA,NA,NA,Y,3,0,2,2,A,-,12,21453,A,N,D,C,A,A,H,-,A,A,0,NA,NA,NA,NA,Y,NA,A,01,0,1,1,0,0,0,0,0,0,-,-,NA,NA,SAN DIEGO,NATIONAL CITY,-117.08238220214844,32.682708740234375
90748985,2018,2018-06-15,9645,2018-06-14,1840,020165,NA,4,2,7,3711,0,1,1,NA,2,003,I-5 S/B,SIXTH AVENUE,250,S,N,A,-,Y,NA,NA,5,NA,NA,NA,NA,NA,S,Y,4,0,1,2,A,-,03,22350,NA,N,C,C,A,A,H,-,A,D,0,NA,NA,NA,NA,Y,NA,A,01,0,0,1,0,0,0,0,0,0,-,-,32.723411560058594,-117.15811157226563,SAN DIEGO,SAN DIEGO,-117.15813446044922,32.72346115112305
9074918,2020,2020-05-19,3711,2020-02-27,1650,SD7292,NA,4,5,7,3711,0,0,0,NA,0,723,BEYER BL,BEYER BL  2100,0,NA,Y,-,-,N,NA,NA,NA,NA,NA,NA,NA,NA,NA,N,3,0,2,4,A,-,03,22350,NA,N,C,C,A,A,H,-,A,A,0,NA,NA,NA,NA,Y,NA,-,NA,0,1,1,0,0,0,0,0,0,-,-,NA,NA,SAN DIEGO,SAN DIEGO,NA,NA
90749418,2018,2018-06-18,9650,2018-06-15,1338,017392,NA,5,1,6,3706,0,1,1,NA,2,023,I-15 N/B,VALLEY PARKWAY,100,S,N,A,-,Y,NA,NA,15,NA,NA,NA,NA,NA,N,N,4,0,1,2,A,-,07,21658,A,N,B,C,A,A,H,-,A,D,0,NA,NA,NA,NA,Y,NA,D,22,0,0,1,0,0,0,0,0,0,-,-,33.11539840698242,-117.09870147705078,SAN DIEGO,ESCONDIDO,-117.09881591796876,33.11532974243164
90750329,2018,2018-06-18,9645,2018-06-08,1250,016409,NA,5,1,7,3711,0,1,1,NA,2,007,I-5 N/B,VIA DE LA VALLE,1170,S,N,A,-,Y,NA,NA,5,NA,NA,NA,NA,NA,N,Y,3,0,3,4,A,-,03,22350,NA,N,C,C,A,A,H,-,A,D,0,NA,NA,NA,NA,Y,NA,A,01,0,1,2,0,0,0,0,0,0,-,-,32.974918365478516,-117.25115203857422,SAN DIEGO,SAN DIEGO,-117.25108337402344,32.974945068359375
90750534,2018,2018-06-19,9650,2018-06-18,1025,013636,NA,1,1,5,3782,0,1,1,NA,2,007,I-5 N/B,LEUCADIA BLVD,5280,S,N,A,-,Y,NA,NA,5,NA,NA,NA,NA,NA,N,Y,4,0,1,2,A,-,03,22350,NA,N,C,C,A,A,H,-,A,D,0,NA,NA,NA,NA,Y,NA,A,01,0,0,1,0,0,0,0,0,0,-,-,33.055381774902344,-117.28903198242188,SAN DIEGO,ENCINITAS,-117.28917694091795,33.055335998535156
90751138,2018,2018-06-19,9650,2018-06-16,1629,021154,NA,6,2,6,3710,0,1,1,NA,2,005,I-5 N/B,CASSIDY ST,439,N,N,B,-,Y,NA,NA,5,NA,NA,NA,NA,NA,N,Y,3,0,2,2,A,-,03,22350,NA,N,C,C,A,A,H,-,A,D,0,NA,NA,Y,NA,Y,NA,C,02,0,2,0,0,0,0,0,0,2,-,-,33.18046188354492,-117.3539810180664,SAN DIEGO,OCEANSIDE,-117.35397338867188,33.18046569824219
90752666,2018,2018-06-21,9645,2018-06-08,1720,021873,NA,5,2,7,3711,0,1,1,NA,2,001,I-5 S/B,SAN YSIDRO BLVD.,1056,N,N,A,-,Y,NA,NA,5,NA,NA,NA,NA,NA,S,Y,4,0,1,2,A,-,03,22350,NA,N,C,C,A,A,H,-,A,D,0,NA,NA,Y,NA,Y,NA,C,02,0,0,1,0,0,0,0,0,1,-,-,32.55261993408203,-117.0486068725586,SAN DIEGO,SAN DIEGO,-117.0486068725586,32.5526237487793
9075278,2020,2020-06-19,3711,2020-03-05,1350,SD7909,NA,4,5,7,3711,0,0,0,NA,0,937,CASEY GLEN,NEW PARK TR,0,NA,Y,A,-,N,NA,NA,NA,NA,NA,NA,NA,NA,NA,N,3,0,1,2,A,-,09,21802,A,N,D,G,A,A,H,-,A,A,0,NA,Y,NA,NA,Y,NA,A,01,0,1,0,0,0,0,1,0,0,-,-,NA,NA,SAN DIEGO,SAN DIEGO,-117.14177703857422,33.02045822143555
90754073,2018,2018-06-22,9680,2018-06-15,1834,019729,NA,5,2,9,3700,0,1,3,NA,1,090,SR-67 N/B,ARCHIE MOORE RD,730,N,N,A,-,Y,NA,NA,67,NA,NA,NA,NA,NA,N,Y,4,0,2,2,A,-,03,22350,NA,N,C,C,A,A,H,-,A,D,0,NA,NA,NA,NA,Y,NA,A,07,0,0,2,0,0,0,0,0,0,-,-,33.01224899291992,-116.95044708251952,SAN DIEGO,UNINCORPORATED,-116.95044708251952,33.01226043701172
90755657,2018,2018-06-26,9645,2018-06-02,1600,021873,NA,6,2,7,3711,0,1,1,NA,2,005,I-5 S/B,S/B I-5 TO E/B SR-52,3907,S,N,A,-,Y,NA,NA,5,NA,NA,NA,NA,NA,S,Y,4,0,2,4,A,-,01,23152,A,N,B,C,A,A,H,-,A,D,0,NA,NA,NA,NA,Y,Y,A,01,0,0,2,0,0,0,0,0,0,-,-,32.81364059448242,-117.22147369384766,SAN DIEGO,SAN DIEGO,-117.2214584350586,32.81364822387695
90755980,2018,2018-06-26,9680,2018-06-18,1950,018801,NA,1,2,5,3708,0,1,3,NA,2,028,STATE ROUTE 125 N/B,GROSSMONT BLVD U/C,70,N,N,A,-,Y,NA,NA,125,NA,NA,NA,NA,NA,N,Y,4,0,3,2,A,-,08,22107,NA,N,B,C,A,A,H,-,C,D,0,NA,NA,NA,NA,Y,NA,A,01,0,0,3,0,0,0,0,0,0,-,-,32.77368927001953,-117.00225067138672,SAN DIEGO,LA MESA,-117.00233459472656,32.77366256713867
90757082,2018,2018-06-27,9645,2018-06-18,0840,018146,NA,1,1,7,3711,0,1,1,NA,2,005,I-5 N/B,SR-52,700,S,N,A,-,Y,NA,NA,5,NA,NA,NA,NA,NA,N,N,4,0,1,2,A,-,03,22350,NA,N,C,C,A,A,H,-,A,D,0,NA,NA,NA,NA,Y,NA,A,01,0,0,1,0,0,0,0,0,0,-,-,32.82828903198242,-117.23255157470705,SAN DIEGO,SAN DIEGO,-117.2326202392578,32.828285217285156
90757237,2018,2018-06-27,9650,2018-06-17,1243,017743,NA,7,1,9,3700,0,3,5,NA,1,212,LILAC RD,VALLEY CENTER RD,898,W,N,A,-,N,NA,NA,NA,NA,NA,NA,NA,NA,NA,Y,2,0,1,1,A,-,08,22107,NA,N,E,I,A,A,H,-,A,D,0,NA,NA,NA,NA,Y,NA,A,01,1,0,0,0,0,0,0,0,0,-,-,33.22256851196289,-117.03887939453124,SAN DIEGO,UNINCORPORATED,-117.03962707519533,33.22227096557617
90757764,2018,2018-06-28,9680,2018-06-19,2240,020898,NA,2,3,9,3700,0,1,3,NA,1,017,SR-67 N/B,FOSTER TRUCK TRAIL,6336,S,N,A,-,Y,NA,NA,67,NA,NA,NA,NA,NA,N,N,4,0,1,1,C,-,18,NA,NA,N,H,H,A,A,H,-,D,D,0,NA,NA,Y,NA,Y,NA,-,-,0,0,1,0,0,0,0,0,1,-,-,32.92633819580078,-116.94654846191406,SAN DIEGO,UNINCORPORATED,-116.94656372070313,32.92633056640625
90757783,2018,2018-06-28,9680,2018-06-19,0555,017996,NA,2,3,5,3708,0,1,3,NA,2,028,SR-125 NORTHBOUND,I-8,250,S,N,A,-,Y,NA,NA,125,NA,NA,NA,NA,NA,N,Y,3,0,2,3,A,-,03,22350,NA,N,C,C,A,A,H,-,A,D,0,NA,NA,NA,NA,Y,NA,A,01,0,2,0,0,0,0,0,0,0,-,-,32.777000427246094,-117.0031967163086,SAN DIEGO,LA MESA,-117.00334930419922,32.77695846557617
90758000,2018,2018-06-28,9645,2018-06-08,1510,015790,NA,5,2,7,3711,0,1,1,NA,2,030,I-15 N/B  (HOV),DUENDA ROAD,250,N,N,A,-,Y,NA,NA,NA,NA,NA,NA,NA,NA,NA,Y,3,0,2,4,A,-,03,22350,NA,N,C,C,A,A,H,-,A,D,0,NA,NA,NA,NA,Y,NA,D,22,0,2,0,0,0,0,0,0,0,-,-,33.02185821533203,-117.27313995361328,SAN DIEGO,SAN DIEGO,-117.0778579711914,33.03359603881836
90759595,2018,2018-06-29,9680,2018-06-20,2325,021441,NA,3,3,9,3700,0,1,3,NA,1,023,SR-94 W/B,CAMPO RD,1020,E,N,A,-,Y,NA,NA,94,NA,NA,NA,NA,NA,W,Y,3,0,1,1,A,-,01,23152,A,N,A,I,A,A,H,-,C,D,0,NA,NA,NA,NA,Y,Y,A,01,0,1,0,0,0,0,0,0,0,-,-,32.744598388671875,-116.96990203857422,SAN DIEGO,UNINCORPORATED,-116.96990203857422,32.74463653564453
90761703,2018,2018-07-03,9645,2018-06-20,0517,021097,NA,3,3,7,3711,0,1,1,NA,2,017,I-15 S/B,MIRAMAR WY,275,N,N,B,-,Y,NA,NA,15,NA,NA,NA,NA,NA,S,Y,4,0,4,3,A,-,03,22350,NA,N,C,C,A,A,H,-,B,D,0,NA,NA,NA,NA,Y,NA,A,01,0,0,4,0,0,0,0,0,0,-,-,32.88127899169922,-117.10919189453124,SAN DIEGO,SAN DIEGO,-117.10924530029295,32.881256103515625
90761951,2018,2018-07-03,9645,2018-06-21,1735,016137,NA,4,2,7,3711,0,1,1,NA,2,007,I-5 SOUTHBOUND,VOIGHT DR. O/C,50,S,N,A,-,Y,NA,NA,5,NA,NA,NA,NA,NA,S,N,4,0,1,2,A,-,03,22350,NA,N,C,C,A,A,H,-,A,D,0,NA,NA,NA,NA,Y,NA,A,01,0,0,1,0,0,0,0,0,0,-,-,32.88079833984375,-117.22840118408205,SAN DIEGO,SAN DIEGO,-117.22850799560548,32.88080978393555
90763034,2018,2018-07-05,9645,2018-06-18,0450,021600,NA,1,3,7,3711,0,1,3,NA,2,002,SR-905 W/B,LA MEDIA RD.,1000,W,N,A,-,Y,NA,NA,905,NA,NA,NA,NA,NA,W,Y,4,0,1,2,A,-,02,22400,A,F,F,A,A,A,H,-,A,D,0,NA,NA,Y,NA,Y,NA,A,07,0,0,1,0,0,0,0,0,1,-,-,32.564388275146484,-116.96759796142578,SAN DIEGO,SAN DIEGO,-116.96759796142578,32.56437301635742
90763087,2018,2018-07-05,9680,2018-06-25,1246,016181,NA,1,1,9,3700,0,1,3,NA,2,016,SR-67 S/B FROM WINTER GARDENS BLVD S/B,INDUSTRY RD,250,S,N,A,-,Y,NA,NA,67,NA,NA,NA,R,NA,S,Y,3,0,1,1,A,-,03,22350,NA,N,E,I,A,A,H,-,A,A,0,NA,NA,NA,NA,Y,NA,A,07,0,1,0,0,0,0,0,0,0,-,-,32.85886001586914,-116.9326171875,SAN DIEGO,UNINCORPORATED,-116.9326171875,32.85886001586914
90763672,2018,2018-07-05,9645,2018-06-23,2215,020737,NA,6,3,7,3711,0,1,3,NA,2,023,SR-163 N/B TO I-8 E/B,I-8,342,S,N,A,-,Y,NA,NA,163,NA,NA,NA,R,NA,N,Y,4,0,1,2,A,-,02,22400,A,N,B,C,A,A,H,-,D,D,0,NA,NA,NA,NA,Y,NA,A,07,0,0,1,0,0,0,0,0,0,-,-,32.76163101196289,-117.16291046142578,SAN DIEGO,SAN DIEGO,-117.16291046142578,32.76163101196289
90764133,2018,2018-07-06,9650,2018-06-25,1745,016137,NA,1,2,7,3711,0,1,1,NA,2,007,I-5 NORTHBOUND,LOMAS SANTA FE DR,300,S,N,A,-,Y,NA,NA,NA,NA,NA,NA,NA,NA,NA,Y,4,0,1,3,A,-,03,22350,NA,N,C,C,A,A,H,-,A,D,0,NA,NA,NA,NA,Y,NA,A,07,0,0,1,0,0,0,0,0,0,-,-,32.98979949951172,-117.25530242919922,SAN DIEGO,SAN DIEGO,-117.25635528564452,32.99505615234375
90764565,2018,2018-07-06,9650,2018-07-03,1550,021992,NA,2,2,9,3700,0,2,4,NA,2,061,S MISSION ROAD,LA CANADA RD,528,N,N,A,-,N,NA,NA,NA,NA,NA,NA,NA,NA,NA,Y,4,0,2,2,A,-,09,21801,A,N,D,C,A,A,H,-,A,D,0,NA,NA,NA,NA,Y,NA,A,01,0,0,2,0,0,0,0,0,0,-,-,33.31370162963867,-117.23030090332033,SAN DIEGO,UNINCORPORATED,-117.22868347167967,33.309818267822266
90764695,2018,2018-07-09,9650,2018-02-04,0107,019490,NA,7,3,9,3700,0,2,4,NA,2,061,S. MISSON ROAD (2700 BLOCK),QUAIL KNOLL RD,216,N,N,A,-,N,NA,NA,NA,NA,NA,NA,NA,NA,NA,Y,1,1,4,2,A,-,01,23152,A,N,A,C,A,A,H,-,D,D,0,NA,NA,NA,NA,Y,Y,A,01,1,3,0,0,0,0,0,0,0,-,-,33.3420295715332,-117.23992156982422,SAN DIEGO,UNINCORPORATED,-117.23986053466795,33.342018127441406
90765759,2018,2018-07-09,9650,2018-07-05,1224,018840,NA,4,1,6,3706,0,1,1,NA,2,023,I-15 S/B,VIA RANCHO PKY,300,S,N,A,-,Y,NA,NA,15,NA,NA,NA,NA,NA,S,Y,3,0,4,4,A,-,08,22107,NA,N,B,C,A,A,D,-,A,D,0,NA,NA,NA,NA,Y,NA,D,22,0,1,3,0,0,0,0,0,0,-,-,33.068241119384766,-117.06944274902344,SAN DIEGO,ESCONDIDO,-117.06941986083984,33.068241119384766
9076628,2020,2020-07-01,3706,2020-03-11,1432,322,ESCON,3,5,6,3706,0,0,0,NA,0,055,VALLEY PY,AUTOPARK WY,0,NA,Y,A,B,N,NA,NA,NA,NA,NA,NA,NA,NA,NA,Y,4,0,1,2,A,-,12,21453,A,N,D,C,A,A,H,-,-,A,0,NA,NA,NA,NA,Y,NA,D,22,0,0,1,0,0,0,0,0,0,-,-,33.113040924072266,-117.10240173339844,SAN DIEGO,ESCONDIDO,-117.10214996337892,33.113059997558594
90767737,2018,2018-07-12,9645,2018-06-29,1645,020066,NA,5,2,7,3711,0,1,1,NA,2,015,I-805 S/B,EASTGATE MALL,500,N,N,A,-,Y,NA,NA,805,NA,NA,NA,NA,NA,S,Y,4,0,1,2,C,-,18,NA,NA,N,B,C,A,A,H,-,A,D,0,NA,NA,Y,NA,Y,NA,-,-,0,0,1,0,0,0,0,0,1,-,-,32.88291931152344,-117.20207977294922,SAN DIEGO,SAN DIEGO,-117.20201873779295,32.882938385009766
90768106,2018,2018-07-12,9680,2018-07-04,0235,018907,NA,3,3,9,3700,0,2,4,NA,1,025,SWEETWATER RD,LAMAR ST,30,S,N,A,-,N,NA,NA,NA,NA,NA,NA,NA,NA,NA,Y,4,0,1,1,A,-,08,22107,NA,N,E,I,A,A,H,-,C,D,0,NA,NA,NA,NA,Y,NA,A,01,0,0,1,0,0,0,0,0,0,-,-,32.73860168457031,-117.01458740234376,SAN DIEGO,UNINCORPORATED,-117.01448059082033,32.738609313964844
90768821,2018,2018-07-13,9680,2018-07-05,1155,016822,NA,4,1,9,3700,0,2,4,NA,1,094,WILDCAT CANYON ROAD,LITTLE KLONDIKE RD,1584,S,N,A,-,N,NA,NA,NA,NA,NA,NA,NA,NA,NA,Y,2,0,1,1,A,-,08,22107,NA,F,E,I,A,A,H,-,A,A,0,NA,NA,NA,NA,Y,NA,A,01,1,0,0,0,0,0,0,0,0,-,-,32.98910903930664,-116.83789825439452,SAN DIEGO,UNINCORPORATED,-116.8383331298828,32.98973083496094
90768897,2018,2018-07-13,9650,2018-07-12,1630,021200,NA,4,2,9,3700,0,3,5,NA,2,070,CALZADA DEL BOSQUE,VIA DE LA VALLE,30,W,N,B,-,N,NA,NA,NA,NA,NA,NA,NA,NA,NA,N,4,0,1,2,A,-,21,22106,NA,N,C,C,A,A,H,-,A,A,0,NA,NA,NA,NA,Y,NA,A,07,0,0,1,0,0,0,0,0,0,-,-,33.005001068115234,-117.20889282226563,SAN DIEGO,UNINCORPORATED,-117.20859527587892,33.005008697509766
90768974,2018,2018-07-13,9650,2018-07-10,0605,013570,NA,2,1,5,3712,0,1,3,NA,2,019,SR-78 E/B,NORDAHL RD,300,W,N,B,-,Y,NA,NA,78,NA,NA,NA,NA,NA,E,Y,3,0,2,2,A,-,08,22107,NA,N,E,I,A,A,H,-,B,D,0,NA,NA,NA,NA,Y,NA,A,01,0,1,1,0,0,0,0,0,0,-,-,33.132198333740234,-117.12169647216795,SAN DIEGO,SAN MARCOS,-117.12173461914063,33.132118225097656