CASE_ID,ACCIDENT_YEAR,PROC_DATE,JURIS,COLLISION_DATE,COLLISION_TIME,OFFICER_ID,REPORTING_DISTRICT,DAY_OF_WEEK,CHP_SHIFT,POPULATION,CNTY_CITY_LOC,SPECIAL_COND,BEAT_TYPE,CHP_BEAT_TYPE,CITY_DIVISION_LAPD,CHP_BEAT_CLASS,BEAT_NUMBER,PRIMARY_RD,SECONDARY_RD,DISTANCE,DIRECTION,INTERSECTION,WEATHER_1,WEATHER_2,STATE_HWY_IND,CALTRANS_COUNTY,CALTRANS_DISTRICT,STATE_ROUTE,ROUTE_SUFFIX,POSTMILE_PREFIX,POSTMILE,LOCATION_TYPE,RAMP_INTERSECTION,SIDE_OF_HWY,TOW_AWAY,COLLISION_SEVERITY,NUMBER_KILLED,NUMBER_INJURED,PARTY_COUNT,PRIMARY_COLL_FACTOR,PCF_CODE_OF_VIOL,PCF_VIOL_CATEGORY,PCF_VIOLATION,PCF_VIOL_SUBSECTION,HIT_AND_RUN,TYPE_OF_COLLISION,MVIW,PED_ACTION,ROAD_SURFACE,ROAD_COND_1,ROAD_COND_2,LIGHTING,CONTROL_DEVICE,CHP_ROAD_TYPE,PEDESTRIAN_ACCIDENT,BICYCLE_ACCIDENT,MOTORCYCLE_ACCIDENT,TRUCK_ACCIDENT,NOT_PRIVATE_PROPERTY,ALCOHOL_INVOLVED,STWD_VEHTYPE_AT_FAULT,CHP_VEHTYPE_AT_FAULT,COUNT_SEVERE_INJ,COUNT_VISIBLE_INJ,COUNT_COMPLAINT_PAIN,COUNT_PED_KILLED,COUNT_PED_INJURED,COUNT_BICYCLIST_KILLED,COUNT_BICYCLIST_INJURED,COUNT_MC_KILLED,COUNT_MC_INJURED,PRIMARY_RAMP,SECONDARY_RAMP,LATITUDE,LONGITUDE,COUNTY,CITY,POINT_X,POINT_Y
90847367,2018,2018-10-29,9680,2018-10-17,1355,018427,NA,3,1,9,3700,0,3,5,NA,2,003,N. 4TH ST,NARANCA AVE,0,NA,Y,A,-,N,NA,NA,NA,NA,NA,NA,NA,NA,NA,Y,4,0,2,2,A,-,09,21801,A,N,D,C,A,A,H,-,A,D,0,NA,NA,NA,NA,Y,NA,A,01,0,0,2,0,0,0,0,0,0,-,-,32.804039001464844,-116.91815948486328,SAN DIEGO,UNINCORPORATED,-116.91813659667967,32.80400848388672
90848192,2018,2018-10-29,9650,2018-10-20,1040,019490,NA,6,1,9,3700,0,1,1,NA,2,001,I-5 S/B,BEACH CLUB RD,23232,S,N,A,-,Y,NA,NA,5,NA,NA,NA,NA,NA,S,Y,3,0,2,2,A,-,07,21658,A,N,B,C,A,A,H,-,A,D,0,NA,NA,NA,NA,Y,NA,D,22,0,2,0,0,0,0,0,0,0,-,-,33.33300018310547,-117.49848175048828,SAN DIEGO,UNINCORPORATED,-117.49845123291016,33.33304214477539
90852174,2018,2018-11-02,9645,2018-08-29,1743,018146,NA,3,2,7,3711,0,1,1,NA,2,003,I-5 S/B,PACIFIC HWY,300,N,N,A,-,Y,NA,NA,5,NA,NA,NA,NA,NA,S,Y,4,0,1,2,A,-,01,23152,A,N,C,C,A,A,H,-,A,D,0,NA,NA,Y,NA,Y,Y,C,02,0,0,1,0,0,0,0,0,1,-,-,32.739200592041016,-117.17836761474608,SAN DIEGO,SAN DIEGO,-117.17836761474608,32.739200592041016
90852415,2018,2018-11-05,9650,2018-11-03,1616,020771,NA,6,2,5,3701,0,1,1,NA,2,005,I-5 S/B,TAMARACK AVE,150,S,N,A,-,Y,NA,NA,5,NA,NA,NA,NA,NA,S,Y,4,0,1,4,A,-,03,22350,NA,N,C,C,A,A,H,-,A,D,0,NA,NA,NA,NA,Y,NA,D,22,0,0,1,0,0,0,0,0,0,-,-,33.15163040161133,-117.33682250976563,SAN DIEGO,CARLSBAD,-117.33642578125,33.151859283447266
90854002,2018,2018-11-06,9645,2018-10-31,0550,017717,NA,3,3,7,3711,0,1,1,NA,2,027,I-15 N/B,RANCHO MISSION RD,200,N,N,A,-,Y,NA,NA,15,NA,NA,NA,NA,NA,N,Y,4,0,1,3,A,-,03,22350,NA,N,C,C,A,A,H,-,C,D,0,NA,NA,NA,NA,Y,NA,A,01,0,0,1,0,0,0,0,0,0,-,-,32.78322982788086,-117.11360931396484,SAN DIEGO,SAN DIEGO,-117.11375427246094,32.78318405151367
90854043,2018,2018-11-06,9645,2018-10-31,2039,021651,NA,3,2,7,3711,0,1,1,NA,2,010,I-8 E/B TO I-15 N/B,I-15,25,E,N,A,-,Y,NA,NA,8,NA,NA,NA,R,NA,E,Y,3,0,1,2,A,-,07,21658,A,F,C,C,A,A,H,-,A,D,0,NA,NA,Y,NA,Y,NA,-,99,0,1,0,0,0,0,0,0,1,-,-,32.77836990356445,-117.11129760742188,SAN DIEGO,SAN DIEGO,-117.11129760742188,32.77836990356445
90855031,2018,2018-11-07,9680,2018-10-27,1455,018427,NA,6,2,9,3700,0,3,5,NA,2,003,S. GRADE RD,VIA VIEJAS OESTE,162,E,N,A,-,N,NA,NA,NA,NA,NA,NA,NA,NA,NA,Y,4,0,1,1,A,-,01,23152,A,N,E,J,A,A,H,-,A,B,0,NA,NA,NA,NA,Y,Y,A,01,0,0,1,0,0,0,0,0,0,-,-,32.81576156616211,-116.76680755615234,SAN DIEGO,UNINCORPORATED,-116.76698303222656,32.8157958984375
90856134,2018,2018-11-08,9680,2018-10-29,1900,020682,NA,1,2,9,3700,0,1,3,NA,1,022,SR-54 (JAMACHA RD),BRABHAM ST,0,NA,Y,A,-,N,NA,NA,54,NA,NA,NA,NA,NA,NA,Y,4,0,1,2,A,-,12,21453,A,N,D,C,A,A,H,-,C,A,0,NA,NA,Y,NA,Y,NA,C,02,0,0,1,0,0,0,0,0,1,-,-,32.75006866455078,-116.92743682861328,SAN DIEGO,UNINCORPORATED,-116.9272918701172,32.75006866455078
90857134,2018,2018-11-09,9645,2018-09-30,0423,021231,NA,7,3,7,3711,0,1,1,NA,2,003,I-5 S/B,FIRST AVE.,1000,S,N,A,-,Y,NA,NA,5,NA,NA,NA,NA,NA,S,Y,3,0,1,1,A,-,01,23152,A,N,E,I,A,A,H,-,C,D,0,NA,NA,NA,NA,Y,Y,A,01,0,1,0,0,0,0,0,0,0,-,-,32.722930908203125,-117.16319274902344,SAN DIEGO,SAN DIEGO,-117.16318511962892,32.72294235229492
9085768,2020,2020-08-05,3702,2020-04-08,1745,CV1140,NA,3,5,6,3702,0,0,0,NA,0,032,EAST H ST,RUTGERS AV,50,E,N,A,-,N,NA,NA,NA,NA,NA,NA,NA,NA,NA,N,4,0,1,2,A,-,09,21804,A,N,D,C,A,A,H,-,A,A,0,NA,Y,NA,NA,Y,NA,A,01,0,0,1,0,0,0,1,0,0,-,-,NA,NA,SAN DIEGO,CHULA VISTA,-116.98763275146484,32.648311614990234
90858695,2018,2018-11-13,9645,2018-11-01,0920,014461,NA,4,1,7,3711,0,1,1,NA,2,019,I-15 NB TO W. BERNARDO RD.,W. BERNARDO RD.,15,S,N,A,-,Y,NA,NA,NA,NA,NA,NA,NA,NA,NA,N,3,0,1,1,A,-,08,22107,NA,N,E,C,A,A,H,-,A,D,0,NA,NA,NA,NA,Y,NA,A,01,0,1,0,0,0,0,0,0,0,-,-,NA,NA,SAN DIEGO,SAN DIEGO,-117.0712432861328,33.055763244628906
9085871,2020,2020-07-24,3711,2020-04-25,2100,SD7748,NA,6,5,7,3711,0,0,0,NA,0,623,FRIARS RD,FASHION VALLEY RD,600,W,N,A,-,N,NA,NA,NA,NA,NA,NA,NA,NA,NA,N,3,0,2,2,A,-,04,21703,NA,N,C,C,A,A,H,-,C,D,0,NA,NA,Y,NA,Y,NA,A,01,0,2,0,0,0,0,0,0,2,-,-,NA,NA,SAN DIEGO,SAN DIEGO,-117.1733627319336,32.76805114746094
90859892,2018,2018-11-14,9650,2018-11-13,0635,013636,NA,2,1,6,3710,0,1,1,NA,2,005,I-5 S/B TO MISSION AVE,MISSION AVE,528,N,N,A,-,Y,NA,NA,5,NA,NA,NA,R,NA,S,N,4,0,1,2,A,-,11,21954,A,N,G,B,E,A,H,-,A,D,0,Y,NA,NA,NA,Y,NA,N,60,0,0,1,0,1,0,0,0,0,-,-,33.20050811767578,-117.37432861328124,SAN DIEGO,OCEANSIDE,-117.37432861328124,33.20050811767578
90860847,2018,2018-11-15,9680,2018-11-02,0753,015972,NA,5,1,5,3708,0,1,3,NA,2,027,SR-94 W/B,GROVE STREET,1100,E,N,A,-,Y,NA,NA,94,NA,NA,NA,NA,NA,W,N,4,0,1,2,A,-,08,22107,NA,N,B,C,A,A,H,-,A,D,0,NA,NA,NA,NA,Y,NA,A,07,0,0,1,0,0,0,0,0,0,-,-,32.74692916870117,-117.02256774902344,SAN DIEGO,LA MESA,-117.02256774902344,32.74693298339844
90862628,2018,2018-11-19,9645,2018-10-19,0013,015001,NA,5,3,7,3711,0,1,3,NA,2,016,E/B SR-52,MAST BLVD,10560,W,N,A,-,Y,NA,NA,52,NA,NA,NA,NA,NA,NA,Y,4,0,1,2,A,-,01,23152,A,N,C,C,A,A,H,-,D,D,0,NA,NA,NA,NA,Y,Y,A,01,0,0,1,0,0,0,0,0,0,-,-,32.850799560546875,-117.03562927246094,SAN DIEGO,SAN DIEGO,-117.03562927246094,32.85081100463867
90864002,2018,2018-11-20,9645,2018-11-13,1400,020541,NA,2,2,7,3711,0,1,3,NA,2,023,SR-163 N/B,GENESEE AVE,1056,S,N,A,-,Y,NA,NA,163,NA,NA,NA,NA,NA,N,Y,3,0,2,2,A,-,03,22350,NA,N,C,C,A,A,H,-,A,D,0,NA,NA,NA,NA,Y,NA,A,01,0,2,0,0,0,0,0,0,0,-,-,32.78525161743164,-117.1610870361328,SAN DIEGO,SAN DIEGO,-117.16133880615234,32.785343170166016
90866092,2018,2018-11-26,9650,2018-11-17,0200,021933,NA,6,3,9,3700,0,3,5,NA,2,070,SAN DIEGUITO RD,RANCHO DIEGUENO RD,757,S,N,A,-,N,NA,NA,NA,NA,NA,NA,NA,NA,NA,Y,3,0,1,1,A,-,08,22107,NA,N,E,I,A,A,H,-,D,D,0,NA,NA,NA,NA,Y,Y,A,01,0,1,0,0,0,0,0,0,0,-,-,32.98783874511719,-117.195556640625,SAN DIEGO,UNINCORPORATED,-117.19564056396484,32.98769760131836
90866691,2018,2018-11-26,9645,2018-10-04,2245,021338,NA,4,3,5,3709,0,1,1,NA,2,009,I-805 S/B,PLAZA BLVD,1000,S,N,B,-,Y,NA,NA,805,NA,NA,NA,NA,NA,S,Y,4,0,1,3,A,-,03,22350,NA,F,C,C,A,A,H,-,C,D,0,NA,NA,NA,NA,Y,NA,A,01,0,0,1,0,0,0,0,0,0,-,-,32.671180725097656,-117.08216094970705,SAN DIEGO,NATIONAL CITY,-117.08212280273438,32.67119598388672
90867091,2018,2018-11-26,9645,2018-11-15,1155,016138,NA,4,1,5,3709,0,1,1,NA,2,001,I-5 NORTHBOUND,CIVIC CENTER DR.,175,N,N,B,-,Y,NA,NA,5,NA,NA,NA,NA,NA,N,N,3,0,1,2,A,-,03,22350,NA,N,C,C,A,A,H,-,A,D,0,NA,NA,NA,NA,Y,NA,A,01,0,1,0,0,0,0,0,0,0,-,-,32.67136001586914,-117.11109924316406,SAN DIEGO,NATIONAL CITY,-117.111083984375,32.671356201171875
90869323,2018,2018-11-28,9650,2018-11-14,0600,015788,NA,3,1,9,3700,0,1,1,NA,2,021,I-15 S/B,LILAC RD,2112,N,N,B,-,Y,NA,NA,15,NA,NA,NA,NA,NA,S,Y,4,0,1,2,A,-,03,22350,NA,N,B,C,A,A,H,-,A,D,0,NA,NA,Y,NA,Y,NA,-,-,0,0,1,0,0,0,0,0,1,-,-,33.30628967285156,-117.1507568359375,SAN DIEGO,UNINCORPORATED,-117.15054321289063,33.306304931640625
90872776,2018,2018-11-30,9650,2018-11-24,1118,017743,NA,6,1,9,3700,0,3,5,NA,2,213,RICE CANYON RD,RANCHO BAVARIA,240,N,N,A,-,N,NA,NA,NA,NA,NA,NA,NA,NA,NA,Y,3,0,2,1,A,-,08,22107,NA,N,E,A,A,A,H,-,A,D,0,NA,NA,Y,NA,Y,NA,C,02,0,1,1,0,0,0,0,0,2,-,-,33.39094161987305,-117.14150238037108,SAN DIEGO,UNINCORPORATED,-117.1416473388672,33.39027786254883
9087422,2020,2020-07-31,3711,2020-04-01,1120,SD7415,NA,3,5,7,3711,0,0,0,NA,0,444,MORRISON ST,HILLTOP DR,150,S,N,A,-,N,NA,NA,NA,NA,NA,NA,NA,NA,NA,Y,4,0,1,2,A,-,08,22107,NA,M,B,E,A,A,H,-,C,D,0,NA,NA,NA,NA,Y,Y,A,01,0,0,1,0,0,0,0,0,0,-,-,NA,NA,SAN DIEGO,SAN DIEGO,-117.1055908203125,32.714698791503906
90875873,2018,2018-12-05,9680,2018-11-24,1320,015070,NA,6,1,9,3700,0,3,5,NA,2,003,TAVERN RD.,BRADY JANE LANE,257,S,N,B,-,N,NA,NA,NA,NA,NA,NA,NA,NA,NA,N,4,0,1,2,A,-,09,21801,A,N,D,C,A,A,H,-,A,D,0,NA,NA,NA,NA,Y,NA,D,22,0,0,1,0,0,0,0,0,0,-,-,32.8189811706543,-116.77613830566406,SAN DIEGO,UNINCORPORATED,-116.77578735351563,32.8189811706543
90876103,2018,2018-12-05,9680,2018-11-23,1345,021501,NA,5,1,9,3700,0,2,4,NA,2,072,MONTEZUMA VALLEY RD,PALM CANYON DRIVE,34320,W,N,A,-,N,NA,NA,NA,NA,NA,NA,NA,NA,NA,Y,3,0,1,1,A,-,03,22350,NA,N,F,A,A,A,H,-,A,D,0,NA,NA,Y,NA,Y,NA,C,02,0,1,0,0,0,0,0,0,1,-,-,33.2110595703125,-116.44332885742188,SAN DIEGO,UNINCORPORATED,-116.44471740722656,33.21143341064453
90876113,2018,2018-12-05,9645,2018-11-25,1410,021873,NA,7,2,7,3711,0,1,3,NA,2,006,SR-94 W/B TO I-805 N/B,HOME AVE,300,S,N,A,-,Y,NA,NA,NA,NA,NA,NA,NA,NA,NA,Y,4,0,1,2,A,-,07,21658,A,N,B,C,A,A,H,-,A,D,0,NA,NA,Y,NA,Y,NA,-,-,0,0,1,0,0,0,0,0,1,-,-,32.72475051879883,-117.1025390625,SAN DIEGO,SAN DIEGO,-117.11146545410156,32.7182502746582
9087705,2020,2020-07-14,3705,2020-03-19,0217,EC0399,NA,4,5,5,3705,0,0,0,NA,0,002,N MOLLISON AV,SANDALWOOD DR,160,N,N,C,-,N,NA,NA,NA,NA,NA,NA,NA,NA,NA,NA,2,0,1,1,A,-,03,22350,NA,F,E,I,A,B,H,-,C,D,0,NA,NA,NA,NA,Y,NA,A,01,1,0,0,0,0,0,0,0,0,-,-,NA,NA,SAN DIEGO,EL CAJON,-116.95098114013672,32.804718017578125
90877334,2018,2018-12-06,9680,2018-11-27,0410,022021,NA,2,3,9,3700,0,3,5,NA,2,002,WORTHINGTON ST,CACUS ST,0,NA,Y,A,-,N,NA,NA,NA,NA,NA,NA,NA,NA,NA,N,4,0,1,2,A,-,05,21460,A,M,D,C,A,A,H,-,C,D,0,NA,NA,NA,NA,Y,NA,A,01,0,0,1,0,0,0,0,0,0,-,-,32.698448181152344,-117.01904296875,SAN DIEGO,UNINCORPORATED,-117.01908111572266,32.698448181152344
90877385,2018,2018-12-06,9645,2018-11-22,1057,017667,NA,4,1,7,3711,0,1,1,NA,2,010,I-8 E/B TO I-5 S/B,I-5,40,W,N,B,-,Y,NA,NA,8,NA,NA,NA,R,NA,E,Y,2,0,1,1,A,-,08,22107,NA,N,F,A,A,A,H,-,A,D,0,NA,NA,Y,NA,Y,NA,C,02,1,0,0,0,0,0,0,0,1,-,-,32.758949279785156,-117.20525360107422,SAN DIEGO,SAN DIEGO,-117.20525360107422,32.758949279785156
9087740,2020,2020-06-19,3700,2020-03-04,0410,SH0169,NA,3,5,4,3720,0,0,0,NA,0,604,MASSACHUSETTS AV,ROSEMARY LN,21,N,N,C,-,N,NA,NA,NA,NA,NA,NA,NA,NA,NA,Y,3,0,1,1,A,-,03,22350,NA,N,E,I,A,B,H,-,C,D,0,NA,NA,NA,NA,Y,NA,A,01,0,1,0,0,0,0,0,0,0,-,-,NA,NA,SAN DIEGO,LEMON GROVE,-117.04296112060548,32.73337936401367
90877589,2018,2018-12-06,9645,2018-12-03,1045,014804,NA,1,1,7,3711,0,1,1,NA,2,007,I-5 (S/B),LA JOLLA VILLAGE DRIVE O/C,1056,N,N,A,-,Y,NA,NA,5,NA,NA,NA,NA,NA,NA,N,4,0,1,2,A,-,07,21658,A,F,B,C,A,A,H,-,A,D,0,NA,NA,NA,NA,Y,NA,-,-,0,0,1,0,0,0,0,0,0,-,-,32.87397003173828,-117.22911834716795,SAN DIEGO,SAN DIEGO,-117.22917938232422,32.87397384643555
90877847,2018,2018-12-07,9680,2018-11-27,1420,020780,NA,2,2,5,3705,0,1,1,NA,2,082,I-8 E/B,2ND ST,1900,W,N,A,-,Y,NA,NA,8,NA,NA,NA,NA,NA,E,Y,4,0,1,4,A,-,03,22350,NA,N,C,C,A,A,H,-,A,D,0,NA,NA,NA,NA,Y,NA,A,01,0,0,1,0,0,0,0,0,0,-,-,32.803001403808594,-116.94212341308594,SAN DIEGO,EL CAJON,-116.94212341308594,32.80294418334961
90879163,2018,2018-12-10,9680,2018-11-29,1610,016278,NA,4,2,9,3700,0,3,5,NA,2,003,VIEJAS BLVD,MANZANITA LN,1584,W,N,C,-,N,NA,NA,NA,NA,NA,NA,NA,NA,NA,Y,3,0,1,2,A,-,08,22107,NA,N,A,E,A,B,H,-,B,D,0,NA,NA,NA,NA,Y,NA,A,07,0,1,0,0,0,0,0,0,0,-,-,32.85725021362305,-116.60732269287108,SAN DIEGO,UNINCORPORATED,-116.61312866210938,32.85875701904297
90879430,2018,2018-12-10,9645,2018-11-29,1050,015331,NA,4,1,7,3711,0,1,1,NA,2,017,I-15 NORTHBOUND,MERCY ROAD,200,N,N,B,C,Y,NA,NA,15,NA,NA,NA,NA,NA,N,Y,3,0,2,1,A,-,03,22350,NA,N,E,I,A,B,H,-,A,D,0,NA,NA,NA,NA,Y,NA,A,01,0,2,0,0,0,0,0,0,0,-,-,32.937339782714844,-117.11076354980467,SAN DIEGO,SAN DIEGO,-117.1108856201172,32.9373779296875
9087961,2020,2020-10-29,3710,2020-05-17,0020,OC1476,NA,7,5,6,3710,0,0,0,NA,0,031,LAKE BL,LAKE BL 4994,0,NA,Y,A,-,N,NA,NA,NA,NA,NA,NA,NA,NA,NA,Y,3,0,1,1,A,-,03,22350,NA,N,F,J,A,D,G,-,C,D,0,NA,NA,NA,Y,Y,NA,F,26,0,1,0,0,0,0,0,0,0,-,-,NA,NA,SAN DIEGO,OCEANSIDE,NA,NA
90883125,2018,2018-12-14,9680,2018-12-05,2158,021859,NA,3,2,9,3700,0,3,5,NA,2,002,SR-125 N/B TO JAMACHA ROAD,JAMACHA ROAD,0,NA,Y,A,B,Y,NA,NA,125,NA,NA,NA,R,NA,N,Y,3,0,4,2,A,-,12,21453,A,F,D,C,A,B,H,-,C,A,0,NA,NA,NA,NA,Y,NA,A,07,0,2,2,0,0,0,0,0,0,-,-,32.71480941772461,-117.01367950439452,SAN DIEGO,UNINCORPORATED,-117.01367950439452,32.71480941772461
90883355,2018,2018-12-14,9645,2018-12-04,1535,016061,NA,2,2,7,3711,0,1,1,NA,2,015,I-805 S/B,BALBOA AVE.,1030,S,N,A,-,Y,NA,NA,805,NA,NA,NA,NA,NA,S,Y,3,0,1,1,A,-,08,22107,NA,N,F,A,A,A,H,-,A,D,0,NA,NA,Y,NA,Y,NA,C,02,0,1,0,0,0,0,0,0,1,-,-,32.8190803527832,-117.16094970703124,SAN DIEGO,SAN DIEGO,-117.16104125976563,32.819026947021484
90883689,2018,2018-12-17,9650,2018-12-13,0725,017328,NA,4,1,9,3700,0,2,4,NA,2,061,S. MISSION RD.,MISSION OAKS RD.,790,S,N,A,-,N,NA,NA,NA,NA,NA,NA,NA,NA,NA,Y,2,0,1,1,A,-,08,22107,NA,N,E,I,A,A,H,-,A,D,0,NA,NA,Y,NA,Y,NA,C,02,1,0,0,0,0,0,0,0,1,-,-,33.35736083984375,-117.24720764160156,SAN DIEGO,UNINCORPORATED,-117.24727630615234,33.35737609863281
90884145,2018,2018-12-17,9645,2018-12-05,1418,019678,NA,3,2,7,3711,0,1,1,NA,2,011,I-805 N/B,I-8 U/C,400,S,N,B,C,Y,NA,NA,805,NA,NA,NA,NA,NA,N,Y,4,0,1,1,A,-,08,22107,NA,N,E,I,A,B,H,-,A,D,0,NA,NA,NA,NA,Y,NA,A,01,0,0,1,0,0,0,0,0,0,-,-,32.770660400390625,-117.131103515625,SAN DIEGO,SAN DIEGO,-117.13095855712892,32.770755767822266
90886622,2018,2018-12-19,9645,2018-12-08,1145,017498,NA,6,1,7,3711,0,1,3,NA,2,023,SR-163 SOUTHBOUND,FRIARS RD OVER CROSS,1584,N,N,A,-,Y,NA,NA,163,NA,NA,NA,NA,NA,S,Y,4,0,3,3,A,-,03,22350,NA,N,C,C,A,A,D,-,A,D,0,NA,NA,NA,Y,Y,NA,F,55,0,0,3,0,0,0,0,0,0,-,-,32.773929595947266,-117.16126251220705,SAN DIEGO,SAN DIEGO,-117.16127014160156,32.773929595947266
9088759,2020,2020-06-05,3710,2020-02-24,0700,OC1464,NA,1,5,6,3710,0,0,0,NA,0,011,GREENBRIER DR,APPLE ST,290,N,N,A,-,N,NA,NA,NA,NA,NA,NA,NA,NA,NA,N,3,0,1,1,B,-,22,NA,NA,N,H,A,A,B,H,-,B,D,0,NA,Y,NA,NA,Y,NA,L,04,0,1,0,0,0,0,1,0,0,-,-,NA,NA,SAN DIEGO,OCEANSIDE,-117.35650634765624,33.1960334777832
90888355,2018,2019-12-30,9650,2018-12-11,1648,021463,NA,2,2,9,3700,0,1,1,NA,2,022,I-15 N/B,RAINBOW GLEN RD,2640,N,N,A,-,Y,NA,NA,15,NA,NA,NA,NA,NA,N,N,4,0,1,3,A,-,07,21658,A,N,B,C,A,A,H,-,B,D,0,NA,NA,Y,NA,Y,NA,A,01,0,0,1,0,0,0,0,0,1,-,-,33.41400146484375,-117.15895080566406,SAN DIEGO,UNINCORPORATED,-117.1591339111328,33.41413497924805
90888367,2018,2018-12-24,9650,2018-12-16,2130,019766,NA,7,2,6,3710,0,1,3,NA,2,015,SR-78 WESTBOUND,EL CAMINO REAL,2450,W,N,A,-,Y,NA,NA,78,NA,NA,NA,NA,NA,W,N,4,0,1,2,A,-,08,22107,NA,F,B,C,A,A,H,-,D,D,0,NA,NA,NA,NA,Y,NA,-,-,0,0,1,0,0,0,0,0,0,-,-,33.181270599365234,-117.33512878417967,SAN DIEGO,OCEANSIDE,-117.33512878417967,33.18125915527344
90888388,2018,2018-12-24,9650,2018-12-16,1945,021463,NA,7,2,5,3701,0,1,1,NA,2,005,I-5 S/B,POINSETTA LN,3530,N,N,A,-,Y,NA,NA,5,NA,NA,NA,NA,NA,S,Y,4,0,1,2,A,-,03,22350,NA,N,C,C,A,A,H,-,D,D,0,NA,NA,NA,NA,Y,NA,A,01,0,0,1,0,0,0,0,0,0,-,-,33.11201858520508,-117.31623077392578,SAN DIEGO,CARLSBAD,-117.3161849975586,33.11204528808594
90888401,2018,2018-12-24,9650,2018-12-17,1827,021435,NA,1,2,5,3712,0,1,3,NA,2,019,SR-78 W/B,RANCHO SANTA FE RD,100,W,N,B,-,Y,NA,NA,NA,NA,NA,NA,NA,NA,NA,Y,3,0,1,2,A,-,03,22350,NA,N,C,C,A,A,H,-,C,D,0,NA,NA,NA,NA,Y,NA,A,01,0,1,0,0,0,0,0,0,0,-,-,33.90483856201172,-117.11932373046876,SAN DIEGO,SAN MARCOS,-117.19851684570313,33.15046691894531
90889162,2018,2018-12-24,9650,2018-12-17,1555,014886,NA,1,2,9,3700,0,3,5,NA,2,010,EL CAMINO REAL,ORANGE COUNTY LINE,43,S,N,A,-,N,NA,NA,NA,NA,NA,NA,NA,NA,NA,Y,2,0,2,4,A,-,01,23152,A,N,C,E,A,A,H,-,A,D,0,NA,NA,NA,NA,Y,Y,A,01,1,1,0,0,0,0,0,0,0,-,-,33.397159576416016,-117.5835189819336,SAN DIEGO,UNINCORPORATED,-117.5933074951172,33.397090911865234
90890107,2018,2018-12-26,9680,2018-12-15,1505,020249,NA,6,2,9,3700,0,1,3,NA,1,051,STATE ROUTE 79,STATE ROUTE 76,853,N,N,A,-,Y,NA,NA,79,NA,NA,NA,NA,NA,NA,Y,4,0,4,2,A,-,03,22350,NA,N,C,C,A,A,H,-,A,D,0,NA,NA,NA,NA,Y,NA,A,01,0,0,4,0,0,0,0,0,0,-,-,33.20214080810547,-116.7106475830078,SAN DIEGO,UNINCORPORATED,-116.71063232421876,33.202144622802734
90890333,2018,2018-12-26,9645,2018-12-13,1825,016137,NA,4,2,7,3711,0,1,1,NA,2,007,I-5 NORTHBOUND,CARMEL MT. RD U/C,300,N,N,A,-,Y,NA,NA,NA,NA,NA,NA,NA,NA,NA,Y,4,0,1,3,A,-,03,22350,NA,N,C,C,A,A,H,-,C,D,0,NA,NA,NA,NA,Y,NA,A,01,0,0,1,0,0,0,0,0,0,-,-,32.924400329589844,-117.23780059814452,SAN DIEGO,SAN DIEGO,-117.2352294921875,32.9185905456543
90891141,2018,2018-12-27,9645,2018-12-15,1445,021873,NA,6,2,7,3711,0,1,3,NA,2,002,SR-905 W/B,BRITTANIA BLVD,1056,E,N,A,-,Y,NA,NA,905,NA,NA,NA,NA,NA,W,Y,4,0,1,1,A,-,08,22107,NA,N,E,I,A,A,H,-,A,D,0,NA,NA,NA,NA,Y,NA,A,01,0,0,1,0,0,0,0,0,0,-,-,32.56435012817383,-116.97093200683594,SAN DIEGO,SAN DIEGO,-116.97093200683594,32.56438446044922
90894796,2018,2018-12-31,9680,2018-12-20,1815,016278,NA,4,2,9,3700,0,3,5,NA,2,001,LEMON CREST DR,SINGLE OAK DR,0,NA,Y,A,-,N,NA,NA,NA,NA,NA,NA,NA,NA,NA,Y,3,0,1,2,A,-,12,22450,A,N,D,C,A,A,H,-,D,A,0,NA,NA,NA,NA,Y,NA,-,-,0,1,0,0,0,0,0,0,0,-,-,32.849918365478516,-116.92717742919922,SAN DIEGO,UNINCORPORATED,-116.92709350585938,32.85002136230469
90895077,2018,2018-12-31,9680,2018-12-21,0515,016102,NA,5,3,9,3700,0,1,1,NA,2,086,INTERSTATE 8 WESTBOUND (I-8 W/B),CRESTWOOD ROAD,9504,W,N,A,-,Y,NA,NA,8,NA,NA,NA,NA,NA,W,Y,4,0,1,2,A,-,03,22350,NA,N,C,C,A,A,H,-,D,D,0,NA,NA,NA,Y,Y,NA,A,01,0,0,1,0,0,0,0,0,0,-,-,32.71881866455078,-116.38970184326172,SAN DIEGO,UNINCORPORATED,-116.38965606689452,32.718902587890625