CASE_ID,ACCIDENT_YEAR,PROC_DATE,JURIS,COLLISION_DATE,COLLISION_TIME,OFFICER_ID,REPORTING_DISTRICT,DAY_OF_WEEK,CHP_SHIFT,POPULATION,CNTY_CITY_LOC,SPECIAL_COND,BEAT_TYPE,CHP_BEAT_TYPE,CITY_DIVISION_LAPD,CHP_BEAT_CLASS,BEAT_NUMBER,PRIMARY_RD,SECONDARY_RD,DISTANCE,DIRECTION,INTERSECTION,WEATHER_1,WEATHER_2,STATE_HWY_IND,CALTRANS_COUNTY,CALTRANS_DISTRICT,STATE_ROUTE,ROUTE_SUFFIX,POSTMILE_PREFIX,POSTMILE,LOCATION_TYPE,RAMP_INTERSECTION,SIDE_OF_HWY,TOW_AWAY,COLLISION_SEVERITY,NUMBER_KILLED,NUMBER_INJURED,PARTY_COUNT,PRIMARY_COLL_FACTOR,PCF_CODE_OF_VIOL,PCF_VIOL_CATEGORY,PCF_VIOLATION,PCF_VIOL_SUBSECTION,HIT_AND_RUN,TYPE_OF_COLLISION,MVIW,PED_ACTION,ROAD_SURFACE,ROAD_COND_1,ROAD_COND_2,LIGHTING,CONTROL_DEVICE,CHP_ROAD_TYPE,PEDESTRIAN_ACCIDENT,BICYCLE_ACCIDENT,MOTORCYCLE_ACCIDENT,TRUCK_ACCIDENT,NOT_PRIVATE_PROPERTY,ALCOHOL_INVOLVED,STWD_VEHTYPE_AT_FAULT,CHP_VEHTYPE_AT_FAULT,COUNT_SEVERE_INJ,COUNT_VISIBLE_INJ,COUNT_COMPLAINT_PAIN,COUNT_PED_KILLED,COUNT_PED_INJURED,COUNT_BICYCLIST_KILLED,COUNT_BICYCLIST_INJURED,COUNT_MC_KILLED,COUNT_MC_INJURED,PRIMARY_RAMP,SECONDARY_RAMP,LATITUDE,LONGITUDE,COUNTY,CITY,POINT_X,POINT_Y
90895553,2018,2019-01-02,9645,2018-12-20,1155,015331,NA,4,1,7,3711,0,1,1,NA,2,007,I-5 SOUTHBOUND,VIA DE LA VALLE,2640,S,N,A,-,Y,NA,NA,5,NA,NA,NA,NA,NA,S,Y,4,0,1,2,A,-,03,22350,NA,N,C,C,A,A,H,-,A,D,0,NA,NA,NA,NA,Y,NA,A,01,0,0,1,0,0,0,0,0,0,-,-,32.972198486328125,-117.2502899169922,SAN DIEGO,SAN DIEGO,-117.25034332275392,32.9721794128418
90897314,2018,2019-01-03,9680,2018-12-21,1410,018801,NA,5,2,5,3705,0,1,3,NA,2,016,SR-67 S/B,GREENFIELD DRIVE O/C,400,S,N,A,-,Y,NA,NA,67,NA,NA,NA,NA,NA,S,N,4,0,2,4,A,-,03,22350,NA,M,C,C,A,A,H,-,A,D,0,NA,NA,NA,NA,Y,NA,D,22,0,0,2,0,0,0,0,0,0,-,-,32.81214904785156,-116.96208953857422,SAN DIEGO,EL CAJON,-116.96194458007813,32.8121452331543
90897331,2018,2019-01-03,9645,2018-11-26,1658,020474,NA,1,2,7,3711,0,1,1,NA,2,017,I-15 N/B,MIRAMAR ROAD,1056,N,N,A,-,Y,NA,NA,15,NA,NA,NA,NA,NA,N,Y,3,0,1,3,A,-,03,22350,NA,N,C,C,A,A,H,-,D,D,0,NA,NA,NA,NA,Y,NA,D,22,0,1,0,0,0,0,0,0,0,-,-,32.896209716796875,-117.1156768798828,SAN DIEGO,SAN DIEGO,-117.1157684326172,32.89619064331055
90897369,2018,2019-01-03,9650,2018-12-28,1423,021327,NA,5,2,9,3700,0,1,3,NA,1,028,SR-76,PALA DEL NORTE,1630,W,N,A,-,Y,NA,NA,76,NA,NA,NA,NA,NA,NA,Y,4,0,1,1,A,-,08,22107,NA,N,E,I,A,A,H,-,A,D,0,NA,NA,NA,NA,Y,NA,D,22,0,0,1,0,0,0,0,0,0,-,-,33.35205078125,-117.11254119873048,SAN DIEGO,UNINCORPORATED,-117.11260223388672,33.35205078125
90897563,2018,2019-01-04,9680,2018-12-25,0215,021839,NA,2,3,9,3700,0,2,4,NA,1,014,WINTER GARDENS BLVD,ROCKCREST RD,130,S,N,B,C,N,NA,NA,NA,NA,NA,NA,NA,NA,NA,N,3,0,1,1,A,-,03,22350,NA,N,E,I,A,B,H,-,C,D,0,NA,NA,NA,NA,Y,NA,A,01,0,1,0,0,0,0,0,0,0,-,-,32.84579086303711,-116.93103790283205,SAN DIEGO,UNINCORPORATED,-116.93109893798828,32.84595489501953
90898008,2018,2019-01-04,9680,2018-12-25,0311,022021,NA,2,3,9,3700,0,1,3,NA,2,028,SR-125 N/B,JAMACHA RD,1056,N,N,B,-,Y,NA,NA,125,NA,NA,NA,NA,NA,N,Y,3,0,4,2,A,-,01,23152,A,N,C,C,A,B,H,-,C,D,0,NA,NA,NA,NA,Y,Y,A,01,0,3,1,0,0,0,0,0,0,-,-,32.71883010864258,-117.0144271850586,SAN DIEGO,UNINCORPORATED,-117.01445770263672,32.71883010864258
90898556,2018,2019-01-07,9645,2018-12-16,0218,018652,NA,7,3,7,3711,0,1,1,NA,2,010,I-8 E/B,TEXAS ST.,641,W,N,A,-,Y,NA,NA,NA,NA,NA,NA,NA,NA,NA,Y,2,0,1,1,A,-,01,23152,G,N,F,A,A,A,H,-,D,D,0,NA,NA,NA,NA,Y,Y,A,07,1,0,0,0,0,0,0,0,0,-,-,32.67839813232422,-117.1405029296875,SAN DIEGO,SAN DIEGO,NA,NA
90898795,2018,2019-01-07,9680,2018-12-26,1350,020116,NA,3,1,5,3705,0,1,1,NA,2,082,I-8 W/B,MOLLISON AVE,50,W,N,A,-,Y,NA,NA,8,NA,NA,NA,NA,NA,W,Y,3,0,1,2,A,-,03,22350,NA,N,C,C,A,A,H,-,A,D,0,NA,NA,NA,NA,Y,NA,A,01,0,1,0,0,0,0,0,0,0,-,-,32.80268859863281,-116.95114135742188,SAN DIEGO,EL CAJON,-116.95114135742188,32.80316162109375
90898852,2018,2019-01-07,9680,2018-12-26,1500,018801,NA,3,2,4,3720,0,1,3,NA,2,027,STATE ROUTE 94 EASTBOUND,COLLEGE AVE U/C,450,W,N,A,-,Y,NA,NA,94,NA,NA,NA,NA,NA,E,N,4,0,1,2,A,-,03,22350,NA,N,C,C,A,A,H,-,A,D,0,NA,NA,NA,NA,Y,NA,A,01,0,0,1,0,0,0,0,0,0,-,-,32.740821838378906,-117.05171966552734,SAN DIEGO,LEMON GROVE,-117.05172729492188,32.74082946777344
90898983,2018,2019-01-07,9680,2018-12-27,1650,019555,NA,4,2,5,3705,0,1,3,NA,2,016,SR-67 S/B,BRADLEY AVE,950,S,N,A,-,Y,NA,NA,67,NA,NA,NA,NA,NA,S,N,4,0,1,4,A,-,03,22350,NA,N,C,C,A,A,H,-,B,D,0,NA,NA,NA,NA,Y,NA,A,07,0,0,1,0,0,0,0,0,0,-,-,32.81626892089844,-116.96121978759766,SAN DIEGO,EL CAJON,-116.9611587524414,32.81624984741211
90898984,2018,2019-01-07,9645,2018-12-26,0100,015001,NA,3,3,7,3711,0,1,1,NA,2,017,I-15 N/B TO W/B SR-52,SR-52,370,N,N,B,-,Y,NA,NA,15,NA,NA,NA,R,NA,N,Y,4,0,1,1,A,-,01,23152,A,N,F,A,A,A,H,-,D,D,0,NA,NA,NA,NA,Y,NA,A,01,0,0,1,0,0,0,0,0,0,-,-,32.842979431152344,-117.1193618774414,SAN DIEGO,SAN DIEGO,-117.1193618774414,32.842979431152344
90899652,2018,2019-01-08,9645,2018-12-27,1240,015331,NA,4,1,7,3711,0,1,3,NA,2,023,SR-163 SOUTHBOUND,EL PRADO,425,S,N,A,-,Y,NA,NA,163,NA,NA,NA,NA,NA,S,N,2,0,1,2,A,-,07,21658,A,N,B,G,A,A,H,-,A,D,0,NA,Y,NA,NA,Y,NA,L,04,1,0,0,0,0,0,1,0,0,-,-,32.730228424072266,-117.1548309326172,SAN DIEGO,SAN DIEGO,-117.15480041503906,32.730224609375
90899975,2018,2019-01-08,9645,2018-12-28,1137,016409,NA,5,1,7,3711,0,1,1,NA,2,003,I-5 N/B,LAUREL STREET,235,S,N,A,-,Y,NA,NA,5,NA,NA,NA,NA,NA,N,Y,3,0,4,2,A,-,08,22107,NA,N,E,I,A,A,H,-,A,D,0,NA,NA,NA,NA,Y,NA,A,01,0,1,3,0,0,0,0,0,0,-,-,32.73006820678711,-117.1698989868164,SAN DIEGO,SAN DIEGO,-117.17000579833984,32.72998046875
90903059,2019,2019-01-14,9645,2019-01-04,1125,015847,NA,5,1,7,3711,0,1,3,NA,2,012,SR-52 E/B TO REGENTS RD. S/B,REGENTS RD.,20,W,N,A,-,Y,NA,NA,52,NA,NA,NA,R,NA,E,N,4,0,1,2,A,-,03,22350,NA,F,C,C,A,A,H,-,A,D,0,NA,NA,NA,NA,Y,NA,A,07,0,0,1,0,0,0,0,0,0,-,-,32.84123992919922,-117.21733856201172,SAN DIEGO,SAN DIEGO,-117.21733856201172,32.84123992919922
90903642,2018,2019-03-28,9645,2018-05-12,0130,020992,NA,6,3,7,3711,0,1,1,NA,2,015,I-805 S/B,SR-52,800,S,N,B,-,Y,NA,NA,805,NA,NA,NA,NA,NA,S,Y,1,1,0,3,A,-,10,21954,NA,N,G,B,E,A,H,-,C,D,0,Y,NA,NA,NA,Y,Y,N,60,0,0,0,1,0,0,0,0,0,-,-,32.84510040283203,-117.17684936523438,SAN DIEGO,SAN DIEGO,-117.17681121826172,32.845123291015625
90905334,2018,2019-01-16,9645,2018-11-22,0150,020997,NA,4,3,7,3711,0,1,3,NA,2,006,SR-94 E/B,28TH STREET,300,E,N,C,-,Y,NA,NA,94,NA,NA,NA,NA,NA,E,Y,4,0,1,2,A,-,03,22350,NA,F,C,C,A,B,H,-,D,D,0,NA,NA,NA,NA,Y,NA,A,01,0,0,1,0,0,0,0,0,0,-,-,32.71318817138672,-117.13166046142578,SAN DIEGO,SAN DIEGO,-117.13166809082033,32.713279724121094
90905752,2019,2019-01-16,9645,2019-01-15,0726,016409,NA,2,1,7,3711,0,1,1,NA,2,010,I-8 E/B,SR-163,1584,W,N,B,C,Y,NA,NA,8,NA,NA,NA,NA,NA,E,N,4,0,1,2,A,-,03,22350,NA,N,C,C,A,B,H,-,A,D,0,NA,NA,NA,NA,Y,NA,A,01,0,0,1,0,0,0,0,0,0,-,-,32.76091003417969,-117.16767120361328,SAN DIEGO,SAN DIEGO,-117.16767120361328,32.760921478271484
90905883,2019,2019-01-16,9650,2019-01-12,0755,019352,NA,6,1,5,3712,0,1,3,NA,2,019,SR-78 E/B,TWIN OAKS VALLEY RD,3168,E,N,C,-,Y,NA,NA,78,NA,NA,NA,NA,NA,E,Y,4,0,1,1,A,-,08,22107,NA,N,C,C,A,B,H,-,A,D,0,NA,NA,NA,NA,Y,NA,A,08,0,0,1,0,0,0,0,0,0,-,-,33.13951873779297,-117.15099334716795,SAN DIEGO,SAN MARCOS,-117.15098571777344,33.13948440551758
90907298,2019,2019-01-18,9645,2019-01-11,1850,019496,NA,5,2,6,3702,0,1,1,NA,2,009,I-805 S/B,ORANGE AVE.,500,S,N,A,-,Y,NA,NA,805,NA,NA,NA,NA,NA,S,N,4,0,1,3,A,-,03,22350,NA,N,C,C,A,A,H,-,D,D,0,NA,NA,NA,NA,Y,NA,I,20,0,0,1,0,0,0,0,0,0,-,-,32.6014404296875,-117.0365982055664,SAN DIEGO,CHULA VISTA,-117.03648376464844,32.6014404296875
90908618,2019,2019-01-22,9645,2019-01-08,1545,021680,NA,2,2,5,3709,0,1,1,NA,2,001,I-5 SOUTHBOUND,E ST O/C,1500,N,N,A,-,Y,NA,NA,NA,NA,NA,NA,NA,NA,NA,Y,4,0,1,2,D,-,00,NA,NA,N,B,C,A,A,H,-,C,D,0,NA,NA,Y,NA,Y,NA,-,-,0,0,1,0,0,0,0,0,1,-,-,32.64073944091797,-117.10060119628906,SAN DIEGO,NATIONAL CITY,-117.10157775878906,32.643394470214844
90909700,2019,2019-01-23,9680,2019-01-11,1622,013848,NA,5,2,5,3708,0,1,1,NA,2,081,I-8 W/B,SEVERIN DR,111,E,N,B,-,Y,NA,NA,8,NA,NA,NA,NA,NA,W,Y,4,0,1,4,A,-,03,22350,NA,N,C,C,A,A,H,-,A,D,0,NA,NA,NA,NA,Y,NA,A,07,0,0,1,0,0,0,0,0,0,-,-,32.77949905395508,-116.99669647216795,SAN DIEGO,LA MESA,-116.9967041015625,32.7794189453125
90910220,2019,2019-03-04,9645,2019-01-22,0850,016156,NA,2,1,7,3711,0,1,3,NA,2,023,SR-163 N/B,GENESEE AVENUE U/C,900,S,N,A,-,Y,NA,NA,163,NA,NA,NA,NA,NA,N,Y,4,0,1,3,A,-,03,22350,NA,N,C,C,A,A,H,-,A,D,0,NA,NA,NA,NA,Y,NA,A,07,0,0,1,0,0,0,0,0,0,-,-,32.78947067260742,-117.15972137451172,SAN DIEGO,SAN DIEGO,-117.15968322753906,32.78945541381836
90911296,2019,2019-01-24,9650,2019-01-23,0648,015446,NA,3,1,6,3706,0,1,1,NA,2,023,I-15 FWY SOUTHBOUND,VALLEY PARKWAY U/C,1000,N,N,A,-,Y,NA,NA,15,NA,NA,NA,NA,NA,S,Y,4,0,1,2,A,-,03,22350,NA,N,C,C,A,A,H,-,A,D,0,NA,NA,Y,NA,Y,NA,C,02,0,0,1,0,0,0,0,0,1,-,-,33.12091064453125,-117.10237884521484,SAN DIEGO,ESCONDIDO,-117.10237884521484,33.120914459228516
90913052,2019,2019-01-25,9650,2019-01-21,1103,019352,NA,1,1,9,3700,0,1,1,NA,2,001,I-5 N/B,CRISTIANITOS RD,528,S,N,A,-,Y,NA,NA,5,NA,NA,NA,NA,NA,N,Y,4,0,1,3,A,-,08,22107,NA,N,C,C,A,A,H,-,A,D,0,NA,NA,NA,Y,Y,NA,A,01,0,0,1,0,0,0,0,0,0,-,-,33.393558502197266,-117.59165954589844,SAN DIEGO,UNINCORPORATED,-117.59162902832033,33.39358139038086
90913620,2019,2019-01-28,9680,2019-01-15,1110,015070,NA,2,1,9,3700,0,1,3,NA,1,024,SR-94 E/B,JAMACHA BLVD,70,W,N,B,-,Y,NA,NA,NA,NA,NA,NA,NA,NA,NA,Y,4,0,1,2,A,-,03,22350,NA,N,C,C,A,B,H,-,A,A,0,NA,NA,NA,NA,Y,NA,A,01,0,0,1,0,0,0,0,0,0,-,-,32.740028381347656,-116.95491790771484,SAN DIEGO,UNINCORPORATED,NA,NA
90915718,2019,2019-01-30,9650,2019-01-27,2220,020343,NA,7,3,6,3710,0,1,3,NA,2,015,SR-78 E/B,I-5 S/B,60,E,N,A,-,Y,NA,NA,78,NA,NA,NA,NA,NA,E,Y,4,0,2,2,A,-,08,22107,NA,N,B,C,A,A,H,-,C,D,0,NA,NA,NA,NA,Y,NA,A,07,0,0,2,0,0,0,0,0,0,-,-,33.17700958251953,-117.35114288330078,SAN DIEGO,OCEANSIDE,-117.35115051269533,33.17702865600586
90917887,2019,2019-02-04,9650,2019-01-31,1717,016516,NA,4,2,9,3700,0,1,1,NA,2,021,I-15 S/B,CAMINO DEL REY,430,N,N,C,-,Y,NA,NA,NA,NA,NA,NA,NA,NA,NA,Y,3,0,2,1,A,-,08,22107,NA,N,F,A,A,B,H,-,D,D,0,NA,NA,NA,NA,Y,NA,A,07,0,1,1,0,0,0,0,0,0,-,-,33.2712287902832,-117.15850830078124,SAN DIEGO,UNINCORPORATED,-117.15825653076172,33.26783752441406
90918374,2019,2019-02-04,9650,2019-01-20,2323,020343,NA,7,3,6,3706,0,1,3,NA,2,019,SR-78 E/B,I-15 N/B,530,E,N,A,-,Y,NA,NA,78,NA,NA,NA,NA,NA,E,Y,3,0,1,1,A,-,08,22107,NA,N,F,A,A,A,C,-,D,D,0,NA,NA,NA,NA,Y,NA,A,07,0,1,0,0,0,0,0,0,0,-,-,33.127418518066406,-117.10320281982422,SAN DIEGO,ESCONDIDO,-117.10321044921876,33.12744903564453
90918479,2019,2019-02-04,9645,2019-01-25,1055,014625,NA,5,1,7,3711,0,1,1,NA,2,007,INTERSTATE 5 SOUTHBOUND,VOIGT DRIVE (O/C),634,S,N,A,-,Y,NA,NA,5,NA,NA,NA,NA,NA,S,Y,4,0,1,2,A,-,08,22107,NA,N,B,C,A,A,D,-,A,D,0,NA,NA,NA,NA,Y,NA,A,07,0,0,1,0,0,0,0,0,0,-,-,32.87977981567383,-117.22857666015624,SAN DIEGO,SAN DIEGO,-117.22860717773438,32.879783630371094
90919228,2019,2019-02-05,9650,2019-01-29,0543,015446,NA,2,3,9,3700,0,3,5,NA,2,231,BEAR VALLEY PARKWAY,IDAHO AVENUE,200,S,N,A,-,N,NA,NA,NA,NA,NA,NA,NA,NA,NA,Y,4,0,1,2,A,-,03,22350,NA,N,C,C,A,A,H,-,C,D,0,NA,NA,NA,NA,Y,NA,A,01,0,0,1,0,0,0,0,0,0,-,-,33.11444854736328,-117.0500717163086,SAN DIEGO,UNINCORPORATED,-117.05033111572266,33.115413665771484
90919972,2019,2019-02-06,9680,2019-01-26,2135,020401,NA,6,2,9,3700,0,3,5,NA,2,001,OLD HWY 80,DUNBAR LN,244,W,N,A,-,N,NA,NA,NA,NA,NA,NA,NA,NA,NA,Y,2,0,1,1,A,-,01,23152,A,N,E,I,A,A,H,-,D,D,0,NA,NA,Y,NA,Y,Y,C,02,1,0,0,0,0,0,0,0,1,-,-,32.85783004760742,-116.8201904296875,SAN DIEGO,UNINCORPORATED,-116.82017517089844,32.857887268066406
9092020,2020,2020-07-24,3711,2020-04-11,1755,SD7700,NA,6,5,7,3711,0,0,0,NA,0,241,POMERADO RD,AVENIDA MAGNIFICA,0,NA,Y,A,-,N,NA,NA,NA,NA,NA,NA,NA,NA,NA,N,3,0,2,3,A,-,03,22350,NA,N,C,C,A,A,H,-,A,A,0,NA,NA,NA,NA,Y,NA,A,01,0,1,1,0,0,0,0,0,0,-,-,NA,NA,SAN DIEGO,SAN DIEGO,-117.08474731445313,32.90507888793945
9092050,2020,2020-07-30,3711,2020-04-01,1605,SD8382,NA,3,5,7,3711,0,0,0,NA,0,116,CLAIREMONT DR,IROQUOIS AV,0,NA,Y,A,-,N,NA,NA,NA,NA,NA,NA,NA,NA,NA,N,4,0,2,3,D,-,00,NA,NA,N,D,C,A,A,H,-,A,A,0,NA,NA,NA,NA,Y,NA,-,-,0,0,2,0,0,0,0,0,0,-,-,NA,NA,SAN DIEGO,SAN DIEGO,-117.1933822631836,32.79740905761719
90923511,2019,2019-02-11,9645,2019-01-30,0410,021523,NA,3,3,5,3709,0,1,1,NA,2,009,I-805 S/B,SR-54,3696,N,N,A,-,Y,NA,NA,805,NA,NA,NA,NA,NA,S,Y,4,0,1,2,A,-,01,23152,A,N,C,C,A,A,H,-,D,D,0,NA,NA,NA,NA,Y,Y,A,01,0,0,1,0,0,0,0,0,0,-,-,32.67034912109375,-117.08210754394533,SAN DIEGO,NATIONAL CITY,-117.08182525634766,32.670467376708984
90923554,2019,2019-02-11,9645,2019-01-28,0635,014625,NA,1,1,7,3711,0,1,1,NA,2,009,INTERSTATE 805 NORTHBOUND,LOGAN AVENUE (O/C) (S/EDGE),50,S,N,A,-,Y,NA,NA,805,NA,NA,NA,NA,NA,N,Y,4,0,1,3,A,-,04,21703,NA,N,C,C,A,A,H,-,A,D,0,NA,NA,NA,NA,Y,NA,A,01,0,0,1,0,0,0,0,0,0,-,-,32.69655990600586,-117.09480285644533,SAN DIEGO,SAN DIEGO,-117.09481048583984,32.69655990600586
90923656,2019,2019-02-11,9650,2019-02-09,0712,019191,NA,6,1,9,3700,0,1,1,NA,2,003,I-5 S/B,WIRE MOUNTAIN RD,2640,N,N,A,-,Y,NA,NA,5,NA,NA,NA,NA,NA,S,N,3,0,1,1,A,-,08,22107,NA,N,E,I,A,A,H,-,A,D,0,NA,NA,NA,NA,Y,NA,A,07,0,1,0,0,0,0,0,0,0,-,-,33.22243118286133,-117.39240264892578,SAN DIEGO,UNINCORPORATED,-117.3925323486328,33.22233200073242
90923887,2019,2019-02-11,9680,2019-01-30,1430,016981,NA,3,2,5,3705,0,1,3,NA,1,017,SR-67,LAKESIDE AVE,0,NA,Y,A,-,Y,NA,NA,NA,NA,NA,NA,NA,NA,NA,Y,3,0,2,2,A,-,09,21802,A,N,A,C,A,A,H,-,A,A,0,NA,NA,NA,NA,Y,NA,A,07,0,2,0,0,0,0,0,0,0,-,-,32.87178039550781,-116.92372131347656,SAN DIEGO,EL CAJON,-116.92376708984376,32.87187957763672
9092432,2020,2020-07-29,3709,2020-04-08,0938,NC0490,NA,3,5,5,3709,0,0,0,NA,0,023,NEWELL ST,NEWELL ST  2400 BLOCK,0,NA,Y,A,-,N,NA,NA,NA,NA,NA,NA,NA,NA,NA,N,3,0,1,5,A,-,08,22104,NA,M,B,E,A,A,H,-,A,D,0,NA,NA,NA,Y,Y,Y,F,55,0,1,0,0,0,0,0,0,0,-,-,NA,NA,SAN DIEGO,NATIONAL CITY,NA,NA
90925109,2019,2019-02-12,9680,2019-02-02,0926,021501,NA,6,1,9,3700,0,3,5,NA,2,007,SAN FELIPE RD,SR-78,2112,N,N,B,-,N,NA,NA,NA,NA,NA,NA,NA,NA,NA,Y,4,0,1,1,A,-,08,22107,NA,N,E,I,A,B,H,-,A,A,0,NA,NA,NA,NA,Y,NA,A,07,0,0,1,0,0,0,0,0,0,-,-,33.10076141357422,-116.476806640625,SAN DIEGO,UNINCORPORATED,-116.47646331787108,33.10100173950195
90927888,2019,2019-02-18,9650,2019-02-12,1550,021267,NA,2,2,9,3700,0,1,3,NA,1,028,SR-76,COLE GRADE ROAD,0,NA,Y,A,-,Y,NA,NA,76,NA,NA,NA,NA,NA,NA,Y,4,0,1,2,A,-,12,22450,A,N,D,C,A,A,H,-,A,A,0,NA,NA,NA,NA,Y,NA,A,01,0,0,1,0,0,0,0,0,0,-,-,33.31890869140625,-116.99288940429688,SAN DIEGO,UNINCORPORATED,-116.9928970336914,33.318904876708984
90929071,2019,2019-02-19,9645,2019-02-01,1615,020066,NA,5,2,7,3711,0,1,3,NA,2,025,SR-163 S/B,I-805,700,N,N,B,-,Y,NA,NA,163,NA,NA,NA,NA,NA,S,Y,3,0,1,3,A,-,08,22107,NA,N,B,C,A,A,H,-,A,D,0,NA,NA,NA,NA,Y,NA,A,01,0,1,0,0,0,0,0,0,0,-,-,32.81428146362305,-117.15084838867188,SAN DIEGO,SAN DIEGO,-117.15091705322266,32.81431198120117
90929341,2019,2019-02-19,9650,2019-02-13,0717,021327,NA,3,1,9,3700,0,3,5,NA,2,211,BETSWORTH RD,OLD RANCH DR,464,W,N,A,-,N,NA,NA,NA,NA,NA,NA,NA,NA,NA,Y,3,0,1,1,A,-,08,22107,NA,N,E,I,A,A,H,-,A,D,0,NA,NA,NA,NA,Y,NA,A,01,0,1,0,0,0,0,0,0,0,-,-,33.22666931152344,-117.05333709716795,SAN DIEGO,UNINCORPORATED,-117.05319213867188,33.22663116455078
90930625,2019,2019-02-21,9650,2019-02-18,1720,018950,NA,1,2,6,3706,0,1,1,NA,2,023,I-15 N/B,SR-78 U/C,2112,S,N,B,-,Y,NA,NA,15,NA,NA,NA,NA,NA,N,Y,4,0,2,3,A,-,03,22350,NA,N,C,C,A,A,H,-,A,D,0,NA,NA,NA,NA,Y,NA,D,22,0,0,2,0,0,0,0,0,0,-,-,33.12152862548828,-117.1020736694336,SAN DIEGO,ESCONDIDO,-117.10232543945313,33.12138748168945
90930831,2019,2019-02-21,9680,2019-02-10,1637,021996,NA,7,2,9,3700,0,3,5,NA,2,002,HILTON HEAD RD,WOODRUN PL,538,E,N,B,-,N,NA,NA,NA,NA,NA,NA,NA,NA,NA,Y,4,0,1,2,A,-,09,21804,A,N,D,C,A,A,H,-,A,D,0,NA,NA,NA,Y,Y,NA,F,55,0,0,1,0,0,0,0,0,0,-,-,32.74822998046875,-116.9226531982422,SAN DIEGO,UNINCORPORATED,-116.92255401611328,32.748329162597656
90930846,2019,2019-02-21,9680,2019-02-08,1215,014786,NA,5,1,9,3700,0,2,4,NA,1,031,SUNRISE HIGHWAY,OLD HIGHWAY 80,16368,N,N,A,-,N,NA,NA,NA,NA,NA,NA,NA,NA,NA,Y,3,0,1,1,A,-,03,22350,NA,N,F,A,A,C,B,-,A,A,0,NA,NA,Y,NA,Y,NA,C,02,0,1,0,0,0,0,0,0,1,-,-,32.84626007080078,-116.48976135253906,SAN DIEGO,UNINCORPORATED,-116.51081085205078,32.81087875366211
90931977,2019,2019-02-22,9645,2019-02-12,0900,017678,NA,2,1,7,3711,0,1,1,NA,2,010,I-8 W/B,WARING RD. U/C,1000,E,N,A,-,Y,NA,NA,8,NA,NA,NA,NA,NA,W,Y,3,0,3,6,A,-,03,22350,NA,N,C,C,A,A,H,-,A,D,0,NA,NA,NA,NA,Y,NA,A,01,0,1,2,0,0,0,0,0,0,-,-,32.78076934814453,-117.08319854736328,SAN DIEGO,SAN DIEGO,-117.08318328857422,32.78084945678711
90932021,2019,2019-02-22,9650,2019-02-16,1245,020673,NA,6,1,9,3700,0,1,1,NA,2,001,I-5 SOUTHBOUND,LAS PULGAS RD.,15048,N,N,A,-,Y,NA,NA,5,NA,NA,NA,NA,NA,S,Y,4,0,2,3,A,-,03,22350,NA,N,C,C,A,A,H,-,A,D,0,NA,NA,NA,NA,Y,NA,A,07,0,0,2,0,0,0,0,0,0,-,-,33.33795166015625,-117.50499725341795,SAN DIEGO,UNINCORPORATED,-117.50507354736328,33.33784866333008
90933268,2019,2019-02-25,9645,2019-02-14,2128,021600,NA,4,2,7,3711,0,1,1,NA,2,007,I-5 N/B,GILMAN DR.,150,S,N,C,-,Y,NA,NA,5,NA,NA,NA,NA,NA,N,Y,4,0,1,2,A,-,03,22350,NA,N,C,C,A,B,H,-,D,D,0,NA,NA,NA,NA,Y,NA,A,07,0,0,1,0,0,0,0,0,0,-,-,32.846038818359375,-117.23590087890624,SAN DIEGO,SAN DIEGO,-117.23602294921876,32.84606170654297
9093486,2020,2020-07-27,3711,2020-04-14,2215,SD7976,NA,2,5,7,3711,0,0,0,NA,0,315,FRIARS RD,NORTHSIDE DR,36,W,N,A,-,N,NA,NA,NA,NA,NA,NA,NA,NA,NA,Y,4,0,2,2,D,-,00,NA,NA,N,D,C,A,A,H,-,C,A,0,NA,NA,NA,NA,Y,NA,-,-,0,0,2,0,0,0,0,0,0,-,-,NA,NA,SAN DIEGO,SAN DIEGO,-117.12798309326172,32.78404998779297
90935465,2019,2019-02-27,9680,2019-02-16,0745,017389,NA,6,1,9,3700,0,1,3,NA,1,040,SR-94,OTAY LAKES RD,7392,E,N,B,-,Y,NA,NA,94,NA,NA,NA,NA,NA,NA,Y,3,0,1,1,A,-,03,22350,NA,N,E,I,A,B,H,-,A,D,0,NA,NA,NA,NA,Y,NA,A,01,0,1,0,0,0,0,0,0,0,-,-,32.65456008911133,-116.80638122558594,SAN DIEGO,UNINCORPORATED,-116.806396484375,32.65450668334961