CASE_ID,ACCIDENT_YEAR,PROC_DATE,JURIS,COLLISION_DATE,COLLISION_TIME,OFFICER_ID,REPORTING_DISTRICT,DAY_OF_WEEK,CHP_SHIFT,POPULATION,CNTY_CITY_LOC,SPECIAL_COND,BEAT_TYPE,CHP_BEAT_TYPE,CITY_DIVISION_LAPD,CHP_BEAT_CLASS,BEAT_NUMBER,PRIMARY_RD,SECONDARY_RD,DISTANCE,DIRECTION,INTERSECTION,WEATHER_1,WEATHER_2,STATE_HWY_IND,CALTRANS_COUNTY,CALTRANS_DISTRICT,STATE_ROUTE,ROUTE_SUFFIX,POSTMILE_PREFIX,POSTMILE,LOCATION_TYPE,RAMP_INTERSECTION,SIDE_OF_HWY,TOW_AWAY,COLLISION_SEVERITY,NUMBER_KILLED,NUMBER_INJURED,PARTY_COUNT,PRIMARY_COLL_FACTOR,PCF_CODE_OF_VIOL,PCF_VIOL_CATEGORY,PCF_VIOLATION,PCF_VIOL_SUBSECTION,HIT_AND_RUN,TYPE_OF_COLLISION,MVIW,PED_ACTION,ROAD_SURFACE,ROAD_COND_1,ROAD_COND_2,LIGHTING,CONTROL_DEVICE,CHP_ROAD_TYPE,PEDESTRIAN_ACCIDENT,BICYCLE_ACCIDENT,MOTORCYCLE_ACCIDENT,TRUCK_ACCIDENT,NOT_PRIVATE_PROPERTY,ALCOHOL_INVOLVED,STWD_VEHTYPE_AT_FAULT,CHP_VEHTYPE_AT_FAULT,COUNT_SEVERE_INJ,COUNT_VISIBLE_INJ,COUNT_COMPLAINT_PAIN,COUNT_PED_KILLED,COUNT_PED_INJURED,COUNT_BICYCLIST_KILLED,COUNT_BICYCLIST_INJURED,COUNT_MC_KILLED,COUNT_MC_INJURED,PRIMARY_RAMP,SECONDARY_RAMP,LATITUDE,LONGITUDE,COUNTY,CITY,POINT_X,POINT_Y
91648776,2021,2021-12-10,9680,2021-11-30,1130,015972,NA,2,1,9,3700,0,3,5,NA,2,003,ARNOLD WAY,RIP VAN WINKLE ROAD,152,W,N,A,-,N,NA,NA,NA,NA,NA,NA,NA,NA,NA,Y,4,0,3,1,A,-,03,22350,NA,N,E,I,A,A,H,-,A,D,0,NA,NA,NA,Y,Y,NA,F,26,0,0,3,0,0,0,0,0,0,-,-,32.835960388183594,-116.79470825195313,SAN DIEGO,UNINCORPORATED,-116.794627,32.835753
91649086,2021,2021-12-10,9650,2021-12-09,1806,021933,NA,4,2,9,3700,0,1,3,NA,1,028,SR-76,RICE CANYON RD.,40,W,N,B,-,Y,NA,NA,76,NA,NA,NA,NA,NA,NA,Y,4,0,2,2,A,-,03,22350,NA,N,C,C,A,B,H,-,C,D,0,NA,NA,NA,NA,Y,NA,A,01,0,0,2,0,0,0,0,0,0,-,-,33.34270095825195,-117.13298797607422,SAN DIEGO,UNINCORPORATED,-117.1330108642578,33.34269714355469
91649162,2021,2021-12-10,9645,2021-11-29,1800,019410,NA,1,2,7,3711,0,1,1,NA,2,030,I-15 N/B,GEORGE COOKE EXPRESSWAY DR. O/C,550,S,N,A,-,Y,NA,NA,15,NA,NA,NA,NA,NA,N,Y,3,0,1,3,A,-,01,23152,A,N,E,I,A,A,H,-,C,D,0,NA,NA,NA,NA,Y,Y,A,07,0,1,0,0,0,0,0,0,0,-,-,33.014461517333984,-117.07952117919922,SAN DIEGO,SAN DIEGO,-117.07951354980467,33.014461517333984
9165015,2020,2021-01-12,3711,2020-10-12,2056,SD8334,NA,1,5,7,3711,0,0,0,NA,0,445,47TH ST,HARTLEY ST,0,NA,Y,A,-,N,NA,NA,NA,NA,NA,NA,NA,NA,NA,Y,4,0,1,2,A,-,03,22350,NA,M,C,C,A,A,H,-,C,A,0,NA,NA,NA,NA,Y,NA,-,99,0,0,1,0,0,0,0,0,0,-,-,NA,NA,SAN DIEGO,SAN DIEGO,-117.09364318847656,32.71009063720703
91650410,2021,2021-12-13,9680,2021-12-01,1115,021501,NA,3,1,9,3700,0,2,4,NA,2,072,MONTEZUMA VALLEY ROAD,PALM CANYON DRIVE,8448,W,N,A,-,N,NA,NA,NA,NA,NA,NA,NA,NA,NA,N,4,0,1,1,A,-,03,22350,NA,N,E,I,A,A,H,-,A,A,0,NA,NA,Y,NA,Y,NA,C,02,0,0,1,0,0,0,0,0,1,-,-,33.23426055908203,-116.41018676757813,SAN DIEGO,UNINCORPORATED,-116.39940643310548,33.2564811706543
9165071,2020,2021-01-07,3711,2020-09-10,1350,SD5589,NA,4,5,7,3711,0,0,0,NA,0,527,WEST GRAPE ST,W GRAPE ST 800,0,NA,Y,A,-,N,NA,NA,NA,NA,NA,NA,NA,NA,NA,N,2,0,1,2,A,-,08,22107,NA,N,-,E,A,A,H,-,A,D,0,NA,NA,NA,NA,Y,NA,A,01,1,0,0,0,0,0,0,0,0,-,-,NA,NA,SAN DIEGO,SAN DIEGO,NA,NA
91654320,2021,2021-12-16,9650,2021-12-14,1230,014532,NA,2,1,6,3710,0,1,3,NA,2,015,SR-78 WESTBOUND,JEFFERSON AVE,1200,E,N,B,C,Y,NA,NA,78,NA,NA,NA,NA,NA,W,Y,3,0,1,2,A,-,08,22107,NA,N,C,C,A,A,F,-,A,D,0,NA,NA,NA,NA,Y,NA,A,01,0,1,0,0,0,0,0,0,0,-,-,33.18122863769531,-117.33657073974608,SAN DIEGO,OCEANSIDE,-117.33657073974608,33.181243896484375
91656108,2021,2021-12-20,9645,2021-11-27,2313,020165,NA,6,3,7,3711,0,1,1,NA,2,015,I-805 SOUTHBOUND,SORRENTO VALLEY ROAD,2640,N,N,A,-,Y,NA,NA,805,NA,NA,NA,NA,NA,S,N,3,0,1,2,A,-,01,23152,A,M,B,C,A,A,H,-,C,D,0,NA,NA,NA,NA,Y,Y,A,01,0,1,0,0,0,0,0,0,0,-,-,32.8945198059082,-117.21414184570313,SAN DIEGO,SAN DIEGO,-117.21418762207033,32.894447326660156
91656607,2021,2021-12-20,9680,2021-12-09,0905,020116,NA,4,1,4,3720,0,1,3,NA,2,027,SR-94 W/B,COLLEGE AVE,1056,E,N,B,C,Y,NA,NA,94,NA,NA,NA,NA,NA,W,Y,3,0,1,2,A,-,03,22350,NA,N,C,C,A,B,H,-,A,D,0,NA,NA,NA,NA,Y,NA,A,01,0,1,0,0,0,0,0,0,0,-,-,32.74436950683594,-117.04766082763672,SAN DIEGO,LEMON GROVE,-117.04763793945313,32.74433898925781
9165699,2020,2020-12-02,3702,2020-09-27,2039,CV1226,NA,7,5,6,3702,0,0,0,NA,0,031,TELEGRAPH CANYON RD,HALECREST RD,170,W,N,A,-,Y,SD,11,805,-,-,6.277,R,4,N,Y,3,0,2,2,A,-,09,21453,C,N,D,C,A,A,H,-,C,A,0,NA,NA,NA,NA,Y,NA,A,01,0,1,1,0,0,0,0,0,0,-,-,NA,NA,SAN DIEGO,CHULA VISTA,-117.04483795166016,32.63157653808594
9165748,2020,2020-10-29,3711,2020-10-03,1005,SD7600,NA,6,5,7,3711,0,0,0,NA,0,113,CLAIREMONT MESA BL,CLAIREMONT DR,0,NA,Y,A,-,N,NA,NA,NA,NA,NA,NA,NA,NA,NA,N,3,0,1,2,A,-,09,21453,B,N,H,A,A,A,H,-,A,A,0,NA,NA,Y,NA,Y,NA,A,01,0,1,0,0,0,0,0,0,1,-,-,NA,NA,SAN DIEGO,SAN DIEGO,-117.20615386962892,32.82770919799805
91657804,2021,2021-12-21,9645,2021-12-16,2247,021263,NA,4,3,7,3711,0,1,1,NA,2,010,INTERSTATE 8 EASTBOUND,INTERSTATE 15,1000,W,N,B,-,Y,NA,NA,8,NA,NA,NA,NA,NA,E,Y,3,0,1,2,A,-,08,22107,NA,N,B,C,A,B,A,-,D,D,0,NA,NA,NA,NA,Y,NA,A,01,0,1,0,0,0,0,0,0,0,-,-,32.778419494628906,-117.11627197265624,SAN DIEGO,SAN DIEGO,-117.11626434326172,32.77835464477539
91658016,2021,2021-12-21,9645,2021-12-12,0230,020623,NA,7,3,7,3711,0,1,1,NA,2,011,I-805 S/B TO SR-15 S/B,LANDIS STREET,3274,S,N,A,-,Y,NA,NA,805,NA,NA,NA,R,NA,S,N,2,0,1,1,A,-,01,23152,A,N,E,I,A,A,H,-,D,D,0,NA,NA,NA,NA,Y,Y,A,07,1,0,0,0,0,0,0,0,0,-,-,32.73788070678711,-117.1155014038086,SAN DIEGO,SAN DIEGO,-117.1155014038086,32.73788070678711
91659941,2021,2021-12-23,9680,2021-12-12,1030,015972,NA,7,1,9,3700,0,3,5,NA,2,001,SR-67 S/B TO RIVERFORD ROAD,RIVERFORD ROAD,0,NA,Y,A,-,Y,NA,NA,67,NA,NA,NA,R,NA,S,Y,4,0,2,2,A,-,09,21802,A,N,D,C,A,A,H,-,A,A,0,NA,NA,NA,NA,Y,NA,A,01,0,0,2,0,0,0,0,0,0,-,-,32.855430603027344,-116.94728088378906,SAN DIEGO,UNINCORPORATED,-116.94728088378906,32.855430603027344
91660088,2021,2021-12-23,9645,2021-12-14,1255,015676,NA,2,1,7,3711,0,1,1,NA,2,007,I-5 S/B,CARMEL VALLEY ROAD,1000,S,N,C,-,Y,NA,NA,5,NA,NA,NA,NA,NA,S,Y,3,0,1,2,A,-,03,22350,NA,M,C,C,A,B,F,-,A,D,0,NA,NA,NA,NA,Y,NA,A,01,0,1,0,0,0,0,0,0,0,-,-,32.926109313964844,-117.23963928222656,SAN DIEGO,SAN DIEGO,-117.23978424072266,32.926063537597656
91660185,2021,2021-12-23,9645,2021-12-21,1600,017953,NA,2,2,7,3711,0,1,1,NA,2,013,I-805 SB,FRIARS ROAD,300,N,N,A,-,Y,NA,NA,805,NA,NA,NA,NA,NA,S,N,3,0,1,2,A,-,08,22107,NA,F,B,C,A,A,H,-,A,D,0,NA,NA,Y,NA,Y,NA,-,99,0,1,0,0,0,0,0,0,1,-,-,32.77878189086914,-117.13710021972656,SAN DIEGO,SAN DIEGO,-117.13715362548828,32.778743743896484
91660199,2021,2021-12-23,9645,2021-11-30,0523,021639,NA,2,3,7,3711,0,1,3,NA,2,023,SR-163 NORTHBOUND,WASHINGTON ST.,1000,N,N,E,-,Y,NA,NA,163,NA,NA,NA,NA,NA,N,Y,4,0,1,1,A,-,01,23152,A,N,E,I,A,A,H,-,A,D,0,NA,NA,NA,NA,Y,Y,A,01,0,0,1,0,0,0,0,0,0,-,-,32.7530403137207,-117.15766143798828,SAN DIEGO,SAN DIEGO,-117.15762329101563,32.753082275390625
91661385,2021,2021-12-24,9645,2021-11-06,1910,021117,NA,6,2,7,3711,0,1,1,NA,2,010,I-8 W/B,QUALCOMM WAY,66,W,N,A,-,Y,NA,NA,8,NA,NA,NA,NA,NA,W,Y,1,1,1,3,A,-,11,21954,A,N,G,B,D,A,H,-,D,D,0,Y,NA,NA,NA,Y,NA,N,60,0,1,0,1,0,0,0,0,0,-,-,32.769840240478516,-117.14022064208984,SAN DIEGO,SAN DIEGO,-117.14022827148438,32.7698860168457
9166146,2020,2020-11-30,3705,2020-09-04,1559,EC0219,NA,5,5,5,3705,0,0,0,NA,0,002,BROADWAY,N ANZA ST,377,W,N,A,-,N,NA,NA,NA,NA,NA,NA,NA,NA,NA,NA,4,0,2,2,A,-,09,21801,A,N,D,C,A,A,H,-,A,D,0,NA,NA,NA,NA,Y,NA,A,07,0,0,2,0,0,0,0,0,0,-,-,NA,NA,SAN DIEGO,EL CAJON,-116.94927215576172,32.807701110839844
91663498,2021,2021-12-28,9680,2021-12-17,0450,015733,NA,5,3,9,3700,0,1,3,NA,1,090,SR-67,MUSSEY GRADE RD,155,S,N,A,-,Y,NA,NA,67,NA,NA,NA,NA,NA,NA,Y,4,0,2,1,A,-,03,22350,NA,N,E,I,A,B,H,-,D,D,0,NA,NA,NA,NA,Y,NA,A,01,0,0,2,0,0,0,0,0,0,-,-,33.009029388427734,-116.91487884521484,SAN DIEGO,UNINCORPORATED,-116.91487884521484,33.00895309448242
9166956,2020,2020-11-18,3700,2020-09-18,1614,SH1147,NA,5,5,3,3783,0,0,0,NA,0,273,STEVENS AV,STEVENS AV W,0,NA,Y,A,-,N,NA,NA,NA,NA,NA,NA,NA,NA,NA,Y,3,0,2,2,A,-,09,21801,A,N,A,C,A,A,H,-,A,D,0,NA,NA,NA,NA,Y,NA,A,01,0,1,1,0,0,0,0,0,0,-,-,NA,NA,SAN DIEGO,SOLANA BEACH,-117.26261138916016,32.99613952636719
91670919,2021,2022-01-05,9650,2021-12-31,0023,017590,NA,5,3,9,3700,0,1,1,NA,2,005,I-5 S/B,CARLSBAD VILLAGE DR,2026,S,N,B,-,Y,NA,NA,NA,NA,NA,NA,NA,NA,NA,Y,4,0,1,1,A,-,08,22107,NA,N,E,I,A,A,H,-,C,D,0,NA,NA,NA,NA,Y,NA,A,01,0,0,1,0,0,0,0,0,0,-,-,33.158119201660156,-117.33956909179688,SAN DIEGO,UNINCORPORATED,-117.34191131591795,33.162269592285156
91670941,2021,2022-06-22,9650,2021-11-29,1535,021404,NA,1,2,9,3700,0,3,5,NA,2,191,QUESTHAVEN RD,TANGLEWOOD DRIVE,828,E,N,A,-,N,NA,NA,NA,NA,NA,NA,NA,NA,NA,Y,1,1,0,1,A,-,01,23152,A,N,F,A,A,A,H,-,A,D,0,NA,NA,NA,NA,Y,Y,A,07,0,0,0,0,0,0,0,0,0,-,-,33.096900939941406,-117.17714691162108,SAN DIEGO,UNINCORPORATED,-117.17713928222656,33.09682846069336
91674612,2022,2022-01-10,9645,2022-01-02,1825,018646,NA,7,2,7,3711,0,1,3,NA,2,014,SR-52 E/B TO I-15,KEARNY VILLA ROAD O/C,60,E,N,A,-,Y,NA,NA,NA,NA,NA,NA,NA,NA,NA,N,4,0,1,1,A,-,03,22350,NA,N,E,J,A,A,H,-,D,D,0,NA,NA,NA,NA,Y,NA,A,01,0,0,1,0,0,0,0,0,0,-,-,32.84101104736328,-117.12615966796876,SAN DIEGO,SAN DIEGO,-117.12615966796876,32.84101104736328
91676368,2021,2022-01-12,9650,2021-12-30,1655,022031,NA,4,2,9,3700,0,3,5,NA,2,006,S STAGE COACH LN,MORRO RD,0,NA,Y,C,-,N,NA,NA,NA,NA,NA,NA,NA,NA,NA,Y,3,0,4,2,A,-,12,22450,A,N,D,C,A,D,H,-,B,A,0,NA,NA,NA,NA,Y,NA,A,01,0,4,0,0,0,0,0,0,0,-,-,33.349491119384766,-117.24008178710938,SAN DIEGO,UNINCORPORATED,-117.24008941650392,33.349483489990234
91677833,2022,2022-01-13,9680,2022-01-02,1345,021800,NA,7,1,5,3708,0,1,1,NA,2,081,I-8 W/B TO EL CAJON BLVD,BALTIMORE DRIVE,1700,E,N,A,-,Y,NA,NA,NA,NA,NA,NA,NA,NA,NA,Y,4,0,1,2,A,-,03,22350,NA,N,C,C,A,A,H,-,A,D,0,NA,NA,NA,NA,Y,NA,A,01,0,0,1,0,0,0,0,0,0,-,-,32.771751403808594,-117.0197525024414,SAN DIEGO,LA MESA,-117.0197525024414,32.771751403808594
91680625,2021,2022-01-19,9680,2021-10-22,1510,022030,NA,5,2,9,3700,0,2,4,NA,1,025,SWEETWATAER RD,BLOSSOM LN,0,NA,Y,B,-,N,NA,NA,NA,NA,NA,NA,NA,NA,NA,N,3,0,1,2,A,-,12,21453,A,F,D,G,A,A,H,-,A,A,0,NA,Y,NA,NA,Y,Y,-,99,0,1,0,0,0,0,1,0,0,-,-,32.72481918334961,-117.01419067382813,SAN DIEGO,UNINCORPORATED,-117.01409149169922,32.724910736083984
91682106,2022,2022-01-20,9645,2022-01-14,1630,016061,NA,5,2,7,3711,0,1,3,NA,2,016,SR-52 E/B,MAST BLVD.,7920,W,N,A,-,Y,SD,NA,52,NA,NA,12.599,H,NA,R,Y,3,0,1,2,A,-,03,22350,NA,M,C,C,A,A,H,-,A,D,0,NA,NA,NA,NA,Y,NA,A,07,0,1,0,0,0,0,0,0,0,-,-,32.85076141357422,-117.03546142578124,SAN DIEGO,SAN DIEGO,-117.03545379638672,32.85078430175781
91683830,2021,2022-01-24,9645,2021-12-30,1700,020992,NA,4,2,7,3711,0,1,1,NA,2,003,I-5 NORTHBOUND,B STREET,456,S,N,A,-,Y,NA,NA,NA,NA,NA,NA,NA,NA,NA,N,3,0,1,1,A,-,08,22107,NA,N,E,I,A,A,H,-,B,D,0,NA,NA,NA,NA,Y,NA,A,07,0,1,0,0,0,0,0,0,0,-,-,32.87424087524414,-117.98403167724608,SAN DIEGO,SAN DIEGO,-117.14756774902344,32.71657943725586
91684695,2021,2022-01-25,9645,2021-09-11,0107,021263,NA,6,3,5,3709,0,1,3,NA,2,008,STATE ROUTE 54 WESTBOUND,NATIONAL CITY BOULEVARD,1167,E,N,A,-,Y,NA,NA,54,NA,NA,NA,NA,NA,W,Y,1,1,0,2,A,-,11,21954,A,N,G,B,E,A,H,-,D,D,0,Y,NA,NA,NA,Y,NA,N,60,0,0,0,1,0,0,0,0,0,-,-,32.65428924560547,-117.09471893310548,SAN DIEGO,NATIONAL CITY,-117.09471130371094,32.654273986816406
91686864,2022,2022-01-27,9645,2022-01-24,1510,017499,NA,1,2,7,3711,0,1,3,NA,2,006,SR-94 EASTBOUND,SR-15 UC,470,W,N,A,-,Y,SD,NA,94,NA,NA,3.081,H,NA,R,N,4,0,2,3,A,-,03,22350,NA,N,C,C,A,A,H,-,A,D,0,NA,NA,NA,Y,Y,NA,A,07,0,0,2,0,0,0,0,0,0,-,-,32.71603012084961,-117.1195831298828,SAN DIEGO,SAN DIEGO,-117.11959838867188,32.71612548828125
91688456,2021,2022-01-28,9645,2021-12-17,2315,022132,NA,5,3,7,3711,0,1,1,NA,2,011,I-805 N/B,TULIP ST.,975,S,N,A,-,Y,NA,NA,805,NA,NA,NA,NA,NA,N,Y,2,0,2,3,A,-,01,23152,A,F,C,C,A,A,H,-,D,D,0,NA,NA,NA,NA,Y,Y,D,22,1,0,1,0,0,0,0,0,0,-,-,32.728458404541016,-117.1052703857422,SAN DIEGO,SAN DIEGO,-117.10529327392578,32.728431701660156
91688494,2022,2022-01-28,9645,2022-01-27,0747,018697,NA,4,1,9,3700,0,1,3,NA,2,008,STATE ROUTE 54 (W/B),BRIARWOOD ROAD,458,W,N,A,-,Y,NA,NA,NA,NA,NA,NA,NA,NA,NA,Y,3,0,1,1,A,-,01,23152,A,N,E,8,A,A,H,-,A,D,0,NA,NA,NA,NA,Y,Y,D,22,0,1,0,0,0,0,0,0,0,-,-,32.68104934692383,-117.03189086914063,SAN DIEGO,UNINCORPORATED,-117.03160095214844,32.6806640625
91690361,2022,2022-02-01,9650,2022-01-28,0230,015080,NA,5,3,6,3710,0,1,3,NA,2,015,SR-78 E/B,COLLEGE BLVD,1290,W,N,A,-,Y,SD,NA,78,NA,NA,3.07,H,NA,R,Y,3,0,1,2,A,-,01,23152,A,M,C,C,A,A,H,-,C,D,0,NA,NA,NA,NA,Y,Y,A,01,0,1,0,0,0,0,0,0,0,-,-,33.182159423828125,-117.30077362060548,SAN DIEGO,OCEANSIDE,-117.3008041381836,33.18223190307617
91690762,2022,2022-02-01,9680,2022-01-20,0635,021859,NA,4,1,9,3700,0,1,3,NA,1,024,SR-94 W/B (CAMPO RD.),VIA MERCADO,1056,E,N,A,-,Y,SD,NA,94,NA,NA,14.051,H,NA,L,Y,3,0,2,2,A,-,03,22350,NA,N,C,C,A,A,H,-,A,D,0,NA,NA,NA,NA,Y,NA,A,01,0,1,1,0,0,0,0,0,0,-,-,32.742698669433594,-116.95478057861328,SAN DIEGO,UNINCORPORATED,-116.9548110961914,32.74268341064453
9169113,2020,2020-11-17,3709,2020-09-26,2259,NC0519,NA,6,5,5,3709,0,0,0,NA,0,021,DIVISION ST,GILBERT LN,60,W,N,A,-,N,NA,NA,NA,NA,NA,NA,NA,NA,NA,N,3,0,1,2,A,-,08,22107,NA,F,B,C,A,A,H,-,C,D,0,NA,NA,Y,NA,Y,NA,-,99,0,1,0,0,0,0,0,0,1,-,-,NA,NA,SAN DIEGO,NATIONAL CITY,-117.09508514404295,32.68678665161133
91691750,2021,2022-02-02,9680,2021-11-21,1820,022625,NA,7,2,9,3700,0,3,5,NA,2,002,ELKELTON BLVD,DELROSE AVE,70,N,N,A,-,N,NA,NA,NA,NA,NA,NA,NA,NA,NA,Y,3,0,1,5,A,-,01,23152,A,M,C,E,A,A,H,-,D,D,0,NA,NA,NA,Y,Y,Y,F,26,0,1,0,0,0,0,0,0,0,-,-,32.71255874633789,-117.01651000976563,SAN DIEGO,UNINCORPORATED,-117.01651000976563,32.71241760253906
91692018,2022,2022-02-02,9680,2022-01-21,1615,022183,NA,5,2,9,3700,0,1,3,NA,1,024,SR-94,RANCHO JAMUL DR,3696,E,N,A,-,Y,SD,NA,94,NA,NA,22.494,H,NA,R,N,4,0,1,1,A,-,08,22107,NA,N,E,I,A,A,H,-,A,D,0,NA,NA,NA,NA,Y,NA,A,01,0,0,1,0,0,0,0,0,0,-,-,32.686851501464844,-116.85089874267578,SAN DIEGO,UNINCORPORATED,-116.85084533691406,32.686893463134766
91692034,2022,2022-02-02,9645,2022-01-16,2235,021617,NA,7,3,7,3711,0,1,1,NA,2,001,I-5 NORTHBOUND TO L STREET OFF-RAMP,L STREET,710,S,N,A,-,Y,NA,NA,NA,NA,NA,NA,NA,NA,NA,N,3,0,1,1,A,-,01,23152,A,N,E,I,A,A,H,-,E,D,0,NA,NA,NA,NA,Y,Y,A,01,0,1,0,0,0,0,0,0,0,-,-,32.612998962402344,-117.08899688720705,SAN DIEGO,SAN DIEGO,-117.1605224609375,32.706939697265625
9169267,2020,2020-12-15,3711,2020-10-10,0152,SD7874,NA,6,5,7,3711,0,0,0,NA,0,122,BALBOA AV,GARNET AV,35,S,N,A,-,N,NA,NA,NA,NA,NA,NA,NA,NA,NA,N,3,0,1,2,A,-,12,21453,A,N,B,G,A,A,H,-,C,A,0,NA,Y,NA,NA,Y,NA,L,04,0,1,0,0,0,0,1,0,0,-,-,NA,NA,SAN DIEGO,SAN DIEGO,-117.22705841064452,32.80268478393555
9169272,2020,2020-12-15,3711,2020-10-12,1110,SD7816,NA,1,5,7,3711,0,0,0,NA,0,313,CONVOY CT,HICKMAN FIELD DR,0,NA,Y,A,-,N,NA,NA,NA,NA,NA,NA,NA,NA,NA,N,3,0,1,2,A,-,08,22107,NA,N,C,E,A,A,H,-,A,D,0,NA,NA,NA,NA,Y,NA,A,01,0,1,0,0,0,0,0,0,0,-,-,NA,NA,SAN DIEGO,SAN DIEGO,-117.16819763183594,32.83462905883789
91692917,2022,2022-02-03,9645,2022-01-12,0100,021768,NA,3,3,7,3711,0,1,1,NA,2,009,I-805 S/B FROM IMPERIAL AVE.,IMPERIAL AVE.,20,S,N,A,-,Y,NA,NA,NA,NA,NA,NA,NA,NA,NA,Y,4,0,1,1,A,-,03,22350,NA,N,E,I,A,A,H,-,C,A,0,NA,NA,NA,NA,Y,NA,A,08,0,0,1,0,0,0,0,0,0,-,-,32.7039909362793,-117.09606170654295,SAN DIEGO,SAN DIEGO,-117.09606170654295,32.7039909362793
91692929,2022,2022-02-03,9680,2022-01-22,1732,022050,NA,6,2,9,3700,0,3,5,NA,2,003,ALPINE BLVD,DUNBAR LN,850,E,N,A,-,N,NA,NA,NA,NA,NA,NA,NA,NA,NA,N,3,0,1,1,A,-,08,22107,NA,N,F,A,A,A,H,-,D,D,0,NA,NA,Y,NA,Y,NA,C,02,0,1,0,0,0,0,0,0,1,-,-,32.85641860961914,-116.81671905517578,SAN DIEGO,UNINCORPORATED,-116.81689453125,32.85633850097656
91693126,2022,2022-02-03,9680,2022-01-22,1605,021859,NA,6,2,9,3700,0,1,3,NA,1,040,SR-94,BARRETT SMITH ROAD,1056,W,N,A,-,Y,SD,NA,94,NA,NA,36.11,H,NA,R,Y,4,0,1,2,A,-,09,21804,A,N,D,C,A,A,H,-,A,D,0,NA,NA,NA,NA,Y,NA,J,48,0,0,1,0,0,0,0,0,0,-,-,32.60081100463867,-116.68470001220705,SAN DIEGO,UNINCORPORATED,-116.6846923828125,32.600830078125
91693555,2022,2022-02-04,9645,2022-01-28,2333,021651,NA,5,3,7,3711,0,1,1,NA,2,001,I-5 S/B,8TH ST. U/C,500,N,N,A,-,Y,SD,NA,5,NA,R,11.25,H,NA,L,Y,3,0,1,1,A,-,01,23152,A,M,F,0,A,A,H,-,D,D,0,NA,NA,NA,NA,Y,Y,A,01,0,1,0,0,0,0,0,0,0,-,-,32.67652130126953,-117.1096420288086,SAN DIEGO,SAN DIEGO,-117.10940551757813,32.676509857177734
91693933,2021,2022-02-04,9680,2021-12-07,2025,022050,NA,2,2,9,3700,0,2,4,NA,1,026,JAMACHA BLVD,SACRAMENTO AVE,0,NA,Y,B,-,N,NA,NA,NA,NA,NA,NA,NA,NA,NA,Y,3,0,1,2,A,-,09,21800,A,F,D,C,A,A,H,-,C,A,0,NA,NA,NA,NA,Y,NA,A,01,0,1,0,0,0,0,0,0,0,-,-,32.70795822143555,-116.9988021850586,SAN DIEGO,UNINCORPORATED,-116.99877166748048,32.707881927490234
91695796,2022,2022-02-08,9645,2022-01-28,1045,015270,NA,5,1,7,3711,0,1,1,NA,2,015,I-805 SOUTHBOUND,CARROLL CANYON ROAD,320,N,N,A,-,Y,SD,NA,805,NA,NA,26.978,H,NA,L,Y,3,0,1,3,A,-,08,22107,NA,F,B,2,A,A,H,-,A,D,0,NA,NA,NA,NA,Y,NA,A,01,0,1,0,0,0,0,0,0,0,-,-,32.88936996459961,-117.20533752441406,SAN DIEGO,SAN DIEGO,-117.20516204833984,32.889488220214844
91696263,2022,2022-02-08,9645,2022-02-07,0845,015494,NA,1,1,7,3711,0,1,3,NA,2,016,SR-52 W/B KEARNY VILLA ROAD COLLECTOR,I-15,1000,E,N,A,-,Y,SD,NA,52,NA,NA,7.547,H,NA,L,Y,3,0,2,3,A,-,03,22350,NA,N,C,C,A,A,H,-,A,D,0,NA,NA,NA,Y,Y,NA,F,26,0,2,0,0,0,0,0,0,0,-,-,32.84212112426758,-117.11730194091795,SAN DIEGO,SAN DIEGO,-117.11730194091795,32.84199523925781
91697915,2022,2022-02-10,9680,2022-01-30,1346,021501,NA,7,1,9,3700,0,1,3,NA,1,071,SR-78,BUTTES PASS ROAD,4224,E,N,A,-,Y,SD,NA,78,NA,NA,87.887,H,NA,R,Y,3,0,1,1,A,-,08,22107,NA,N,F,A,A,A,H,-,A,D,0,NA,NA,NA,NA,Y,NA,A,07,0,1,0,0,0,0,0,0,0,-,-,33.15742111206055,-116.20549774169922,SAN DIEGO,UNINCORPORATED,-116.20549774169922,33.15744400024414