CASE_ID,ACCIDENT_YEAR,PROC_DATE,JURIS,COLLISION_DATE,COLLISION_TIME,OFFICER_ID,REPORTING_DISTRICT,DAY_OF_WEEK,CHP_SHIFT,POPULATION,CNTY_CITY_LOC,SPECIAL_COND,BEAT_TYPE,CHP_BEAT_TYPE,CITY_DIVISION_LAPD,CHP_BEAT_CLASS,BEAT_NUMBER,PRIMARY_RD,SECONDARY_RD,DISTANCE,DIRECTION,INTERSECTION,WEATHER_1,WEATHER_2,STATE_HWY_IND,CALTRANS_COUNTY,CALTRANS_DISTRICT,STATE_ROUTE,ROUTE_SUFFIX,POSTMILE_PREFIX,POSTMILE,LOCATION_TYPE,RAMP_INTERSECTION,SIDE_OF_HWY,TOW_AWAY,COLLISION_SEVERITY,NUMBER_KILLED,NUMBER_INJURED,PARTY_COUNT,PRIMARY_COLL_FACTOR,PCF_CODE_OF_VIOL,PCF_VIOL_CATEGORY,PCF_VIOLATION,PCF_VIOL_SUBSECTION,HIT_AND_RUN,TYPE_OF_COLLISION,MVIW,PED_ACTION,ROAD_SURFACE,ROAD_COND_1,ROAD_COND_2,LIGHTING,CONTROL_DEVICE,CHP_ROAD_TYPE,PEDESTRIAN_ACCIDENT,BICYCLE_ACCIDENT,MOTORCYCLE_ACCIDENT,TRUCK_ACCIDENT,NOT_PRIVATE_PROPERTY,ALCOHOL_INVOLVED,STWD_VEHTYPE_AT_FAULT,CHP_VEHTYPE_AT_FAULT,COUNT_SEVERE_INJ,COUNT_VISIBLE_INJ,COUNT_COMPLAINT_PAIN,COUNT_PED_KILLED,COUNT_PED_INJURED,COUNT_BICYCLIST_KILLED,COUNT_BICYCLIST_INJURED,COUNT_MC_KILLED,COUNT_MC_INJURED,PRIMARY_RAMP,SECONDARY_RAMP,LATITUDE,LONGITUDE,COUNTY,CITY,POINT_X,POINT_Y
91698776,2021,2022-02-11,9680,2021-11-21,1515,021800,NA,7,2,5,3708,0,1,1,NA,2,081,I-8 WESTBOUND,JACKSON DRIVE UNDERCROSSING,1120,E,N,A,-,Y,NA,NA,8,NA,NA,NA,NA,NA,W,Y,3,0,1,2,A,-,03,22350,NA,M,C,C,A,A,H,-,A,D,0,NA,NA,NA,NA,Y,NA,A,07,0,1,0,0,0,0,0,0,0,-,-,32.77640151977539,-117.00772857666016,SAN DIEGO,LA MESA,-117.0076904296875,32.77629089355469
91701324,2022,2022-02-15,9645,2022-02-06,2125,021338,NA,7,2,7,3711,0,1,1,NA,2,003,I-5 S/B TO SR-94 E/B,PARK BLVD,1075,S,N,A,-,Y,SD,NA,5,NA,R,15.579,H,NA,L,Y,2,0,3,2,A,-,01,23152,G,N,C,C,A,A,H,-,D,D,0,NA,NA,NA,NA,Y,Y,A,01,1,2,0,0,0,0,0,0,0,-,-,32.72127914428711,-117.14898681640624,SAN DIEGO,SAN DIEGO,-117.14876556396484,32.72135925292969
9170207,2020,2021-01-09,3711,2020-10-15,1225,SD5245,NA,4,5,7,3711,0,0,0,NA,0,313,CONVOY ST,OTHELLO ST,200,S,N,A,-,N,NA,NA,NA,NA,NA,NA,NA,NA,NA,N,3,0,2,2,A,-,09,21804,A,N,H,C,A,A,H,-,A,D,0,NA,NA,Y,NA,Y,NA,A,01,0,2,0,0,0,0,0,0,2,-,-,NA,NA,SAN DIEGO,SAN DIEGO,-117.1547622680664,32.816593170166016
9170210,2020,2021-01-09,3711,2020-10-08,1334,SD1067,NA,4,5,7,3711,0,0,0,NA,0,122,GRAND AV,KENDALL ST,0,NA,Y,A,-,N,NA,NA,NA,NA,NA,NA,NA,NA,NA,N,4,0,1,2,A,-,03,22350,NA,M,C,C,A,A,H,-,A,A,0,NA,NA,NA,NA,Y,NA,A,08,0,0,1,0,0,0,0,0,0,-,-,NA,NA,SAN DIEGO,SAN DIEGO,-117.23658752441406,32.79874038696289
91704083,2022,2022-02-18,9645,2022-02-14,1935,016864,NA,1,2,7,3711,0,1,1,NA,2,015,I-805 S/B,LA JOLLA VILLAGE DR. OVER-CROSSING,20,N,N,A,-,Y,SD,NA,805,NA,NA,25.958,H,NA,L,Y,3,0,1,2,A,-,01,23152,A,M,C,C,A,A,H,-,C,D,0,NA,NA,NA,Y,Y,Y,A,01,0,1,0,0,0,0,0,0,0,-,-,32.87554931640625,-117.1996612548828,SAN DIEGO,SAN DIEGO,-117.19963836669922,32.87555694580078
9170656,2020,2020-12-17,3709,2020-10-14,0450,NC0415,NA,3,5,5,3709,0,0,0,NA,0,023,PLAZA BONITA RD,BONITA MESA RD,99,N,N,A,-,N,NA,NA,NA,NA,NA,NA,NA,NA,NA,Y,4,0,1,1,A,-,01,23152,A,N,E,I,A,A,H,-,C,A,0,NA,NA,NA,NA,Y,Y,A,01,0,0,1,0,0,0,0,0,0,-,-,NA,NA,SAN DIEGO,NATIONAL CITY,-117.06462097167967,32.65204620361328
9170672,2020,2020-12-19,3709,2020-10-13,1000,NC0509,NA,2,5,5,3709,0,0,0,NA,0,024,NATIONAL CITY BL,24TH ST,0,NA,Y,A,-,N,NA,NA,NA,NA,NA,NA,NA,NA,NA,N,3,0,2,2,A,-,12,21453,A,N,D,C,A,A,H,-,A,A,0,NA,NA,NA,NA,Y,NA,A,01,0,1,1,0,0,0,0,0,0,-,-,NA,NA,SAN DIEGO,NATIONAL CITY,-117.10157012939452,32.66204071044922
9170684,2020,2020-12-18,3708,2020-10-14,1214,LM1288,NA,3,5,5,3708,0,0,0,NA,0,003,BALTIMORE DR,AZTEC DR,0,NA,Y,A,-,N,NA,NA,NA,NA,NA,NA,NA,NA,NA,Y,4,0,2,2,A,-,03,22350,NA,N,C,C,A,A,H,-,A,D,0,NA,NA,NA,NA,Y,NA,A,01,0,0,2,0,0,0,0,0,0,-,-,NA,NA,SAN DIEGO,LA MESA,-117.02835845947266,32.77656173706055
91707640,2022,2022-02-24,9650,2022-02-19,0307,019308,NA,6,3,9,3700,0,1,1,NA,2,022,I-15 S/B,MISSION ROAD,2200,S,N,A,-,Y,SD,NA,15,NA,R,50.174,H,NA,L,Y,2,0,1,2,A,-,01,23152,A,N,C,C,A,A,H,-,D,D,0,NA,NA,Y,Y,Y,Y,C,02,1,0,0,0,0,0,0,0,1,-,-,33.381221771240234,-117.17391967773438,SAN DIEGO,UNINCORPORATED,-117.1738510131836,33.3812370300293
9170819,2020,2021-01-11,3710,2020-10-19,1809,OC1438,NA,1,5,6,3710,0,0,0,NA,0,032,MISSION AV,OLD GROVE RD,0,NA,Y,A,-,N,NA,NA,NA,NA,NA,NA,NA,NA,NA,Y,4,0,4,2,-,-,-,NA,NA,N,A,C,A,A,H,-,B,A,0,NA,NA,NA,NA,Y,NA,-,-,0,0,4,0,0,0,0,0,0,-,-,NA,NA,SAN DIEGO,OCEANSIDE,-117.30626678466795,33.22904968261719
91709840,2022,2022-02-25,9680,2022-02-14,1935,021353,NA,1,2,9,3700,0,1,3,NA,2,028,SR-125 S/B TO JAMACHA RD,JAMACHA RD,570,N,N,A,-,Y,SD,NA,125,NA,NA,10.757,H,NA,L,Y,4,0,3,3,A,-,03,22350,NA,N,C,C,A,A,H,-,C,A,0,NA,NA,NA,NA,Y,NA,A,07,0,0,3,0,0,0,0,0,0,-,-,32.7164192199707,-117.01508331298828,SAN DIEGO,UNINCORPORATED,-117.01479339599608,32.71644973754883
91712096,2022,2022-03-01,9680,2022-02-17,1645,021441,NA,4,2,5,3708,0,1,1,NA,2,081,I-8 W/B TO SR-125,SEVERIN DR,30,W,N,A,-,Y,SD,NA,8,NA,NA,12.64,H,NA,L,Y,4,0,1,3,A,-,03,22350,NA,N,C,C,A,A,H,-,A,D,0,NA,NA,NA,NA,Y,NA,A,07,0,0,1,0,0,0,0,0,0,-,-,32.779571533203125,-116.9973602294922,SAN DIEGO,LA MESA,-116.99736785888672,32.77944564819336
91712592,2022,2022-03-01,9680,2022-02-16,1437,022622,NA,3,2,9,3700,0,3,5,NA,2,002,DEHESA RD,VISTA DE LA MONTANA,528,W,N,A,-,N,NA,NA,NA,NA,NA,NA,NA,NA,NA,N,4,0,1,1,A,-,08,22107,NA,N,E,I,A,A,H,-,A,D,0,NA,NA,NA,NA,Y,NA,-,-,0,0,1,0,0,0,0,0,0,-,-,32.7901496887207,-116.84161376953124,SAN DIEGO,UNINCORPORATED,-116.84145355224608,32.79020309448242
91712972,2021,2022-04-13,9650,2021-12-06,0320,019766,NA,1,3,9,3700,0,1,1,NA,2,003,I-5 S/B,LAS PULGAS ROAD,3359,S,N,B,-,Y,NA,NA,5,NA,NA,NA,NA,NA,S,Y,2,0,2,1,A,-,01,23152,A,N,E,I,A,A,H,-,D,D,0,NA,NA,NA,NA,Y,Y,A,07,2,0,0,0,0,0,0,0,0,-,-,33.291908264160156,-117.45729064941406,SAN DIEGO,UNINCORPORATED,-117.45736694335938,33.29185104370117
91713320,2022,2022-03-02,9680,2022-02-18,1613,021441,NA,5,2,5,3705,0,1,1,NA,2,082,I-8 E/B,SECOND ST,280,E,N,A,-,Y,SD,NA,8,NA,NA,17.316,H,NA,R,Y,4,0,1,2,A,-,03,22350,NA,N,C,C,A,A,H,-,A,D,0,NA,NA,NA,NA,Y,NA,A,01,0,0,1,0,0,0,0,0,0,-,-,32.803009033203125,-116.9365463256836,SAN DIEGO,EL CAJON,-116.9365463256836,32.80295181274414
91714073,2022,2022-03-03,9650,2022-02-26,1054,019594,NA,6,1,9,3700,0,3,5,NA,1,212,N LAKE WOHLFORD,VALLEY CENTER ROAD,236,S,N,A,-,N,NA,NA,NA,NA,NA,NA,NA,NA,NA,N,4,0,1,1,A,-,08,22107,NA,N,E,I,A,A,H,-,A,D,0,NA,NA,Y,NA,Y,NA,C,02,0,0,1,0,0,0,0,0,1,-,-,33.22745895385742,-116.97559356689452,SAN DIEGO,UNINCORPORATED,-116.97570037841795,33.22751235961914
91714629,2022,2022-03-03,9645,2022-02-24,1540,017499,NA,4,2,7,3711,0,1,3,NA,2,006,SR-94 EASTBOUND,32ND ST. UC,171,E,N,A,-,Y,NA,NA,NA,NA,NA,NA,NA,NA,NA,Y,4,0,1,3,A,-,03,22350,NA,N,C,C,A,A,H,-,A,D,0,NA,NA,NA,NA,Y,NA,A,01,0,0,1,0,0,0,0,0,0,-,-,NA,NA,SAN DIEGO,SAN DIEGO,-117.12593841552734,32.71461868286133
91714754,2022,2022-03-03,9680,2022-02-19,1520,017928,NA,6,2,9,3700,0,1,3,NA,1,091,SR-78,PASEO PANTERA,0,NA,Y,A,-,Y,SD,NA,78,NA,NA,38.23,H,NA,R,Y,4,0,1,2,A,-,03,22350,NA,N,C,C,A,A,H,-,A,D,0,NA,NA,NA,NA,Y,NA,A,01,0,0,1,0,0,0,0,0,0,-,-,33.04658126831055,-116.82805633544922,SAN DIEGO,UNINCORPORATED,-116.82805633544922,33.04656982421875
91716890,2022,2022-03-07,9650,2022-03-05,2036,021933,NA,6,2,9,3700,0,1,3,NA,1,028,SR-76,BODIE BLVD.,4400,W,N,B,-,Y,SD,NA,76,NA,NA,26.191,H,NA,R,Y,3,0,1,2,A,-,01,23152,A,M,B,C,A,B,H,-,D,D,0,NA,NA,NA,NA,Y,Y,A,01,0,1,0,0,0,0,0,0,0,-,-,33.355499267578125,-117.03341674804688,SAN DIEGO,UNINCORPORATED,-117.0334243774414,33.35548782348633
91716995,2022,2022-03-07,9645,2022-02-23,1603,019241,NA,3,2,6,3702,0,1,1,NA,2,009,I-805 NORTHBOUND,E. PALOMAR STREET,1056,N,N,B,G,Y,SD,NA,805,NA,NA,5.249,H,NA,R,Y,2,0,1,2,A,-,03,22350,NA,N,C,C,A,A,H,-,A,D,0,NA,NA,NA,NA,Y,NA,A,01,1,0,0,0,0,0,0,0,0,-,-,32.61756896972656,-117.03874969482422,SAN DIEGO,CHULA VISTA,-117.03888702392578,32.617530822753906
91718454,2022,2022-03-09,9650,2022-03-09,0100,019191,NA,3,3,9,3700,0,3,5,NA,2,211,MOUNTAIN MEADOW RD,HIGH MOUNTAIN DR,760,W,N,A,-,N,NA,NA,NA,NA,NA,NA,NA,NA,NA,Y,4,0,1,1,A,-,08,22107,NA,N,E,I,A,A,H,-,D,D,0,NA,NA,NA,NA,Y,NA,D,22,0,0,1,0,0,0,0,0,0,-,-,33.201908111572266,-117.1181411743164,SAN DIEGO,UNINCORPORATED,-117.1181182861328,33.202049255371094
91719773,2022,2022-03-10,9650,2022-02-28,1415,021404,NA,1,2,6,3706,0,1,1,NA,2,023,I-15 N/B FROM AUTO PARKWAY,AUTO PARKWAY,528,N,N,A,-,Y,SD,NA,15,NA,R,30.202,H,NA,R,Y,4,0,1,2,A,-,03,22350,NA,F,C,C,A,A,H,-,A,A,0,NA,NA,NA,NA,Y,NA,D,22,0,0,1,0,0,0,0,0,0,-,-,33.10979080200195,-117.0952606201172,SAN DIEGO,ESCONDIDO,-117.09551239013672,33.10968017578125
91720026,2022,2022-03-10,9680,2022-02-26,2035,022622,NA,6,2,9,3700,0,1,3,NA,1,024,SR-94,MILLAR RANCH RD,1056,E,N,A,-,Y,SD,NA,94,NA,NA,15.778,H,NA,R,Y,4,0,1,1,A,-,08,22107,NA,N,E,I,A,A,H,-,D,D,0,NA,NA,NA,NA,Y,NA,A,01,0,0,1,0,0,0,0,0,0,-,-,32.72983169555664,-116.93392181396484,SAN DIEGO,UNINCORPORATED,-116.93392944335938,32.72981262207031
91721505,2022,2022-03-14,9680,2022-02-14,1045,014949,NA,1,1,9,3700,0,1,3,NA,1,040,STATE ROUTE 94,FORREST GATE ROAD,528,E,N,A,-,Y,SD,NA,94,NA,NA,50.698,H,NA,R,N,2,0,1,1,A,-,03,22350,NA,F,H,A,A,A,H,-,A,D,0,NA,NA,NA,NA,Y,NA,A,01,1,0,0,0,0,0,0,0,0,-,-,32.60982894897461,-116.47427368164063,SAN DIEGO,UNINCORPORATED,-116.47428894042967,32.609832763671875
91722178,2022,2022-03-14,9650,2022-03-10,1115,016997,NA,4,1,6,3710,0,1,1,NA,2,005,I-5 N/B TO MISSION AVE. W/B,MISSION AVE.,28,N,N,A,-,Y,NA,NA,NA,NA,NA,NA,NA,NA,NA,N,4,0,2,2,A,-,03,22350,NA,N,C,C,A,A,H,-,A,D,0,NA,NA,NA,NA,Y,NA,A,01,0,0,2,0,0,0,0,0,0,-,-,33.200748443603516,-117.37133026123048,SAN DIEGO,OCEANSIDE,-117.37133026123048,33.200748443603516
91725672,2022,2022-03-17,9680,2022-03-05,1641,017460,NA,6,2,9,3700,0,1,1,NA,2,086,INTERSTATE 8 EASTBOUND,STATE ROUTE 94,5280,W,N,B,D,Y,SD,NA,8,NA,R,64.908,H,NA,R,Y,3,0,2,1,A,-,03,22350,NA,N,E,I,A,C,H,-,A,A,0,NA,NA,NA,NA,Y,NA,A,01,0,1,1,0,0,0,0,0,0,-,-,32.686561584472656,-116.3041534423828,SAN DIEGO,UNINCORPORATED,-116.3040771484375,32.68663024902344
91726915,2022,2022-03-18,9680,2022-03-08,0001,022465,NA,2,3,9,3700,0,1,3,NA,1,024,SR-94 W/B,RANCHO MIGUEL ROAD,600,E,N,A,-,Y,SD,NA,94,NA,NA,17.639,H,NA,L,Y,3,0,1,1,A,-,01,23152,A,N,E,I,A,A,H,-,C,D,0,NA,NA,NA,NA,Y,Y,A,01,0,1,0,0,0,0,0,0,0,-,-,32.72822952270508,-116.90467834472656,SAN DIEGO,UNINCORPORATED,-116.90463256835938,32.728370666503906
91728064,2022,2022-03-21,9650,2022-03-19,2155,018406,NA,6,2,9,3700,0,1,1,NA,2,005,I-5 N/B,OCEANSIDE BLVD,450,S,N,B,C,Y,SD,NA,5,NA,R,52.228,H,NA,R,Y,4,0,2,2,A,-,08,22107,NA,F,C,C,A,B,H,-,C,D,0,NA,NA,NA,NA,Y,NA,-,99,0,0,2,0,0,0,0,0,0,-,-,33.18928909301758,-117.36135864257813,SAN DIEGO,UNINCORPORATED,-117.36132049560548,33.18931198120117
91728400,2022,2022-03-21,9645,2022-03-14,0825,022851,NA,1,1,7,3711,0,1,1,NA,2,010,I-8 WB,I-805 OVER CROSS,1200,E,N,A,-,Y,SD,NA,8,NA,NA,5.156,H,NA,L,N,3,0,1,2,A,-,03,22350,NA,N,C,C,A,A,H,-,A,D,0,NA,NA,NA,NA,Y,NA,A,07,0,1,0,0,0,0,0,0,0,-,-,32.77764892578125,-117.12056732177734,SAN DIEGO,SAN DIEGO,-117.12046051025392,32.77751159667969
91728930,2022,2022-05-24,9680,2022-03-10,0430,020401,NA,4,3,9,3700,0,1,3,NA,1,017,SR-67,SCRIPPS POWAY PKWY,0,NA,Y,B,-,Y,SD,NA,67,NA,NA,13.554,H,NA,R,Y,3,0,2,2,A,-,09,21453,C,N,D,C,A,A,H,-,C,A,0,NA,NA,NA,NA,Y,NA,A,01,0,1,1,0,0,0,0,0,0,-,-,32.95484924316406,-116.96913909912108,SAN DIEGO,UNINCORPORATED,-116.96907806396484,32.95487976074219
91729398,2022,2022-03-22,9680,2022-03-11,1335,017928,NA,5,1,9,3700,0,3,5,NA,2,009,MUSSEY GRADE RD,BRANDIRON ST,150,S,N,A,-,N,NA,NA,NA,NA,NA,NA,NA,NA,NA,Y,4,0,1,1,A,-,08,22107,NA,N,E,I,A,A,H,-,A,D,0,NA,NA,NA,NA,Y,NA,A,01,0,0,1,0,0,0,0,0,0,-,-,33.004669189453125,-116.91909790039063,SAN DIEGO,UNINCORPORATED,-116.91905975341795,33.00471878051758
91734059,2022,2022-03-25,9645,2022-03-17,1425,021117,NA,4,2,7,3711,0,1,1,NA,2,001,I-5 S/B,RIGEL STREET,120,S,N,A,-,Y,SD,NA,5,NA,R,12.503,H,NA,L,N,2,0,1,3,A,-,03,22350,NA,F,B,C,A,A,H,-,A,D,0,NA,NA,Y,NA,Y,NA,C,02,1,0,0,0,0,0,0,0,1,-,-,32.691551208496094,-117.11997222900392,SAN DIEGO,SAN DIEGO,-117.11996459960938,32.69155502319336
9173408,2020,2020-11-14,3700,2020-09-27,1707,SH3183,NA,7,5,5,3713,0,0,0,NA,0,309,NORTH MELROSE RD,OLIVE AV,0,NA,Y,A,-,N,NA,NA,NA,NA,NA,NA,NA,NA,NA,Y,3,0,1,3,A,-,08,22107,NA,F,C,C,A,A,H,-,A,A,0,NA,NA,Y,NA,Y,NA,A,08,0,1,0,0,0,0,0,0,1,-,-,NA,NA,SAN DIEGO,VISTA,-117.25425720214844,33.204681396484375
91736347,2022,2022-03-29,9645,2022-03-22,0648,022765,NA,2,1,7,3711,0,1,1,NA,2,010,I-8 W/B,PRESIDIO PARK O/C,100,W,N,A,-,Y,SD,NA,8,NA,R,0.92,H,NA,L,Y,3,0,1,2,A,-,01,23152,A,N,B,C,A,A,H,-,B,D,0,NA,NA,NA,NA,Y,Y,A,01,0,1,0,0,0,0,0,0,0,-,-,32.75999069213867,-117.18871307373048,SAN DIEGO,SAN DIEGO,-117.188720703125,32.75992965698242
91737605,2022,2022-03-30,9680,2022-03-20,0905,021859,NA,7,1,9,3700,0,3,5,NA,2,002,BROADWAY,SPRING STREET,285,W,N,C,-,N,NA,NA,NA,NA,NA,NA,NA,NA,NA,Y,3,0,1,4,A,-,03,22350,NA,N,C,C,A,B,H,-,A,D,0,NA,NA,NA,NA,Y,NA,A,01,0,1,0,0,0,0,0,0,0,-,-,32.751739501953125,-117.01109313964844,SAN DIEGO,UNINCORPORATED,-117.01101684570313,32.751861572265625
91738147,2022,2022-03-31,9645,2022-03-23,1040,018697,NA,3,1,7,3711,0,1,1,NA,2,011,I-805 SB TO PALM AVENUE,PALM AVENUE,192,N,N,A,-,Y,NA,NA,NA,NA,NA,NA,NA,NA,NA,N,3,0,2,2,A,-,03,22350,NA,F,C,C,A,A,H,-,A,A,0,NA,NA,NA,NA,Y,NA,D,22,0,1,1,0,0,0,0,0,0,-,-,32.58422088623047,-117.03782653808594,SAN DIEGO,SAN DIEGO,-117.03782653808594,32.58422088623047
91741022,2022,2022-04-05,9680,2022-01-07,0530,016535,NA,5,3,9,3700,0,2,4,NA,1,061,OLD HIGHWAY 80,LIVE OAK SPRINGS ROAD,347,E,N,A,-,N,NA,NA,NA,NA,NA,NA,NA,NA,NA,Y,1,1,0,1,A,-,01,23152,F,N,E,I,A,A,H,-,D,D,0,NA,NA,Y,NA,Y,NA,C,02,0,0,0,0,0,0,0,1,0,-,-,32.679420471191406,-116.33319091796876,SAN DIEGO,UNINCORPORATED,-116.33314514160156,32.679534912109375
91741622,2022,2022-04-05,9645,2022-03-30,1705,020561,NA,3,2,7,3711,0,1,1,NA,2,005,I-8 W/B FROM MORENA BLVD.,MORENA BLVD.,55,W,N,B,-,Y,NA,NA,NA,NA,NA,NA,NA,NA,NA,Y,4,0,1,1,A,-,08,22107,NA,N,E,I,A,A,H,-,A,D,0,NA,NA,Y,NA,Y,NA,C,02,0,0,1,0,0,0,0,0,1,-,-,32.760780334472656,-117.19796752929688,SAN DIEGO,SAN DIEGO,-117.19796752929688,32.760780334472656
91742070,2022,2022-04-06,9645,2022-03-28,2219,018987,NA,1,3,7,3711,0,1,1,NA,2,007,I-5 SOUTHBOUND,VIA DE LA VALLE,420,N,N,C,-,Y,SD,NA,5,NA,R,36.345,H,NA,L,Y,4,0,1,2,A,-,03,22350,NA,N,C,C,A,B,H,-,C,D,0,NA,NA,NA,NA,Y,Y,D,22,0,0,1,0,0,0,0,0,0,-,-,32.98086929321289,-117.2536392211914,SAN DIEGO,SAN DIEGO,-117.25362396240234,32.98087692260742
91743491,2022,2022-04-07,9645,2022-04-05,0830,016838,NA,2,1,5,3709,0,1,1,NA,2,009,I-805 N/B,DIVISION STREET,600,S,N,B,-,Y,SD,NA,805,NA,NA,11.036,H,NA,R,Y,4,0,1,3,A,-,03,22350,NA,N,C,C,A,A,H,-,A,D,0,NA,NA,NA,NA,Y,NA,D,22,0,0,1,0,0,0,0,0,0,-,-,32.68619918823242,-117.09124755859376,SAN DIEGO,NATIONAL CITY,-117.09125518798828,32.68619918823242
91743743,2022,2022-04-08,9680,2022-03-28,1050,015578,NA,1,1,9,3700,0,3,5,NA,2,004,MARRON VALLEY ROAD,STATE ROUTE 94,9504,S,N,A,-,N,NA,NA,NA,NA,NA,NA,NA,NA,NA,Y,4,0,2,1,A,-,08,22107,NA,N,F,A,A,A,H,-,A,D,0,NA,NA,NA,NA,Y,NA,A,07,0,0,2,0,0,0,0,0,0,-,-,32.60805892944336,-116.76950073242188,SAN DIEGO,UNINCORPORATED,-116.76799774169922,32.60936737060547
91744353,2022,2022-04-08,9680,2022-03-28,1535,018427,NA,1,2,9,3700,0,1,1,NA,2,084,I-8 W/B,E. WILLOWS RD.,1584,W,N,B,C,Y,SD,NA,8,NA,R,33.986,H,NA,L,Y,3,0,2,1,A,-,08,22107,NA,N,F,A,A,B,H,-,A,D,0,NA,NA,NA,NA,Y,NA,A,01,0,2,0,0,0,0,0,0,0,-,-,32.8389892578125,-116.68686676025392,SAN DIEGO,UNINCORPORATED,-116.68686676025392,32.838958740234375
91745537,2022,2022-04-11,9680,2022-03-29,1040,017011,NA,2,1,9,3700,0,3,5,NA,2,002,CENTRAL AVE,TYLER ST,4,S,N,A,-,N,NA,NA,NA,NA,NA,NA,NA,NA,NA,Y,4,0,1,1,A,-,08,22107,NA,N,E,I,A,A,H,-,A,A,0,NA,NA,NA,NA,Y,NA,A,01,0,0,1,0,0,0,0,0,0,-,-,32.730308532714844,-117.01014709472656,SAN DIEGO,UNINCORPORATED,-117.01006317138672,32.73033905029297
9174560,2020,2021-01-06,3711,2020-10-20,1839,20206075,NA,2,5,7,3711,0,0,0,NA,0,112,GENESEE AV,MARLESTA DR,675,N,N,A,-,N,NA,NA,NA,NA,NA,NA,NA,NA,NA,N,4,0,1,2,A,-,11,21954,A,N,G,B,D,A,H,-,C,D,0,Y,NA,NA,NA,Y,NA,N,60,0,0,1,0,1,0,0,0,0,-,-,NA,NA,SAN DIEGO,SAN DIEGO,-117.17616271972656,32.806617736816406
91747144,2022,2022-04-13,9645,2022-04-12,0140,022193,NA,2,3,7,3711,0,1,S,NA,2,108,I-5 S/B,CIVIC CENTER DRIVE,1150,N,N,A,-,Y,SD,NA,5,NA,R,10.944,H,NA,L,Y,3,0,1,1,A,-,01,23152,A,N,F,A,A,B,H,-,C,D,0,NA,NA,NA,NA,Y,Y,A,01,0,1,0,0,0,0,0,0,0,-,-,32.672279357910156,-117.11105346679688,SAN DIEGO,SAN DIEGO,-117.1110382080078,32.67227554321289
91747367,2022,2022-04-13,9650,2022-04-11,1640,018386,NA,1,2,9,3700,0,1,1,NA,2,021,I-15 S/B,MESA ROCK RD U/C,3696,N,N,B,-,Y,SD,NA,15,NA,R,35.553,H,NA,L,Y,4,0,1,2,A,-,08,22107,NA,N,B,C,A,A,H,-,A,D,0,NA,NA,NA,NA,Y,NA,A,01,0,0,1,0,0,0,0,0,0,-,-,33.18307113647461,-117.11788940429688,SAN DIEGO,UNINCORPORATED,-117.1177978515625,33.18310546875
91747417,2021,2022-04-13,9645,2021-12-20,2323,019957,NA,1,3,7,3711,0,1,1,NA,2,010,INTERSTATE 8 (I-8) WESTBOUND,SUNSET CLIFFS BOULEVARD,1660,E,N,A,-,Y,NA,NA,8,NA,NA,NA,NA,NA,W,Y,1,1,1,2,A,-,01,23152,A,N,A,C,A,A,H,-,D,D,0,NA,NA,NA,NA,Y,Y,A,07,1,0,0,0,0,0,0,0,0,-,-,32.7565803527832,-117.2297821044922,SAN DIEGO,SAN DIEGO,-117.22977447509766,32.756561279296875
91747930,2021,2022-04-14,9645,2021-11-16,1510,014692,NA,2,2,9,3700,0,3,5,NA,2,024,DOVE CANYON ROAD,DOVE CREEK ROAD,0,NA,Y,A,-,N,NA,NA,NA,NA,NA,NA,NA,NA,NA,N,4,0,1,2,A,-,10,21950,A,N,G,B,B,A,H,-,A,A,0,Y,NA,NA,NA,Y,NA,A,08,0,0,1,0,1,0,0,0,0,-,-,33.005699157714844,-117.10900115966795,SAN DIEGO,UNINCORPORATED,-117.10906982421876,33.00550079345703
91749274,2022,2022-04-15,9650,2022-04-12,1350,019270,NA,2,1,5,3712,0,1,3,NA,2,019,SR-78 E/B,LAS POSAS RD,2112,E,N,A,-,Y,SD,NA,78,NA,NA,11.647,H,NA,R,Y,4,0,1,1,A,-,08,22107,NA,N,F,A,A,A,H,-,A,D,0,NA,NA,NA,NA,Y,NA,A,01,0,0,1,0,0,0,0,0,0,-,-,33.14059829711914,-117.18466949462892,SAN DIEGO,SAN MARCOS,-117.18462371826172,33.14070129394531
9174981,2020,2020-12-17,3711,2020-10-26,1730,SD7879,NA,1,5,7,3711,0,0,0,NA,0,936,CARMEL VALLEY RD,VIA ABERTURA,0,NA,Y,A,-,N,NA,NA,NA,NA,NA,NA,NA,NA,NA,N,3,0,2,2,A,-,03,22350,NA,N,C,C,A,A,H,-,A,A,0,NA,NA,NA,NA,Y,NA,A,08,0,1,1,0,0,0,0,0,0,-,-,NA,NA,SAN DIEGO,SAN DIEGO,-117.16986846923828,32.97016143798828