CASE_ID,ACCIDENT_YEAR,PROC_DATE,JURIS,COLLISION_DATE,COLLISION_TIME,OFFICER_ID,REPORTING_DISTRICT,DAY_OF_WEEK,CHP_SHIFT,POPULATION,CNTY_CITY_LOC,SPECIAL_COND,BEAT_TYPE,CHP_BEAT_TYPE,CITY_DIVISION_LAPD,CHP_BEAT_CLASS,BEAT_NUMBER,PRIMARY_RD,SECONDARY_RD,DISTANCE,DIRECTION,INTERSECTION,WEATHER_1,WEATHER_2,STATE_HWY_IND,CALTRANS_COUNTY,CALTRANS_DISTRICT,STATE_ROUTE,ROUTE_SUFFIX,POSTMILE_PREFIX,POSTMILE,LOCATION_TYPE,RAMP_INTERSECTION,SIDE_OF_HWY,TOW_AWAY,COLLISION_SEVERITY,NUMBER_KILLED,NUMBER_INJURED,PARTY_COUNT,PRIMARY_COLL_FACTOR,PCF_CODE_OF_VIOL,PCF_VIOL_CATEGORY,PCF_VIOLATION,PCF_VIOL_SUBSECTION,HIT_AND_RUN,TYPE_OF_COLLISION,MVIW,PED_ACTION,ROAD_SURFACE,ROAD_COND_1,ROAD_COND_2,LIGHTING,CONTROL_DEVICE,CHP_ROAD_TYPE,PEDESTRIAN_ACCIDENT,BICYCLE_ACCIDENT,MOTORCYCLE_ACCIDENT,TRUCK_ACCIDENT,NOT_PRIVATE_PROPERTY,ALCOHOL_INVOLVED,STWD_VEHTYPE_AT_FAULT,CHP_VEHTYPE_AT_FAULT,COUNT_SEVERE_INJ,COUNT_VISIBLE_INJ,COUNT_COMPLAINT_PAIN,COUNT_PED_KILLED,COUNT_PED_INJURED,COUNT_BICYCLIST_KILLED,COUNT_BICYCLIST_INJURED,COUNT_MC_KILLED,COUNT_MC_INJURED,PRIMARY_RAMP,SECONDARY_RAMP,LATITUDE,LONGITUDE,COUNTY,CITY,POINT_X,POINT_Y
91861101,2022,2022-09-09,9645,2022-08-25,1628,022765,NA,4,2,7,3711,0,1,1,NA,2,010,I-8 EB,FAIRMOUNT AVE,1200,E,N,A,-,Y,SD,NA,8,NA,NA,6.563,H,NA,R,N,3,0,1,3,A,-,03,22350,NA,N,C,C,A,A,H,-,A,D,0,NA,NA,NA,NA,Y,NA,A,01,0,1,0,0,0,0,0,0,0,-,-,32.77970886230469,-117.0965576171875,SAN DIEGO,SAN DIEGO,-117.09657287597656,32.77976989746094
9186140,2020,2021-01-15,3700,2020-10-08,1108,SH0506,NA,4,5,5,3782,0,0,0,NA,0,221,RT 101,D ST,77,N,N,B,-,N,NA,NA,NA,NA,NA,NA,NA,NA,NA,N,4,0,1,2,A,-,03,22350,NA,N,C,C,A,A,H,-,A,A,0,NA,NA,NA,NA,Y,NA,A,01,0,0,1,0,0,0,0,0,0,-,-,NA,NA,SAN DIEGO,ENCINITAS,-117.29388427734376,33.046199798583984
91862280,2022,2022-09-12,9680,2022-08-30,0901,015578,NA,2,1,9,3700,0,1,3,NA,1,023,STATE ROUTE 94 WESTBOUND,BANCROFT DRIVE,420,E,N,A,-,Y,SD,NA,94,NA,R,11.173,H,NA,L,Y,4,0,2,4,A,-,03,22350,NA,N,C,C,A,A,H,-,A,D,0,NA,NA,NA,NA,Y,NA,A,07,0,0,2,0,0,0,0,0,0,-,-,32.750160217285156,-117.00016021728516,SAN DIEGO,UNINCORPORATED,-117.00016784667967,32.750125885009766
91862697,2022,2022-09-12,9645,2022-09-04,0156,021268,NA,7,3,7,3711,0,1,1,NA,2,017,I-15 N/B,MIRA MESA BOULEVARD,250,N,N,C,-,Y,NA,NA,NA,NA,NA,NA,NA,NA,NA,Y,3,0,1,1,A,-,01,23152,A,N,F,A,A,B,H,-,C,D,0,NA,NA,NA,NA,Y,Y,A,01,0,1,0,0,0,0,0,0,0,-,-,32.91810989379883,-117.11521911621094,SAN DIEGO,SAN DIEGO,-117.11572265625,32.918190002441406
9186444,2020,2021-02-01,3700,2020-11-11,1657,SH7275,NA,3,5,5,3713,0,0,0,NA,0,308,NORTH EMERALD DR,LEWIS ST,0,NA,Y,A,-,N,NA,NA,NA,NA,NA,NA,NA,NA,NA,Y,4,0,1,2,A,-,09,21802,A,N,D,C,A,A,H,-,B,D,0,NA,NA,NA,NA,Y,NA,A,01,0,0,1,0,0,0,0,0,0,-,-,NA,NA,SAN DIEGO,VISTA,-117.27947998046876,33.195701599121094
91864653,2022,2022-09-14,9650,2022-09-07,1705,020673,NA,3,2,9,3700,0,1,1,NA,2,022,I-15 N/B,MISSION RD. O/C,2820,N,N,A,-,Y,SD,NA,15,NA,R,51.123,H,NA,R,N,4,0,1,2,A,-,07,21658,A,N,B,C,A,A,H,-,A,D,0,NA,NA,Y,NA,Y,NA,A,07,0,0,1,0,0,0,0,0,1,-,-,33.39482116699219,-117.17295837402344,SAN DIEGO,UNINCORPORATED,-117.17295074462892,33.39481735229492
91866947,2022,2022-09-16,9645,2022-09-01,0530,016047,NA,4,3,7,3711,0,1,1,NA,2,011,I-805 NORTHBOUND,TULIP STREET,420,N,N,A,-,Y,SD,NA,805,NA,NA,14.453,H,NA,R,N,3,0,2,3,A,-,07,21658,A,N,B,C,A,A,H,-,A,D,0,NA,NA,NA,NA,Y,NA,A,01,0,2,0,0,0,0,0,0,0,-,-,32.73078155517578,-117.10896301269533,SAN DIEGO,SAN DIEGO,-117.10902404785156,32.73069763183594
91867981,2022,2022-09-19,9650,2022-09-14,0545,015600,NA,3,3,9,3700,0,3,5,NA,1,160,GOPHER CANYON RD,FAIRVIEW DR,80,W,N,B,-,N,NA,NA,NA,NA,NA,NA,NA,NA,NA,Y,4,0,1,1,A,-,08,22107,NA,N,F,A,A,A,H,-,D,D,0,NA,NA,Y,NA,Y,NA,C,02,0,0,1,0,0,0,0,0,1,-,-,33.24959182739258,-117.22177124023438,SAN DIEGO,UNINCORPORATED,-117.2221908569336,33.24953079223633
91869805,2022,2022-09-21,9645,2022-09-08,2218,021097,NA,4,3,7,3711,0,1,1,NA,2,019,I-15 N/B,BERNARDO CENTER DR,1520,S,N,B,-,Y,SD,NA,15,NA,M,22.648,H,NA,R,Y,3,0,1,2,A,-,01,23152,A,N,C,C,A,A,H,-,C,D,0,NA,NA,NA,NA,Y,Y,D,22,0,1,0,0,0,0,0,0,0,-,-,33.00791931152344,-117.07990264892578,SAN DIEGO,SAN DIEGO,-117.0800552368164,33.0079345703125
91871970,2022,2022-09-23,9680,2022-09-13,0835,016535,NA,2,1,9,3700,0,3,5,NA,2,003,OLDE HIGHWAY 80,CONQUISTADOR TRAIL,3696,E,N,A,-,N,NA,NA,NA,NA,NA,NA,NA,NA,NA,Y,3,0,1,1,A,-,08,22107,NA,N,E,I,A,A,H,-,A,D,0,NA,NA,NA,NA,Y,NA,D,22,0,1,0,0,0,0,0,0,0,-,-,32.79037857055664,-116.49687957763672,SAN DIEGO,UNINCORPORATED,NA,NA
91872249,2022,2022-09-23,9650,2022-09-14,0935,018105,NA,3,1,3,3783,0,1,1,NA,2,007,I-5 S/B TO LOMAS SANTA FE DRIVE,LOMAS SANTA FE DR,845,N,N,B,-,Y,SD,NA,5,NA,R,37.571,H,NA,L,Y,4,0,1,2,A,-,03,22350,NA,N,E,I,A,A,H,-,A,D,0,NA,NA,NA,NA,Y,NA,A,01,0,0,1,0,0,0,0,0,0,-,-,32.99829864501953,-117.25740051269533,SAN DIEGO,SOLANA BEACH,-117.25713348388672,32.998329162597656
91873669,2022,2022-09-26,9650,2022-09-17,1740,022403,NA,6,2,6,3706,0,1,1,NA,2,023,INTERSTATE 15 S/B,DEL LAGO BOULEVARD,1300,N,N,A,-,Y,SD,NA,15,NA,M,27.526,H,NA,L,N,4,0,1,3,A,-,08,22107,NA,N,B,C,A,A,H,-,A,D,0,NA,NA,NA,Y,Y,NA,G,25,0,0,1,0,0,0,0,0,0,-,-,33.07722091674805,-117.07095336914063,SAN DIEGO,ESCONDIDO,-117.07093048095705,33.07722473144531
91875015,2022,2022-09-27,9650,2022-09-27,0700,014532,NA,2,1,6,3706,0,1,3,NA,2,019,SR-78 EASTBOUND,NORDAHL ROAD,500,E,N,A,-,Y,NA,NA,NA,NA,NA,NA,NA,NA,NA,Y,3,0,1,2,A,-,03,22350,NA,N,C,C,A,A,H,-,A,D,0,NA,NA,NA,NA,Y,NA,A,01,0,1,0,0,0,0,0,0,0,-,-,33.190948486328125,-117.25850677490234,SAN DIEGO,ESCONDIDO,-117.12027740478516,33.13153839111328
91875513,2022,2022-09-28,9645,2022-09-18,0243,022507,NA,7,3,7,3711,0,1,1,NA,2,003,I-5 (SOUTHBOUND),PARK BOULEVARD OVERCROSSING,1100,S,N,A,-,Y,SD,NA,5,NA,R,15.579,H,NA,R,N,2,0,1,1,A,-,03,22350,NA,N,F,J,A,A,H,-,C,D,0,NA,NA,Y,NA,Y,NA,C,02,1,0,0,0,0,0,0,0,1,-,-,32.721439361572266,-117.14868927001952,SAN DIEGO,SAN DIEGO,-117.14859008789063,32.72148132324219
91883370,2022,2022-10-05,9680,2022-09-23,1413,019910,NA,5,2,9,3700,0,3,5,NA,2,001,PEPPER DR,CAJON AVE,85,W,N,A,-,N,NA,NA,NA,NA,NA,NA,NA,NA,NA,N,3,0,1,2,A,-,08,22107,NA,N,F,A,A,A,H,-,A,A,0,NA,NA,Y,NA,Y,NA,C,02,0,1,0,0,0,0,0,0,1,-,-,32.82075119018555,-116.93385314941406,SAN DIEGO,UNINCORPORATED,-116.93385314941406,32.82080841064453
91885277,2022,2022-10-07,9645,2022-09-27,1800,018646,NA,2,2,7,3711,0,1,3,NA,2,014,I-805 S/B,GOVERNOR DR. U/C,600,S,N,A,-,Y,NA,NA,NA,NA,NA,NA,NA,NA,NA,Y,3,0,1,2,A,-,07,21658,A,N,C,C,A,A,H,-,A,D,0,NA,NA,Y,NA,Y,NA,A,01,0,1,0,0,0,0,0,0,1,-,-,32.85525894165039,-117.8281021118164,SAN DIEGO,SAN DIEGO,-117.18399047851563,32.85690689086914
9188578,2020,2021-02-03,3711,2020-11-15,1813,SD7838,NA,7,5,7,3711,0,0,0,NA,0,122,BALBOA AV,BOYES ST,0,NA,Y,A,-,N,NA,NA,NA,NA,NA,NA,NA,NA,NA,Y,4,0,1,2,A,-,09,21802,A,M,D,C,A,A,H,-,C,D,0,NA,NA,NA,NA,Y,NA,A,01,0,0,1,0,0,0,0,0,0,-,-,NA,NA,SAN DIEGO,SAN DIEGO,-117.23134,32.80068
91886347,2022,2022-10-10,9680,2022-09-28,0711,021077,NA,3,1,9,3700,0,1,3,NA,1,024,SR-94,STEELE CANYON RD,150,W,N,A,-,Y,SD,NA,94,NA,NA,17.333,H,NA,R,Y,4,0,1,2,A,-,03,22350,NA,N,C,C,A,A,H,-,A,D,0,NA,NA,Y,NA,Y,NA,C,02,0,0,1,0,0,0,0,0,1,-,-,32.72740936279297,-116.90982818603516,SAN DIEGO,UNINCORPORATED,-116.90978240966795,32.72736358642578
91886430,2022,2022-10-10,9650,2022-09-30,2145,022031,NA,5,2,9,3700,0,1,1,NA,2,022,I-15 SB,STEWART CANYON RD,1285,S,N,A,-,Y,SD,NA,15,NA,R,48.618,H,NA,L,Y,4,0,4,1,A,-,08,22107,NA,N,E,I,A,A,H,-,D,D,0,NA,NA,NA,NA,Y,NA,A,01,0,0,4,0,0,0,0,0,0,-,-,33.36206817626953,-117.16001892089844,SAN DIEGO,UNINCORPORATED,-117.16016387939452,33.362030029296875
91887357,2022,2022-10-11,9680,2022-09-29,0655,019936,NA,4,1,9,3700,0,2,4,NA,1,010,WOODSIDE AVE,CHANNEL RD,0,NA,Y,A,-,N,NA,NA,NA,NA,NA,NA,NA,NA,NA,Y,3,0,2,2,A,-,12,21453,A,N,D,C,A,A,H,-,A,A,0,NA,NA,NA,NA,Y,NA,A,07,0,2,0,0,0,0,0,0,0,-,-,32.85676956176758,-116.92546081542967,SAN DIEGO,UNINCORPORATED,-116.92542266845705,32.8568229675293
9189144,2020,2021-02-23,3711,2020-11-28,1810,SD8334,NA,6,5,7,3711,0,0,0,NA,0,452,IMPERIAL AV,62ND ST,40,E,N,A,-,N,NA,NA,NA,NA,NA,NA,NA,NA,NA,Y,4,0,1,2,A,-,03,22350,NA,N,C,C,A,A,H,-,C,A,0,NA,NA,NA,NA,Y,NA,D,22,0,0,1,0,0,0,0,0,0,-,-,NA,NA,SAN DIEGO,SAN DIEGO,-117.06378936767578,32.70984649658203
91891582,2022,2022-10-17,9645,2022-10-05,1700,022739,NA,3,2,7,3711,0,1,1,NA,2,010,I-8 W/B,WARING RD.,686,W,N,A,-,Y,SD,NA,8,NA,NA,6.948,H,NA,L,N,4,0,1,2,A,-,03,22350,NA,N,C,C,A,A,H,-,A,D,0,NA,NA,NA,NA,Y,NA,A,01,0,0,1,0,0,0,0,0,0,-,-,32.78092956542969,-117.08992767333984,SAN DIEGO,SAN DIEGO,-117.08992767333984,32.78090286254883
9189168,2020,2021-01-08,3711,2020-09-17,1917,SD7322,NA,4,5,7,3711,0,0,0,NA,0,321,CAMINO DEL RIO S,RT 15,834,E,N,A,-,N,NA,NA,NA,NA,NA,NA,NA,NA,NA,Y,2,0,1,2,A,-,08,21460,5,N,D,C,A,A,H,-,C,D,0,NA,NA,Y,NA,Y,Y,C,02,1,0,0,0,0,0,0,0,1,-,-,NA,NA,SAN DIEGO,SAN DIEGO,-117.11177825927734,32.77724075317383
91891694,2022,2022-10-17,9645,2022-10-06,0655,017723,NA,4,1,6,3702,0,1,1,NA,2,009,I-805 N/B,E. PALOMAR ST. O/C,1056,S,N,B,-,Y,SD,NA,805,NA,NA,4.38,H,NA,R,N,4,0,1,2,A,-,03,22350,NA,N,B,C,A,B,H,-,A,D,0,NA,NA,Y,NA,Y,NA,C,02,0,0,1,0,0,0,0,0,1,-,-,32.605350494384766,-117.03621673583984,SAN DIEGO,CHULA VISTA,-117.03612518310548,32.605350494384766
91896336,2022,2022-10-21,9645,2022-10-12,1040,020561,NA,3,1,7,3711,0,1,1,NA,2,017,I-15 N/B TO CLAIREMONT MESA BLVD.,CLAIREMONT MESA BLVD.,59,S,N,B,-,Y,NA,NA,NA,NA,NA,NA,NA,NA,NA,N,4,0,2,2,A,-,03,22350,NA,F,C,C,A,A,H,-,A,A,0,NA,NA,NA,NA,Y,NA,A,01,0,0,2,0,0,0,0,0,0,-,-,32.833518981933594,-117.11824035644533,SAN DIEGO,SAN DIEGO,-117.11824035644533,32.833518981933594
91899847,2022,2022-10-26,9680,2022-10-14,1925,022625,NA,5,2,9,3700,0,2,4,NA,1,026,JAMACHA BLVD,GRAND AVE,0,NA,Y,A,-,N,NA,NA,NA,NA,NA,NA,NA,NA,NA,Y,4,0,1,2,D,-,00,NA,NA,N,A,C,A,A,H,-,C,A,0,NA,NA,NA,NA,Y,NA,-,-,0,0,1,0,0,0,0,0,0,-,-,32.70792007446289,-116.99755859375,SAN DIEGO,UNINCORPORATED,-116.9975128173828,32.707855224609375
91901374,2022,2022-10-27,9645,2022-10-17,1040,016156,NA,1,1,7,3711,0,1,1,NA,2,010,I-8 W/B,PRESIDIO PARK O/C,1584,E,N,A,-,Y,SD,NA,8,NA,NA,1.298,H,NA,L,Y,4,0,1,1,A,-,08,22107,NA,N,E,C,A,A,H,-,A,D,0,NA,NA,NA,NA,Y,NA,A,01,0,0,1,0,0,0,0,0,0,-,-,32.75944137573242,-117.18238067626952,SAN DIEGO,SAN DIEGO,-117.182373046875,32.75956726074219
91906041,2022,2022-10-31,9650,2022-07-18,1223,019346,NA,1,1,5,3782,0,1,1,NA,2,007,INTERSTATE 5 NORTHBOUND,SANTA FE DRIVE,3168,S,N,A,-,Y,SD,NA,5,NA,R,40.202,H,NA,R,N,1,1,0,2,A,-,11,21954,A,N,G,B,E,A,H,-,A,D,0,Y,NA,NA,NA,Y,NA,N,60,0,0,0,1,0,0,0,0,0,-,-,33.031211853027344,-117.27796936035156,SAN DIEGO,ENCINITAS,-117.27793121337892,33.031227111816406
91906076,2022,2022-10-31,9650,2022-10-15,0235,021532,NA,6,3,9,3700,0,3,5,NA,2,213,RAINBOW VALLEY BOULEVARD,8TH STREET,135,E,N,C,-,N,NA,NA,NA,NA,NA,NA,NA,NA,NA,Y,3,0,1,1,A,-,08,22107,NA,N,E,I,A,B,H,-,D,D,0,NA,NA,NA,NA,Y,NA,A,01,0,1,0,0,0,0,0,0,0,-,-,33.4102897644043,-117.15003967285156,SAN DIEGO,UNINCORPORATED,-117.15048217773438,33.41028594970703
91906702,2022,2022-11-01,9650,2022-10-16,1137,020673,NA,7,1,5,3701,0,1,1,NA,2,005,I-5 NORTHBOUND,LAS FLORES DR.,300,N,N,A,-,Y,SD,NA,5,NA,R,50.916,H,NA,R,N,4,0,1,2,A,-,03,22350,NA,F,C,C,A,A,D,-,A,D,0,NA,NA,NA,NA,Y,NA,A,01,0,0,1,0,0,0,0,0,0,-,-,33.17356872558594,-117.34857940673828,SAN DIEGO,CARLSBAD,-117.34853363037108,33.17359161376953
91907042,2022,2022-11-01,9645,2022-09-19,1722,015790,NA,1,2,7,3711,0,1,3,NA,2,023,SR-163 (SB),I-8 (O/C),100,N,N,A,-,Y,NA,NA,NA,NA,NA,NA,NA,NA,NA,N,2,0,1,1,A,-,03,22350,NA,N,F,A,A,A,H,-,A,D,0,NA,NA,Y,NA,Y,NA,C,02,1,0,0,0,0,0,0,0,1,-,-,32.74689865112305,-117.15904998779295,SAN DIEGO,SAN DIEGO,-117.16352081298828,32.76292419433594
91909900,2022,2022-11-04,9645,2022-10-25,1425,022894,NA,2,2,7,3711,0,1,1,NA,2,021,I-15 SB,AERO DRIVE,0,NA,Y,A,-,Y,SD,NA,15,NA,R,8.39,H,NA,L,N,4,0,1,2,A,-,07,21658,A,F,B,C,A,A,H,-,A,D,0,NA,NA,NA,NA,Y,NA,A,01,0,0,1,0,0,0,0,0,0,-,-,32.81071853637695,-117.11427307128906,SAN DIEGO,SAN DIEGO,-117.11431884765624,32.81071472167969
91913004,2022,2022-11-08,9645,2022-10-31,0615,017723,NA,1,1,6,3702,0,1,1,NA,2,009,I-805 N/B,BONITA RD.,1056,S,N,A,-,Y,SD,NA,805,NA,NA,7.4,H,NA,R,Y,4,0,1,1,A,-,03,22350,NA,N,A,C,A,A,H,-,B,D,0,NA,NA,Y,NA,Y,NA,C,02,0,0,1,0,0,0,0,0,1,-,-,32.643550872802734,-117.05731201171876,SAN DIEGO,CHULA VISTA,-117.05728149414063,32.64356231689453
91913041,2022,2022-11-08,9645,2022-10-31,0950,015698,NA,1,1,7,3711,0,1,3,NA,2,014,SR-52 WB TO I-805 NB,I-805 UC,500,S,N,A,-,Y,SD,NA,52,NA,NA,4.172,H,NA,L,Y,2,0,1,2,A,-,08,22107,NA,F,F,A,A,A,H,-,A,D,0,NA,NA,Y,NA,Y,NA,-,99,1,0,0,0,0,0,0,0,1,-,-,32.8465690612793,-117.17131805419922,SAN DIEGO,SAN DIEGO,-117.17135620117188,32.846500396728516
91915287,2022,2022-11-10,9680,2022-11-01,1245,021501,NA,2,1,9,3700,0,1,3,NA,1,071,SR-78,SAN FELIPE  ROAD,7920,E,N,A,-,Y,SD,NA,78,NA,NA,71.614,H,NA,R,Y,4,0,1,1,A,-,03,22350,NA,N,E,I,A,A,H,-,A,A,0,NA,NA,NA,NA,Y,NA,A,01,0,0,1,0,0,0,0,0,0,-,-,33.10826873779297,-116.45053100585938,SAN DIEGO,UNINCORPORATED,-116.45049285888672,33.10823059082031
91915318,2022,2022-11-10,9645,2022-09-12,1632,022739,NA,1,2,7,3711,0,1,1,NA,2,003,I-5 S/B,B ST.,300,N,N,A,-,Y,SD,NA,5,NA,R,15.392,H,NA,L,N,3,0,1,3,A,-,03,22350,NA,N,C,C,A,A,A,-,A,D,0,NA,NA,Y,NA,Y,NA,C,02,0,1,0,0,0,0,0,0,1,-,-,32.718719482421875,-117.14788055419922,SAN DIEGO,SAN DIEGO,-117.14791107177734,32.71871566772461
91916871,2022,2022-11-14,9645,2022-11-01,1442,022932,NA,2,2,6,3702,0,1,1,NA,2,001,I-5 S/B,EIGTH ST U/C,900,S,N,A,-,Y,SD,NA,5,NA,R,11.002,H,NA,L,N,2,0,1,2,A,-,03,22350,NA,N,C,C,A,A,H,-,A,D,0,NA,NA,Y,NA,Y,NA,C,02,1,0,0,0,0,0,0,0,1,-,-,32.673099517822266,-117.1108169555664,SAN DIEGO,CHULA VISTA,-117.11068725585938,32.67305374145508
9191770,2020,2021-02-02,3708,2020-11-17,1545,LM8294,NA,2,5,5,3708,0,0,0,NA,0,002,BALTIMORE DR,EL CAJON BL,163,S,N,A,-,N,NA,NA,NA,NA,NA,NA,NA,NA,NA,N,4,0,1,2,A,-,03,22350,NA,F,C,C,A,A,H,-,A,A,0,NA,NA,NA,NA,Y,NA,A,01,0,0,1,0,0,0,0,0,0,-,-,NA,NA,SAN DIEGO,LA MESA,-117.02472686767578,32.76945495605469
91920142,2022,2022-11-17,9645,2022-11-06,0142,021263,NA,7,3,7,3711,0,1,1,NA,2,017,INTERSTATE 15 SOUTHBOUND,MERCY ROAD,1500,S,N,A,-,Y,SD,NA,15,NA,M,16.459,H,NA,L,Y,2,0,2,2,A,-,08,22107,NA,N,B,C,A,A,H,-,D,D,0,NA,NA,NA,NA,Y,NA,A,01,1,1,0,0,0,0,0,0,0,-,-,32.924598693847656,-117.11509704589844,SAN DIEGO,SAN DIEGO,-117.11505889892578,32.924591064453125
91920611,2022,2022-11-17,9645,2022-10-27,1850,022948,NA,4,2,7,3711,0,1,1,NA,2,001,I-5 N/B,MAIN ST.,1000,S,N,A,-,Y,SD,NA,5,NA,R,11.595,H,NA,R,Y,4,0,1,2,A,-,03,22350,NA,N,C,C,A,A,H,-,C,D,0,NA,NA,NA,NA,Y,NA,A,01,0,0,1,0,0,0,0,0,0,-,-,32.68122863769531,-117.1106414794922,SAN DIEGO,SAN DIEGO,-117.11056518554688,32.681251525878906
91924176,2022,2022-11-22,9645,2022-11-13,0325,022507,NA,7,3,7,3711,0,1,1,NA,2,005,I-5 NB,OLD TOWN AVENUE,375,N,N,A,-,Y,SD,NA,5,NA,R,19.054,H,NA,R,Y,4,0,1,1,A,-,01,23152,A,N,F,I,A,A,H,-,C,D,0,NA,NA,NA,NA,Y,Y,A,01,0,0,1,0,0,0,0,0,0,-,-,32.748050689697266,-117.19351959228516,SAN DIEGO,SAN DIEGO,-117.1936264038086,32.74794006347656
91925728,2022,2022-11-23,9650,2022-11-20,1830,020966,NA,7,2,5,3713,0,1,3,NA,2,017,SR-78 E/B,MELROSE DR,2582,W,N,A,-,Y,SD,NA,78,NA,NA,5.456,H,NA,R,Y,4,0,1,2,A,-,03,22350,NA,F,C,C,A,A,H,-,D,D,0,NA,NA,NA,NA,Y,NA,-,-,0,0,1,0,0,0,0,0,0,-,-,33.19417953491211,-117.26277923583984,SAN DIEGO,VISTA,-117.26277923583984,33.19419479370117
91929595,2022,2022-11-29,9680,2022-11-16,1640,022554,NA,3,2,9,3700,0,3,5,NA,2,009,10TH ST,H ST.,0,NA,Y,A,-,N,NA,NA,NA,NA,NA,NA,NA,NA,NA,N,4,0,1,2,A,-,10,21950,A,N,G,B,B,A,H,-,B,A,0,Y,NA,NA,NA,Y,NA,A,07,0,0,1,0,1,0,0,0,0,-,-,33.0377197265625,-116.86519622802734,SAN DIEGO,UNINCORPORATED,-116.86515045166016,33.03761291503906
9192971,2020,2020-12-31,3710,2020-12-03,1223,OC1487,NA,4,5,6,3710,0,0,0,NA,0,007,MICHIGAN AV,SOUTH COAST HWY,0,NA,Y,A,-,N,NA,NA,NA,NA,NA,NA,NA,NA,NA,N,4,0,2,3,A,-,10,21950,A,F,G,B,B,A,H,-,A,A,0,Y,NA,NA,NA,Y,NA,A,01,0,0,2,0,2,0,0,0,0,-,-,NA,NA,SAN DIEGO,OCEANSIDE,-117.37693786621094,33.19279861450195
91932712,2022,2022-12-02,9650,2022-11-26,1520,021933,NA,6,2,9,3700,0,3,5,NA,2,211,WOODS VALLEY RD,KARIBU LN,380,W,N,A,-,N,NA,NA,NA,NA,NA,NA,NA,NA,NA,Y,3,0,1,1,A,-,08,22107,NA,N,E,I,A,A,H,-,A,D,0,NA,NA,NA,NA,Y,NA,A,01,0,1,0,0,0,0,0,0,0,-,-,33.20465087890625,-116.99730682373048,SAN DIEGO,UNINCORPORATED,-116.99747467041016,33.20466995239258
91933752,2022,2022-12-05,9645,2022-11-19,1310,017678,NA,6,1,7,3711,0,1,1,NA,2,010,I-8 E/B,MISSION CENTER ROAD O/C,100,E,N,A,-,Y,SD,NA,8,NA,NA,3.061,H,NA,R,N,4,0,1,2,A,-,03,22350,NA,N,C,C,A,A,H,-,A,D,0,NA,NA,NA,NA,Y,NA,A,01,0,0,1,0,0,0,0,0,0,-,-,32.76538848876953,-117.15338134765624,SAN DIEGO,SAN DIEGO,-117.15338897705078,32.765411376953125
91935224,2022,2022-12-06,9645,2022-11-23,1843,022765,NA,3,2,7,3711,0,1,1,NA,2,003,I-5 SB,28TH STREET,125,S,N,B,-,Y,SD,NA,5,NA,R,13.355,H,NA,L,Y,3,0,1,1,A,-,08,22107,NA,N,F,A,A,A,H,-,C,D,0,NA,NA,Y,NA,Y,NA,C,02,0,1,0,0,0,0,0,0,1,-,-,32.69472122192383,-117.13336181640624,SAN DIEGO,SAN DIEGO,-117.1333465576172,32.69474792480469
91937093,2022,2022-12-08,9650,2022-11-29,1740,018321,NA,2,2,9,3700,0,1,1,NA,2,001,I-5 S/B,BASILONE RD,19642,S,N,A,-,Y,SD,NA,5,NA,R,67.636,H,NA,L,N,4,0,1,2,A,-,03,22350,NA,F,C,C,A,A,H,-,D,D,0,NA,NA,NA,NA,Y,NA,-,99,0,0,1,0,0,0,0,0,0,-,-,33.355411529541016,-117.52996826171876,SAN DIEGO,UNINCORPORATED,-117.52994537353516,33.355438232421875
91937268,2022,2022-12-08,9645,2022-11-28,0812,017671,NA,1,1,7,3711,0,1,1,NA,2,010,I-8 W/B,I-15 O/C,1500,W,N,B,-,Y,SD,NA,8,NA,NA,5.403,H,NA,L,Y,3,0,1,2,A,-,03,22350,NA,N,C,C,A,A,H,-,A,D,0,NA,NA,NA,NA,Y,NA,A,08,0,1,0,0,0,0,0,0,0,-,-,32.77873992919922,-117.11643981933594,SAN DIEGO,SAN DIEGO,-117.1164321899414,32.77865219116211
91937674,2022,2022-12-08,9680,2022-11-26,1830,020780,NA,6,2,9,3700,0,3,5,NA,2,003,ALPINE BOULEVARD,ARNOLD WAY,0,NA,Y,A,-,N,NA,NA,NA,NA,NA,NA,NA,NA,NA,Y,3,0,3,2,A,-,01,23152,A,N,D,C,A,A,H,-,C,A,0,NA,NA,NA,NA,Y,Y,A,07,0,3,0,0,0,0,0,0,0,-,-,32.85187911987305,-116.81060791015624,SAN DIEGO,UNINCORPORATED,-116.81060791015624,32.85196304321289