CASE_ID,ACCIDENT_YEAR,PROC_DATE,JURIS,COLLISION_DATE,COLLISION_TIME,OFFICER_ID,REPORTING_DISTRICT,DAY_OF_WEEK,CHP_SHIFT,POPULATION,CNTY_CITY_LOC,SPECIAL_COND,BEAT_TYPE,CHP_BEAT_TYPE,CITY_DIVISION_LAPD,CHP_BEAT_CLASS,BEAT_NUMBER,PRIMARY_RD,SECONDARY_RD,DISTANCE,DIRECTION,INTERSECTION,WEATHER_1,WEATHER_2,STATE_HWY_IND,CALTRANS_COUNTY,CALTRANS_DISTRICT,STATE_ROUTE,ROUTE_SUFFIX,POSTMILE_PREFIX,POSTMILE,LOCATION_TYPE,RAMP_INTERSECTION,SIDE_OF_HWY,TOW_AWAY,COLLISION_SEVERITY,NUMBER_KILLED,NUMBER_INJURED,PARTY_COUNT,PRIMARY_COLL_FACTOR,PCF_CODE_OF_VIOL,PCF_VIOL_CATEGORY,PCF_VIOLATION,PCF_VIOL_SUBSECTION,HIT_AND_RUN,TYPE_OF_COLLISION,MVIW,PED_ACTION,ROAD_SURFACE,ROAD_COND_1,ROAD_COND_2,LIGHTING,CONTROL_DEVICE,CHP_ROAD_TYPE,PEDESTRIAN_ACCIDENT,BICYCLE_ACCIDENT,MOTORCYCLE_ACCIDENT,TRUCK_ACCIDENT,NOT_PRIVATE_PROPERTY,ALCOHOL_INVOLVED,STWD_VEHTYPE_AT_FAULT,CHP_VEHTYPE_AT_FAULT,COUNT_SEVERE_INJ,COUNT_VISIBLE_INJ,COUNT_COMPLAINT_PAIN,COUNT_PED_KILLED,COUNT_PED_INJURED,COUNT_BICYCLIST_KILLED,COUNT_BICYCLIST_INJURED,COUNT_MC_KILLED,COUNT_MC_INJURED,PRIMARY_RAMP,SECONDARY_RAMP,LATITUDE,LONGITUDE,COUNTY,CITY,POINT_X,POINT_Y
92117196,2023,2023-07-14,9645,2023-06-20,1230,015676,NA,2,1,7,3711,0,1,1,NA,2,010,I-8 W/B TO I-805 N/B,I-805,1000,E,N,A,-,Y,NA,NA,NA,NA,NA,NA,NA,NA,NA,Y,4,0,1,2,A,-,08,22107,NA,N,C,C,A,A,H,-,A,D,0,NA,NA,NA,NA,Y,NA,A,01,0,0,1,0,0,0,0,0,0,-,-,32.77341842651367,-117.12831115722656,SAN DIEGO,SAN DIEGO,-117.12831115722656,32.77341842651367
92117299,2023,2023-07-14,9645,2023-07-11,750,020515,NA,2,1,7,3711,0,1,1,NA,2,015,I-805 N/B,LINDA VISTA RD.,0.26,N,N,A,-,Y,SD,NA,805,NA,NA,20.956,H,NA,R,Y,3,0,1,2,A,-,03,22350,NA,N,F,0,A,A,H,-,A,D,0,NA,NA,Y,NA,Y,NA,C,02,0,1,0,0,0,0,0,0,1,-,-,32.813018798828125,-117.15667724609376,SAN DIEGO,SAN DIEGO,-117.15666198730467,32.81303024291992
9211935,2020,2021-01-13,3711,2020-12-13,2246,SD6146,NA,7,5,7,3711,0,0,0,NA,0,831,ORANGE AV,EUCLID AV,0,NA,Y,A,-,N,NA,NA,NA,NA,NA,NA,NA,NA,NA,Y,3,0,1,2,B,-,22,NA,NA,N,D,C,A,A,H,-,C,A,0,NA,NA,NA,NA,Y,NA,J,48,0,1,0,0,0,0,0,0,0,-,-,NA,NA,SAN DIEGO,SAN DIEGO,-117.09224700927734,32.75310134887695
92125761,2023,2023-07-25,9650,2023-07-20,235,021992,NA,4,3,9,3700,0,1,1,NA,2,003,I-5 S/B,HARBOR DRIVE,581,N,N,A,-,Y,SD,NA,5,NA,R,54.513,H,NA,L,Y,3,0,1,2,A,-,01,23152,A,N,C,C,A,A,D,-,C,D,0,NA,NA,NA,NA,Y,Y,D,22,0,1,0,0,0,0,0,0,0,-,-,33.21189880371094,-117.38835906982422,SAN DIEGO,UNINCORPORATED,-117.38833618164063,33.211910247802734
92126996,2023,2023-07-26,9680,2023-07-15,1010,019936,BARON,6,1,9,3700,0,2,4,NA,1,013,WILDCAT CANYON RD,DUMP RD,77,N,N,A,-,N,NA,NA,NA,NA,NA,NA,NA,NA,NA,Y,3,0,1,1,A,-,08,22107,NA,N,F,A,A,A,H,-,A,A,0,NA,NA,Y,NA,Y,NA,C,02,0,1,0,0,0,0,0,0,1,-,-,32.94131088256836,-116.85717010498048,SAN DIEGO,UNINCORPORATED,NA,NA
92132162,2023,2023-07-31,9680,2023-07-19,2138,020401,NA,3,2,9,3700,0,2,4,NA,1,025,SWEETWATER RD,JAMACHA RD,0,NA,Y,A,-,N,NA,NA,NA,NA,NA,NA,NA,NA,NA,Y,3,0,1,2,A,-,09,21453,C,N,D,C,A,A,H,-,C,A,0,NA,NA,NA,NA,Y,NA,A,01,0,1,0,0,0,0,0,0,0,-,-,32.71466827392578,-117.01268768310548,SAN DIEGO,UNINCORPORATED,-117.0127182006836,32.71475601196289
92133039,2023,2023-08-01,9650,2023-07-23,210,022625,NA,7,3,9,3700,0,3,5,NA,2,213,PALA TEMECULA RD,ARUBA RD,4224,S,N,A,-,N,NA,NA,NA,NA,NA,NA,NA,NA,NA,Y,4,0,1,2,A,-,05,21460,A,N,B,C,A,A,H,-,D,D,0,NA,NA,NA,NA,Y,NA,A,07,0,0,1,0,0,0,0,0,0,-,-,33.387229919433594,-117.08548736572266,SAN DIEGO,UNINCORPORATED,NA,NA
92135110,2023,2023-08-03,9650,2023-07-26,730,015600,NA,3,1,9,3700,0,2,4,NA,2,061,E. MISSION RD,STAGECOACH LN,515,W,N,A,-,N,NA,NA,NA,NA,NA,NA,NA,NA,NA,N,4,0,1,2,A,-,06,21755,A,N,B,C,A,A,H,-,A,D,0,NA,NA,Y,NA,Y,NA,C,02,0,0,1,0,0,0,0,0,1,-,-,33.387760162353516,-117.22914123535156,SAN DIEGO,UNINCORPORATED,-117.22916412353516,33.38764572143555
9213695,2021,2021-03-09,3711,2021-01-17,1106,DF1192,NA,7,5,7,3711,0,0,0,NA,0,234,RANCHO BERNARDO RD,BERNARDO CENTER DR,0,NA,Y,A,-,N,NA,NA,NA,NA,NA,NA,NA,NA,NA,Y,3,0,1,5,A,-,08,22107,NA,N,B,C,A,A,H,-,A,A,0,NA,NA,NA,NA,Y,NA,A,01,0,1,0,0,0,0,0,0,0,-,-,NA,NA,SAN DIEGO,SAN DIEGO,-117.07443237304688,33.02280044555664
9213871,2021,2021-03-09,3711,2021-01-13,1100,SD6995,NA,3,5,7,3711,0,0,0,NA,0,327,ROXY LN,CATOCTIN DR,133,E,N,A,-,N,NA,NA,NA,NA,NA,NA,NA,NA,NA,Y,3,0,1,2,A,-,21,22106,NA,N,D,E,A,A,H,-,A,D,0,NA,NA,NA,NA,Y,NA,A,01,0,1,0,0,0,0,0,0,0,-,-,NA,NA,SAN DIEGO,SAN DIEGO,-117.05754852294922,32.77315139770508
9213878,2021,2021-03-09,3711,2021-01-09,1255,SD6774,NA,6,5,7,3711,0,0,0,NA,0,123,FIESTA ISLAND RD,FIESTA ISLAND RD 1400,0,NA,N,A,-,N,NA,NA,NA,NA,NA,NA,NA,NA,NA,N,4,0,1,1,A,-,21,22106,NA,N,F,I,A,A,H,-,A,D,0,NA,Y,NA,NA,Y,NA,L,04,0,0,1,0,0,0,1,0,0,-,-,NA,NA,SAN DIEGO,SAN DIEGO,NA,NA
9213886,2021,2021-03-08,3700,2021-01-01,1642,SH0817,NA,5,5,5,3712,0,0,0,NA,0,352,E LA CIENEGA RD,MULBERRY DR,20,W,N,A,-,N,NA,NA,NA,NA,NA,NA,NA,NA,NA,N,3,0,1,2,D,-,00,NA,NA,F,D,G,A,A,H,-,A,A,0,NA,Y,NA,NA,Y,NA,-,-,0,1,0,0,0,0,1,0,0,-,-,NA,NA,SAN DIEGO,SAN MARCOS,-117.151611328125,33.16853332519531
92139116,2023,2023-08-08,9645,2023-08-02,1155,019054,NA,3,1,7,3711,0,1,1,NA,2,019,I-15 S/B,RANCHO BERNARDO ROAD,1500,N,N,A,-,Y,SD,NA,15,NA,M,23.882,H,NA,L,N,4,0,1,1,C,-,18,NA,NA,N,E,I,A,A,H,-,A,D,0,NA,NA,NA,NA,Y,NA,-,-,0,0,1,0,0,0,0,0,0,-,-,33.025779724121094,-117.07897186279295,SAN DIEGO,SAN DIEGO,-117.07904052734376,33.025779724121094
92139680,2023,2023-08-09,9680,2023-07-29,320,021828,NA,6,3,9,3700,0,3,5,NA,2,003,WILLOWS RD.,I-8 WESTBOUND FROM WILLOWS RD.,43,N,N,A,-,Y,NA,NA,NA,NA,NA,NA,NA,NA,NA,N,3,0,1,1,A,-,03,22350,NA,N,E,I,A,A,H,-,D,A,0,NA,NA,Y,NA,Y,NA,C,02,0,1,0,0,0,0,0,0,1,-,-,32.83919143676758,-116.68119049072266,SAN DIEGO,UNINCORPORATED,NA,NA
9214092,2020,2021-03-18,3705,2020-08-07,1431,EC0219,NA,5,5,5,3705,0,0,0,NA,0,001,NAVAJO RD,RT 125,0,NA,Y,A,-,N,NA,NA,NA,NA,NA,NA,NA,NA,NA,N,4,0,1,2,A,-,12,21453,A,N,D,C,A,A,H,-,A,A,0,NA,NA,NA,NA,Y,NA,D,22,0,0,1,0,0,0,0,0,0,-,NF,NA,NA,SAN DIEGO,EL CAJON,-117.0056610107422,32.80271911621094
92141669,2023,2023-08-11,9645,2023-07-31,558,023324,NA,1,3,7,3711,0,1,1,NA,2,003,NORTHBOUND I-5,NATIONAL AVENUE,615,N,N,A,-,Y,SD,NA,5,NA,R,13.607,H,NA,R,Y,4,0,1,3,D,-,00,NA,NA,N,C,C,A,A,H,-,A,D,0,NA,NA,NA,NA,Y,NA,-,-,0,0,1,0,0,0,0,0,0,-,-,32.69715881347656,-117.13658142089844,SAN DIEGO,SAN DIEGO,-117.13665008544922,32.69709014892578
92141687,2023,2023-08-11,9645,2023-08-02,1524,017025,NA,3,2,7,3711,0,1,1,NA,2,007,I-5 S/B,NOBEL DR O/C,800,S,N,A,-,Y,SD,NA,5,NA,R,28.053,H,NA,L,N,4,0,1,2,A,-,03,22350,NA,N,C,C,A,A,H,-,A,A,0,NA,NA,NA,NA,Y,NA,A,07,0,0,1,0,0,0,0,0,0,-,-,32.86669921875,-117.2302017211914,SAN DIEGO,SAN DIEGO,-117.22988128662108,32.866676330566406
92142115,2023,2023-08-11,9645,2023-07-22,1352,023210,NA,6,1,5,3709,0,1,1,NA,2,001,I-5 S/B,8TH STREET U/C,340,N,N,A,-,Y,SD,NA,5,NA,R,11.223,H,NA,L,N,3,0,1,1,A,-,03,22350,NA,N,F,A,A,A,H,-,A,D,0,NA,NA,Y,NA,Y,NA,C,02,0,1,0,0,0,0,0,0,1,-,-,32.67610168457031,-117.10939025878906,SAN DIEGO,NATIONAL CITY,-117.10945892333984,32.676109313964844
92144481,2023,2023-10-02,9645,2023-08-07,733,023306,NA,1,1,5,3709,0,1,1,NA,2,001,INTERSTATE 5 NB,CIVIC CENTER DRIVE U/C,2640,N,N,A,-,Y,SD,NA,5,NA,R,10.878,H,NA,R,N,3,0,1,2,A,-,07,21658,A,N,C,C,A,A,H,-,A,D,0,NA,NA,Y,NA,Y,NA,-,-,0,1,0,0,0,0,0,0,1,-,-,32.671409606933594,-117.1111297607422,SAN DIEGO,NATIONAL CITY,-117.11107635498048,32.67140197753906
92145368,2023,2023-08-16,9650,2023-08-11,1500,022480,NA,5,2,5,3712,0,1,3,NA,2,019,TWIN OAKS VALLEY RD TO SR-78 WB,TWIN OAKS VALLEY RD.,2000,W,N,A,-,Y,SD,NA,78,NA,NA,12.81,H,NA,L,Y,4,0,1,2,A,-,03,22350,NA,N,C,C,A,A,H,-,A,A,0,NA,NA,NA,NA,Y,NA,A,01,0,0,1,0,0,0,0,0,0,-,-,33.13737106323242,-117.16536712646484,SAN DIEGO,SAN MARCOS,-117.16535186767578,33.137142181396484
92145609,2023,2023-08-16,9680,2023-08-06,1707,022106,NA,7,2,9,3700,0,3,5,NA,2,003,OLDE HIGHWAY 80,SOLDIN LN,270,E,N,A,-,N,NA,NA,NA,NA,NA,NA,NA,NA,NA,Y,3,0,1,3,A,-,08,22107,NA,N,D,4,A,A,H,-,A,D,0,NA,NA,NA,NA,Y,NA,A,01,0,1,0,0,0,0,0,0,0,-,-,32.8477897644043,-116.8657684326172,SAN DIEGO,UNINCORPORATED,-116.86563873291016,32.847869873046875
92145765,2023,2023-08-16,9645,2023-08-08,1824,018646,NA,2,2,7,3711,0,1,1,NA,2,017,I-15 N/B,MERCY ROAD U/C,1500,S,N,A,-,Y,SD,NA,15,NA,M,16.943,H,NA,R,N,4,0,2,3,A,-,03,22350,NA,N,C,C,A,A,H,-,A,D,0,NA,NA,NA,NA,Y,NA,A,07,0,0,2,0,0,0,0,0,0,-,-,32.93138885498047,-117.11279296875,SAN DIEGO,SAN DIEGO,-117.11270141601563,32.93136978149414
92147644,2023,2023-08-18,9680,2023-06-11,850,020541,NA,7,1,9,3700,0,3,5,NA,2,002,2210 TINA STREET,VISTA GRANDE ROAD,3,E,N,C,-,N,NA,NA,NA,NA,NA,NA,NA,NA,NA,Y,4,0,1,1,A,-,08,22107,NA,M,E,I,A,B,H,-,A,D,0,NA,NA,NA,NA,Y,NA,A,01,0,0,1,0,0,0,0,0,0,-,-,32.77227020263672,-116.906982421875,SAN DIEGO,UNINCORPORATED,-116.90708160400392,32.77223587036133
92147829,2023,2023-08-18,9680,2023-08-08,1250,020116,NA,2,1,9,3700,0,2,4,NA,1,032,LA CRESTA RD,VISTA DE MONTE MAR,0,NA,Y,A,-,N,NA,NA,NA,NA,NA,NA,NA,NA,NA,Y,3,0,1,2,D,-,00,NA,NA,N,D,C,A,A,H,-,A,D,0,NA,NA,NA,NA,Y,NA,-,-,0,1,0,0,0,0,0,0,0,-,-,32.809349060058594,-116.88909149169922,SAN DIEGO,UNINCORPORATED,-116.88907623291016,32.80931854248047
92148235,2023,2023-08-21,9645,2023-08-14,810,015698,NA,1,1,7,3711,0,1,1,NA,2,005,I-5 SB,SEA WORLD DR. O/C,2000,N,N,B,-,Y,SD,NA,5,NA,R,21.671,H,NA,L,N,3,0,1,1,A,-,08,22107,NA,N,E,8,A,A,H,-,A,D,0,NA,NA,NA,NA,Y,NA,A,08,0,1,0,0,0,0,0,0,0,-,-,32.78213882446289,-117.20831298828124,SAN DIEGO,SAN DIEGO,-117.20815277099608,32.78211975097656
92150027,2023,2023-08-22,9680,2023-03-31,555,023255,NA,5,3,9,3700,0,1,1,NA,2,085,I-8 EASTBOUND,CONQUISTADOR TRAIL,375,E,N,A,-,Y,SD,NA,8,NA,R,45.876,H,NA,R,Y,4,0,1,1,A,-,08,22107,NA,N,F,A,A,B,H,-,D,D,0,NA,NA,NA,NA,Y,NA,A,07,0,0,1,0,0,0,0,0,0,-,-,32.801300048828125,-116.49939727783205,SAN DIEGO,UNINCORPORATED,-116.49951171875,32.801231384277344
92150234,2023,2023-08-22,9645,2023-08-20,830,020515,NA,7,1,5,3709,0,1,1,NA,2,009,I-805 S/B,SOUTH 47TH ST,265,S,N,C,-,Y,SD,NA,805,NA,NA,11.305,H,NA,L,Y,4,0,1,1,A,-,03,22350,NA,N,E,8,A,B,H,-,A,D,0,NA,NA,NA,Y,Y,NA,F,26,0,0,1,0,0,0,0,0,0,-,-,32.689300537109375,-117.09438323974608,SAN DIEGO,NATIONAL CITY,-117.0942611694336,32.6893424987793
92151434,2023,2023-08-23,9680,2023-08-13,1140,020780,NA,7,1,9,3700,0,2,4,NA,1,020,AVOCADO BLVD,CHALLENGE BLVD,0,NA,Y,A,-,N,NA,NA,NA,NA,NA,NA,NA,NA,NA,Y,4,0,2,2,A,-,09,21801,A,N,A,C,A,A,H,-,A,D,0,NA,NA,NA,NA,Y,NA,A,07,0,0,2,0,0,0,0,0,0,-,-,32.755550384521484,-116.96170043945313,SAN DIEGO,UNINCORPORATED,-116.96165466308594,32.75551986694336
92152394,2023,2023-08-24,9645,2023-08-16,2000,022506,NA,3,2,7,3711,0,1,1,NA,2,021,SR-15 SB,SR-94,1584,N,N,A,-,Y,SD,NA,15,NA,NA,2.55,H,NA,L,N,2,0,1,2,D,-,00,NA,NA,N,C,C,A,A,H,-,C,D,0,NA,NA,Y,NA,Y,NA,-,-,1,0,0,0,0,0,0,0,1,-,-,32.721351623535156,-117.11692810058594,SAN DIEGO,SAN DIEGO,-117.1169204711914,32.721343994140625
92154428,2023,2023-08-25,9650,2023-08-20,700,019979,NA,7,1,9,3700,0,1,1,NA,2,001,I-5 SOUTHBOUND,CHRISTIANITOS RD.,1000,S,N,B,C,Y,SD,NA,5,NA,R,72.096,H,NA,L,N,4,0,1,1,A,-,03,22350,NA,N,E,I,A,B,H,-,A,D,0,NA,NA,NA,NA,Y,NA,A,01,0,0,1,0,0,0,0,0,0,-,-,33.393001556396484,-117.5914306640625,SAN DIEGO,UNINCORPORATED,-117.5915069580078,33.39295959472656
92154570,2023,2023-08-25,9680,2023-08-16,540,020116,NA,3,3,9,3700,0,1,3,NA,1,030,SR-79,SWEETWATER RIVER,2112,N,N,A,-,Y,SD,NA,79,NA,NA,5.379,H,NA,R,N,3,0,1,1,A,-,08,22107,NA,N,E,I,A,A,H,-,B,D,0,NA,NA,NA,NA,Y,NA,-,-,0,1,0,0,0,0,0,0,0,-,-,32.916290283203125,-116.57161712646484,SAN DIEGO,UNINCORPORATED,-116.57154083251952,32.916297912597656
92154752,2023,2023-08-25,9680,2023-04-06,2044,021584,NA,4,2,9,3700,0,3,5,NA,2,009,8TH STREET,F STREET,0,NA,Y,A,-,N,NA,NA,NA,NA,NA,NA,NA,NA,NA,Y,3,0,1,1,A,-,08,22107,NA,N,E,I,A,A,H,-,D,D,0,NA,NA,NA,NA,Y,NA,D,22,0,1,0,0,0,0,0,0,0,-,-,33.04111862182617,-116.86328887939452,SAN DIEGO,UNINCORPORATED,-117.55245208740234,33.42324447631836
9215489,2021,2021-03-11,3710,2021-01-12,2258,OC1425,NA,2,5,6,3710,0,0,0,NA,0,009,SOUTH COAST HWY,GODFREY ST,430,S,N,A,-,N,NA,NA,NA,NA,NA,NA,NA,NA,NA,Y,2,0,2,14,A,-,01,23152,A,N,C,C,A,A,H,-,C,A,0,NA,NA,NA,NA,Y,Y,A,01,1,0,1,0,0,0,0,0,0,-,-,NA,NA,SAN DIEGO,OCEANSIDE,-117.36773681640624,33.18178939819336
92157199,2023,2023-08-29,9680,2023-08-18,950,020884,NA,5,1,9,3700,0,1,3,NA,1,022,JAMACHA RD,CUYAMACA COLLEGE DR  W,0,NA,Y,A,-,N,NA,NA,NA,NA,NA,NA,NA,NA,NA,N,4,0,2,3,A,-,12,21453,A,N,A,C,A,A,H,-,A,A,0,NA,NA,NA,NA,Y,NA,D,22,0,0,2,0,0,0,0,0,0,-,-,32.74082946777344,-116.938720703125,SAN DIEGO,UNINCORPORATED,-116.93878936767578,32.740867614746094
92158668,2023,2023-08-30,9645,2023-08-20,1305,016156,NA,7,1,7,3711,0,1,1,NA,2,011,I-805 S/B,HOME AVE,325,S,N,B,C,Y,SD,NA,805,NA,NA,13.884,H,NA,L,Y,4,0,1,1,A,-,03,22350,NA,N,E,I,A,B,H,-,A,D,0,NA,NA,NA,NA,Y,NA,A,01,0,0,1,0,0,0,0,0,0,-,-,32.724491119384766,-117.10321044921876,SAN DIEGO,SAN DIEGO,-117.1029815673828,32.72454071044922
92159463,2023,2023-08-31,9645,2023-08-20,1430,015676,NA,7,2,7,3711,0,1,1,NA,2,010,I-8 E/B,COLLEGE AVE.,3168,W,N,C,-,Y,SD,NA,8,NA,NA,7.72,H,NA,R,Y,4,0,1,2,A,-,03,22350,NA,N,C,C,A,B,H,-,A,D,0,NA,NA,NA,NA,Y,Y,A,07,0,0,1,0,0,0,0,0,0,-,-,32.779541015625,-117.07694244384766,SAN DIEGO,SAN DIEGO,-117.07695770263672,32.77945327758789
9216268,2021,2021-03-16,3711,2021-01-16,1941,SD7322,NA,6,5,7,3711,0,0,0,NA,0,447,54TH ST,WESTOVER PL,0,NA,Y,A,-,N,NA,NA,NA,NA,NA,NA,NA,NA,NA,N,4,0,1,2,A,-,21,22106,NA,N,B,C,A,A,H,-,C,A,0,NA,NA,NA,NA,Y,NA,A,01,0,0,1,0,0,0,0,0,0,-,-,NA,NA,SAN DIEGO,SAN DIEGO,-117.0840072631836,32.72482681274414
92163936,2023,2023-09-06,9645,2023-08-29,2330,022962,NA,2,3,6,3702,0,1,1,NA,2,009,BONITA ROAD TO INTERSTATE 805 NORTHBOUND,BONITA ROAD,325,N,N,A,-,Y,SD,NA,805,NA,NA,7.832,H,NA,R,Y,4,0,1,1,A,-,01,23152,A,N,E,I,A,A,H,-,D,D,0,NA,NA,NA,NA,Y,Y,A,01,0,0,1,0,0,0,0,0,0,-,-,32.64868927001953,-117.06149291992188,SAN DIEGO,CHULA VISTA,-117.06163787841795,32.64850997924805
92164323,2023,2023-09-07,9645,2023-08-25,1520,022765,NA,5,2,7,3711,0,1,1,NA,2,021,SR-15 S/B,ORANGE AVE O/C,150,S,N,A,-,Y,SD,NA,15,NA,M,4.917,H,NA,L,Y,3,0,1,2,A,-,04,21703,NA,N,C,C,A,A,H,-,A,D,0,NA,NA,NA,NA,Y,NA,A,07,0,1,0,0,0,0,0,0,0,-,-,32.75339889526367,-117.10919952392578,SAN DIEGO,SAN DIEGO,-117.10898590087892,32.75339889526367
92164860,2023,2023-09-07,9645,2023-08-30,925,015676,NA,3,1,7,3711,0,1,1,NA,2,005,I-5 N/B,SEA WORLD DRIVE,1500,N,N,A,-,Y,SD,NA,5,NA,R,21.214,H,NA,R,Y,4,0,2,3,A,-,03,22350,NA,N,C,C,A,A,H,-,A,D,0,NA,NA,NA,NA,Y,NA,D,22,0,0,2,0,0,0,0,0,0,-,-,32.77560043334961,-117.20793151855467,SAN DIEGO,SAN DIEGO,-117.20794677734376,32.775596618652344
92167002,2023,2023-09-11,9680,2023-05-28,340,023234,NA,7,3,9,3700,0,1,3,NA,1,024,SR-94,VISTA SAGE LN,1584,W,N,A,-,Y,SD,NA,94,NA,R,18.346,H,NA,R,Y,4,0,1,1,A,-,08,22107,NA,N,E,I,A,A,H,-,D,D,0,NA,NA,NA,NA,Y,NA,A,01,0,0,1,0,0,0,0,0,0,-,-,32.727149963378906,-116.89414978027344,SAN DIEGO,UNINCORPORATED,-116.8940887451172,32.7271728515625
92167886,2023,2023-09-12,9650,2023-09-02,2345,021935,NA,6,3,9,3700,0,3,5,NA,2,006,S. LIVE OAK PARK RD,E. ALVERADO ST,615,S,N,A,-,N,NA,NA,NA,NA,NA,NA,NA,NA,NA,Y,3,0,1,1,A,-,01,23152,A,N,E,I,A,A,H,-,D,D,0,NA,NA,NA,NA,Y,Y,A,01,0,1,0,0,0,0,0,0,0,-,-,33.37810134887695,-117.20990753173828,SAN DIEGO,UNINCORPORATED,-117.20992279052734,33.37812805175781
92168940,2023,2023-10-02,9650,2023-09-02,250,022625,NA,6,3,9,3700,0,2,4,NA,2,061,MISSION RD,LA CANADA RD,350,S,N,A,-,N,NA,NA,NA,NA,NA,NA,NA,NA,NA,Y,2,0,2,1,A,-,01,23152,A,N,E,8,A,A,H,-,D,D,0,NA,NA,NA,NA,Y,Y,A,01,1,1,0,0,0,0,0,0,0,-,-,33.30746078491211,-117.22747039794922,SAN DIEGO,UNINCORPORATED,-117.22755432128906,33.30760955810547
9216956,2020,2021-02-16,3700,2020-12-18,0758,SH3384,NA,5,5,5,3781,0,0,0,NA,0,508,N MAGNOLIA AV,CAREFREE DR,0,NA,Y,A,-,N,NA,NA,NA,NA,NA,NA,NA,NA,NA,Y,4,0,2,3,A,-,12,21453,A,N,D,C,A,A,H,-,A,A,0,NA,NA,NA,NA,Y,NA,A,07,0,0,2,0,0,0,0,0,0,-,-,NA,NA,SAN DIEGO,SANTEE,-116.9711685180664,32.85737991333008
92170437,2023,2023-09-14,9645,2023-09-06,2205,020997,NA,3,3,7,3711,0,1,1,NA,2,003,I-5 N/B,NOELL STREET,300,N,N,A,-,Y,SD,NA,5,NA,R,18.573,H,NA,R,N,2,0,1,1,A,-,01,23152,A,N,E,I,A,A,H,-,D,D,0,NA,NA,NA,NA,Y,Y,A,01,1,0,0,0,0,0,0,0,0,-,-,32.744361877441406,-117.18653106689452,SAN DIEGO,SAN DIEGO,-117.18647003173828,32.74445343017578
92170978,2023,2023-09-15,9645,2023-08-20,250,021617,NA,7,3,7,3711,0,1,1,NA,2,001,I-5 S/B,IRIS AVENUE,1426,S,N,C,-,Y,NA,NA,NA,NA,NA,NA,NA,NA,NA,Y,2,0,1,1,A,-,01,23152,A,N,E,I,A,B,H,-,C,D,0,NA,NA,NA,NA,Y,Y,A,01,1,0,0,0,0,0,0,0,0,-,-,32.56480026245117,-117.07520294189452,SAN DIEGO,SAN DIEGO,-117.07444763183594,32.56601333618164
9217141,2020,2021-03-16,3710,2020-01-20,1900,OC1438,NA,1,5,6,3710,0,0,0,NA,0,012,OCEAN BL,CROUCH ST,17,E,N,A,-,N,NA,NA,NA,NA,NA,NA,NA,NA,NA,Y,4,0,1,2,A,-,12,21453,A,N,A,C,A,A,H,-,C,A,0,NA,NA,NA,NA,Y,Y,A,01,0,0,1,0,0,0,0,0,0,-,-,NA,NA,SAN DIEGO,OCEANSIDE,-117.35327911376952,33.19540786743164
92172430,2023,2023-09-18,9650,2023-09-09,711,019594,NA,6,1,9,3700,0,3,5,NA,2,231,BEAR VALLEY PKWY,IDAHO AVE,0,NA,Y,A,-,N,NA,NA,NA,NA,NA,NA,NA,NA,NA,N,3,0,1,2,A,-,12,21453,A,N,D,G,A,A,H,-,A,A,0,NA,Y,NA,NA,Y,NA,-,-,0,1,0,0,0,0,1,0,0,-,-,33.11594009399414,-117.0503387451172,SAN DIEGO,UNINCORPORATED,-117.05033111572266,33.11595916748047
92173962,2023,2023-09-19,9680,2023-09-07,1213,015877,NA,4,1,5,3705,0,1,1,NA,2,082,I-8 E/B,N. FIRST ST.,330,E,N,A,-,Y,SD,NA,8,NA,NA,16.913,H,NA,R,Y,3,0,8,5,A,-,01,23152,G,N,C,C,A,A,H,-,A,D,0,NA,NA,NA,NA,Y,NA,D,22,0,7,1,0,0,0,0,0,0,-,-,32.802940368652344,-116.94345855712892,SAN DIEGO,EL CAJON,-116.94345855712892,32.802955627441406
92174864,2023,2023-09-20,9645,2023-09-09,1505,021231,NA,6,2,7,3711,0,1,3,NA,2,023,SR-163 S/B,I-8,300,N,N,A,-,Y,SD,NA,163,NA,NA,3.838,H,NA,L,N,3,0,1,2,A,-,03,22350,NA,N,C,C,A,A,H,-,A,D,0,NA,NA,NA,NA,Y,NA,A,01,0,1,0,0,0,0,0,0,0,-,-,32.763999938964844,-117.16345977783205,SAN DIEGO,SAN DIEGO,-117.16339874267578,32.76398849487305