CASE_ID,ACCIDENT_YEAR,PROC_DATE,JURIS,COLLISION_DATE,COLLISION_TIME,OFFICER_ID,REPORTING_DISTRICT,DAY_OF_WEEK,CHP_SHIFT,POPULATION,CNTY_CITY_LOC,SPECIAL_COND,BEAT_TYPE,CHP_BEAT_TYPE,CITY_DIVISION_LAPD,CHP_BEAT_CLASS,BEAT_NUMBER,PRIMARY_RD,SECONDARY_RD,DISTANCE,DIRECTION,INTERSECTION,WEATHER_1,WEATHER_2,STATE_HWY_IND,CALTRANS_COUNTY,CALTRANS_DISTRICT,STATE_ROUTE,ROUTE_SUFFIX,POSTMILE_PREFIX,POSTMILE,LOCATION_TYPE,RAMP_INTERSECTION,SIDE_OF_HWY,TOW_AWAY,COLLISION_SEVERITY,NUMBER_KILLED,NUMBER_INJURED,PARTY_COUNT,PRIMARY_COLL_FACTOR,PCF_CODE_OF_VIOL,PCF_VIOL_CATEGORY,PCF_VIOLATION,PCF_VIOL_SUBSECTION,HIT_AND_RUN,TYPE_OF_COLLISION,MVIW,PED_ACTION,ROAD_SURFACE,ROAD_COND_1,ROAD_COND_2,LIGHTING,CONTROL_DEVICE,CHP_ROAD_TYPE,PEDESTRIAN_ACCIDENT,BICYCLE_ACCIDENT,MOTORCYCLE_ACCIDENT,TRUCK_ACCIDENT,NOT_PRIVATE_PROPERTY,ALCOHOL_INVOLVED,STWD_VEHTYPE_AT_FAULT,CHP_VEHTYPE_AT_FAULT,COUNT_SEVERE_INJ,COUNT_VISIBLE_INJ,COUNT_COMPLAINT_PAIN,COUNT_PED_KILLED,COUNT_PED_INJURED,COUNT_BICYCLIST_KILLED,COUNT_BICYCLIST_INJURED,COUNT_MC_KILLED,COUNT_MC_INJURED,PRIMARY_RAMP,SECONDARY_RAMP,LATITUDE,LONGITUDE,COUNTY,CITY,POINT_X,POINT_Y
92235456,2023,2023-11-14,9680,2023-11-02,1040,016415,NA,4,1,9,3700,0,3,5,NA,2,001,BRADLEY AVENUE,MAGNOLIA AVENUE,572,W,N,A,-,N,NA,NA,NA,NA,NA,NA,NA,NA,NA,Y,4,0,1,2,A,-,09,21804,A,N,D,C,A,A,H,-,A,D,0,NA,NA,Y,NA,Y,NA,A,01,0,0,1,0,0,0,0,0,1,-,-,32.81869125366211,-116.96439361572266,SAN DIEGO,UNINCORPORATED,-116.964111328125,32.818782806396484
92235697,2023,2023-11-14,9650,2023-11-05,1840,018496,NA,7,2,5,3712,0,1,3,NA,2,019,SR-78 W/B TO TWIN OAKS VALLEY ROAD,TWIN OAKS VALLEY ROAD,70,E,N,A,-,Y,NA,NA,NA,NA,NA,NA,NA,NA,NA,Y,3,0,1,1,A,-,01,23152,A,N,F,A,A,A,H,-,C,D,0,NA,NA,Y,NA,Y,Y,C,02,0,1,0,0,0,0,0,0,1,-,-,33.13846969604492,-117.16297912597656,SAN DIEGO,SAN MARCOS,-117.16297912597656,33.13846969604492
92235842,2023,2023-11-14,9680,2023-10-22,1515,021429,NA,7,2,9,3700,0,1,3,NA,1,017,STATE ROUTE 67,LAKESIDE AVENUE,20,N,N,A,-,Y,SD,NA,67,NA,R,6.115,H,NA,R,Y,2,0,6,2,A,-,01,23152,A,N,A,C,A,A,H,-,A,D,0,NA,NA,NA,NA,Y,Y,A,01,3,1,2,0,0,0,0,0,0,-,-,32.87200164794922,-116.923828125,SAN DIEGO,UNINCORPORATED,-116.9238052368164,32.872005462646484
92236688,2023,2023-11-15,9645,2023-11-03,1530,022243,NA,5,2,7,3711,0,1,1,NA,2,015,I-805 S/B,BALBOA AVE,1500,S,N,A,-,Y,SD,NA,805,NA,NA,21.365,H,NA,L,Y,4,0,1,3,A,-,03,22350,NA,N,C,C,A,A,H,-,A,D,0,NA,NA,NA,NA,Y,NA,D,22,0,0,1,0,0,0,0,0,0,-,-,32.81800079345703,-117.16036987304688,SAN DIEGO,SAN DIEGO,-117.16043090820313,32.81797409057617
92236863,2023,2023-11-15,9680,2023-10-26,1925,022480,NA,4,2,9,3700,0,2,4,NA,1,095,SAN VICENTE RD.,WARNOCK DR.,702,S,N,A,-,N,NA,NA,NA,NA,NA,NA,NA,NA,NA,Y,2,0,3,2,A,-,01,23152,A,N,A,2,A,A,H,-,C,D,0,NA,NA,NA,NA,Y,Y,A,07,1,0,2,0,0,0,0,0,0,-,-,33.01288986206055,-116.86653137207033,SAN DIEGO,UNINCORPORATED,-116.86653137207033,33.01289749145508
92237256,2023,2023-11-15,9680,2023-11-04,52,023240,NA,6,3,9,3700,0,1,3,NA,1,024,SR-94,MILLAR RANCH RD,840,E,N,A,-,Y,SD,NA,94,NA,NA,15.684,H,NA,R,Y,3,0,1,1,A,-,01,23152,A,N,E,I,A,A,H,-,D,D,0,NA,NA,NA,NA,Y,Y,D,22,0,1,0,0,0,0,0,0,0,-,-,32.730220794677734,-116.93549346923828,SAN DIEGO,UNINCORPORATED,-116.93547821044922,32.73023986816406
92238241,2023,2023-11-16,9645,2023-11-06,805,019054,NA,1,1,7,3711,0,1,3,NA,2,006,SR-94 W/B,KELTON ROAD,100,E,N,A,-,Y,SD,NA,94,NA,NA,5.752,H,NA,L,N,4,0,1,2,A,-,07,21658,A,N,B,C,A,A,H,-,A,D,0,NA,NA,NA,NA,Y,NA,-,-,0,0,1,0,0,0,0,0,0,-,-,32.72343826293945,-117.07676696777344,SAN DIEGO,SAN DIEGO,-117.07675170898438,32.723419189453125
92239271,2023,2023-11-17,9650,2023-11-10,935,017828,NA,5,1,9,3700,0,3,5,NA,2,070,SAN ELIJO AVE,VIA RECANTO,150,E,N,A,-,N,NA,NA,NA,NA,NA,NA,NA,NA,NA,Y,4,0,1,2,A,-,08,22107,NA,N,B,C,A,A,H,-,A,D,0,NA,NA,NA,NA,Y,NA,A,01,0,0,1,0,0,0,0,0,0,-,-,33.025028228759766,-117.21851348876952,SAN DIEGO,UNINCORPORATED,-117.21849822998048,33.02499771118164
92240643,2023,2023-11-20,9645,2023-11-08,745,017671,NA,3,1,7,3711,0,1,1,NA,2,013,I-805 NB,SR-163 O/C,800,S,N,A,-,Y,SD,NA,805,NA,NA,20.302,H,NA,R,Y,3,0,1,2,A,-,03,22350,NA,N,C,C,A,A,H,-,A,D,0,NA,NA,NA,NA,Y,NA,A,07,0,1,0,0,0,0,0,0,0,-,-,32.80506134033203,-117.15091705322266,SAN DIEGO,SAN DIEGO,-117.15102386474608,32.80503845214844
92241794,2023,2023-11-21,9645,2023-11-11,850,017139,NA,6,1,7,3711,0,1,3,NA,2,023,SR-163 S/B,EL PRADO BRIDGE O/C,1500,N,N,A,-,Y,SD,NA,163,NA,NA,1.717,H,NA,L,N,4,0,4,3,A,-,03,22350,NA,N,C,C,A,A,H,-,A,D,0,NA,NA,NA,NA,Y,NA,A,07,0,0,4,0,0,0,0,0,0,-,-,32.735599517822266,-117.1561279296875,SAN DIEGO,SAN DIEGO,-117.1560287475586,32.735599517822266
92241831,2023,2023-11-21,9680,2023-11-09,1310,019555,NA,4,1,9,3700,0,3,5,NA,2,001,EL MONTE ROAD,LAKE JENNINGS PARK ROAD,15,N,N,A,-,N,NA,NA,NA,NA,NA,NA,NA,NA,NA,N,4,0,1,2,A,-,03,22350,NA,N,C,C,A,A,H,-,A,D,0,NA,NA,NA,NA,Y,NA,A,01,0,0,1,0,0,0,0,0,0,-,-,32.86037826538086,-116.9006118774414,SAN DIEGO,UNINCORPORATED,-116.90056610107422,32.85993576049805
92241986,2023,2023-11-21,9645,2023-11-13,1203,016138,NA,1,1,7,3711,0,1,1,NA,2,019,I-15 SB ON-RAMP FROM CAMINO DEL NORTE,CAMINO DEL NORTE,246,S,N,B,-,Y,NA,NA,NA,NA,NA,NA,NA,NA,NA,Y,4,0,1,2,A,-,08,22107,NA,N,D,C,A,A,B,-,A,A,0,NA,NA,NA,NA,Y,NA,A,01,0,0,1,0,0,0,0,0,0,-,-,32.99760818481445,-117.08402252197266,SAN DIEGO,SAN DIEGO,-117.08402252197266,32.99760818481445
9224242,2021,2021-03-23,3711,2021-02-12,0927,SD1333,NA,5,5,7,3711,0,0,0,NA,0,832,UNIVERSITY AV,VAN DYKE AV,45,E,N,C,-,N,NA,NA,NA,NA,NA,NA,NA,NA,NA,Y,4,0,1,2,A,-,04,21703,NA,N,C,C,A,B,H,-,A,D,0,NA,NA,NA,NA,Y,NA,A,01,0,0,1,0,0,0,0,0,0,-,-,NA,NA,SAN DIEGO,SAN DIEGO,-117.10305786132813,32.74965286254883
92242793,2023,2023-11-22,9645,2023-11-14,1440,019712,NA,2,2,7,3711,0,1,1,NA,2,003,I-5 S/B,IMPERIAL AVE U/C,350,N,N,A,-,Y,SD,NA,5,NA,R,14.617,H,NA,L,Y,4,0,1,3,A,-,03,22350,NA,N,C,C,A,A,H,-,A,D,0,NA,NA,NA,NA,Y,NA,A,01,0,0,1,0,0,0,0,0,0,-,-,32.7076416015625,-117.14768981933594,SAN DIEGO,SAN DIEGO,-117.14774322509766,32.7076416015625
9224313,2021,2021-03-23,3711,2021-02-08,2315,SD6951,NA,1,5,7,3711,0,0,0,NA,0,521,F ST,17TH ST,0,NA,Y,A,-,N,NA,NA,NA,NA,NA,NA,NA,NA,NA,Y,4,0,1,2,B,-,22,NA,NA,N,C,C,A,A,H,-,C,D,0,NA,NA,NA,Y,Y,NA,A,01,0,0,1,0,0,0,0,0,0,-,-,NA,NA,SAN DIEGO,SAN DIEGO,-117.1485595703125,32.71367645263672
92244565,2023,2023-11-27,9680,2023-11-07,1120,017401,NA,2,1,9,3700,0,1,3,NA,1,052,SR-78,WYNOLA ROAD,10560,E,N,A,-,Y,SD,NA,78,NA,NA,61.919,H,NA,R,Y,4,0,1,1,A,-,03,22350,NA,N,F,A,A,A,H,-,A,D,0,NA,NA,Y,NA,Y,NA,C,02,0,0,1,0,0,0,0,0,1,-,-,33.08544921875,-116.5746612548828,SAN DIEGO,UNINCORPORATED,-116.57465362548828,33.08544921875
92247960,2023,2023-11-29,9645,2023-11-22,1130,017723,NA,3,1,7,3711,0,1,3,NA,2,002,SR-905 WB,I-805,2640,E,N,A,-,Y,SD,NA,905,NA,NA,5.565,H,NA,L,Y,4,0,1,2,A,-,08,22107,NA,N,C,C,A,A,H,-,A,D,0,NA,NA,NA,NA,Y,NA,A,07,0,0,1,0,0,0,0,0,0,-,-,32.56834030151367,-117.03392028808594,SAN DIEGO,SAN DIEGO,-117.03392028808594,32.56827926635742
9224922,2021,2021-03-08,3705,2021-01-28,1215,EC0383,NA,4,5,5,3705,0,0,0,NA,0,002,EAST MAIN ST,S ANZA ST,51,W,N,A,-,N,NA,NA,NA,NA,NA,NA,NA,NA,NA,NA,4,0,1,2,A,-,03,22350,NA,N,C,C,A,A,H,-,A,A,0,NA,NA,NA,NA,Y,NA,A,08,0,0,1,0,0,0,0,0,0,-,-,NA,NA,SAN DIEGO,EL CAJON,-116.94835662841795,32.79494857788086
92251637,2023,2023-12-04,9650,2023-11-18,2350,021935,NA,6,3,5,3712,0,1,3,NA,2,019,SR-78 W/B,RANCHO SANTA FE RD,2482,E,N,B,-,Y,SD,NA,78,NA,NA,11.084,H,NA,L,Y,2,0,1,1,A,-,01,23152,A,N,E,I,A,A,H,-,D,D,0,NA,NA,Y,NA,Y,Y,C,02,1,0,0,0,0,0,0,0,1,-,-,33.145328521728516,-117.19239044189452,SAN DIEGO,SAN MARCOS,-117.19245147705078,33.14528274536133
92256302,2023,2023-12-07,9680,2023-11-27,1928,021429,NA,1,2,4,3720,0,1,3,NA,2,028,SR-125 N/B,BROADWAY,300,N,N,A,-,Y,SD,NA,125,NA,NA,12.95,H,NA,R,N,4,0,1,1,C,-,18,NA,NA,N,E,8,A,A,H,-,D,D,0,NA,NA,NA,NA,Y,NA,-,-,0,0,1,0,0,0,0,0,0,-,-,32.74753189086914,-117.01799774169922,SAN DIEGO,LEMON GROVE,-117.01795196533205,32.74750900268555
9225637,2021,2021-03-29,3711,2021-02-01,1752,SD1251,NA,1,5,7,3711,0,0,0,NA,0,241,POMERADO RD,WILLOW CREEK RD,0,NA,-,B,-,N,NA,NA,NA,NA,NA,NA,NA,NA,NA,Y,4,0,1,2,A,-,04,21703,NA,N,C,C,A,A,H,-,C,D,0,NA,NA,NA,NA,Y,NA,A,01,0,0,1,0,0,0,0,0,0,-,-,NA,NA,SAN DIEGO,SAN DIEGO,-117.10269927978516,32.89762878417969
92257479,2023,2023-12-08,9645,2023-11-22,1340,019241,NA,3,1,7,3711,0,1,1,NA,2,015,I-805 SOUTHBOUND,GOVERNOR DRIVE UNDERCROSSING,486,N,N,A,-,Y,SD,NA,805,NA,NA,24.546,H,NA,L,Y,3,0,1,2,A,-,07,21658,A,N,C,C,A,A,H,-,A,D,0,NA,NA,Y,NA,Y,NA,A,01,0,1,0,0,0,0,0,0,1,-,-,32.85911178588867,-117.1852569580078,SAN DIEGO,SAN DIEGO,-117.18533325195313,32.85907745361328
92258474,2023,2023-12-11,9645,2023-11-29,205,021097,NA,3,3,7,3711,0,1,1,NA,2,019,I-15 N/B,CAMINO DEL NORTE,2475,S,N,B,-,Y,SD,NA,15,NA,M,21.423,H,NA,R,Y,3,0,1,2,A,-,03,22350,NA,N,C,C,A,A,H,-,D,D,0,NA,NA,NA,NA,Y,Y,A,01,0,1,0,0,0,0,0,0,0,-,-,32.990440368652344,-117.08287811279295,SAN DIEGO,SAN DIEGO,-117.08293914794922,32.99043273925781
92259162,2023,2023-12-11,9680,2023-06-15,1550,023220,NA,4,2,4,3720,0,1,3,NA,2,027,SR-94 E/B,MASSACHUSETTS AVE,1056,E,N,A,-,Y,SD,NA,94,NA,NA,8.504,H,NA,R,Y,3,0,4,2,A,-,07,21658,A,N,B,C,A,A,H,-,A,D,0,NA,NA,NA,NA,Y,NA,A,01,0,4,0,0,0,0,0,0,0,-,-,32.74473190307617,-117.0391082763672,SAN DIEGO,LEMON GROVE,-117.0391082763672,32.744720458984375
92259163,2023,2023-12-11,9680,2023-11-30,1838,019555,NA,4,2,9,3700,0,2,4,NA,1,013,WILDCAT CANYON ROAD,WILLOW RD,5914,N,N,A,-,N,NA,NA,NA,NA,NA,NA,NA,NA,NA,Y,3,0,3,2,A,-,03,22350,NA,N,B,C,A,B,H,-,D,D,0,NA,NA,NA,NA,Y,NA,A,07,0,3,0,0,0,0,0,0,0,-,-,32.8844108581543,-116.89633941650392,SAN DIEGO,UNINCORPORATED,-116.89602661132813,32.884891510009766
92263365,2023,2023-12-15,9650,2023-12-08,1737,022965,NA,5,2,9,3700,0,3,5,NA,2,231,BEAR VALLEY PKWY,IDAHO AVENUE,0,NA,Y,A,-,N,NA,NA,NA,NA,NA,NA,NA,NA,NA,Y,4,0,1,2,A,-,12,21453,A,N,B,C,A,A,H,-,C,A,0,NA,NA,NA,NA,Y,NA,A,01,0,0,1,0,0,0,0,0,0,-,-,33.115970611572266,-117.05030059814452,SAN DIEGO,UNINCORPORATED,-117.05033111572266,33.11595916748047
92263400,2023,2023-12-15,9680,2023-12-05,820,016415,NA,2,1,9,3700,0,3,5,NA,2,001,RIVERFORD ROAD,SR-67 NORTHBOUND TO RIVERFORD ROAD,0,NA,Y,A,-,Y,NA,NA,NA,NA,NA,NA,NA,NA,NA,N,4,0,1,2,A,-,09,21802,A,N,D,C,A,A,H,-,A,A,0,NA,NA,NA,NA,Y,NA,A,07,0,0,1,0,0,0,0,0,0,-,-,32.85540008544922,-116.94722747802734,SAN DIEGO,UNINCORPORATED,NA,NA
92263419,2023,2023-12-15,9650,2023-12-08,1837,022965,NA,5,2,6,3706,0,1,1,NA,2,023,I-15 S/B,EL NORTE PKWY U/C,130,S,N,A,-,Y,SD,NA,15,NA,R,32.841,H,NA,L,Y,4,0,1,1,A,-,08,22107,NA,N,E,I,A,A,D,-,C,D,0,NA,NA,NA,NA,Y,Y,A,01,0,0,1,0,0,0,0,0,0,-,-,33.1462516784668,-117.10456085205078,SAN DIEGO,ESCONDIDO,-117.10465240478516,33.1462516784668
92263475,2023,2023-12-15,9645,2023-11-21,201,022739,NA,2,3,7,3711,0,1,3,NA,2,002,STATE ROUTE 905 EASTBOUND,BRITTANIA BOULEVARD,1637,W,N,A,-,Y,SD,NA,905,NA,R,8.453,H,NA,R,Y,2,0,1,1,A,-,01,23152,A,N,E,I,A,A,H,-,D,D,0,NA,NA,NA,NA,Y,Y,D,22,1,0,0,0,0,0,0,0,0,-,-,32.564369201660156,-116.98538970947266,SAN DIEGO,SAN DIEGO,-116.9853744506836,32.56447982788086
92264882,2023,2023-12-18,9645,2023-11-06,1725,017499,NA,1,2,7,3711,0,1,1,NA,2,009,I-805 SOUTHBOUND,SR-905 OC,1200,N,N,A,-,Y,SD,NA,805,NA,NA,2.05,H,NA,L,N,4,0,1,2,A,-,03,22350,NA,N,C,C,A,A,H,-,C,D,0,NA,NA,Y,NA,Y,NA,A,07,0,0,1,0,0,0,0,0,1,-,-,32.57183837890625,-117.03993225097656,SAN DIEGO,SAN DIEGO,-117.03997802734376,32.57184982299805
9226515,2021,2021-04-05,3700,2021-02-06,2253,SH0029,NA,6,5,5,3713,0,0,0,NA,0,308,OLIVE AV,MARYLAND DR,480,E,N,E,-,N,NA,NA,NA,NA,NA,NA,NA,NA,NA,Y,3,0,1,2,A,-,01,23152,A,N,B,E,A,A,H,-,C,D,0,NA,NA,NA,NA,Y,Y,A,01,0,1,0,0,0,0,0,0,0,-,-,NA,NA,SAN DIEGO,VISTA,-117.25815582275392,33.204689025878906
92265164,2023,2023-12-18,9645,2023-10-16,400,021617,NA,1,3,7,3711,0,1,1,NA,2,021,I-15,SAN DIEGO MISSION ROAD,450,S,N,A,-,Y,SD,NA,15,NA,R,6.544,H,NA,R,Y,4,0,1,2,A,-,03,22350,NA,F,C,C,A,A,H,-,C,D,0,NA,NA,NA,NA,Y,NA,-,99,0,0,1,0,0,0,0,0,0,-,-,32.784400939941406,-117.11409759521484,SAN DIEGO,SAN DIEGO,-117.1141357421875,32.784393310546875
92266430,2023,2023-12-19,9680,2023-12-07,1530,023113,NA,4,2,9,3700,0,1,3,NA,1,040,SR-94 (CAMPO RD),DUTCHMAN CNYN RD,65,E,N,A,-,Y,SD,NA,94,NA,NA,29.255,H,NA,R,Y,3,0,2,1,A,-,08,22107,NA,N,E,8,A,A,H,-,A,D,0,NA,NA,NA,NA,Y,NA,D,22,0,1,1,0,0,0,0,0,0,-,-,32.638221740722656,-116.76699066162108,SAN DIEGO,UNINCORPORATED,-116.76694488525392,32.638275146484375
92266504,2023,2023-12-19,9680,2023-12-08,1210,022893,NA,5,1,9,3700,0,1,3,NA,1,051,SR-76,SR-79,0,NA,Y,A,-,Y,SD,NA,76,NA,NA,52.314,H,NA,R,Y,4,0,1,2,A,-,09,21802,A,N,A,2,A,A,H,-,A,A,0,NA,NA,NA,NA,Y,NA,A,01,0,0,1,0,0,0,0,0,0,-,-,33.19981002807617,-116.71034240722656,SAN DIEGO,UNINCORPORATED,-116.71035766601563,33.199771881103516
92268555,2023,2023-12-21,9645,2023-12-09,1530,022729,NA,6,2,7,3711,0,1,3,NA,2,006,SR-94 WESTBOUND,KELTON ROAD,2112,E,N,A,-,Y,SD,NA,94,NA,NA,6.152,H,NA,L,N,4,0,1,2,A,-,07,21658,A,N,B,C,A,A,H,-,A,D,0,NA,NA,NA,NA,Y,NA,A,07,0,0,1,0,0,0,0,0,0,-,-,32.72718811035156,-117.07167816162108,SAN DIEGO,SAN DIEGO,-117.07162475585938,32.72712326049805
92274755,2023,2023-12-29,9650,2023-12-09,1325,023524,NA,6,1,5,3701,0,1,1,NA,2,005,INTERSTATE 5 N/B,CARLSBAD VILLAGE DR,1200,N,N,A,-,Y,NA,NA,NA,NA,NA,NA,NA,NA,NA,N,4,0,2,2,A,-,03,22350,NA,N,C,C,A,A,H,-,A,D,0,NA,NA,NA,NA,Y,NA,A,07,0,0,2,0,0,0,0,0,0,-,-,NA,NA,SAN DIEGO,CARLSBAD,-117.34293365478516,33.164859771728516
92274963,2023,2023-12-29,9650,2023-12-20,1705,020673,NA,3,2,9,3700,0,1,1,NA,2,022,I-15 NB,MISSION RD.,5280,S,N,B,-,Y,SD,NA,15,NA,R,49.996,H,NA,R,N,4,0,1,2,A,-,03,22350,NA,N,C,C,A,B,H,-,D,D,0,NA,NA,NA,NA,Y,NA,D,22,0,0,1,0,0,0,0,0,0,-,-,33.37887954711914,-117.17246246337892,SAN DIEGO,UNINCORPORATED,-117.17249298095705,33.378868103027344
92275151,2023,2023-12-29,9650,2023-12-22,740,019426,NA,5,1,9,3700,0,3,5,NA,2,170,E VISTA WAY,OSBORNE ST,0,NA,Y,A,-,N,NA,NA,NA,NA,NA,NA,NA,NA,NA,Y,3,0,1,2,A,-,12,21453,A,N,D,C,A,A,H,-,A,A,0,NA,NA,NA,NA,Y,NA,D,22,0,1,0,0,0,0,0,0,0,-,-,33.23772048950195,-117.22633361816406,SAN DIEGO,UNINCORPORATED,-117.2262725830078,33.237640380859375
92275291,2023,2023-12-29,9650,2023-12-23,1720,022588,NA,6,2,6,3710,0,1,3,NA,2,015,SR-78 E/B,COLLEGE BLVD,650,W,N,A,-,Y,SD,NA,78,NA,NA,2.81,H,NA,R,Y,4,0,1,2,A,-,03,22350,NA,N,C,C,A,A,H,-,D,D,0,NA,NA,NA,NA,Y,NA,A,07,0,0,1,0,0,0,0,0,0,-,-,33.180850982666016,-117.3049774169922,SAN DIEGO,OCEANSIDE,-117.30498504638672,33.18085479736328
92276049,2023,2024-01-01,9650,2023-12-23,1610,020742,NA,6,2,9,3700,0,1,1,NA,2,003,I-5 S/B,HARBOR DR,5280,N,N,A,-,Y,SD,NA,5,NA,R,55.621,H,NA,L,Y,4,0,1,2,A,-,03,22350,NA,N,C,C,A,A,H,-,A,D,0,NA,NA,NA,NA,Y,NA,A,07,0,0,1,0,0,0,0,0,0,-,-,33.226131439208984,-117.39643096923828,SAN DIEGO,UNINCORPORATED,-117.39640808105467,33.22614669799805
92276977,2023,2024-01-02,9645,2023-12-19,1345,022512,NA,2,1,7,3711,0,1,1,NA,2,005,INTERSTATE 5 NORTHBOUND,BALBOA AVENUE,430,S,N,A,-,Y,SD,NA,5,NA,R,23.398,H,NA,R,Y,3,0,2,2,A,-,03,22350,NA,N,C,C,A,A,H,-,A,A,0,NA,NA,NA,NA,Y,NA,A,01,0,1,1,0,0,0,0,0,0,-,-,32.80577850341797,-117.21452331542967,SAN DIEGO,SAN DIEGO,-117.21474456787108,32.8056526184082
9227827,2021,2021-04-19,3711,2021-03-03,0359,SD7391,NA,3,5,7,3711,0,0,0,NA,0,243,KEARNY VILLA,KEARNY VILLA 9175,0,NA,N,A,-,N,NA,NA,NA,NA,NA,NA,NA,NA,NA,N,3,0,1,1,A,-,03,22350,NA,N,A,I,A,A,H,-,C,D,0,NA,NA,NA,NA,Y,NA,A,01,0,1,0,0,0,0,0,0,0,-,-,NA,NA,SAN DIEGO,SAN DIEGO,-117.14020538330078,32.83074951171875
92281548,2023,2024-01-08,9645,2023-12-02,1450,022507,NA,6,2,7,3711,0,1,1,NA,2,010,I-8 (EASTBOUND),PACIFIC HIGHWAY UNDERCROSSING,585,E,N,A,-,Y,SD,NA,8,NA,R,0.231,H,NA,R,N,2,0,1,2,A,-,08,22107,NA,F,B,C,A,A,H,-,A,D,0,NA,NA,Y,NA,Y,NA,-,99,1,0,0,0,0,0,0,0,1,-,-,32.75986099243164,-117.200439453125,SAN DIEGO,SAN DIEGO,-117.2003936767578,32.75970458984375
92281685,2023,2024-01-08,9680,2023-12-29,1615,022893,NA,5,2,9,3700,0,1,3,NA,1,052,SR-78,RANCHO SANTA TERESA DRIVE,80,W,N,A,-,Y,SD,NA,78,NA,NA,42.675,H,NA,R,Y,3,0,1,1,A,-,03,22350,NA,N,F,A,A,A,H,-,A,A,0,NA,NA,Y,NA,Y,NA,C,02,0,1,0,0,0,0,0,0,1,-,-,33.07952880859375,-116.78289794921876,SAN DIEGO,UNINCORPORATED,-116.78289794921876,33.07952880859375
92281897,2024,2024-01-08,9650,2024-01-02,1030,017328,NA,2,1,9,3700,0,1,1,NA,2,001,I-5 S/B,AGRA UNDER CROSSING,4224,N,N,A,-,Y,SD,NA,5,NA,R,64.603,H,NA,L,Y,4,0,3,2,A,-,08,22107,NA,N,E,I,A,A,H,-,A,D,0,NA,NA,NA,NA,Y,NA,D,22,0,0,3,0,0,0,0,0,0,-,-,33.327049255371094,-117.49002075195313,SAN DIEGO,UNINCORPORATED,-117.49008178710938,33.326988220214844
92282176,2024,2024-01-08,9650,2024-01-03,1605,018496,NA,3,2,5,3713,0,1,3,NA,2,017,SR-78 W/B,MAR VISTA DR,1175,W,N,B,C,Y,SD,NA,78,NA,NA,7.487,H,NA,L,Y,4,0,1,1,A,-,08,22107,NA,N,E,I,A,B,H,-,A,D,0,NA,NA,NA,NA,Y,NA,D,22,0,0,1,0,0,0,0,0,0,-,-,33.18402099609375,-117.23232269287108,SAN DIEGO,VISTA,-117.2322006225586,33.184078216552734
92282736,2023,2024-01-09,9645,2023-12-30,714,016138,NA,6,1,7,3711,0,1,1,NA,2,027,I-15 SOUTHBOUND,CLAIREMONT MESA BLVD,200,S,N,B,-,Y,SD,NA,15,NA,R,9.946,H,NA,L,Y,3,0,1,1,A,-,01,23152,A,N,F,A,A,A,H,-,A,D,0,NA,NA,NA,NA,Y,Y,B,08,0,1,0,0,0,0,0,0,0,-,-,32.833011627197266,-117.1189193725586,SAN DIEGO,SAN DIEGO,-117.11895751953124,32.83300018310547
92285080,2024,2024-01-11,9680,2024-01-01,1934,016694,NA,1,2,9,3700,0,3,5,NA,2,001,PALM ROW DRIVE,LAKESIDE AVENUE,0,NA,Y,A,-,N,NA,NA,NA,NA,NA,NA,NA,NA,NA,Y,4,0,1,2,A,-,09,21802,A,N,D,C,A,A,H,-,D,A,0,NA,NA,NA,NA,Y,NA,A,07,0,0,1,0,0,0,0,0,0,-,-,32.86708068847656,-116.9430923461914,SAN DIEGO,UNINCORPORATED,-116.94300079345705,32.867008209228516
92287858,2024,2024-01-16,9680,2024-01-03,2040,022622,NA,3,2,9,3700,0,2,4,NA,1,029,SWEETWATER SPRINGS BLVD,ROTHGARD RD,300,S,N,B,-,N,NA,NA,NA,NA,NA,NA,NA,NA,NA,Y,4,0,1,4,A,-,01,23152,A,N,C,4,A,B,H,-,C,D,0,NA,NA,NA,NA,Y,Y,A,07,0,0,1,0,0,0,0,0,0,-,-,32.7381706237793,-116.9721221923828,SAN DIEGO,UNINCORPORATED,-116.97226715087892,32.73824691772461
92288068,2024,2024-01-16,9645,2024-01-02,1900,019241,NA,2,2,7,3711,0,1,1,NA,2,009,I-805 SB FROM SAN YSIDRO BLVD,I-805 SOUTHBOUND,45,W,N,A,-,Y,NA,NA,NA,NA,NA,NA,NA,NA,NA,N,3,0,1,2,A,-,11,21453,D,N,G,B,B,A,H,-,C,A,0,Y,NA,NA,NA,Y,NA,N,60,0,1,0,0,1,0,0,0,0,-,-,32.5518684387207,-117.04186248779295,SAN DIEGO,SAN DIEGO,-117.04186248779295,32.5518684387207