CASE_ID,ACCIDENT_YEAR,PROC_DATE,JURIS,COLLISION_DATE,COLLISION_TIME,OFFICER_ID,REPORTING_DISTRICT,DAY_OF_WEEK,CHP_SHIFT,POPULATION,CNTY_CITY_LOC,SPECIAL_COND,BEAT_TYPE,CHP_BEAT_TYPE,CITY_DIVISION_LAPD,CHP_BEAT_CLASS,BEAT_NUMBER,PRIMARY_RD,SECONDARY_RD,DISTANCE,DIRECTION,INTERSECTION,WEATHER_1,WEATHER_2,STATE_HWY_IND,CALTRANS_COUNTY,CALTRANS_DISTRICT,STATE_ROUTE,ROUTE_SUFFIX,POSTMILE_PREFIX,POSTMILE,LOCATION_TYPE,RAMP_INTERSECTION,SIDE_OF_HWY,TOW_AWAY,COLLISION_SEVERITY,NUMBER_KILLED,NUMBER_INJURED,PARTY_COUNT,PRIMARY_COLL_FACTOR,PCF_CODE_OF_VIOL,PCF_VIOL_CATEGORY,PCF_VIOLATION,PCF_VIOL_SUBSECTION,HIT_AND_RUN,TYPE_OF_COLLISION,MVIW,PED_ACTION,ROAD_SURFACE,ROAD_COND_1,ROAD_COND_2,LIGHTING,CONTROL_DEVICE,CHP_ROAD_TYPE,PEDESTRIAN_ACCIDENT,BICYCLE_ACCIDENT,MOTORCYCLE_ACCIDENT,TRUCK_ACCIDENT,NOT_PRIVATE_PROPERTY,ALCOHOL_INVOLVED,STWD_VEHTYPE_AT_FAULT,CHP_VEHTYPE_AT_FAULT,COUNT_SEVERE_INJ,COUNT_VISIBLE_INJ,COUNT_COMPLAINT_PAIN,COUNT_PED_KILLED,COUNT_PED_INJURED,COUNT_BICYCLIST_KILLED,COUNT_BICYCLIST_INJURED,COUNT_MC_KILLED,COUNT_MC_INJURED,PRIMARY_RAMP,SECONDARY_RAMP,LATITUDE,LONGITUDE,COUNTY,CITY,POINT_X,POINT_Y
9380255,2022,2022-01-28,3708,2022-01-03,2032,LM1158,NA,1,5,5,3708,0,0,0,NA,0,001,UNIVERSITY AV,70TH ST,40,E,N,A,-,N,NA,NA,NA,NA,NA,NA,NA,NA,NA,N,4,0,1,2,A,-,03,22350,NA,F,C,C,A,A,H,-,C,A,0,NA,NA,NA,NA,Y,NA,D,22,0,0,1,0,0,0,0,0,0,-,-,NA,NA,SAN DIEGO,LA MESA,-117.04742431640624,32.75528335571289
9381631,2022,2022-02-02,3711,2022-01-13,0755,SD1528,NA,4,5,7,3711,0,0,0,NA,0,242,HILLERY DR,CAMINITO CHUECO,500,E,N,B,-,N,NA,NA,NA,NA,NA,NA,NA,NA,NA,N,3,0,1,2,A,-,03,22350,NA,N,G,B,D,A,H,-,A,D,0,Y,NA,NA,NA,Y,NA,A,01,0,1,0,0,1,0,0,0,0,-,-,NA,NA,SAN DIEGO,SAN DIEGO,-117.12842559814452,32.91292190551758
9381656,2022,2022-02-01,3711,2022-01-16,1130,SD7959,NA,7,5,7,3711,0,0,0,NA,0,522,3RD AV,MARKET ST,15,S,N,A,-,N,NA,NA,NA,NA,NA,NA,NA,NA,NA,N,4,0,1,2,A,-,03,22350,NA,M,C,C,A,A,H,-,C,A,0,NA,NA,NA,NA,Y,Y,-,NA,0,0,1,0,0,0,0,0,0,-,-,NA,NA,SAN DIEGO,SAN DIEGO,-117.1619873046875,32.7114372253418
9381760,2021,2022-02-03,3711,2021-12-30,1135,SD6532,NA,4,5,7,3711,0,0,0,NA,0,242,BLACK MOUNTAIN RD,MORNING BREEZE WY,46,S,N,B,-,N,NA,NA,NA,NA,NA,NA,NA,NA,NA,Y,2,0,2,1,A,-,08,22107,NA,N,E,I,A,A,H,-,A,D,0,NA,NA,NA,NA,Y,NA,A,01,1,1,0,0,0,0,0,0,0,-,-,NA,NA,SAN DIEGO,SAN DIEGO,-117.12492370605467,32.92243576049805
9382618,2021,2022-01-05,3700,2021-12-03,2236,SH0206,NA,5,5,5,3712,0,0,0,NA,0,358,LINDA VISTA DR,LINDA VISTA DR  3838,0,NA,Y,A,-,N,NA,NA,NA,NA,NA,NA,NA,NA,NA,Y,3,0,2,2,A,-,01,23153,F,N,A,C,A,A,H,-,C,D,0,NA,NA,NA,NA,Y,NA,A,01,0,2,0,0,0,0,0,0,0,-,-,NA,NA,SAN DIEGO,SAN MARCOS,-117.2213134765625,33.13690185546875
9383772,2021,2022-01-20,3702,2021-12-01,1525,CV1218,NA,3,5,6,3702,0,0,0,NA,0,021,INDUSTRIAL BL,PALOMAR ST,285,S,N,A,-,N,NA,NA,NA,NA,NA,NA,NA,NA,NA,Y,4,0,1,1,A,-,03,22350,NA,N,E,I,A,A,H,-,A,D,0,NA,NA,NA,NA,Y,NA,A,01,0,0,1,0,0,0,0,0,0,-,-,NA,NA,SAN DIEGO,CHULA VISTA,-117.08535003662108,32.603248596191406
9384312,2021,2022-01-14,3710,2021-12-02,1533,OC1351,NA,4,5,6,3710,0,0,0,NA,0,011,OCEANSIDE BL,GREENBRIER DR,0,W,N,A,-,N,NA,NA,NA,NA,NA,NA,NA,NA,NA,Y,4,0,1,2,A,-,03,22350,NA,N,D,C,A,A,H,-,A,D,0,NA,NA,Y,NA,Y,NA,C,02,0,0,1,0,0,0,0,0,1,-,-,NA,NA,SAN DIEGO,OCEANSIDE,-117.35494232177734,33.19419479370117
9384785,2021,2021-12-30,3702,2021-11-05,1300,CV1368,NA,5,5,6,3702,0,0,0,NA,0,031,BONITA RD,ALLEN SCHOOL RD,498,E,N,A,-,N,NA,NA,NA,NA,NA,NA,NA,NA,NA,Y,4,0,1,2,A,-,09,21804,A,N,D,C,A,A,H,-,A,D,0,NA,NA,NA,NA,Y,NA,D,22,0,0,1,0,0,0,0,0,0,-,-,NA,NA,SAN DIEGO,CHULA VISTA,-117.03501129150392,32.660709381103516
9387437,2021,2022-01-05,3711,2021-12-06,0800,SD8334,NA,1,5,7,3711,0,0,0,NA,0,441,OCEAN VIEW BL,36TH ST,400,S,N,B,-,N,NA,NA,NA,NA,NA,NA,NA,NA,NA,N,4,0,1,2,A,-,03,22350,NA,M,C,C,A,A,H,-,A,A,0,NA,NA,NA,NA,Y,NA,-,99,0,0,1,0,0,0,0,0,0,-,-,NA,NA,SAN DIEGO,SAN DIEGO,-117.11679077148438,32.70124816894531
9388601,2021,2022-01-21,3711,2021-12-25,2005,SD5813,NA,6,5,7,3711,0,0,0,NA,0,243,MIRAMAR RD,MITSCHER WY,0,NA,Y,A,-,N,NA,NA,NA,NA,NA,NA,NA,NA,NA,N,3,0,2,2,A,-,11,21954,A,N,G,B,D,B,H,-,E,A,0,Y,NA,NA,NA,Y,Y,N,60,0,1,1,0,1,0,0,0,0,-,-,NA,NA,SAN DIEGO,SAN DIEGO,-117.1309814453125,32.89370346069336
9388679,2021,2022-01-14,3710,2021-12-30,1515,OC1487,NA,4,5,6,3710,0,0,0,NA,0,017,NORTH RIVER RD,COLLEGE BL,40,E,N,A,-,N,NA,NA,NA,NA,NA,NA,NA,NA,NA,N,4,0,3,2,A,-,12,21453,A,N,A,C,A,A,H,-,A,A,0,NA,NA,NA,NA,Y,NA,A,01,0,0,3,0,0,0,0,0,0,-,-,NA,NA,SAN DIEGO,OCEANSIDE,-117.30023956298828,33.25093460083008
9389098,2022,2022-01-27,3711,2022-01-11,1710,SD1536,NA,2,5,7,3711,0,0,0,NA,0,933,DEL MAR HEIGHTS RD,DEL MAR HEIGHTS RD 2500,0,NA,-,A,-,N,NA,NA,NA,NA,NA,NA,NA,NA,NA,N,4,0,1,2,B,-,22,NA,NA,N,C,C,A,A,H,-,B,A,0,NA,NA,NA,NA,Y,NA,A,01,0,0,1,0,0,0,0,0,0,-,-,NA,NA,SAN DIEGO,SAN DIEGO,NA,NA
9390042,2021,2022-01-21,3710,2021-12-18,1530,OC1428,NA,6,5,6,3710,0,0,0,NA,0,016,PALA RD,PALMS DR,61,W,N,A,-,N,NA,NA,NA,NA,NA,NA,NA,NA,NA,Y,3,0,1,2,A,-,03,22350,NA,N,D,C,A,A,H,-,A,D,0,NA,NA,NA,NA,Y,Y,D,22,0,1,0,0,0,0,0,0,0,-,-,NA,NA,SAN DIEGO,OCEANSIDE,NA,NA
9391162,2021,2022-01-19,3711,2021-12-29,2320,SD1517,NA,3,5,7,3711,0,0,0,NA,0,311,CONVOY ST,AERO DR,52,N,N,B,-,N,NA,NA,NA,NA,NA,NA,NA,NA,NA,N,3,0,1,2,A,-,09,21804,A,N,A,G,A,B,B,-,C,A,0,NA,Y,NA,NA,Y,Y,L,04,0,1,0,0,0,0,1,0,0,-,-,NA,NA,SAN DIEGO,SAN DIEGO,-117.15345001220705,32.81131362915039
9391486,2021,2022-02-03,3703,2021-10-25,0815,1331,2,1,5,3,3703,0,0,0,NA,0,002,D AV,8TH ST,200,N,N,B,-,N,NA,NA,NA,NA,NA,NA,NA,NA,NA,N,4,0,1,2,A,-,21,22106,NA,N,H,G,A,A,H,-,A,D,0,NA,Y,NA,NA,Y,NA,A,01,0,0,1,0,0,0,1,0,0,-,-,32.690528869628906,-117.17854309082033,SAN DIEGO,CORONADO,-117.17908477783205,32.68973922729492
9391530,2021,2022-01-25,3709,2021-11-05,2130,NC0535,NA,5,5,5,3709,0,0,0,NA,0,023,SWEETWATER RD,SWEETWATER RD 3900,0,NA,Y,A,-,N,NA,NA,NA,NA,NA,NA,NA,NA,NA,N,4,0,1,3,A,-,04,21703,NA,M,C,C,A,A,H,-,C,A,0,NA,NA,NA,NA,Y,NA,A,01,0,0,1,0,0,0,0,0,0,-,-,NA,NA,SAN DIEGO,NATIONAL CITY,-117.01821899414063,32.7439079284668
9391810,2021,2022-01-25,3711,2021-12-30,1602,SD7956,NA,4,5,7,3711,0,0,0,NA,0,527,PACIFIC HWY,W BEACH ST,0,NA,Y,A,-,N,NA,NA,NA,NA,NA,NA,NA,NA,NA,N,3,0,1,2,A,-,10,21950,A,M,G,B,B,A,H,-,A,D,0,Y,NA,NA,NA,Y,Y,-,NA,0,1,0,0,1,0,0,0,0,-,-,NA,NA,SAN DIEGO,SAN DIEGO,-117.1709442138672,32.72090530395508
9392888,2021,2022-01-31,3705,2021-11-19,2350,EC0411,NA,5,5,5,3705,0,0,0,NA,0,003,E WASHINGTON AV,S 3RD,0,NA,Y,A,-,N,NA,NA,NA,NA,NA,NA,NA,NA,NA,Y,4,0,1,2,D,-,00,NA,NA,N,D,C,A,A,H,-,C,-,0,NA,NA,NA,NA,Y,NA,-,-,0,0,1,0,0,0,0,0,0,-,-,NA,NA,SAN DIEGO,EL CAJON,-116.92700958251952,32.787513732910156
93953087,2024,2024-08-29,9680,2024-07-30,1850,022554,NA,2,2,9,3700,0,1,3,NA,1,051,SR-79,AGUANGA RANCHOS RD.,7920,S,N,A,-,Y,SD,NA,79,NA,NA,51.958,H,NA,R,Y,3,0,1,1,A,-,03,22350,NA,N,F,0,A,A,H,-,A,A,0,NA,NA,NA,NA,Y,NA,D,22,0,1,0,0,0,0,0,0,0,-,-,33.41600036621094,-116.82480621337892,SAN DIEGO,UNINCORPORATED,-116.8248291015625,33.41594696044922
9396202,2021,2022-02-04,3702,2021-12-19,1745,CV1018,NA,7,5,6,3702,0,0,0,NA,0,042,OTAY LAKES RD,LA MEDIA RD,0,NA,Y,A,-,N,NA,NA,NA,NA,NA,NA,NA,NA,NA,N,4,0,1,2,D,-,00,NA,NA,N,H,A,A,A,H,-,C,A,0,NA,NA,Y,NA,Y,NA,-,-,0,0,1,0,0,0,0,0,1,-,-,NA,NA,SAN DIEGO,CHULA VISTA,-116.99024200439452,32.63873291015625
9396882,2021,2022-02-08,3700,2021-12-14,0820,SH0013,NA,2,5,4,3780,0,0,0,NA,0,410,POMERADO RD,9TH ST,176,N,N,C,-,N,NA,NA,NA,NA,NA,NA,NA,NA,NA,N,4,0,2,2,A,-,03,22350,NA,N,C,C,A,B,H,-,A,D,0,NA,NA,NA,NA,Y,NA,A,08,0,0,2,0,0,0,0,0,0,-,-,NA,NA,SAN DIEGO,POWAY,-117.06249237060548,32.95922088623047
93996671,2024,2024-08-14,9650,2024-08-04,1850,023467,NA,7,2,9,3700,0,1,3,NA,2,065,SR-76 E/B,I-15,634,W,N,A,-,Y,SD,NA,76,NA,R,17.144,H,NA,R,Y,4,0,1,3,A,-,03,22350,NA,N,C,C,A,A,H,-,A,A,0,NA,NA,NA,NA,Y,NA,A,01,0,0,1,0,0,0,0,0,0,-,-,33.32939910888672,-117.16092681884766,SAN DIEGO,UNINCORPORATED,-117.16099548339844,33.32945251464844
9400701,2022,2022-02-14,3702,2022-01-06,2133,CV1263,NA,4,5,6,3702,0,0,0,NA,0,024,OLYMPIC PKWY,OLEANDER AV,0,NA,Y,A,-,N,NA,NA,NA,NA,NA,NA,NA,NA,NA,Y,4,0,1,2,A,-,07,21658,A,N,B,C,A,A,H,-,C,A,0,NA,NA,NA,NA,Y,NA,A,01,0,0,1,0,0,0,0,0,0,-,-,NA,NA,SAN DIEGO,CHULA VISTA,-117.03327941894533,32.60658645629883
9402455,2022,2022-03-15,3711,2022-01-13,1815,SD7759,NA,4,5,7,3711,0,0,0,NA,0,115,GENESEE AV,NOBEL DR,0,NA,Y,A,-,N,NA,NA,NA,NA,NA,NA,NA,NA,NA,N,3,0,5,5,A,-,12,21453,A,N,D,C,A,A,H,-,A,A,0,NA,NA,NA,NA,Y,NA,A,01,0,1,4,0,0,0,0,0,0,-,-,NA,NA,SAN DIEGO,SAN DIEGO,-117.2136688232422,32.86689376831055
9402706,2021,2022-02-22,3711,2021-11-01,0043,SD6000,NA,1,5,7,3711,0,0,0,NA,0,826,EL CAJON BL,DAYTON ST,6,W,N,A,-,N,NA,NA,NA,NA,NA,NA,NA,NA,NA,Y,2,0,4,1,A,-,08,22107,NA,N,E,I,A,A,H,-,C,D,0,NA,NA,NA,NA,Y,Y,A,01,2,2,0,0,0,0,0,0,0,-,-,NA,NA,SAN DIEGO,SAN DIEGO,-117.0774383544922,32.75811767578125
9403237,2022,2022-02-18,3700,2022-01-28,1834,SH0029,NA,5,5,5,3713,0,0,0,NA,0,303,EAST VISTA WY,TAYLOR ST,0,NA,Y,A,-,N,NA,NA,NA,NA,NA,NA,NA,NA,NA,Y,3,0,1,2,A,-,01,23152,A,N,D,C,A,A,H,-,C,A,0,NA,NA,NA,NA,Y,Y,D,22,0,1,0,0,0,0,0,0,0,-,-,NA,NA,SAN DIEGO,VISTA,-117.22615051269533,33.227081298828125
9403343,2022,2022-03-22,3700,2022-01-21,2140,SH3183,NA,5,5,5,3713,0,0,0,NA,0,310,SANTA FE AV,VISTA VILLAGE DR,0,NA,Y,A,-,N,NA,NA,NA,NA,NA,NA,NA,NA,NA,Y,4,0,1,2,A,-,12,21453,A,M,D,C,A,A,H,-,C,A,0,NA,NA,NA,NA,Y,NA,D,22,0,0,1,0,0,0,0,0,0,-,-,NA,NA,SAN DIEGO,VISTA,-117.243896484375,33.2024040222168
9403738,2022,2022-03-18,3711,2022-02-28,1330,SD7636,NA,1,5,7,3711,0,0,0,NA,0,524,BROADWAY,8TH AV,0,NA,Y,A,-,N,NA,NA,NA,NA,NA,NA,NA,NA,NA,N,3,0,1,2,A,-,08,22101,D,N,G,B,B,A,H,-,A,A,0,Y,NA,NA,NA,Y,NA,A,07,0,1,0,0,1,0,0,0,0,-,-,NA,NA,SAN DIEGO,SAN DIEGO,-117.15740966796876,32.715721130371094
9403799,2022,2022-03-17,3711,2022-03-03,1705,SD1540,NA,4,5,7,3711,0,0,0,NA,0,122,INGRAHAM ST,INGRAHAM ST  4120,0,NA,Y,B,-,N,NA,NA,NA,NA,NA,NA,NA,NA,NA,Y,3,0,1,2,A,-,09,21801,A,N,A,C,A,A,H,-,A,D,0,NA,NA,NA,NA,Y,Y,A,01,0,1,0,0,0,0,0,0,0,-,-,NA,NA,SAN DIEGO,SAN DIEGO,NA,NA
9404537,2022,2022-02-22,3711,2022-02-03,2136,SD1595,NA,4,5,7,3711,0,0,0,NA,0,115,LA JOLLA VILLAGE DR,GENESEE AV,238,W,N,A,-,N,NA,NA,NA,NA,NA,NA,NA,NA,NA,Y,4,0,1,4,A,-,08,22107,NA,N,H,E,A,A,H,-,C,A,0,NA,NA,NA,Y,Y,NA,F,26,0,0,1,0,0,0,0,0,0,-,-,NA,NA,SAN DIEGO,SAN DIEGO,-117.21491241455078,32.872459411621094
9405047,2022,2022-02-22,3711,2022-01-30,1022,SD7953,NA,7,5,7,3711,0,0,0,NA,0,115,LA JOLLA VILLAGE DR,TOWNE CENTRE DR,0,NA,Y,A,-,N,NA,NA,NA,NA,NA,NA,NA,NA,NA,Y,3,0,2,2,A,-,12,21453,A,N,D,C,A,A,H,-,A,A,0,NA,NA,NA,NA,Y,NA,A,01,0,1,1,0,0,0,0,0,0,-,-,NA,NA,SAN DIEGO,SAN DIEGO,-117.20742034912108,32.87410354614258
9406659,2022,2022-03-17,3710,2022-02-14,0733,OC1516,NA,1,5,6,3710,0,0,0,NA,0,011,MISSION AV,AIRPORT RD,0,NA,Y,A,-,N,NA,NA,NA,NA,NA,NA,NA,NA,NA,N,3,0,1,2,A,-,11,21954,A,N,G,B,D,A,H,-,A,A,0,Y,NA,NA,NA,Y,NA,N,60,0,1,0,0,1,0,0,0,0,-,-,NA,NA,SAN DIEGO,OCEANSIDE,-117.34829711914063,33.2133674621582
9406884,2022,2022-03-09,3711,2022-02-20,1929,SD1208,NA,7,5,7,3711,0,0,0,NA,0,725,DENNERY RD,DENNERY RD  450,0,NA,Y,A,-,N,NA,NA,NA,NA,NA,NA,NA,NA,NA,N,4,0,1,2,A,-,08,38314,NA,N,C,C,A,A,H,-,C,D,0,NA,NA,NA,NA,Y,NA,A,01,0,0,1,0,0,0,0,0,0,-,-,NA,NA,SAN DIEGO,SAN DIEGO,NA,NA
9406905,2021,2022-03-08,3711,2021-02-16,0715,SD7437,NA,2,5,7,3711,0,0,0,NA,0,451,COLLEGE GROVE DR,CAMINITO CHOLLAS,500,E,N,A,-,N,NA,NA,NA,NA,NA,NA,NA,NA,NA,Y,4,0,2,2,B,-,22,NA,NA,N,D,C,A,A,H,-,A,D,0,NA,NA,NA,NA,Y,Y,A,01,0,0,2,0,0,0,0,0,0,-,-,NA,NA,SAN DIEGO,SAN DIEGO,-117.0700225830078,32.73514175415039
9407523,2022,2022-03-10,3702,2022-02-11,1947,CV1377,NA,5,5,6,3702,0,0,0,NA,0,023,ORANGE AV,3RD AV,656,W,N,A,-,N,NA,NA,NA,NA,NA,NA,NA,NA,NA,Y,4,0,2,2,A,-,08,22107,NA,N,D,C,A,A,H,-,C,D,0,NA,NA,NA,NA,Y,NA,A,01,0,0,2,0,0,0,0,0,0,-,-,NA,NA,SAN DIEGO,CHULA VISTA,-117.06661224365234,32.60200881958008
94086989,2024,2024-08-12,9645,2024-08-02,1350,023233,NA,5,1,6,3702,0,1,1,NA,2,009,INTERSTATE 5 SOUTHBOUND,MAIN STREET,217,N,N,A,-,Y,SD,NA,805,NA,NA,3.807,H,NA,L,Y,4,0,1,2,A,-,03,22350,NA,N,C,C,A,A,H,-,A,D,0,NA,NA,NA,NA,Y,NA,A,01,0,0,1,0,0,0,0,0,0,-,-,32.59695816040039,-117.03652954101563,SAN DIEGO,CHULA VISTA,-117.03647613525392,32.596961975097656
9410681,2022,2022-02-16,3711,2022-01-17,0316,SD1026,NA,1,5,7,3711,0,0,0,NA,0,323,ADOBE FALLS RD,ALVARADO CANYON RD,0,NA,Y,A,-,N,NA,NA,NA,NA,NA,NA,NA,NA,NA,N,3,0,1,2,A,-,12,22450,A,M,G,B,B,A,H,-,C,D,0,Y,NA,NA,NA,Y,Y,-,99,0,1,0,0,1,0,0,0,0,-,-,NA,NA,SAN DIEGO,SAN DIEGO,-117.0864486694336,32.78285217285156
9410682,2022,2022-02-16,3711,2022-01-19,1348,SD6564,NA,3,5,7,3711,0,0,0,NA,0,625,SAN DIEGO AV,CONDE ST,0,NA,Y,A,-,N,NA,NA,NA,NA,NA,NA,NA,NA,NA,N,4,0,1,2,A,-,10,21950,A,N,G,B,B,A,H,-,A,A,0,Y,NA,NA,NA,Y,NA,A,01,0,0,1,0,1,0,0,0,0,-,-,NA,NA,SAN DIEGO,SAN DIEGO,-117.1939697265625,32.752197265625
9411318,2022,2022-03-09,3711,2022-02-15,1610,SD8404,NA,2,5,7,3711,0,0,0,NA,0,624,WASHINGTON AV,POLK AV,0,NA,Y,C,-,N,NA,NA,NA,NA,NA,NA,NA,NA,NA,N,3,0,2,2,A,-,09,21802,B,N,A,C,A,B,H,-,A,A,0,NA,NA,NA,NA,Y,NA,A,01,0,1,1,0,0,0,0,0,0,-,-,NA,NA,SAN DIEGO,SAN DIEGO,-117.14759063720705,32.75276565551758
9411455,2022,2022-02-28,3702,2022-02-04,2155,CV1311,NA,5,5,6,3702,0,0,0,NA,0,012,H ST,BAY BL,345,E,N,A,-,N,NA,NA,NA,NA,NA,NA,NA,NA,NA,N,4,0,1,2,A,-,03,22350,NA,N,C,C,A,A,H,-,C,A,0,NA,NA,Y,NA,Y,Y,D,22,0,0,1,0,0,0,0,0,1,-,-,NA,NA,SAN DIEGO,CHULA VISTA,-117.09558868408205,32.62924575805664
9411644,2022,2022-02-16,3711,2022-01-30,1430,SD7024,NA,7,5,7,3711,0,0,0,NA,0,524,10TH AV,A ST,0,NA,Y,A,-,N,NA,NA,NA,NA,NA,NA,NA,NA,NA,N,3,0,2,2,A,-,12,21453,A,N,D,C,A,A,H,-,A,A,0,NA,NA,NA,NA,Y,NA,A,01,0,1,1,0,0,0,0,0,0,-,-,NA,NA,SAN DIEGO,SAN DIEGO,-117.15561676025392,32.7188606262207
9411844,2022,2022-02-23,3702,2022-02-03,1415,CV1253,NA,4,5,6,3702,0,0,0,NA,0,031,TELEGRAPH CANYON RD,PASEO LADERA,414,E,N,A,-,N,NA,NA,NA,NA,NA,NA,NA,NA,NA,Y,4,0,2,2,A,-,03,22350,NA,N,C,C,A,A,H,-,A,A,0,NA,NA,NA,NA,Y,NA,A,07,0,0,2,0,0,0,0,0,0,-,-,NA,NA,SAN DIEGO,CHULA VISTA,-117.01927185058594,32.623470306396484
9411847,2022,2022-02-24,3711,2022-02-04,1931,SD5958,NA,5,5,7,3711,0,0,0,NA,0,242,SCRIPPS POWAY PKWY,RT 15,0,NA,Y,A,-,N,NA,NA,NA,NA,NA,NA,NA,NA,NA,N,4,0,1,2,A,-,09,21453,C,N,D,D,A,-,H,-,C,A,0,NA,NA,NA,NA,Y,NA,-,NA,0,0,1,0,0,0,0,0,0,-,NO,NA,NA,SAN DIEGO,SAN DIEGO,NA,NA
9411852,2022,2022-02-24,3711,2022-02-03,1530,SD7789,NA,4,5,7,3711,0,0,0,NA,0,931,MIRAMAR RD,MIRAMAR MALL,25,W,N,A,-,N,NA,NA,NA,NA,NA,NA,NA,NA,NA,Y,4,0,2,2,A,-,03,22350,NA,N,C,C,A,A,H,-,A,A,0,NA,NA,NA,NA,Y,NA,A,01,0,0,2,0,0,0,0,0,0,-,-,NA,NA,SAN DIEGO,SAN DIEGO,-117.18280792236328,32.877017974853516
9411897,2021,2022-02-23,3700,2021-12-26,1732,SH0029,NA,7,5,5,3713,0,0,0,NA,0,309,OLIVE AV,MARYLAND DR,711,E,N,A,-,N,NA,NA,NA,NA,NA,NA,NA,NA,NA,Y,4,0,1,2,A,-,01,23152,A,F,C,C,A,A,H,-,C,D,0,NA,NA,NA,NA,Y,Y,A,01,0,0,1,0,0,0,0,0,0,-,-,NA,NA,SAN DIEGO,VISTA,-117.25740051269533,33.204689025878906
9412026,2022,2022-02-23,3702,2022-01-31,1815,CV1380,NA,1,5,6,3702,0,0,0,NA,0,022,4TH AV,NAPLES ST,0,NA,Y,B,-,N,NA,NA,NA,NA,NA,NA,NA,NA,NA,Y,4,0,2,2,A,-,09,21801,A,N,D,C,A,A,H,-,C,A,0,NA,NA,NA,NA,Y,NA,A,07,0,0,2,0,0,0,0,0,0,-,-,NA,NA,SAN DIEGO,CHULA VISTA,-117.07317352294922,32.61250686645508
9412426,2022,2022-03-01,3711,2022-02-13,0132,SD1525,NA,7,5,7,3711,0,0,0,NA,0,122,GRAND AV,MISSION BL,172,W,N,A,-,N,NA,NA,NA,NA,NA,NA,NA,NA,NA,N,3,0,1,4,A,-,08,22107,NA,M,-,-,-,A,H,-,C,-,0,Y,NA,NA,NA,Y,NA,A,07,0,1,0,0,1,0,0,0,0,-,-,NA,NA,SAN DIEGO,SAN DIEGO,-117.25546264648438,32.79458999633789
9412434,2022,2022-03-01,3711,2022-02-13,1811,SD7359,NA,7,5,7,3711,0,0,0,NA,0,327,COLLEGE AV,ZURA WY,0,NA,Y,A,-,N,NA,NA,NA,NA,NA,NA,NA,NA,NA,N,4,0,1,2,A,-,08,38314,NA,N,A,C,A,A,H,-,C,D,0,NA,NA,NA,NA,Y,NA,A,01,0,0,1,0,0,0,0,0,0,-,-,NA,NA,SAN DIEGO,SAN DIEGO,-117.06826782226563,32.773921966552734
9412771,2022,2022-02-28,3709,2022-01-29,1703,NC0533,NA,6,5,5,3709,0,0,0,NA,0,021,DIVISION ST,N T AV,0,NA,Y,A,-,N,NA,NA,NA,NA,NA,NA,NA,NA,NA,Y,4,0,4,2,A,-,08,22107,NA,N,D,C,A,A,H,-,A,A,0,NA,NA,NA,NA,Y,NA,A,01,0,0,4,0,0,0,0,0,0,-,-,NA,NA,SAN DIEGO,NATIONAL CITY,-117.08888244628906,32.688514709472656
9413033,2022,2022-03-14,3711,2022-02-17,1730,SD8861,NA,4,5,7,3711,0,0,0,NA,0,516,MARKET ST,32ND ST,20,E,N,A,-,N,NA,NA,NA,NA,NA,NA,NA,NA,NA,Y,4,0,3,2,A,C,09,21801,A,N,B,C,A,A,-,-,A,A,0,NA,NA,NA,NA,Y,NA,A,01,0,0,3,0,0,0,0,0,0,-,-,NA,NA,SAN DIEGO,SAN DIEGO,-117.12520599365234,32.71167755126953
9413636,2022,2022-04-12,3711,2022-03-18,2124,SD6513,NA,5,5,7,3711,0,0,0,NA,0,514,25TH ST,25TH ST 600 BLK,6,W,N,A,-,Y,SD,11,94,-,-,1.941,R,4,E,Y,4,0,1,2,A,-,03,22350,NA,N,C,C,A,A,H,-,C,A,0,NA,NA,NA,NA,Y,Y,D,22,0,0,1,0,0,0,0,0,0,-,-,NA,NA,SAN DIEGO,SAN DIEGO,-117.13870239257813,32.713104248046875
9414213,2022,2022-03-16,3700,2022-02-22,1410,SH0190,NA,2,5,5,3781,0,0,0,NA,0,519,MISSION GORGE RD,EDGEMOOR DR,0,NA,Y,C,-,N,NA,NA,NA,NA,NA,NA,NA,NA,NA,N,4,0,1,2,D,-,00,NA,NA,N,A,C,A,B,H,-,A,A,0,NA,NA,NA,NA,Y,NA,-,-,0,0,1,0,0,0,0,0,0,-,-,NA,NA,SAN DIEGO,SANTEE,-116.97017669677734,32.8384895324707
9415197,2022,2022-03-09,3710,2022-01-12,0808,OC1488,NA,3,5,6,3710,0,0,0,NA,0,006,CIVIC CENTER DR,N WEITZEL ST,150,E,N,A,-,N,NA,NA,NA,NA,NA,NA,NA,NA,NA,Y,4,0,1,2,A,-,08,22107,NA,N,C,E,A,A,H,-,A,D,0,NA,NA,NA,NA,Y,NA,A,01,0,0,1,0,0,0,0,0,0,-,-,NA,NA,SAN DIEGO,OCEANSIDE,-117.37558746337892,33.20078659057617
9415303,2022,2022-03-01,3710,2022-01-28,1345,OC1443,NA,5,5,6,3710,0,0,0,NA,0,035,MESA DR,ROBINWOOD DR,0,NA,Y,A,-,N,NA,NA,NA,NA,NA,NA,NA,NA,NA,Y,3,0,2,2,A,-,12,21453,A,N,D,C,A,A,H,-,A,A,0,NA,NA,NA,NA,Y,NA,A,01,0,1,1,0,0,0,0,0,0,-,-,NA,NA,SAN DIEGO,OCEANSIDE,-117.27767944335938,33.23892593383789
9415814,2021,2022-03-24,3702,2021-12-29,1439,CV1247,NA,3,5,6,3702,0,0,0,NA,0,041,EAST PALOMAR ST,MEDICAL CENTER CT,0,NA,Y,B,-,N,NA,NA,NA,NA,NA,NA,NA,NA,NA,Y,4,0,1,2,A,-,12,21453,A,N,D,C,A,B,H,-,A,A,0,NA,NA,NA,NA,Y,NA,D,22,0,0,1,0,0,0,0,0,0,-,-,NA,NA,SAN DIEGO,CHULA VISTA,-117.0205078125,32.61540603637695