CASE_ID,ACCIDENT_YEAR,PROC_DATE,JURIS,COLLISION_DATE,COLLISION_TIME,OFFICER_ID,REPORTING_DISTRICT,DAY_OF_WEEK,CHP_SHIFT,POPULATION,CNTY_CITY_LOC,SPECIAL_COND,BEAT_TYPE,CHP_BEAT_TYPE,CITY_DIVISION_LAPD,CHP_BEAT_CLASS,BEAT_NUMBER,PRIMARY_RD,SECONDARY_RD,DISTANCE,DIRECTION,INTERSECTION,WEATHER_1,WEATHER_2,STATE_HWY_IND,CALTRANS_COUNTY,CALTRANS_DISTRICT,STATE_ROUTE,ROUTE_SUFFIX,POSTMILE_PREFIX,POSTMILE,LOCATION_TYPE,RAMP_INTERSECTION,SIDE_OF_HWY,TOW_AWAY,COLLISION_SEVERITY,NUMBER_KILLED,NUMBER_INJURED,PARTY_COUNT,PRIMARY_COLL_FACTOR,PCF_CODE_OF_VIOL,PCF_VIOL_CATEGORY,PCF_VIOLATION,PCF_VIOL_SUBSECTION,HIT_AND_RUN,TYPE_OF_COLLISION,MVIW,PED_ACTION,ROAD_SURFACE,ROAD_COND_1,ROAD_COND_2,LIGHTING,CONTROL_DEVICE,CHP_ROAD_TYPE,PEDESTRIAN_ACCIDENT,BICYCLE_ACCIDENT,MOTORCYCLE_ACCIDENT,TRUCK_ACCIDENT,NOT_PRIVATE_PROPERTY,ALCOHOL_INVOLVED,STWD_VEHTYPE_AT_FAULT,CHP_VEHTYPE_AT_FAULT,COUNT_SEVERE_INJ,COUNT_VISIBLE_INJ,COUNT_COMPLAINT_PAIN,COUNT_PED_KILLED,COUNT_PED_INJURED,COUNT_BICYCLIST_KILLED,COUNT_BICYCLIST_INJURED,COUNT_MC_KILLED,COUNT_MC_INJURED,PRIMARY_RAMP,SECONDARY_RAMP,LATITUDE,LONGITUDE,COUNTY,CITY,POINT_X,POINT_Y
9531187,2022,2022-12-22,3709,2022-11-10,0745,NC0515,NA,4,5,5,3709,0,0,0,NA,0,024,D AV,EAST 24TH ST,0,NA,Y,A,-,N,NA,NA,NA,NA,NA,NA,NA,NA,NA,Y,3,0,2,3,A,-,10,21950,A,N,G,B,B,A,H,-,A,A,0,Y,NA,NA,NA,Y,NA,A,01,0,1,1,0,2,0,0,0,0,-,-,NA,NA,SAN DIEGO,NATIONAL CITY,-117.0974349975586,32.663185119628906
9531640,2022,2022-11-18,3711,2022-10-20,1904,1309,SDSU,4,5,7,3711,0,0,0,NA,0,00W,AZTEC CIRCLE DR,CANYON CREST DR,197,S,N,A,-,N,NA,NA,NA,NA,NA,NA,NA,NA,NA,Y,3,0,1,2,A,-,08,22107,NA,N,B,C,A,A,E,-,C,D,0,NA,NA,NA,NA,Y,NA,A,01,0,1,0,0,0,0,0,0,0,-,-,32.77708053588867,-117.07473754882813,SAN DIEGO,SAN DIEGO,-117.06975555419922,32.77805709838867
9532927,2022,2022-12-16,3711,2022-11-11,0627,SD7406,NA,5,5,7,3711,0,0,0,NA,0,613,WEST POINT LOMA BL,MONTALVO ST,0,NA,N,A,-,N,NA,NA,NA,NA,NA,NA,NA,NA,NA,N,4,0,1,2,A,-,08,22107,NA,N,B,C,A,A,H,-,A,D,0,NA,NA,NA,NA,Y,NA,A,01,0,0,1,0,0,0,0,0,0,-,-,NA,NA,SAN DIEGO,SAN DIEGO,-117.23509216308594,32.75166702270508
9532989,2022,2022-11-23,3711,2022-11-10,1535,SD1604,NA,4,5,7,3711,0,0,0,NA,0,234,RANCHO BERNARDO RD,MATINAL RD,0,NA,Y,A,-,N,NA,NA,NA,NA,NA,NA,NA,NA,NA,Y,4,0,1,3,A,-,12,21453,A,N,A,C,A,A,H,-,A,A,0,NA,NA,NA,NA,Y,Y,A,01,0,0,1,0,0,0,0,0,0,-,-,NA,NA,SAN DIEGO,SAN DIEGO,-117.09220886230467,33.024295806884766
9533571,2023,2023-02-15,3710,2023-01-11,1800,OC1544,NA,3,5,6,3710,0,0,0,NA,0,030,PLAZA DR,COLLEGE BL,0,NA,Y,A,-,N,NA,NA,NA,NA,NA,NA,NA,NA,NA,Y,3,0,2,2,B,-,22,NA,NA,N,C,C,A,A,H,-,C,A,0,NA,NA,NA,NA,Y,NA,A,01,0,1,1,0,0,0,0,0,0,-,-,NA,NA,SAN DIEGO,OCEANSIDE,-117.29637145996094,33.182037353515625
9533578,2023,2023-02-15,3711,2023-01-16,1230,SD1754,NA,1,5,7,3711,0,0,0,NA,0,113,BALBOA AV,SANTA FE ST,100,E,N,A,-,N,NA,NA,NA,NA,NA,NA,NA,NA,NA,N,3,0,1,2,A,-,06,21755,A,N,B,G,A,A,H,-,A,D,0,NA,Y,NA,NA,Y,Y,L,04,0,1,0,0,0,0,1,0,0,-,-,NA,NA,SAN DIEGO,SAN DIEGO,-117.21484375,32.80704879760742
9533616,2023,2023-02-16,3703,2023-01-11,1813,1300,3,3,5,3,3703,0,0,0,NA,0,003,STRAND WY,AVENIDA DEL SOL,0,NA,Y,A,-,N,NA,NA,NA,NA,NA,NA,NA,NA,NA,N,3,0,1,2,A,-,09,21801,A,N,H,G,A,A,H,-,C,D,0,NA,Y,NA,NA,Y,NA,A,01,0,1,0,0,0,0,1,0,0,-,-,32.67955017089844,-117.17559814453124,SAN DIEGO,CORONADO,-117.17562103271484,32.679683685302734
9534058,2022,2023-01-27,3705,2022-11-29,1506,EC0431,NA,2,5,5,3705,0,0,0,NA,0,003,GRANITE HILLS DR,VALLEY VIEW BL,0,NA,Y,A,-,N,NA,NA,NA,NA,NA,NA,NA,NA,NA,Y,4,0,2,2,A,-,09,21800,A,N,D,C,A,A,H,-,A,D,0,NA,NA,NA,NA,Y,NA,A,01,0,0,2,0,0,0,0,0,0,-,-,NA,NA,SAN DIEGO,EL CAJON,-116.91163635253906,32.797637939453125
9534743,2022,2023-02-01,3711,2022-12-20,1300,SD1301,NA,2,5,7,3711,0,0,0,NA,0,311,MURRAY RIDGE RD,FIRESIDE AV 8600,0,NA,N,A,-,N,NA,NA,NA,NA,NA,NA,NA,NA,NA,Y,4,0,1,2,A,-,09,21804,B,N,B,C,A,A,H,-,A,D,0,NA,NA,NA,NA,Y,NA,A,01,0,0,1,0,0,0,0,0,0,-,-,NA,NA,SAN DIEGO,SAN DIEGO,-117.14344024658205,32.79635238647461
9535158,2022,2023-02-09,3705,2022-12-12,1829,EC0421,NA,1,5,5,3705,0,0,0,NA,0,001,FLETCHER PKWY,N MAGNOLIA AV,0,NA,Y,A,-,N,NA,NA,NA,NA,NA,NA,NA,NA,NA,N,4,0,1,2,A,-,11,21456,B,N,G,B,B,B,H,-,C,A,0,Y,NA,NA,NA,Y,NA,N,60,0,0,1,0,1,0,0,0,0,-,-,NA,NA,SAN DIEGO,EL CAJON,-116.96436309814452,32.80778884887695
9535443,2022,2023-02-06,3702,2022-12-12,1630,CV1303,NA,1,5,6,3702,0,0,0,NA,0,013,BROADWAY,I ST,131,S,N,B,-,N,NA,NA,NA,NA,NA,NA,NA,NA,NA,Y,3,0,2,2,A,-,08,22107,NA,N,D,C,A,A,H,-,B,D,0,NA,NA,NA,NA,Y,NA,A,07,0,1,1,0,0,0,0,0,0,-,-,NA,NA,SAN DIEGO,CHULA VISTA,-117.08796691894533,32.62715148925781
9536367,2022,2023-01-20,3710,2022-12-03,1710,OC1530,NA,6,5,6,3710,0,0,0,NA,0,014,RT 76,BENET RD,1320,W,N,A,-,Y,SD,11,76,-,R,1.52,H,-,W,N,4,0,1,2,A,-,04,21703,NA,N,C,C,A,A,H,-,C,A,0,NA,NA,NA,NA,Y,NA,A,01,0,0,1,0,0,0,0,0,0,-,-,NA,NA,SAN DIEGO,OCEANSIDE,-117.36141204833984,33.21384048461914
9536522,2022,2023-01-25,3700,2022-12-30,1500,SH2659,NA,5,5,5,3713,0,0,0,NA,0,308,SYCAMORE AV,RT 78,29,NA,N,A,-,Y,SD,11,76,-,-,9.233,R,2,W,N,4,0,1,2,A,-,05,21650,1,M,D,G,A,A,H,-,A,A,0,NA,Y,NA,NA,Y,NA,L,04,0,0,1,0,0,0,1,0,0,-,WF,NA,NA,SAN DIEGO,VISTA,-117.24069213867188,33.25495910644531
9536577,2022,2023-01-24,3700,2022-08-23,1647,SH0141,NA,2,5,5,3712,0,0,0,NA,0,360,SOUTH TWIN OAKS VALLEY RD,CHANCELLOR CT,91,N,N,A,-,N,NA,NA,NA,NA,NA,NA,NA,NA,NA,N,4,0,1,4,A,-,03,22350,NA,N,C,C,A,A,H,-,A,A,0,NA,NA,NA,Y,Y,NA,F,26,0,0,1,0,0,0,0,0,0,-,-,NA,NA,SAN DIEGO,SAN MARCOS,-117.16482543945313,33.12981414794922
9536790,2022,2022-12-13,3710,2022-06-05,1818,OC1524,NA,7,5,6,3710,0,0,0,NA,0,016,LOS ARBOLITOS BL,PEACH TREE WY,53,S,N,A,-,N,NA,NA,NA,NA,NA,NA,NA,NA,NA,N,4,0,1,2,A,-,00,23103,A,F,B,C,A,A,H,-,A,D,0,NA,NA,NA,NA,Y,NA,-,NA,0,0,1,0,0,0,0,0,0,-,-,NA,NA,SAN DIEGO,OCEANSIDE,-117.3376007080078,33.23283386230469
9537315,2022,2022-12-16,3708,2022-10-24,2033,LM1303,NA,1,5,5,3708,0,0,0,NA,0,001,PARKS AV,ROSEBUD LN,0,NA,Y,A,-,N,NA,NA,NA,NA,NA,NA,NA,NA,NA,Y,4,0,1,2,A,-,01,23152,A,N,D,C,A,A,H,-,C,D,0,NA,NA,NA,NA,Y,Y,A,01,0,0,1,0,0,0,0,0,0,-,-,NA,NA,SAN DIEGO,LA MESA,NA,NA
9537488,2022,2023-02-03,3711,2022-12-14,1926,SD1642,NA,3,5,7,3711,0,0,0,NA,0,115,EASTGATE MALL,TOWNE CENTRE DR,0,NA,Y,A,-,N,NA,NA,NA,NA,NA,NA,NA,NA,NA,Y,3,0,1,2,A,-,01,23152,A,N,C,E,A,A,H,-,C,D,0,NA,NA,NA,Y,Y,Y,A,01,0,1,0,0,0,0,0,0,0,-,-,NA,NA,SAN DIEGO,SAN DIEGO,-117.20789337158205,32.87928771972656
9538294,2022,2023-01-17,3711,2022-12-09,2112,HB5938,NA,5,5,7,3711,0,0,0,NA,0,550,SCOTT ST,FENELON ST,0,NA,Y,A,-,N,NA,NA,NA,NA,NA,NA,NA,NA,NA,Y,2,0,1,2,A,-,01,23153,A,N,C,G,A,A,H,-,C,D,0,NA,Y,NA,NA,Y,Y,A,01,1,0,0,0,0,0,1,0,0,-,-,NA,NA,SAN DIEGO,SAN DIEGO,-117.22785949707033,32.724361419677734
9538318,2022,2023-01-19,3711,2022-12-24,2113,SD1702,NA,6,5,7,3711,0,0,0,NA,0,628,INDIA ST,REDWOOD ST,0,NA,Y,A,-,N,NA,NA,NA,NA,NA,NA,NA,NA,NA,N,4,0,2,2,A,-,09,21802,B,N,D,C,A,A,H,-,C,A,0,NA,NA,NA,NA,Y,NA,A,01,0,0,2,0,0,0,0,0,0,-,-,NA,NA,SAN DIEGO,SAN DIEGO,-117.17454528808594,32.73563766479492
9539758,2022,2023-02-06,3711,2022-12-16,0911,SD6834,NA,5,5,7,3711,0,0,0,NA,0,931,CAROLL CANYON RD,RT 805,0,NA,Y,A,-,Y,SD,11,805,-,-,24.404,R,4,N,N,4,0,1,2,A,-,12,21453,A,N,D,C,A,A,H,-,A,A,0,NA,NA,NA,NA,Y,NA,A,01,0,0,1,0,0,0,0,0,0,-,NF,NA,NA,SAN DIEGO,SAN DIEGO,-117.18401336669922,32.85740280151367
9540224,2023,2023-02-17,3711,2023-01-13,1814,SD4310,NA,5,5,7,3711,0,0,0,NA,0,122,MISSION BAY DR,GLENDORA ST,190,S,N,A,-,N,NA,NA,NA,NA,NA,NA,NA,NA,NA,Y,4,0,1,3,A,-,03,22350,NA,N,C,C,A,A,H,-,C,D,0,NA,NA,NA,NA,Y,NA,A,01,0,0,1,0,0,0,0,0,0,-,-,NA,NA,SAN DIEGO,SAN DIEGO,-117.214599609375,32.80134582519531
9540232,2023,2023-02-17,3711,2023-01-14,1315,SD1810,NA,6,5,7,3711,0,0,0,NA,0,622,LINDA VISTA RD,COLUSA ST,0,NA,Y,B,C,N,NA,NA,NA,NA,NA,NA,NA,NA,NA,Y,3,0,3,2,A,-,12,21453,A,N,D,C,A,B,H,-,A,A,0,NA,NA,NA,NA,Y,NA,A,01,0,1,2,0,0,0,0,0,0,-,-,NA,NA,SAN DIEGO,SAN DIEGO,-117.19103240966795,32.769073486328125
9541168,2022,2023-01-25,3710,2022-12-28,1501,OC1492,NA,3,5,6,3710,0,0,0,NA,0,013,IVY RD,AVOCADO RD,210,W,N,A,-,N,NA,NA,NA,NA,NA,NA,NA,NA,NA,Y,3,0,1,1,A,-,01,23152,A,N,F,A,A,A,H,-,A,D,0,NA,NA,Y,NA,Y,Y,C,02,0,1,0,0,0,0,0,0,1,-,-,NA,NA,SAN DIEGO,OCEANSIDE,-117.34223175048828,33.183799743652344
9541180,2022,2023-01-19,3705,2022-10-04,1414,EC0397,NA,2,5,5,3705,0,0,0,NA,0,002,E MADISON AV,N 1ST ST,193,E,N,A,-,N,NA,NA,NA,NA,NA,NA,NA,NA,NA,N,4,0,1,2,A,-,03,22350,NA,N,C,C,A,A,H,-,A,A,0,NA,NA,NA,NA,Y,NA,A,01,0,0,1,0,0,0,0,0,0,-,-,NA,NA,SAN DIEGO,EL CAJON,-116.94398498535156,32.800140380859375
9541226,2023,2023-02-24,3711,2023-01-05,1843,SD1588,NA,4,5,7,3711,0,0,0,NA,0,824,FAIRMOUNT AV,MONTEZUMA RD,0,NA,Y,B,-,N,NA,NA,NA,NA,NA,NA,NA,NA,NA,Y,4,0,1,1,B,-,22,NA,NA,N,E,J,A,B,H,-,C,D,0,NA,NA,NA,NA,Y,NA,A,01,0,0,1,0,0,0,0,0,0,-,-,NA,NA,SAN DIEGO,SAN DIEGO,-117.09698486328124,32.772403717041016
9541264,2022,2023-01-30,3702,2022-12-01,1558,CV0790,NA,4,5,6,3702,0,0,0,NA,0,022,3RD AV,NAPLES ST,0,NA,Y,A,-,N,NA,NA,NA,NA,NA,NA,NA,NA,NA,Y,4,0,1,2,A,-,08,22107,NA,N,D,C,A,A,H,-,B,D,0,NA,NA,NA,NA,Y,NA,A,01,0,0,1,0,0,0,0,0,0,-,-,NA,NA,SAN DIEGO,CHULA VISTA,-117.069091796875,32.613677978515625
9541962,2022,2023-02-02,3705,2022-12-07,2128,EC0443,NA,3,5,5,3705,0,0,0,NA,0,003,JAMACHA,LEXINGTON AV,50,S,N,A,-,N,NA,NA,NA,NA,NA,NA,NA,NA,NA,Y,4,0,2,2,A,-,01,23152,B,N,D,C,A,A,H,-,C,B,0,NA,NA,NA,NA,Y,Y,A,01,0,0,2,0,0,0,0,0,0,-,-,NA,NA,SAN DIEGO,EL CAJON,-116.93350219726563,32.792415618896484
9542316,2022,2023-01-13,3700,2022-12-07,0850,SH3684,NA,3,5,5,3713,0,0,0,NA,0,307,FOOTHILL DR,TERRACE DR,39,N,N,A,-,N,NA,NA,NA,NA,NA,NA,NA,NA,NA,Y,4,0,1,3,A,-,03,22350,NA,N,C,C,A,A,H,-,A,D,0,NA,NA,NA,NA,Y,NA,A,01,0,0,1,0,0,0,0,0,0,-,-,NA,NA,SAN DIEGO,VISTA,-117.20806884765624,33.20708084106445
9542346,2022,2023-02-04,3711,2022-12-21,1654,SD6882,NA,3,5,7,3711,0,0,0,NA,0,122,GRAND AV,GRAND AV 1000,0,NA,N,A,-,N,NA,NA,NA,NA,NA,NA,NA,NA,NA,N,4,0,1,2,A,-,11,21950,B,N,D,G,A,A,H,-,C,A,0,NA,Y,NA,NA,Y,NA,L,04,0,0,1,0,0,0,1,0,0,-,-,NA,NA,SAN DIEGO,SAN DIEGO,-117.23480224609376,32.79918670654297
9542360,2022,2023-02-04,3711,2022-12-18,1444,SD4310,NA,7,5,7,3711,0,0,0,NA,0,529,IVY ST,1ST AV,0,NA,Y,A,-,N,NA,NA,NA,NA,NA,NA,NA,NA,NA,Y,4,0,1,2,A,-,09,21802,A,N,D,C,A,A,H,-,A,A,0,NA,NA,NA,NA,Y,NA,A,01,0,0,1,0,0,0,0,0,0,-,-,NA,NA,SAN DIEGO,SAN DIEGO,-117.1639404296875,32.728248596191406
9542708,2022,2023-01-19,3709,2022-12-07,2000,NC0528,NA,3,5,5,3709,0,0,0,NA,0,020,EAST 8TH ST,NATIONAL CITY BL,0,NA,Y,A,-,N,NA,NA,NA,NA,NA,NA,NA,NA,NA,N,4,0,1,2,A,-,17,22109,NA,N,C,C,A,A,H,-,C,A,0,NA,NA,NA,NA,Y,Y,A,01,0,0,1,0,0,0,0,0,0,-,-,NA,NA,SAN DIEGO,NATIONAL CITY,-117.10692596435548,32.67584228515625
9542719,2022,2023-01-19,3711,2022-12-16,1447,SD1569,NA,5,5,7,3711,0,0,0,NA,0,234,POMERADO RD,GREEN EAST RD,0,NA,Y,A,-,N,NA,NA,NA,NA,NA,NA,NA,NA,NA,N,3,0,1,2,A,-,10,21950,A,N,G,B,B,A,H,-,A,A,0,Y,NA,NA,NA,Y,NA,-,NA,0,1,0,0,1,0,0,0,0,-,-,NA,NA,SAN DIEGO,SAN DIEGO,-117.0595474243164,33.02876663208008
9543454,2022,2023-02-02,3711,2022-12-27,1400,SD1605,NA,2,5,7,3711,0,0,0,NA,0,124,LA JOLLA BL,RIVANA ST,0,NA,Y,A,B,N,NA,NA,NA,NA,NA,NA,NA,NA,NA,NA,3,0,1,2,A,-,11,21954,A,N,G,B,D,-,H,-,A,D,0,Y,NA,NA,NA,Y,NA,N,60,0,1,0,0,1,0,0,0,0,-,-,NA,NA,SAN DIEGO,SAN DIEGO,NA,NA
9543528,2022,2023-01-20,3711,2022-10-28,0722,SD7639,NA,5,5,7,3711,0,0,0,NA,0,433,IMPERIAL AV,5 FT EAST OF 200 54TH STREET,0,NA,N,A,-,N,NA,NA,NA,NA,NA,NA,NA,NA,NA,N,4,0,1,2,A,-,08,22107,NA,N,G,-,B,A,H,-,A,A,0,Y,NA,NA,NA,Y,Y,A,01,0,0,1,0,1,0,0,0,0,-,-,NA,NA,SAN DIEGO,SAN DIEGO,-117.07878112792967,32.70708084106445
9543818,2022,2023-02-08,3710,2022-12-27,1905,OC1538,NA,2,5,6,3710,0,0,0,NA,0,028,OLIVE DR,JOANN DR,13,E,N,C,-,N,NA,NA,NA,NA,NA,NA,NA,NA,NA,N,4,0,1,2,A,-,03,22350,NA,F,C,C,A,B,H,-,C,A,0,NA,NA,NA,NA,Y,NA,D,22,0,0,1,0,0,0,0,0,0,-,-,NA,NA,SAN DIEGO,OCEANSIDE,-117.28421783447266,33.204063415527344
9544114,2023,2023-02-02,3711,2023-01-05,1712,SD1772,NA,4,5,7,3711,0,0,0,NA,0,114,CLAIREMONT MESA BL,FRINK AV,0,NA,Y,B,-,N,NA,NA,NA,NA,NA,NA,NA,NA,NA,Y,4,0,2,2,A,-,08,22107,NA,N,D,C,A,B,H,-,C,A,0,NA,NA,NA,NA,Y,Y,A,01,0,0,2,0,0,0,0,0,0,-,-,NA,NA,SAN DIEGO,SAN DIEGO,-117.19155120849608,32.83443832397461
9544403,2023,2023-02-16,3711,2023-01-21,1743,SD1066,NA,6,5,7,3711,0,0,0,NA,0,115,LA JOLLA VILLAGE DR,TOWNE CENTER DR,300,E,N,A,-,N,NA,NA,NA,NA,NA,NA,NA,NA,NA,Y,4,0,3,2,A,-,03,22350,NA,N,C,C,A,A,H,-,C,B,0,NA,NA,NA,NA,Y,NA,A,01,0,0,3,0,0,0,0,0,0,-,-,NA,NA,SAN DIEGO,SAN DIEGO,-117.20645904541016,32.874229431152344
9544639,2022,2023-02-06,3700,2022-12-09,0809,SH3871,NA,5,5,4,3780,0,0,0,NA,0,410,TWIN PEAKS RD,TWIN CIRCLE WY,0,NA,Y,A,-,N,NA,NA,NA,NA,NA,NA,NA,NA,NA,Y,3,0,1,2,A,-,03,22350,NA,N,C,C,A,A,H,-,A,D,0,NA,NA,NA,NA,Y,NA,A,01,0,1,0,0,0,0,0,0,0,-,-,NA,NA,SAN DIEGO,POWAY,-117.04442596435548,32.97533416748047
9544826,2023,2023-03-04,3711,2023-01-25,2300,SD8404,NA,3,5,7,3711,0,0,0,NA,0,611,ROSECRANS ST,CAMINO DEL RIO W,0,NA,Y,B,-,N,NA,NA,NA,NA,NA,NA,NA,NA,NA,Y,3,0,1,2,A,-,08,22107,NA,N,D,C,A,A,H,-,C,A,0,NA,NA,NA,NA,Y,Y,A,01,0,1,0,0,0,0,0,0,0,-,-,NA,NA,SAN DIEGO,SAN DIEGO,-117.20494079589844,32.751529693603516
9544886,2023,2023-02-09,3711,2023-01-29,2128,SD1694,NA,7,5,7,3711,0,0,0,NA,0,512,NATIONAL AV,SOUTH 28TH ST,0,NA,Y,C,-,N,NA,NA,NA,NA,NA,NA,NA,NA,NA,N,3,0,1,2,D,-,00,NA,NA,N,A,G,A,B,H,-,C,A,0,NA,Y,NA,NA,Y,Y,-,-,0,1,0,0,0,0,1,0,0,-,-,NA,NA,SAN DIEGO,SAN DIEGO,-117.13379669189452,32.69593811035156
9544897,2023,2023-02-08,3711,2023-01-27,1800,SD1804,NA,5,5,7,3711,0,0,0,NA,0,612,CHATSWORTH BL,VOLTAIRE ST,0,NA,Y,A,-,N,NA,NA,NA,NA,NA,NA,NA,NA,NA,N,3,0,1,2,A,-,11,21950,B,N,G,G,A,A,H,-,B,D,0,NA,Y,NA,NA,Y,NA,L,04,0,1,0,0,0,0,1,0,0,-,-,NA,NA,SAN DIEGO,SAN DIEGO,-117.2287826538086,32.73881530761719
9544907,2023,2023-02-08,3711,2023-01-18,1324,SD6303,NA,3,5,7,3711,0,0,0,NA,0,524,03RD AV,A ST,72,S,N,A,-,N,NA,NA,NA,NA,NA,NA,NA,NA,NA,Y,4,0,1,2,A,-,08,22107,NA,N,B,C,A,A,H,-,A,A,0,NA,NA,NA,NA,Y,NA,A,01,0,0,1,0,0,0,0,0,0,-,-,NA,NA,SAN DIEGO,SAN DIEGO,NA,NA
9544942,2022,2023-02-07,3700,2022-12-20,1206,SH4151,NA,2,5,4,3780,0,0,0,NA,0,410,CARRIAGE RD,ROBISON BL,12,S,N,A,-,N,NA,NA,NA,NA,NA,NA,NA,NA,NA,N,3,0,1,2,A,-,12,22450,A,N,D,G,A,A,H,-,A,A,0,NA,Y,NA,NA,Y,NA,L,04,0,1,0,0,0,0,1,0,0,-,-,NA,NA,SAN DIEGO,POWAY,-117.0540771484375,32.95712661743164
9547806,2023,2023-03-07,3700,2023-01-15,2018,SH0459,NA,7,5,4,3780,0,0,0,NA,0,410,POMERADO RD,CAMINO DEL NORTE / TWIN PEAKS RD,0,NA,Y,B,C,N,NA,NA,NA,NA,NA,NA,NA,NA,NA,Y,2,0,1,2,A,-,09,21453,C,N,A,C,A,B,H,-,C,A,0,NA,NA,NA,NA,Y,NA,A,01,1,0,0,0,0,0,0,0,0,-,-,NA,NA,SAN DIEGO,POWAY,-117.06195831298828,32.98347091674805
9547864,2023,2023-03-17,3711,2023-02-23,1139,SD7909,NA,4,5,7,3711,0,0,0,NA,0,122,LAMONT ST,DIAMOND ST,0,NA,Y,A,-,N,NA,NA,NA,NA,NA,NA,NA,NA,NA,Y,2,0,1,2,A,-,12,22450,A,N,D,C,A,A,H,-,A,A,0,NA,NA,Y,NA,Y,NA,A,01,1,0,0,0,0,0,0,0,1,-,-,NA,NA,SAN DIEGO,SAN DIEGO,-117.23617553710938,32.803768157958984
9548137,2022,2023-02-27,3705,2022-11-26,1726,EC0407,NA,6,5,5,3705,0,0,0,NA,0,002,EAST MAIN ST,E MADISON AV,200,S,N,A,-,N,NA,NA,NA,NA,NA,NA,NA,NA,NA,N,4,0,1,2,A,-,02,21654,A,F,G,B,D,A,H,-,B,D,0,Y,NA,NA,NA,Y,NA,N,60,0,0,1,0,1,0,0,0,0,-,-,NA,NA,SAN DIEGO,EL CAJON,-116.93099975585938,32.79975891113281
9548365,2023,2023-03-17,3705,2023-01-16,706,EC0380,NA,1,5,5,3705,0,0,0,NA,0,002,WEST MAIN ST,S SUNSHINE AV,0,NA,Y,C,-,N,NA,NA,NA,NA,NA,NA,NA,NA,NA,Y,4,0,2,2,A,-,12,21453,A,N,A,C,A,B,H,-,A,A,0,NA,NA,NA,NA,Y,NA,D,22,0,0,2,0,0,0,0,0,0,-,-,NA,NA,SAN DIEGO,EL CAJON,-116.96476745605467,32.79495620727539
9548755,2023,2023-03-06,3711,2023-02-06,106,SD6481,NA,1,5,7,3711,0,0,0,NA,0,438,ROANOKE ST,RACHEL AV,0,NA,Y,-,-,N,NA,NA,NA,NA,NA,NA,NA,NA,NA,N,4,0,1,2,D,-,00,NA,NA,M,C,E,A,B,H,-,C,D,0,NA,NA,NA,NA,Y,NA,-,-,0,0,1,0,0,0,0,0,0,-,-,NA,NA,SAN DIEGO,SAN DIEGO,-117.06852722167967,32.6705207824707
9548760,2023,2023-03-06,3711,2023-02-04,1647,SD7657,NA,6,5,7,3711,0,0,0,NA,0,529,4TH AV,DATE ST,24,S,N,A,-,N,NA,NA,NA,NA,NA,NA,NA,NA,NA,N,4,0,1,2,A,-,09,21804,A,N,B,C,A,A,H,-,A,A,0,NA,NA,NA,NA,Y,NA,A,01,0,0,1,0,0,0,0,0,0,-,-,NA,NA,SAN DIEGO,SAN DIEGO,-117.1611328125,32.722965240478516
9548775,2023,2023-03-06,3711,2023-02-02,1606,SD1703,NA,4,5,7,3711,0,0,0,NA,0,934,DEL MAR HEIGHTS RD,DEL MAR HILLS RD,262,W,N,B,-,N,NA,NA,NA,NA,NA,NA,NA,NA,NA,Y,4,0,1,2,A,-,04,21703,NA,N,C,C,A,A,H,-,-,A,0,NA,NA,NA,NA,Y,NA,A,01,0,0,1,0,0,0,0,0,0,-,-,NA,NA,SAN DIEGO,SAN DIEGO,NA,NA
9548918,2023,2023-03-01,3700,2023-01-02,1515,SH3684,NA,1,5,5,3713,0,0,0,NA,0,306,EAST VISTA WY,TOWNSITE DR,454,E,N,C,-,N,NA,NA,NA,NA,NA,NA,NA,NA,NA,N,4,0,1,2,D,-,00,NA,NA,N,G,B,C,B,H,-,A,A,0,Y,NA,NA,NA,Y,NA,-,-,0,0,1,0,1,0,0,0,0,-,-,NA,NA,SAN DIEGO,VISTA,-117.23399353027344,33.21031951904297
9549890,2023,2023-03-17,3711,2023-02-27,2500,SD6882,NA,1,5,7,3711,0,0,0,NA,0,122,BAYARD ST,GRAND AV,0,NA,Y,A,-,N,NA,NA,NA,NA,NA,NA,NA,NA,NA,N,4,0,2,2,A,-,09,21801,A,N,D,C,A,A,H,-,A,A,0,NA,NA,NA,NA,Y,NA,A,01,0,0,2,0,0,0,0,0,0,-,-,NA,NA,SAN DIEGO,SAN DIEGO,-117.25308227539063,32.795127868652344
9550036,2023,2023-03-14,3708,2023-01-01,1650,LM1284,NA,7,5,5,3708,0,0,0,NA,0,002,JACKSON DR,RT 8,0,E,N,B,C,Y,SD,11,8,-,-,11.738,R,1,W,N,4,0,1,2,A,-,04,21703,NA,F,C,C,A,B,H,-,B,A,0,NA,NA,NA,NA,Y,Y,D,22,0,0,1,0,0,0,0,0,0,-,WF,NA,NA,SAN DIEGO,LA MESA,-117.01165771484376,32.77486038208008
9550343,2023,2023-03-20,3710,2023-02-22,1507,OC3223,NA,3,5,6,3710,0,0,0,NA,0,015,OCEANSIDE BL,EDGEHILL LN,0,NA,Y,A,-,N,NA,NA,NA,NA,NA,NA,NA,NA,NA,Y,4,0,2,2,A,-,08,22107,NA,N,D,C,A,A,H,-,A,D,0,NA,NA,NA,NA,Y,NA,A,07,0,0,2,0,0,0,0,0,0,-,-,NA,NA,SAN DIEGO,OCEANSIDE,-117.33992767333984,33.20173645019531
9551308,2023,2023-04-14,3711,2023-02-06,1220,SD5450,NA,1,5,7,3711,0,0,0,NA,0,311,AERO DR,WEST CANYON AV,0,NA,Y,A,-,N,NA,NA,NA,NA,NA,NA,NA,NA,NA,N,4,0,2,3,A,-,09,21453,C,N,-,C,A,A,H,-,A,A,0,NA,NA,NA,NA,Y,NA,A,01,0,0,2,0,0,0,0,0,0,-,-,NA,NA,SAN DIEGO,SAN DIEGO,-117.12244415283205,32.808349609375