CASE_ID,ACCIDENT_YEAR,PROC_DATE,JURIS,COLLISION_DATE,COLLISION_TIME,OFFICER_ID,REPORTING_DISTRICT,DAY_OF_WEEK,CHP_SHIFT,POPULATION,CNTY_CITY_LOC,SPECIAL_COND,BEAT_TYPE,CHP_BEAT_TYPE,CITY_DIVISION_LAPD,CHP_BEAT_CLASS,BEAT_NUMBER,PRIMARY_RD,SECONDARY_RD,DISTANCE,DIRECTION,INTERSECTION,WEATHER_1,WEATHER_2,STATE_HWY_IND,CALTRANS_COUNTY,CALTRANS_DISTRICT,STATE_ROUTE,ROUTE_SUFFIX,POSTMILE_PREFIX,POSTMILE,LOCATION_TYPE,RAMP_INTERSECTION,SIDE_OF_HWY,TOW_AWAY,COLLISION_SEVERITY,NUMBER_KILLED,NUMBER_INJURED,PARTY_COUNT,PRIMARY_COLL_FACTOR,PCF_CODE_OF_VIOL,PCF_VIOL_CATEGORY,PCF_VIOLATION,PCF_VIOL_SUBSECTION,HIT_AND_RUN,TYPE_OF_COLLISION,MVIW,PED_ACTION,ROAD_SURFACE,ROAD_COND_1,ROAD_COND_2,LIGHTING,CONTROL_DEVICE,CHP_ROAD_TYPE,PEDESTRIAN_ACCIDENT,BICYCLE_ACCIDENT,MOTORCYCLE_ACCIDENT,TRUCK_ACCIDENT,NOT_PRIVATE_PROPERTY,ALCOHOL_INVOLVED,STWD_VEHTYPE_AT_FAULT,CHP_VEHTYPE_AT_FAULT,COUNT_SEVERE_INJ,COUNT_VISIBLE_INJ,COUNT_COMPLAINT_PAIN,COUNT_PED_KILLED,COUNT_PED_INJURED,COUNT_BICYCLIST_KILLED,COUNT_BICYCLIST_INJURED,COUNT_MC_KILLED,COUNT_MC_INJURED,PRIMARY_RAMP,SECONDARY_RAMP,LATITUDE,LONGITUDE,COUNTY,CITY,POINT_X,POINT_Y
9895273,2025,2026-01-06,3711,2025-12-18,2140,SD2143,NA,4,5,7,3711,0,0,0,NA,0,115,GENESSE AV,EXECUTIVE RD,0,NA,Y,A,-,N,NA,NA,NA,NA,NA,NA,NA,NA,NA,Y,4,0,1,2,A,-,12,21453,A,N,D,C,A,A,H,-,C,A,0,NA,NA,NA,NA,Y,NA,A,01,0,0,1,0,0,0,0,0,0,-,-,NA,NA,SAN DIEGO,SAN DIEGO,-117.21414947509766,32.87512969970703
9895274,2025,2026-01-06,3711,2025-12-17,1904,SD1794,NA,3,5,7,3711,0,0,0,NA,0,111,ECKSTROM AV,ECKSTROM AV 7013,0,NA,N,A,-,N,NA,NA,NA,NA,NA,NA,NA,NA,NA,Y,4,0,2,2,A,-,08,22107,NA,N,C,C,A,A,H,-,D,D,0,NA,NA,NA,NA,Y,NA,A,01,0,0,2,0,0,0,0,0,0,-,-,NA,NA,SAN DIEGO,SAN DIEGO,-117.1669921875,32.82018280029297
9895314,2025,2026-01-05,3708,2025-11-04,2226,IM1283,NA,2,5,5,3708,0,0,0,NA,0,003,COWLES MTN BL,LAKE PARK WY,307,N,N,A,-,N,NA,NA,NA,NA,NA,NA,NA,NA,NA,N,3,0,1,2,A,-,11,21954,A,N,G,B,E,A,H,-,C,D,0,Y,NA,NA,NA,Y,NA,N,60,0,1,0,0,1,0,0,0,0,-,-,NA,NA,SAN DIEGO,LA MESA,-117.03070831298828,32.783775329589844
9895590,2025,2026-01-21,3702,2025-12-19,820,CV1409,NA,5,5,6,3702,0,0,0,NA,0,023,NACION AV,PEARLWOOD ST,0,NA,Y,A,-,N,NA,NA,NA,NA,NA,NA,NA,NA,NA,Y,3,0,1,2,A,-,03,22350,NA,N,B,E,A,A,H,-,A,D,0,NA,NA,NA,NA,Y,NA,A,07,0,1,0,0,0,0,0,0,0,-,-,NA,NA,SAN DIEGO,CHULA VISTA,-117.03791809082033,32.611534118652344
9895765,2025,2026-01-14,3702,2025-12-18,657,CV1404,NA,4,5,6,3702,0,0,0,NA,0,032,CORRAL CANYON RD,PORT RENWICK,31,S,N,A,-,N,NA,NA,NA,NA,NA,NA,NA,NA,NA,Y,4,0,1,2,A,-,03,22350,NA,N,C,C,A,A,H,-,A,A,0,NA,NA,NA,NA,Y,NA,A,01,0,0,1,0,0,0,0,0,0,-,-,NA,NA,SAN DIEGO,CHULA VISTA,-116.98968505859376,32.652889251708984
9898016,2025,2026-02-23,3701,2025-08-09,520,CB5572,102,6,5,5,3701,0,0,0,NA,0,007,PIRAEUS ST,LA COSTA AV,0,NA,Y,A,-,N,NA,NA,NA,NA,NA,NA,NA,NA,NA,Y,1,1,1,2,A,-,01,23152,A,N,D,C,A,A,H,-,C,A,0,NA,NA,NA,NA,Y,Y,A,01,0,1,0,0,0,0,0,0,0,-,-,33.08469009399414,-117.29631805419922,SAN DIEGO,CARLSBAD,-117.2963409423828,33.084693908691406
9900226,2025,2025-12-22,3711,2025-12-14,1800,SD1693,NA,7,5,7,3711,0,0,0,NA,0,122,LAW ST,MISSION BL,0,NA,N,-,-,N,NA,NA,NA,NA,NA,NA,NA,NA,NA,N,3,0,1,1,D,-,00,NA,NA,N,H,-,A,A,H,-,B,-,0,NA,NA,Y,NA,Y,NA,-,-,0,1,0,0,0,0,0,0,1,-,-,NA,NA,SAN DIEGO,SAN DIEGO,-117.2572021484375,32.802127838134766
9900229,2025,2025-12-22,3711,2025-12-13,1918,SD1985,NA,6,5,7,3711,0,0,0,NA,0,234,BERNARDO CENTER DR,BERNARDO PLAZA CT,0,NA,Y,E,-,N,NA,NA,NA,NA,NA,NA,NA,NA,NA,N,3,0,1,2,A,-,12,21453,A,N,D,C,A,A,H,-,C,-,0,NA,NA,NA,NA,Y,NA,A,08,0,1,0,0,0,0,0,0,0,-,-,NA,NA,SAN DIEGO,SAN DIEGO,-117.07496643066406,33.02029800415039
9900346,2025,2025-12-23,3705,2025-09-14,2100,EC0456,NA,7,5,5,3705,0,0,0,NA,0,004,S MOLLISON AV,GRAY DR,92,S,N,A,-,N,NA,NA,NA,NA,NA,NA,NA,NA,NA,Y,3,0,1,3,A,-,08,22107,NA,N,C,E,A,A,H,-,B,A,0,NA,NA,NA,NA,Y,Y,A,01,0,1,0,0,0,0,0,0,0,-,-,NA,NA,SAN DIEGO,EL CAJON,-116.95095825195313,32.78365707397461
9900677,2025,2025-12-26,3700,2025-07-31,211,SH0876,NA,4,5,5,3713,0,0,0,NA,0,319,SOUTH MELROSE DR,SHADOWRIDGE DR,145,S,N,A,-,N,NA,NA,NA,NA,NA,NA,NA,NA,NA,Y,4,0,1,1,C,-,18,NA,NA,N,F,I,A,A,H,-,C,A,0,NA,NA,NA,NA,Y,Y,-,-,0,0,1,0,0,0,0,0,0,-,-,NA,NA,SAN DIEGO,VISTA,-117.24202728271484,33.16114807128906
9900705,2025,2026-01-06,3711,2025-12-12,2200,SD5331,NA,5,5,7,3711,0,0,0,NA,0,934,CARMEL MISSION RD,CARMEL MISSION RD 12600,0,NA,N,B,-,N,NA,NA,NA,NA,NA,NA,NA,NA,NA,Y,3,0,1,2,A,-,08,22107,NA,N,C,E,A,A,H,-,C,D,0,NA,NA,NA,NA,Y,Y,A,01,0,1,0,0,0,0,0,0,0,-,-,NA,NA,SAN DIEGO,SAN DIEGO,-117.25267791748048,32.77830505371094
9900709,2025,2026-01-06,3711,2025-12-12,1500,SD1951,NA,5,5,7,3711,0,0,0,NA,0,713,OTAY MESA RD,OTAY MESA RD 6100,0,NA,N,A,-,N,NA,NA,NA,NA,NA,NA,NA,NA,NA,Y,3,0,1,2,A,-,08,22107,NA,N,D,C,A,A,H,-,A,D,0,NA,NA,NA,NA,Y,NA,A,08,0,1,0,0,0,0,0,0,0,-,-,NA,NA,SAN DIEGO,SAN DIEGO,-116.96665191650392,32.56774139404297
9900712,2025,2026-01-22,3711,2025-12-12,1750,SD1801,NA,5,5,7,3711,0,0,0,NA,0,723,CLAVELITA ST,VERALEE DR,0,NA,N,A,-,N,NA,NA,NA,NA,NA,NA,NA,NA,NA,N,3,0,1,2,A,-,08,22100,B,N,B,C,A,A,H,-,C,D,0,NA,NA,Y,NA,Y,NA,A,01,0,1,0,0,0,0,0,0,1,-,-,NA,NA,SAN DIEGO,SAN DIEGO,-117.06228637695313,32.57133483886719
9901619,2025,2026-03-05,3711,2025-12-27,1756,SD3871,NA,6,5,7,3711,0,0,0,NA,0,839,UNIVERSITY AV,CHEROKEE AV,0,NA,Y,B,-,N,NA,NA,NA,NA,NA,NA,NA,NA,NA,Y,4,0,1,2,A,-,21,22106,NA,N,B,C,A,A,H,-,C,D,0,NA,NA,NA,NA,Y,NA,A,01,0,0,1,0,0,0,0,0,0,-,-,NA,NA,SAN DIEGO,SAN DIEGO,-117.11434173583984,32.74972152709961
9901655,2025,2026-01-06,3711,2025-12-11,1636,SD5968,NA,4,5,7,3711,0,0,0,NA,0,235,HIGHLAND VALLEY RD,HUGHLAND VALLEY RD 14100,0,NA,N,A,-,N,NA,NA,NA,NA,NA,NA,NA,NA,NA,Y,3,0,1,1,A,-,08,22107,NA,N,F,D,A,A,H,-,A,-,0,NA,NA,NA,NA,Y,NA,A,01,0,1,0,0,0,0,0,0,0,-,-,NA,NA,SAN DIEGO,SAN DIEGO,-117.10246276855467,32.6883430480957
9907242,2025,2026-02-23,3700,2025-12-05,1907,SH0634,NA,5,5,5,3782,0,0,0,NA,0,222,CREST DR,AHLRICH AV,110,N,N,A,-,N,NA,NA,NA,NA,NA,NA,NA,NA,NA,N,3,0,1,2,A,-,08,22107,NA,N,C,G,A,A,H,-,C,D,0,NA,Y,NA,Y,Y,NA,-,NA,0,1,0,0,0,0,1,0,0,-,-,NA,NA,SAN DIEGO,ENCINITAS,-117.26341247558594,33.041141510009766
9907272,2025,2026-02-12,3700,2025-07-24,1718,SH4293,NA,4,5,3,3783,0,0,0,NA,0,273,LOMAS SANTA FE DR,SOLANA HILLS DR,171,E,N,A,-,N,NA,NA,NA,NA,NA,NA,NA,NA,NA,N,3,0,1,2,A,-,05,21650,1,N,D,G,A,A,H,-,A,D,0,NA,Y,NA,NA,Y,NA,-,NA,0,1,0,0,0,0,1,0,0,-,-,NA,NA,SAN DIEGO,SOLANA BEACH,-117.2585678100586,32.99595642089844
9907521,2025,2026-02-23,3700,2025-11-10,1323,SH1359,NA,1,5,5,3782,0,0,0,NA,0,215,NORTH EL CAMINO REAL,VIA MONTORO,0,NA,Y,A,-,N,NA,NA,NA,NA,NA,NA,NA,NA,NA,N,3,0,1,2,A,-,08,22107,NA,N,D,C,A,A,H,-,A,A,0,NA,Y,NA,NA,Y,NA,A,01,0,1,0,0,0,0,1,0,0,-,-,NA,NA,SAN DIEGO,ENCINITAS,-117.26113128662108,33.05295181274414
9908385,2025,2026-02-04,3700,2025-12-19,1406,SH0057,NA,5,5,4,3780,0,0,0,NA,0,417,SCRIPPS POWAY PKWY,STOWE DR,0,NA,Y,A,-,N,NA,NA,NA,NA,NA,NA,NA,NA,NA,Y,4,0,2,2,A,-,12,21453,A,N,D,C,A,A,H,-,A,A,0,NA,NA,NA,NA,Y,NA,A,01,0,0,2,0,0,0,0,0,0,-,-,NA,NA,SAN DIEGO,POWAY,-117.02912139892578,32.93805694580078
9909741,2024,2026-02-12,3700,2024-11-10,2239,SH1359,NA,7,5,5,3782,0,0,0,NA,0,210,NORTH COAST HWY,GRANDVIEW ST,40,N,N,A,-,N,NA,NA,NA,NA,NA,NA,NA,NA,NA,N,3,0,1,2,A,-,06,21750,NA,N,B,C,A,A,D,-,C,D,0,NA,NA,NA,NA,Y,NA,A,01,0,1,0,0,0,0,0,0,0,-,-,NA,NA,SAN DIEGO,ENCINITAS,NA,NA
9912676,2025,2026-02-24,3700,2025-09-12,2157,SH4293,NA,5,5,3,3783,0,0,0,NA,0,274,LOMAS SANTA FE DR,RT 5,0,NA,Y,A,-,Y,NA,NA,NA,NA,NA,NA,NA,NA,NA,Y,3,0,1,2,A,-,17,21461,A,N,A,C,A,A,H,-,C,A,0,NA,NA,NA,NA,Y,NA,A,01,0,1,0,0,0,0,0,0,0,-,SO,NA,NA,SAN DIEGO,SOLANA BEACH,-117.25675201416016,32.99589157104492
9913469,2025,2026-03-05,3705,2025-12-06,2040,EC0471,NA,6,5,5,3705,0,0,0,NA,0,001,S MAGNOLIA AVE,E LEXINGTON AVE,0,NA,Y,A,-,N,NA,NA,NA,NA,NA,NA,NA,NA,NA,N,4,0,1,2,D,-,00,NA,NA,N,D,C,A,A,H,-,C,A,0,NA,NA,NA,NA,Y,NA,-,-,0,0,1,0,0,0,0,0,0,-,-,NA,NA,SAN DIEGO,EL CAJON,-116.96234130859376,32.79273223876953
6291108,2014,2014-08-19,9645,2014-04-19,0227,18697,NA,6,3,7,3711,0,1,1,NA,2,005,RT 5,OLD TOWN AV,1503,S,N,B,-,Y,SD,11,5,-,R,18.75,H,-,S,Y,1,1,1,5,A,-,03,22350,NA,F,D,C,E,A,H,-,C,D,1,Y,NA,NA,NA,Y,NA,A,01,0,0,1,1,0,0,0,0,0,-,-,32.74565,-117.18965,SAN DIEGO,SAN DIEGO,-117.18923776,32.74554595
6291312,2014,2014-10-22,9645,2014-07-03,1820,16728,NA,4,2,7,3711,0,1,1,NA,2,011,RT 805,LINCOLN AV,9,S,N,A,-,Y,SD,11,805,-,-,16.08,H,-,S,Y,1,1,1,3,A,-,03,22350,NA,N,B,C,A,A,H,-,A,D,1,NA,NA,NA,Y,Y,NA,A,01,0,0,1,0,0,0,0,0,0,-,-,32.75033,-117.12327,SAN DIEGO,SAN DIEGO,-117.12332759,32.75038873
6292256,2015,2017-04-04,3711,2015-04-24,2235,4823,SAN,5,5,7,3711,0,0,0,NA,0,529,1ST AV,W JUNIPER ST,0,NA,Y,B,C,N,NA,NA,NA,NA,NA,NA,NA,NA,NA,Y,1,1,0,1,A,-,03,22350,NA,N,E,I,A,B,H,-,C,D,0,NA,NA,NA,NA,Y,Y,A,07,0,0,0,0,0,0,0,0,0,-,-,NA,NA,SAN DIEGO,SAN DIEGO,-117.16395013,32.72929001
6292368,2015,2015-07-09,3700,2015-02-18,0614,SH5865,NA,3,5,5,3712,0,0,0,NA,0,357,EAST MISSION RD,BOUGHER RD,0,NA,Y,E,-,N,NA,NA,NA,NA,NA,NA,NA,NA,NA,Y,1,1,1,2,A,-,01,23152,A,N,A,D,A,B,H,-,B,D,0,NA,NA,NA,NA,Y,Y,D,22,1,0,0,0,0,0,0,0,0,-,-,NA,NA,SAN DIEGO,SAN MARCOS,-117.13631003,33.14021011
6292637,2015,2015-09-16,9645,2015-06-06,1500,19410,NA,6,2,7,3711,0,1,3,NA,2,006,RT 94,RT 15,227,W,N,A,-,Y,SD,11,94,-,-,3.13,H,-,W,Y,1,1,0,2,A,-,08,22107,NA,N,B,C,A,A,H,-,A,D,1,NA,NA,Y,NA,Y,NA,A,01,0,0,0,0,0,0,0,1,0,-,-,32.71697,-117.11905,SAN DIEGO,SAN DIEGO,-117.11887024,32.71694948
6292641,2015,2015-09-16,9645,2015-06-17,1431,17667,NA,3,2,7,3711,0,1,1,NA,2,005,RT 5,WASHINGTON ST,359,N,N,A,-,N,NA,NA,5,NA,NA,NA,NA,NA,NA,N,1,1,0,2,A,-,11,21954,A,N,G,B,D,A,H,-,A,D,0,Y,NA,NA,NA,Y,NA,N,60,0,0,0,1,0,0,0,0,0,FR,-,32.74327,-117.18311,SAN DIEGO,SAN DIEGO,-117.18325191,32.742977
6292961,2017,2017-10-25,3711,2017-09-14,1010,6702,NA,4,5,7,3711,0,0,0,NA,0,111,BALBOA AV,MOUNT ABERNATHY AV,296,W,N,A,-,N,NA,NA,NA,NA,NA,NA,NA,NA,NA,Y,1,1,0,2,A,-,10,21952,NA,N,G,B,F,A,H,-,A,D,0,Y,NA,NA,NA,Y,NA,D,22,0,0,0,1,0,0,0,0,0,-,-,NA,NA,SAN DIEGO,SAN DIEGO,-117.1771001,32.82039351
6324085,2014,2016-02-01,3710,2014-01-07,1700,OC1322,NA,2,5,6,3710,0,0,0,NA,0,010,RT 76,LORETTA,1300,W,N,A,-,Y,SD,11,76,-,R,0.24,H,-,E,N,3,0,1,2,A,-,08,22107,NA,N,B,C,A,A,H,-,B,A,0,NA,NA,Y,NA,Y,NA,D,22,0,1,0,0,0,0,0,0,1,-,-,NA,NA,SAN DIEGO,OCEANSIDE,-117.38113039,33.20794883
6334787,2014,2015-11-10,9650,2014-01-13,2342,16487,NA,1,3,6,3706,0,1,3,NA,2,019,RT 78,RT 15,1056,W,N,A,-,Y,SD,11,78,-,R,16.34,H,-,W,Y,3,0,1,1,A,-,01,23152,A,N,F,A,A,A,H,-,C,D,1,NA,NA,NA,NA,Y,Y,A,01,0,1,0,0,0,0,0,0,0,-,-,33.12687,-117.10811,SAN DIEGO,ESCONDIDO,-117.10815642,33.12678497
6337228,2014,2014-06-05,3711,2014-01-10,1754,6430,SANDI,5,5,7,3711,0,0,0,NA,0,124,LA JOLLA PKWY,TORREY PINES RD,9504,E,N,A,-,N,NA,NA,NA,NA,NA,NA,NA,NA,NA,N,3,0,1,1,A,-,03,22350,NA,N,E,-,A,A,H,-,C,D,0,NA,Y,NA,NA,Y,NA,L,04,0,1,0,0,0,0,1,0,0,-,-,NA,NA,SAN DIEGO,SAN DIEGO,-117.23315,32.83345
6337488,2014,2014-06-09,3711,2014-01-12,0749,6146,NA,7,5,7,3711,0,0,0,NA,0,241,MIRA MESA BL,9800 MIRA MESA BL,57,N,N,A,-,N,NA,NA,NA,NA,NA,NA,NA,NA,NA,Y,4,0,1,2,A,-,12,21453,A,N,D,C,A,A,H,-,A,A,0,NA,NA,NA,NA,Y,NA,A,01,0,0,1,0,0,0,0,0,0,-,-,NA,NA,SAN DIEGO,SAN DIEGO,NA,NA
6337511,2014,2014-07-08,3711,2014-01-11,1320,4527,NA,6,5,7,3711,0,0,0,NA,0,515,25TH ST,MARKET,114,S,N,A,-,N,NA,NA,NA,NA,NA,NA,NA,NA,NA,N,3,0,1,1,A,-,03,22350,NA,N,-,G,A,A,A,-,A,D,0,NA,Y,NA,NA,Y,NA,L,04,0,1,0,0,0,0,1,0,0,-,-,NA,NA,SAN DIEGO,SAN DIEGO,-117.1402496,32.71128819
6341077,2014,2014-06-02,3711,2014-01-01,0242,5854,NA,3,5,7,3711,0,0,0,NA,0,524,4TH AV,C ST,15,N,N,A,-,N,NA,NA,NA,NA,NA,NA,NA,NA,NA,Y,2,0,3,2,A,-,04,21703,NA,N,C,C,A,A,H,-,C,A,0,NA,NA,NA,NA,Y,Y,-,NA,1,0,2,0,0,0,0,0,0,-,-,NA,NA,SAN DIEGO,SAN DIEGO,-117.1610704,32.71679109
6344875,2014,2014-06-06,3711,2014-01-16,1600,5679,NA,4,5,7,3711,0,0,0,NA,0,232,INNOVATION DR,SCIENCE,1056,W,N,A,-,N,NA,NA,NA,NA,NA,NA,NA,NA,NA,Y,4,0,2,3,A,-,08,22107,NA,N,D,C,A,A,H,-,A,D,0,NA,NA,NA,NA,Y,NA,A,01,0,0,2,0,0,0,0,0,0,-,-,NA,NA,SAN DIEGO,SAN DIEGO,-117.08113253,32.99193185
6345063,2014,2015-11-09,9645,2014-01-06,0835,18344,NA,1,1,7,3711,0,1,3,NA,2,022,RT 56,CAMINO DEL SUR,3000,W,N,A,-,Y,SD,11,56,-,-,5.5,H,-,W,Y,4,0,2,3,A,-,03,22350,NA,N,C,C,A,A,H,-,A,D,1,NA,NA,NA,NA,Y,NA,A,01,0,0,2,0,0,0,0,0,0,-,-,32.96604,-117.1667,SAN DIEGO,SAN DIEGO,-117.16171654,32.9636065
6346485,2014,2014-06-04,3703,2014-01-07,0824,1270,NA,2,5,3,3703,0,0,0,NA,0,003,STRAND WY,RENDOVA RD,78,N,N,A,-,N,NA,NA,NA,NA,NA,NA,NA,NA,NA,N,3,0,1,2,A,-,08,22107,NA,N,B,G,A,A,H,-,A,A,0,NA,Y,NA,NA,Y,NA,A,01,0,1,0,0,0,0,1,0,0,-,-,NA,NA,SAN DIEGO,CORONADO,-117.16850394,32.6742363
6348108,2014,2014-06-10,9680,2014-01-05,1855,019418,NA,7,2,9,3700,0,3,5,NA,2,002,ORVILLE ST,GILLESPIE DR,429,E,N,A,-,N,NA,NA,NA,NA,NA,NA,NA,NA,NA,Y,3,0,1,2,A,-,08,22107,NA,F,B,E,A,A,H,-,C,D,0,NA,NA,NA,NA,Y,Y,A,01,0,1,0,0,0,0,0,0,0,-,-,32.70921,-117.00579,SAN DIEGO,UNINCORPORATED,-117.00600032,32.7091862
6348120,2014,2014-06-11,9680,2014-01-06,0020,016598,NA,1,3,9,3700,0,3,5,NA,2,003,WILLOWS RD,VIEJAS GRADE RD,6864,E,N,A,-,N,NA,NA,NA,NA,NA,NA,NA,NA,NA,N,3,0,1,1,A,-,01,23152,A,N,E,I,A,A,H,-,D,D,0,NA,NA,Y,NA,Y,Y,C,02,0,1,0,0,0,0,0,0,1,-,-,32.84221,-116.69708,SAN DIEGO,UNINCORPORATED,-116.69676938,32.84226696
6352416,2014,2014-06-26,3711,2014-01-17,1232,5609,NA,5,5,7,3711,0,0,0,NA,0,512,NATIONAL AV,30TH ST,168,E,N,A,-,N,NA,NA,NA,NA,NA,NA,NA,NA,NA,N,3,0,1,2,A,-,05,21202,A,N,G,G,A,A,H,-,A,D,0,NA,Y,NA,NA,Y,NA,-,-,0,1,0,0,0,0,1,0,0,-,-,NA,NA,SAN DIEGO,SAN DIEGO,-117.12893576,32.69596249
6352456,2014,2014-06-05,3711,2014-01-20,0050,6994,NA,1,5,7,3711,0,0,0,NA,0,438,PARKSIDE AV,DARDAINA DR,115,E,N,A,-,N,NA,NA,NA,NA,NA,NA,NA,NA,NA,NA,3,0,1,3,A,-,08,22107,NA,N,D,E,A,A,H,-,C,D,0,NA,NA,NA,NA,Y,Y,-,NA,0,1,0,0,0,0,0,0,0,-,-,NA,NA,SAN DIEGO,SAN DIEGO,-117.0553777,32.66583702
6353316,2016,2016-03-23,3711,2016-03-14,1550,7336,SANDI,1,5,7,3711,0,0,0,NA,0,813,OREGON,EL CAJON BL,100,S,N,A,-,N,NA,NA,NA,NA,NA,NA,NA,NA,NA,N,4,0,1,2,A,-,11,21950,B,N,G,B,F,A,H,-,A,A,0,Y,NA,NA,NA,Y,NA,N,60,0,0,1,0,1,0,0,0,0,-,-,NA,NA,SAN DIEGO,SAN DIEGO,-117.13513,32.75510607
6356065,2014,2014-06-12,3711,2014-01-13,2209,4823,SAN D,1,5,7,3711,0,0,0,NA,0,623,HOTEL CIRCLE SOUTH,HOTEL CIRCLE NORTH,841,E,N,A,-,N,NA,NA,NA,NA,NA,NA,NA,NA,NA,Y,2,0,5,3,A,-,05,21651,A,N,A,C,A,A,H,-,D,D,0,NA,NA,NA,NA,Y,Y,D,22,2,2,1,0,0,0,0,0,0,-,-,NA,NA,SAN DIEGO,SAN DIEGO,-117.1663,32.7613
6356069,2014,2016-03-15,3711,2014-01-15,1555,3815,NA,3,5,7,3711,0,0,0,NA,0,623,MORENA BL,RT 8,50,N,N,A,-,Y,SD,11,8,-,R,0.589,R,4,W,Y,3,0,1,2,A,-,03,22350,NA,N,B,C,A,A,H,-,A,D,0,NA,NA,NA,NA,Y,NA,D,22,0,1,0,0,0,0,0,0,0,-,WF,NA,NA,SAN DIEGO,SAN DIEGO,-117.19434879,32.76075147
6356456,2014,2014-06-10,3703,2014-01-17,1555,1037,NA,5,5,3,3703,0,0,0,NA,0,003,7TH ST,B AV,164,E,N,A,-,N,NA,NA,NA,NA,NA,NA,NA,NA,NA,N,3,0,1,2,A,-,09,21804,A,N,D,G,A,A,H,-,A,A,0,NA,Y,NA,NA,Y,NA,L,04,0,1,0,0,0,0,1,0,0,-,-,NA,NA,SAN DIEGO,CORONADO,-117.17456409,32.68901029
6358143,2014,2014-06-09,3711,2014-01-18,2300,5051,NA,6,5,7,3711,0,0,0,NA,0,627,ROBINSON AV,CENTRE ST,0,NA,Y,A,-,N,NA,NA,NA,NA,NA,NA,NA,NA,NA,N,4,0,2,2,D,-,00,NA,NA,N,C,C,A,A,H,-,C,D,0,NA,NA,NA,NA,Y,NA,-,-,0,0,2,0,0,0,0,0,0,-,-,NA,NA,SAN DIEGO,SAN DIEGO,-117.14824002,32.74642007
6359650,2014,2014-06-09,3706,2014-01-22,0938,0345,ESPD,3,5,6,3706,0,0,0,NA,0,042,VALLEY PKWY,WAVERLY PL,0,NA,Y,A,-,N,NA,NA,NA,NA,NA,NA,NA,NA,NA,N,3,0,1,2,A,-,10,21950,A,N,A,B,B,A,H,-,A,A,0,Y,NA,NA,NA,Y,NA,D,22,0,1,0,0,1,0,0,0,0,-,-,NA,NA,SAN DIEGO,ESCONDIDO,NA,NA
6362457,2014,2014-06-06,3706,2014-01-30,0835,0466,ESPD,4,5,6,3706,0,0,0,NA,0,045,ANDREASEN DR,AUTO PARK WY,0,NA,Y,B,-,N,NA,NA,NA,NA,NA,NA,NA,NA,NA,N,4,0,1,2,A,-,08,22107,NA,N,G,B,B,A,H,-,A,A,0,Y,NA,NA,NA,Y,NA,I,11,0,0,1,0,1,0,0,0,0,-,-,NA,NA,SAN DIEGO,ESCONDIDO,-117.11076003,33.1172801
6365778,2014,2015-11-10,9650,2014-01-24,2030,017743,NA,5,2,5,3713,0,1,3,NA,2,017,RT 78,MAR VISTA DR,1320,E,N,B,-,Y,SD,11,78,-,-,7.96,H,-,W,Y,4,0,1,1,A,-,01,23152,A,N,F,A,A,A,H,-,C,D,1,NA,NA,NA,NA,Y,Y,D,22,0,0,1,0,0,0,0,0,0,-,-,33.17502,-117.22604,SAN DIEGO,VISTA,-117.22805286,33.17796399
6370368,2014,2016-02-11,9650,2014-01-18,0226,17331,NA,6,3,5,3701,0,1,1,NA,2,005,RT 5,PALOMAR AIRPORT RD,1584,N,N,A,-,Y,SD,11,5,-,R,47.36,H,-,S,Y,3,0,3,2,A,-,01,23152,A,N,C,C,A,A,H,-,C,D,1,NA,NA,NA,NA,Y,Y,A,01,0,2,1,0,0,0,0,0,0,-,-,33.12728,-117.32537,SAN DIEGO,CARLSBAD,-117.32479761,33.12642912
6373215,2014,2015-09-23,3711,2014-01-24,1519,6082,NA,5,5,7,3711,0,0,0,NA,0,114,GENESEE AV,RT 52,120,S,N,B,-,N,NA,NA,NA,NA,NA,NA,NA,NA,NA,Y,4,0,1,2,A,-,03,22350,NA,N,C,C,A,A,H,-,A,D,0,NA,NA,NA,NA,Y,NA,-,NA,0,0,1,0,0,0,0,0,0,-,EO,NA,NA,SAN DIEGO,SAN DIEGO,-117.20236874,32.84678412
6373219,2014,2014-06-06,3711,2014-01-25,1530,6082,NA,6,5,7,3711,0,0,0,NA,0,122,DIAMOND ST,MISSION BL,12,W,N,A,-,N,NA,NA,NA,NA,NA,NA,NA,NA,NA,N,3,0,1,2,A,-,08,22107,NA,N,D,G,A,A,H,-,A,D,0,NA,Y,NA,NA,Y,NA,-,NA,0,1,0,0,0,0,1,0,0,-,-,NA,NA,SAN DIEGO,SAN DIEGO,-117.25636758,32.79932144
6373928,2014,2014-06-09,3701,2014-01-23,1345,5291,16,4,5,5,3701,0,0,0,NA,0,004,AVENIDA DE LOUISA,CALLE SUSANA,500,N,N,A,-,N,NA,NA,NA,NA,NA,NA,NA,NA,NA,N,4,0,1,2,A,-,08,22107,NA,F,G,B,E,A,H,-,A,D,0,Y,NA,NA,NA,Y,NA,A,07,0,0,1,0,1,0,0,0,0,-,-,NA,NA,SAN DIEGO,CARLSBAD,-117.31960677,33.17518885
6376656,2014,2014-06-19,3711,2014-02-01,2358,5985,SANDI,6,5,7,3711,0,0,0,NA,0,122,OCEAN FRONT WALK,YORK CT,34,S,N,A,-,N,NA,NA,NA,NA,NA,NA,NA,NA,NA,N,2,0,1,1,B,-,22,NA,NA,N,E,I,A,A,H,-,C,D,0,NA,Y,NA,NA,Y,Y,L,04,1,0,0,0,0,0,1,0,0,-,-,NA,NA,SAN DIEGO,SAN DIEGO,-117.25473934,32.7890185
6376955,2014,2014-06-18,3700,2014-02-25,1307,SH5502,NA,2,5,5,3713,0,0,0,NA,0,310,WEST VISTA WY,VALENCIA DR,11,W,N,A,-,N,NA,NA,NA,NA,NA,NA,NA,NA,NA,Y,3,0,1,2,A,-,12,21453,A,N,D,C,A,A,H,-,A,A,0,NA,NA,NA,NA,Y,NA,A,07,0,1,0,0,0,0,0,0,0,-,-,NA,NA,SAN DIEGO,VISTA,-117.25120153,33.19684567
6377508,2014,2015-02-10,9645,2014-02-17,0833,19322,NA,1,1,7,3711,0,1,1,NA,2,005,RT 5,RT 52,4753,S,N,A,-,Y,NA,NA,5,NA,NA,NA,NA,NA,NA,Y,2,0,2,2,A,-,01,23152,A,N,B,C,A,A,H,-,A,D,0,NA,NA,NA,NA,Y,Y,A,01,1,1,0,0,0,0,0,0,0,-,-,32.82262,-117.22958,SAN DIEGO,SAN DIEGO,-117.22951715,32.82268356