CASE_ID,ACCIDENT_YEAR,PROC_DATE,JURIS,COLLISION_DATE,COLLISION_TIME,OFFICER_ID,REPORTING_DISTRICT,DAY_OF_WEEK,CHP_SHIFT,POPULATION,CNTY_CITY_LOC,SPECIAL_COND,BEAT_TYPE,CHP_BEAT_TYPE,CITY_DIVISION_LAPD,CHP_BEAT_CLASS,BEAT_NUMBER,PRIMARY_RD,SECONDARY_RD,DISTANCE,DIRECTION,INTERSECTION,WEATHER_1,WEATHER_2,STATE_HWY_IND,CALTRANS_COUNTY,CALTRANS_DISTRICT,STATE_ROUTE,ROUTE_SUFFIX,POSTMILE_PREFIX,POSTMILE,LOCATION_TYPE,RAMP_INTERSECTION,SIDE_OF_HWY,TOW_AWAY,COLLISION_SEVERITY,NUMBER_KILLED,NUMBER_INJURED,PARTY_COUNT,PRIMARY_COLL_FACTOR,PCF_CODE_OF_VIOL,PCF_VIOL_CATEGORY,PCF_VIOLATION,PCF_VIOL_SUBSECTION,HIT_AND_RUN,TYPE_OF_COLLISION,MVIW,PED_ACTION,ROAD_SURFACE,ROAD_COND_1,ROAD_COND_2,LIGHTING,CONTROL_DEVICE,CHP_ROAD_TYPE,PEDESTRIAN_ACCIDENT,BICYCLE_ACCIDENT,MOTORCYCLE_ACCIDENT,TRUCK_ACCIDENT,NOT_PRIVATE_PROPERTY,ALCOHOL_INVOLVED,STWD_VEHTYPE_AT_FAULT,CHP_VEHTYPE_AT_FAULT,COUNT_SEVERE_INJ,COUNT_VISIBLE_INJ,COUNT_COMPLAINT_PAIN,COUNT_PED_KILLED,COUNT_PED_INJURED,COUNT_BICYCLIST_KILLED,COUNT_BICYCLIST_INJURED,COUNT_MC_KILLED,COUNT_MC_INJURED,PRIMARY_RAMP,SECONDARY_RAMP,LATITUDE,LONGITUDE,COUNTY,CITY,POINT_X,POINT_Y
6637517,2014,2014-11-04,3706,2014-09-15,2336,ES0318,NA,1,5,6,3706,0,0,0,NA,0,052,ESCONDIDO BL,3RD AV,0,NA,Y,A,-,N,NA,NA,NA,NA,NA,NA,NA,NA,NA,Y,3,0,1,2,A,-,12,22450,A,N,D,C,A,A,H,-,C,A,0,NA,NA,NA,NA,Y,NA,A,01,0,1,0,0,0,0,0,0,0,-,-,NA,NA,SAN DIEGO,ESCONDIDO,-117.08289003,33.11847005
6638316,2014,2014-10-08,3711,2014-09-18,2028,6902,NA,4,5,7,3711,0,0,0,NA,0,813,UNIVERSITY AV,39TH ST,0,NA,Y,A,-,N,NA,NA,NA,NA,NA,NA,NA,NA,NA,N,3,0,1,2,A,-,12,22450,A,M,D,G,A,A,H,-,C,D,0,NA,Y,NA,NA,Y,Y,-,NA,0,1,0,0,0,0,1,0,0,-,-,NA,NA,SAN DIEGO,SAN DIEGO,-117.11065003,32.74969005
6639156,2014,2014-10-15,3706,2014-09-14,1753,ES0322,NA,7,5,6,3706,0,0,0,NA,0,043,EL NORTE PKWY,NORDAHL RD,0,NA,Y,A,-,N,NA,NA,NA,NA,NA,NA,NA,NA,NA,Y,3,0,3,2,A,-,12,21453,A,N,A,C,A,A,H,-,A,A,0,NA,NA,NA,NA,Y,NA,A,01,0,1,2,0,0,0,0,0,0,-,-,NA,NA,SAN DIEGO,ESCONDIDO,-117.10876,33.14720008
6640580,2014,2014-10-29,3710,2014-09-23,1635,OC1274,NA,2,5,6,3710,0,0,0,NA,0,037,THUNDER DR,SERENIDAD ST,70,S,N,A,-,N,NA,NA,NA,NA,NA,NA,NA,NA,NA,Y,3,0,2,2,A,-,09,21804,A,N,D,C,A,A,H,-,A,D,0,NA,NA,NA,NA,Y,NA,A,01,0,1,1,0,0,0,0,0,0,-,-,NA,NA,SAN DIEGO,OCEANSIDE,-117.28781911,33.18287903
6640588,2014,2014-10-29,3710,2014-09-12,1300,OC0727,NA,5,5,6,3710,0,0,0,NA,0,013,JEFFERSON,VISTA WAY,116,S,N,A,-,N,NA,NA,NA,NA,NA,NA,NA,NA,NA,Y,4,0,1,2,A,-,03,22350,NA,N,C,C,A,A,H,-,A,A,0,NA,NA,NA,NA,Y,NA,A,01,0,0,1,0,0,0,0,0,0,-,-,NA,NA,SAN DIEGO,OCEANSIDE,-117.33955099,33.18311265
6640609,2014,2014-10-13,3711,2014-09-11,0015,4708,SD,4,5,7,3711,0,0,0,NA,0,526,CEDAR ST,4TH AV,0,NA,Y,A,-,N,NA,NA,NA,NA,NA,NA,NA,NA,NA,Y,4,0,1,2,A,-,12,21453,A,N,D,C,A,A,H,-,C,-,0,NA,NA,NA,NA,Y,Y,-,NA,0,0,1,0,0,0,0,0,0,-,-,NA,NA,SAN DIEGO,SAN DIEGO,-117.16111007,32.72197011
6640901,2014,2016-05-24,9650,2014-09-16,0740,017263,NA,2,1,6,3706,0,1,1,NA,2,023,RT 15,VALLEY PKWY,1000,S,N,A,-,Y,SD,11,15,-,R,30.44,H,-,N,Y,4,0,1,8,A,-,03,22350,NA,N,C,C,A,A,H,-,A,D,1,NA,NA,NA,Y,Y,NA,-,-,0,0,1,0,0,0,0,0,0,-,-,33.11408,-117.09782,SAN DIEGO,ESCONDIDO,-117.09741829,33.11300177
6643019,2014,2014-11-17,3710,2014-10-03,2135,OC1263,NA,5,5,6,3710,0,0,0,NA,0,037,COLLEGE BL,LAKE BL,0,NA,Y,A,-,N,NA,NA,NA,NA,NA,NA,NA,NA,NA,Y,4,0,2,2,A,-,09,21453,C,N,A,C,A,A,H,-,C,A,0,NA,NA,NA,NA,Y,NA,A,01,0,0,2,0,0,0,0,0,0,-,-,NA,NA,SAN DIEGO,OCEANSIDE,-117.29390008,33.17863005
6644047,2014,2016-06-11,9650,2014-11-27,0600,13636,NA,4,1,5,3782,0,1,1,NA,2,007,RT 5,ENCINITAS BL,2640,N,N,A,-,Y,SD,11,5,-,R,42.04,H,-,N,Y,2,0,2,1,A,-,08,22107,NA,N,E,I,A,A,H,-,B,D,1,NA,NA,NA,NA,Y,NA,A,07,1,0,1,0,0,0,0,0,0,-,-,NA,NA,SAN DIEGO,ENCINITAS,-117.28928154,33.05567417
6644843,2014,2014-10-10,3711,2014-09-24,1522,7100,NA,3,5,7,3711,0,0,0,NA,0,524,KETTNER BL,B ST,0,NA,Y,A,-,N,NA,NA,NA,NA,NA,NA,NA,NA,NA,N,4,0,1,2,A,-,10,21950,A,N,A,B,B,A,H,-,B,A,0,Y,NA,NA,NA,Y,NA,-,NA,0,0,1,0,1,0,0,0,0,-,-,NA,NA,SAN DIEGO,SAN DIEGO,-117.16916001,32.71775009
6644855,2014,2014-10-10,3711,2014-09-24,1559,4523,NA,3,5,7,3711,0,0,0,NA,0,124,HILLSIDE DR,VIA SIENA,1056,E,N,A,-,N,NA,NA,NA,NA,NA,NA,NA,NA,NA,Y,4,0,1,1,A,-,08,22107,NA,N,E,I,A,A,H,-,A,D,0,NA,NA,NA,NA,Y,NA,-,NA,0,0,1,0,0,0,0,0,0,-,-,NA,NA,SAN DIEGO,SAN DIEGO,-117.25427,32.8434
6644880,2014,2014-10-13,3711,2014-09-24,1408,6104,NA,3,5,7,3711,0,0,0,NA,0,612,ROSECRANS ST,ISBEN ST,0,NA,Y,A,-,N,NA,NA,NA,NA,NA,NA,NA,NA,NA,Y,4,0,1,2,A,-,09,21802,A,N,D,C,A,A,H,-,A,D,0,NA,NA,NA,NA,Y,NA,-,NA,0,0,1,0,0,0,0,0,0,-,-,NA,NA,SAN DIEGO,SAN DIEGO,-117.21403005,32.74246001
6644909,2014,2014-10-09,3711,2014-09-24,0641,5925,NA,3,5,7,3711,0,0,0,NA,0,326,55TH ST,MADISON AV,73,S,N,A,-,N,NA,NA,NA,NA,NA,NA,NA,NA,NA,N,4,0,2,2,A,-,08,22107,NA,M,B,E,A,A,H,-,B,D,0,NA,NA,NA,NA,Y,Y,A,07,0,0,2,0,0,0,0,0,0,-,-,NA,NA,SAN DIEGO,SAN DIEGO,-117.0760874,32.76065006
6645130,2014,2016-05-24,9645,2014-09-09,0606,012460,NA,2,1,7,3711,0,1,1,NA,2,019,RT 15,DUENDA RD,5808,N,N,A,-,Y,SD,11,15,-,M,25.49,H,-,N,Y,4,0,1,2,A,-,03,22350,NA,N,C,C,A,A,H,-,A,D,1,NA,NA,NA,NA,Y,NA,D,23,0,0,1,0,0,0,0,0,0,-,-,33.04376,-117.07318,SAN DIEGO,SAN DIEGO,-117.07270559,33.04817975
6645538,2014,2014-10-28,9680,2014-09-16,1620,019729,NA,2,2,9,3700,0,2,4,NA,1,095,SAN VICENTE RD,WARNOCK DR,5808,E,N,B,-,N,NA,NA,NA,NA,NA,NA,NA,NA,NA,Y,3,0,2,2,A,-,05,21460,A,N,A,C,A,A,H,-,A,A,0,NA,NA,NA,NA,Y,NA,A,01,0,1,1,0,0,0,0,0,0,-,-,32.99934,-116.86243,SAN DIEGO,UNINCORPORATED,-116.86653,33.01482
6645552,2014,2016-05-28,9680,2014-09-20,1530,013283,9680,6,2,5,3708,0,1,1,NA,2,081,RT 8,FLETCHER PKWY,1056,W,N,A,-,Y,SD,11,8,-,-,10.315,R,2,E,N,3,0,1,1,A,-,03,22350,NA,N,F,A,A,A,H,-,A,A,1,NA,NA,Y,NA,Y,NA,C,02,0,1,0,0,0,0,0,0,1,TO,-,NA,NA,SAN DIEGO,LA MESA,-117.03431312,32.77387636
6646174,2014,2016-05-24,9645,2014-09-11,0800,13599,NA,4,1,9,3700,0,1,3,NA,2,008,RT 54,BRIARWOOD DR,1434,W,N,A,-,Y,SD,11,54,-,-,4.72,H,-,W,Y,3,0,1,2,A,-,07,21658,A,N,B,C,A,A,H,-,A,D,1,NA,NA,Y,NA,Y,NA,A,01,0,1,0,0,0,0,0,0,1,-,-,32.67881,-117.03001,SAN DIEGO,UNINCORPORATED,-117.03375986,32.67903528
6647164,2014,2014-10-28,3711,2014-09-18,0755,3521,NA,4,5,7,3711,0,0,0,NA,0,241,SPRING CANYON RD,LARMIER CIR,0,NA,Y,A,-,N,NA,NA,NA,NA,NA,NA,NA,NA,NA,Y,4,0,2,2,A,-,09,21802,A,N,D,C,A,A,H,-,A,D,0,NA,NA,NA,NA,Y,NA,-,NA,0,0,2,0,0,0,0,0,0,-,-,NA,NA,SAN DIEGO,SAN DIEGO,-117.08301008,32.92404001
6647215,2014,2016-05-21,9680,2014-09-23,1720,017928,NA,2,2,9,3700,0,1,3,NA,1,090,RT 67,MUSSEY GRADE RD,5280,S,N,A,-,Y,SD,11,67,-,-,19.77,H,-,N,N,4,0,1,2,A,-,03,22350,NA,N,C,C,A,A,H,-,A,D,0,NA,NA,NA,NA,Y,NA,A,01,0,0,1,0,0,0,0,0,0,-,-,33.01097,-116.93278,SAN DIEGO,UNINCORPORATED,-116.96227015,32.80329938
6647824,2014,2016-05-21,9645,2014-09-17,0615,18529,NA,3,1,7,3711,0,1,1,NA,2,009,RT 805,47TH ST,500,S,N,A,-,Y,SD,11,805,-,-,11.27,H,-,N,N,4,0,1,2,A,-,07,21658,A,N,B,C,A,A,H,-,B,D,1,NA,NA,NA,NA,Y,NA,A,07,0,0,1,0,0,0,0,0,0,-,-,32.6854,-117.0905,SAN DIEGO,SAN DIEGO,-117.09358351,32.6886001
6647832,2014,2016-05-21,9645,2014-09-18,0655,018344,NA,4,1,7,3711,0,1,1,NA,2,015,RT 805,RT 52,100,S,N,A,-,Y,SD,11,805,-,-,23.56,H,-,N,N,4,0,1,2,A,-,03,22350,NA,N,B,C,A,A,H,-,A,D,1,NA,NA,Y,NA,Y,NA,C,02,0,0,1,0,0,0,0,0,1,-,-,32.84626,-117.17727,SAN DIEGO,SAN DIEGO,-117.17715471,32.84633143
6647861,2014,2016-05-25,9645,2014-09-13,1218,019497,NA,6,1,7,3711,0,1,1,NA,2,010,RT 8,PRESIDIO PARK,586,W,N,A,-,Y,SD,11,8,-,R,0.84,H,-,W,Y,3,0,3,4,A,-,08,22107,NA,N,B,C,A,A,H,-,A,D,1,NA,NA,NA,NA,Y,NA,A,01,0,1,2,0,0,0,0,0,0,-,-,32.7604,-117.1918,SAN DIEGO,SAN DIEGO,-117.19009201,32.7601211
6647909,2014,2016-02-10,9645,2014-09-13,1440,019033,NA,6,2,7,3711,0,1,3,NA,2,014,RT 52,KEARNY VILLA RD,300,W,N,A,-,Y,SD,11,52,-,-,6.87,H,-,E,Y,3,0,1,2,A,-,01,23152,A,M,C,C,A,A,H,-,A,D,1,NA,NA,Y,NA,Y,Y,C,02,0,1,0,0,0,0,0,0,1,-,-,32.83764,-117.15166,SAN DIEGO,SAN DIEGO,-117.12895421,32.84149922
6650458,2014,2014-10-16,3702,2014-09-08,0748,VB0827,NA,1,5,6,3702,0,0,0,NA,0,023,ORANGE AV,MELROSE AV,0,NA,Y,A,-,N,NA,NA,NA,NA,NA,NA,NA,NA,NA,N,4,0,2,2,A,-,12,21453,A,N,A,C,A,A,H,-,A,A,0,NA,NA,NA,NA,Y,NA,A,08,0,0,2,0,0,0,0,0,0,-,-,NA,NA,SAN DIEGO,CHULA VISTA,-117.03896011,32.60470001
6650864,2014,2014-10-23,3702,2014-09-12,1945,CV1103,NA,5,5,6,3702,0,0,0,NA,0,023,EAST ORANGE AV,MELROSE AV,0,NA,Y,A,-,N,NA,NA,NA,NA,NA,NA,NA,NA,NA,Y,4,0,1,2,A,-,09,21801,A,N,D,C,A,A,H,-,C,A,0,NA,NA,NA,NA,Y,NA,A,01,0,0,1,0,0,0,0,0,0,-,-,NA,NA,SAN DIEGO,CHULA VISTA,-117.03896011,32.60470001
6651151,2014,2014-10-15,9650,2014-09-23,0750,15295,NA,2,1,9,3700,0,2,4,NA,1,027,VALLEY CENTER RD,NORTH LAKE WOHLFORD RD,250,E,N,A,-,N,NA,NA,NA,NA,NA,NA,NA,NA,NA,Y,4,0,1,2,A,-,03,22350,NA,N,C,C,A,A,H,-,A,D,0,NA,NA,NA,NA,Y,NA,A,01,0,0,1,0,0,0,0,0,0,-,-,33.22812,-116.97488,SAN DIEGO,UNINCORPORATED,-116.97487545,33.2281699
6651199,2014,2016-05-20,9650,2014-09-21,1340,15503,NA,7,1,5,3701,0,1,1,NA,2,005,RT 5,POINSETTA LN,1320,N,N,A,-,Y,SD,11,5,-,R,45.82,H,-,N,Y,3,0,2,2,A,-,03,22350,NA,N,C,C,A,A,H,-,A,D,1,NA,NA,NA,NA,Y,NA,A,01,0,1,1,0,0,0,0,0,0,-,-,33.10724,-117.31279,SAN DIEGO,CARLSBAD,-117.31249782,33.10660214
6651246,2014,2014-10-17,3711,2014-08-02,1415,4491,NA,6,5,7,3711,0,0,0,NA,0,123,SEA WORLD DR,FRIARS RD,197,W,N,C,-,N,NA,NA,NA,NA,NA,NA,NA,NA,NA,Y,3,0,1,1,A,-,03,22350,NA,N,E,I,A,B,-,-,A,A,0,NA,NA,NA,NA,Y,NA,-,NA,0,1,0,0,0,0,0,0,0,-,-,NA,NA,SAN DIEGO,SAN DIEGO,-117.21010132,32.76312744
6657138,2014,2014-10-22,9650,2014-09-29,1815,018406,NA,1,2,9,3700,0,3,5,NA,2,006,OLD STAGE RD,OLD STAGE CT,0,NA,Y,A,-,N,NA,NA,NA,NA,NA,NA,NA,NA,NA,Y,4,0,2,2,A,-,08,22107,NA,N,B,C,A,A,H,-,B,D,0,NA,NA,NA,NA,Y,NA,A,01,0,0,2,0,0,0,0,0,0,-,-,33.37532,-117.24933,SAN DIEGO,UNINCORPORATED,-117.24929006,33.37532011
6658061,2014,2014-10-21,3706,2014-09-19,1515,ES0479,NA,5,5,6,3706,0,0,0,NA,0,056,REED RD,MOODY DR,0,W,N,A,-,N,NA,NA,NA,NA,NA,NA,NA,NA,NA,N,3,0,1,2,A,-,11,21955,NA,F,G,B,D,A,H,-,A,D,0,Y,NA,NA,NA,Y,NA,N,60,0,1,0,0,1,0,0,0,0,-,-,NA,NA,SAN DIEGO,ESCONDIDO,-117.03333007,33.13362003
6658075,2014,2014-10-21,3706,2014-09-26,1608,ES0403,NA,5,5,6,3706,0,0,0,NA,0,044,WASHINGTON AV,HARDING ST,0,NA,Y,A,-,N,NA,NA,NA,NA,NA,NA,NA,NA,NA,N,4,0,1,2,A,-,09,21801,A,N,D,C,A,A,H,-,A,A,0,NA,NA,NA,NA,Y,NA,A,01,0,0,1,0,0,0,0,0,0,-,-,NA,NA,SAN DIEGO,ESCONDIDO,-117.06569011,33.13443001
6658076,2014,2016-01-05,3706,2014-09-13,1537,ES0470,NA,6,5,6,3706,0,0,0,NA,0,042,EAST VALLEY PKWY,KALMIA ST,0,NA,Y,A,-,N,NA,NA,NA,NA,NA,NA,NA,NA,NA,Y,4,0,1,2,A,-,09,21802,A,N,D,C,A,A,H,-,A,A,0,NA,NA,NA,NA,Y,NA,A,01,0,0,1,0,0,0,0,0,0,-,-,NA,NA,SAN DIEGO,ESCONDIDO,-117.08074006,33.12327005
6658127,2014,2014-12-19,9650,2014-10-06,0740,015503,NA,1,1,6,3706,0,1,3,NA,2,019,RT 78,RT 15,580,W,N,A,-,Y,NA,NA,78,NA,NA,NA,NA,NA,NA,N,4,0,1,2,A,-,03,22350,NA,N,B,C,A,A,H,-,A,D,0,NA,NA,Y,NA,Y,NA,C,02,0,0,1,0,0,0,0,0,1,-,-,33.12682,-117.10703,SAN DIEGO,ESCONDIDO,-117.10702853,33.12676435
6659512,2014,2016-05-25,9645,2014-09-27,1130,017498,NA,6,1,7,3711,0,1,1,NA,2,017,RT 15,MIRAMAR WY OVER CROSS,1056,N,N,A,-,Y,SD,11,15,S,-,13.53,H,-,S,N,3,0,1,1,A,-,08,22107,NA,N,E,I,A,A,H,-,A,A,1,NA,NA,NA,NA,Y,NA,A,07,0,1,0,0,0,0,0,0,0,-,-,32.88808,-117.11294,SAN DIEGO,SAN DIEGO,-117.10993503,32.88321615
6660430,2014,2014-12-11,9645,2014-10-09,1650,017524,NA,4,2,7,3711,0,1,1,NA,2,015,RT 805,MIRA MESA BL,2640,N,N,A,-,Y,NA,NA,805,NA,NA,NA,NA,NA,NA,Y,3,0,1,2,A,-,03,22350,NA,N,C,C,A,A,H,-,A,D,0,NA,NA,NA,NA,Y,NA,A,01,0,1,0,0,0,0,0,0,0,-,-,32.89832,-117.21815,SAN DIEGO,SAN DIEGO,-117.21822015,32.8982541
6661546,2014,2016-05-16,9645,2014-09-26,1417,19322,NA,5,2,7,3711,0,1,3,NA,2,023,RT 163,ROBINSON AV,60,N,N,A,-,Y,SD,11,163,-,-,2.5,H,-,S,Y,4,0,3,2,A,-,07,21658,A,N,B,C,A,A,H,-,A,D,1,NA,NA,NA,NA,Y,NA,A,01,0,0,3,0,0,0,0,0,0,-,-,32.74814,-117.15614,SAN DIEGO,SAN DIEGO,-117.15652307,32.74691052
6661593,2014,2016-05-25,9645,2014-09-30,1615,12294,NA,2,2,7,3711,0,1,1,NA,2,010,RT 8,PRESIDIO PARK,162,W,N,A,-,Y,SD,11,8,-,R,0.92,H,-,E,Y,4,0,1,2,A,-,03,22350,NA,N,C,C,A,A,H,-,A,D,1,NA,NA,NA,NA,Y,NA,A,01,0,0,1,0,0,0,0,0,0,-,-,32.75967,-117.18898,SAN DIEGO,SAN DIEGO,-117.18876451,32.75974502
6661609,2014,2014-11-06,9680,2014-09-29,0530,015733,NA,1,3,9,3700,0,3,5,NA,2,009,RAMONA ST,H ST,10,S,N,A,-,N,NA,NA,NA,NA,NA,NA,NA,NA,NA,Y,3,0,1,1,A,-,01,23152,A,N,E,I,A,A,H,-,D,A,0,NA,NA,NA,NA,Y,Y,A,01,0,1,0,0,0,0,0,0,0,-,-,33.0293,-116.87966,SAN DIEGO,UNINCORPORATED,-116.87942951,33.02986262
6661768,2014,2014-12-11,9645,2014-10-01,0919,12294,NA,3,1,7,3711,0,1,1,NA,2,007,RT 5,SAN DIEGUITO RIVER BRIDGE,80,S,N,A,-,Y,NA,NA,5,NA,NA,NA,NA,NA,NA,Y,4,0,1,2,A,-,00,21655,8,N,C,C,A,A,H,-,A,D,0,NA,NA,NA,NA,Y,NA,A,01,0,0,1,0,0,0,0,0,0,-,-,32.9722,-117.25013,SAN DIEGO,SAN DIEGO,-117.25007089,32.97222255
6663523,2014,2014-10-23,3706,2014-09-25,0845,ES0200,NA,4,5,6,3706,0,0,0,NA,0,045,N QUINCE ST,WASHINGTON AV,330,S,N,A,-,N,NA,NA,NA,NA,NA,NA,NA,NA,NA,Y,3,0,3,2,A,-,09,21804,A,N,D,C,A,A,H,-,A,D,0,NA,NA,NA,NA,Y,NA,A,07,0,1,2,0,0,0,0,0,0,-,-,NA,NA,SAN DIEGO,ESCONDIDO,-117.0915984,33.12358886
6666781,2014,2014-12-16,3711,2014-10-05,0314,6037,NA,7,5,7,3711,0,0,0,NA,0,442,NATIONAL AV,S 35TH ST,225,E,N,A,-,N,NA,NA,NA,NA,NA,NA,NA,NA,NA,Y,4,0,1,1,A,-,-,NA,NA,N,E,I,A,A,H,-,C,D,0,NA,NA,NA,NA,Y,Y,-,NA,0,0,1,0,0,0,0,0,0,-,-,NA,NA,SAN DIEGO,SAN DIEGO,-117.11816111,32.69600341
6667360,2014,2016-02-24,9650,2014-10-03,1635,016516,NA,5,2,9,3700,0,3,5,NA,1,160,VIA URNER WY,OLD HWY 395,0,NA,Y,A,-,N,NA,NA,NA,NA,NA,NA,NA,NA,NA,Y,4,0,2,2,A,-,09,21800,A,N,D,C,A,A,H,-,A,A,0,NA,NA,NA,NA,Y,NA,D,22,0,0,2,0,0,0,0,0,0,-,-,33.29235,-117.15154,SAN DIEGO,UNINCORPORATED,-117.15151004,33.29218006
6668081,2014,2014-11-04,3701,2014-09-25,1657,5455,79,4,5,5,3701,0,0,0,NA,0,005,EL CAMINIO REAL,PALOMAR AIRPORT RD,1584,N,N,A,-,N,NA,NA,NA,NA,NA,NA,NA,NA,NA,Y,4,0,2,2,A,-,03,22350,NA,N,C,C,A,A,H,-,A,D,0,NA,NA,NA,NA,Y,NA,D,22,0,0,2,0,0,0,0,0,0,-,-,NA,NA,SAN DIEGO,CARLSBAD,-117.27006729,33.13309384
6668345,2014,2014-12-15,3701,2014-10-08,1148,5457,81,3,5,5,3701,0,0,0,NA,0,006,PALOMAR AIRPORT RD,LOKER AVENUE EAST,195,W,N,A,-,N,NA,NA,NA,NA,NA,NA,NA,NA,NA,Y,3,0,1,3,A,-,03,22350,NA,N,C,D,A,A,H,-,A,D,0,NA,NA,NA,NA,Y,NA,A,01,0,1,0,0,0,0,0,0,0,-,-,NA,NA,SAN DIEGO,CARLSBAD,-117.24910349,33.12990906
6668727,2014,2014-10-23,3711,2014-09-17,0820,6769,SD,3,5,7,3711,0,0,0,NA,0,822,EL CAJON BL,56TH ST,10,W,N,A,-,N,NA,NA,NA,NA,NA,NA,NA,NA,NA,N,4,0,1,3,A,-,12,21453,A,N,D,-,A,A,H,-,A,A,0,NA,NA,NA,NA,Y,NA,-,NA,0,0,1,0,0,0,0,0,0,-,-,NA,NA,SAN DIEGO,SAN DIEGO,-117.074952,32.75846564
6668855,2014,2014-11-21,3711,2014-10-09,1610,6214,SDPD,4,5,7,3711,0,0,0,NA,0,528,KETTNER BL,W HAWTHORN,30,S,N,A,-,N,NA,NA,NA,NA,NA,NA,NA,NA,NA,N,4,0,1,2,A,-,10,21950,C,N,G,B,-,A,H,-,A,A,0,Y,NA,NA,NA,Y,NA,-,NA,0,0,1,0,1,0,0,0,0,-,-,NA,NA,SAN DIEGO,SAN DIEGO,-117.17024679,32.72606276
6672360,2014,2016-05-25,9645,2014-10-01,1650,17401,NA,3,2,7,3711,0,1,3,NA,2,023,RT 163,RT 805,528,N,N,A,-,Y,SD,11,163,-,-,7.15,H,-,S,Y,4,0,1,2,A,-,03,22350,NA,N,C,C,A,A,H,-,A,A,1,NA,NA,NA,NA,Y,NA,A,01,0,0,1,0,0,0,0,0,0,-,-,32.81284,-117.1514,SAN DIEGO,SAN DIEGO,-117.1524315,32.81035368
6672422,2014,2015-01-23,3711,2014-10-14,1400,6696,NA,2,5,7,3711,0,0,0,NA,0,821,EL CAJON BL,71ST ST,20,W,N,A,-,N,NA,NA,NA,NA,NA,NA,NA,NA,NA,Y,4,0,2,2,A,-,09,21801,A,N,D,C,A,A,H,-,A,D,0,NA,NA,NA,NA,Y,NA,-,NA,0,0,2,0,0,0,0,0,0,-,-,NA,NA,SAN DIEGO,SAN DIEGO,-117.04490483,32.76873909
6674425,2014,2014-12-17,9645,2014-10-08,0622,014461,NA,3,1,7,3711,0,1,1,NA,2,015,RT 805,CLAIREMONT MESA BL,400,S,N,A,-,Y,NA,NA,805,NA,NA,NA,NA,NA,NA,N,4,0,2,3,A,-,03,22350,NA,N,C,C,A,A,H,-,A,D,0,NA,NA,NA,NA,Y,NA,A,07,0,0,2,0,0,0,0,0,0,-,-,32.836,-117.17095,SAN DIEGO,SAN DIEGO,-117.17096559,32.83599048
6675288,2014,2014-11-18,3700,2014-09-14,1940,SH7146,4,7,5,5,3712,0,0,0,NA,0,001,WEST SAN MARCOS BL,SOUTH RANCHO SANTA FE RD,0,NA,Y,A,-,N,NA,NA,NA,NA,NA,NA,NA,NA,NA,Y,3,0,1,4,A,-,12,21453,A,N,A,C,A,A,H,-,C,A,0,NA,NA,NA,NA,Y,NA,A,01,0,1,0,0,0,0,0,0,0,-,-,NA,NA,SAN DIEGO,SAN MARCOS,-117.20844013,33.13135006
6675367,2014,2015-01-06,9645,2014-10-03,1525,20541,NA,5,2,7,3711,0,1,1,NA,2,017,RT 15,MIRAMAR WY,5280,S,N,A,-,Y,NA,NA,15,NA,NA,NA,NA,NA,NA,Y,4,0,1,3,A,-,08,22107,NA,N,B,C,A,A,H,-,A,D,0,NA,NA,NA,Y,Y,NA,A,01,0,0,1,0,0,0,0,0,0,-,-,32.8761,-117.10755,SAN DIEGO,SAN DIEGO,-117.10783639,32.87607443
6675469,2014,2016-05-28,9645,2014-09-26,1700,19410,NA,5,2,7,3711,0,1,1,NA,2,010,RT 8,RT 805,100,W,N,A,-,Y,SD,11,8,-,-,4.36,H,-,E,Y,4,0,1,4,A,-,03,22350,NA,N,C,C,A,A,H,-,A,D,1,NA,NA,NA,NA,Y,NA,A,01,0,0,1,0,0,0,0,0,0,-,-,32.77161,-117.13233,SAN DIEGO,SAN DIEGO,-117.13204672,32.77168134
6675472,2014,2016-05-16,9645,2014-09-16,1744,020857,NA,2,2,7,3711,0,1,3,NA,2,023,RT 163,RT 8,528,S,N,C,-,Y,SD,11,163,-,-,3.58,H,-,N,Y,3,0,2,2,C,-,18,NA,NA,N,H,J,A,B,H,-,A,D,1,NA,NA,NA,NA,Y,NA,-,-,0,1,1,0,0,0,0,0,0,-,-,32.76018,-117.16252,SAN DIEGO,SAN DIEGO,-117.1631009,32.76099077
6676195,2014,2016-01-05,3705,2014-09-02,1438,EC0301,NA,2,5,5,3705,0,0,0,NA,0,006,W MAIN,EL MONTE,0,NA,Y,A,-,N,NA,NA,NA,NA,NA,NA,NA,NA,NA,N,3,0,3,2,A,-,09,21804,A,N,D,C,A,A,H,-,A,D,0,NA,NA,NA,NA,Y,NA,A,01,0,1,2,0,0,0,0,0,0,-,-,NA,NA,SAN DIEGO,EL CAJON,-116.97846007,32.79497007
6676676,2014,2016-06-18,9680,2014-10-11,0645,18152,NA,6,1,9,3700,0,1,3,NA,1,022,RT 54,CHASE AV,0,NA,Y,B,-,Y,SD,11,54,-,T,13.71,I,5,W,Y,4,0,2,2,A,-,09,21453,C,N,D,C,A,A,H,-,A,A,0,NA,NA,NA,NA,Y,NA,A,07,0,0,2,0,0,0,0,0,0,-,-,32.76894,-116.928,SAN DIEGO,UNINCORPORATED,-116.92789686,32.7687854
6676744,2014,2014-12-16,9650,2014-10-10,1910,015654,NA,5,2,5,3701,0,1,1,NA,2,005,RT 5,POINSETTIA LN,971,S,N,A,-,Y,NA,NA,5,NA,NA,NA,NA,NA,NA,Y,4,0,1,3,A,-,03,22350,NA,N,C,C,A,A,H,-,B,D,0,NA,NA,NA,NA,Y,NA,A,07,0,0,1,0,0,0,0,0,0,-,-,33.09876,-117.30722,SAN DIEGO,CARLSBAD,-117.30733798,33.09868259
6679392,2014,2014-12-29,3711,2014-10-21,1910,7021,NA,2,5,7,3711,0,0,0,NA,0,624,PARK BL,EL CAJON BL,0,NA,Y,A,-,N,NA,NA,NA,NA,NA,NA,NA,NA,NA,Y,3,0,1,2,A,-,09,21453,C,N,A,C,A,A,H,-,C,A,0,NA,NA,NA,NA,Y,NA,-,NA,0,1,0,0,0,0,0,0,0,-,-,NA,NA,SAN DIEGO,SAN DIEGO,-117.14630006,32.75532002