CASE_ID,ACCIDENT_YEAR,PROC_DATE,JURIS,COLLISION_DATE,COLLISION_TIME,OFFICER_ID,REPORTING_DISTRICT,DAY_OF_WEEK,CHP_SHIFT,POPULATION,CNTY_CITY_LOC,SPECIAL_COND,BEAT_TYPE,CHP_BEAT_TYPE,CITY_DIVISION_LAPD,CHP_BEAT_CLASS,BEAT_NUMBER,PRIMARY_RD,SECONDARY_RD,DISTANCE,DIRECTION,INTERSECTION,WEATHER_1,WEATHER_2,STATE_HWY_IND,CALTRANS_COUNTY,CALTRANS_DISTRICT,STATE_ROUTE,ROUTE_SUFFIX,POSTMILE_PREFIX,POSTMILE,LOCATION_TYPE,RAMP_INTERSECTION,SIDE_OF_HWY,TOW_AWAY,COLLISION_SEVERITY,NUMBER_KILLED,NUMBER_INJURED,PARTY_COUNT,PRIMARY_COLL_FACTOR,PCF_CODE_OF_VIOL,PCF_VIOL_CATEGORY,PCF_VIOLATION,PCF_VIOL_SUBSECTION,HIT_AND_RUN,TYPE_OF_COLLISION,MVIW,PED_ACTION,ROAD_SURFACE,ROAD_COND_1,ROAD_COND_2,LIGHTING,CONTROL_DEVICE,CHP_ROAD_TYPE,PEDESTRIAN_ACCIDENT,BICYCLE_ACCIDENT,MOTORCYCLE_ACCIDENT,TRUCK_ACCIDENT,NOT_PRIVATE_PROPERTY,ALCOHOL_INVOLVED,STWD_VEHTYPE_AT_FAULT,CHP_VEHTYPE_AT_FAULT,COUNT_SEVERE_INJ,COUNT_VISIBLE_INJ,COUNT_COMPLAINT_PAIN,COUNT_PED_KILLED,COUNT_PED_INJURED,COUNT_BICYCLIST_KILLED,COUNT_BICYCLIST_INJURED,COUNT_MC_KILLED,COUNT_MC_INJURED,PRIMARY_RAMP,SECONDARY_RAMP,LATITUDE,LONGITUDE,COUNTY,CITY,POINT_X,POINT_Y
6836003,2015,2016-10-19,9650,2015-02-15,1652,017743,NA,7,2,9,3700,0,1,1,NA,2,001,RT 5,BEACH CLUB RD,10,S,N,A,-,Y,SD,11,5,-,R,70.98,H,-,N,Y,4,0,1,2,A,-,03,22350,NA,N,C,C,A,A,H,-,A,D,1,NA,NA,NA,NA,Y,NA,A,01,0,0,1,0,0,0,0,0,0,-,-,33.38321,-117.57667,SAN DIEGO,UNINCORPORATED,-117.57682454,33.38317679
6836028,2015,2015-03-12,9650,2015-02-16,0600,015906,NA,1,1,9,3700,0,3,5,NA,2,171,POINSETTIA AV,OLEANDER AV,288,S,N,A,-,N,NA,NA,NA,NA,NA,NA,NA,NA,NA,Y,2,0,1,2,A,-,06,21750,NA,N,B,C,A,A,H,-,A,D,0,NA,NA,Y,NA,Y,NA,C,02,1,0,0,0,0,0,0,0,1,-,-,NA,NA,SAN DIEGO,UNINCORPORATED,-117.21162376,33.1537593
6836239,2015,2016-09-12,9650,2015-02-17,1525,16275,NA,2,2,5,3712,0,1,3,NA,2,019,RT 78,NORDAHL RD,2112,W,N,A,-,Y,SD,11,78,-,-,15.09,H,-,E,Y,4,0,3,3,A,-,03,22350,NA,N,C,C,A,A,H,-,A,D,1,NA,NA,NA,NA,Y,NA,A,07,0,0,3,0,0,0,0,0,0,-,-,33.13504,-117.13148,SAN DIEGO,SAN MARCOS,-117.12771417,33.13449661
6837190,2015,2016-10-26,9645,2015-02-20,1455,17953,NA,5,2,7,3711,0,1,3,NA,2,022,RT 56,RANCHO PENASQUITOS BL,1800,E,N,B,-,Y,SD,11,56,-,-,8.92,H,-,E,Y,4,0,1,5,A,-,03,22350,NA,N,C,C,A,A,H,-,A,D,1,NA,NA,NA,NA,Y,NA,A,08,0,0,1,0,0,0,0,0,0,-,-,32.96035,-117.10766,SAN DIEGO,SAN DIEGO,-117.10785051,32.96031969
6837240,2015,2015-03-19,3711,2015-02-20,1721,6366,NA,5,5,7,3711,0,0,0,NA,0,824,COLLWOOD BL,MONTEZUMA RD,1950,S,N,A,-,N,NA,NA,NA,NA,NA,NA,NA,NA,NA,Y,4,0,1,2,C,-,18,NA,NA,N,E,I,A,A,H,-,B,D,0,NA,NA,NA,NA,Y,NA,-,-,0,0,1,0,0,0,0,0,0,-,-,NA,NA,SAN DIEGO,SAN DIEGO,-117.08353667,32.7652601
6837373,2015,2016-10-26,9645,2015-02-19,1110,13393,NA,4,1,7,3711,0,1,1,NA,2,021,RT 15,RT 805,350,N,N,A,-,Y,SD,11,15,-,M,3.93,H,-,N,Y,3,0,2,3,A,-,08,22107,NA,N,E,I,A,A,H,-,A,D,1,NA,NA,NA,NA,Y,NA,A,07,0,1,1,0,0,0,0,0,0,-,FR,NA,NA,SAN DIEGO,SAN DIEGO,-117.11287132,32.74053975
6837709,2015,2015-03-30,3711,2015-02-24,0550,7077,SANDI,2,5,7,3711,0,0,0,NA,0,242,MIRA MESA BL,PENRIDGE ST,120,W,N,A,-,N,NA,NA,NA,NA,NA,NA,NA,NA,NA,Y,4,0,1,2,A,-,03,22350,NA,N,C,C,A,A,H,-,B,A,0,NA,NA,NA,NA,Y,NA,A,01,0,0,1,0,0,0,0,0,0,-,-,NA,NA,SAN DIEGO,SAN DIEGO,-117.1696522,32.90791579
6837753,2015,2016-04-07,3711,2015-02-25,1500,5496,NA,3,5,7,3711,0,0,0,NA,0,111,GENESEE AV,GENESEE AV 4200,0,NA,N,A,-,N,NA,NA,NA,NA,NA,NA,NA,NA,NA,N,3,0,1,2,A,-,-,NA,NA,M,G,B,B,A,H,-,A,A,0,Y,NA,NA,NA,Y,Y,-,NA,0,1,0,0,1,0,0,0,0,-,-,NA,NA,SAN DIEGO,SAN DIEGO,-117.18203008,32.81937397
6840303,2015,2016-10-19,9645,2015-02-18,1730,017499,NA,3,2,7,3711,0,1,1,NA,2,001,RT 5,CORONADO AV,15010,S,N,A,-,Y,SD,11,5,-,-,3.72,H,-,N,Y,4,0,1,3,A,-,08,22107,NA,N,B,C,A,A,H,-,B,D,1,NA,NA,NA,NA,Y,Y,A,01,0,0,1,0,0,0,0,0,0,-,-,32.57514,-117.08172,SAN DIEGO,SAN DIEGO,-117.07923917,32.57266208
6841512,2015,2016-09-13,9680,2015-03-03,1555,020249,NA,2,2,9,3700,0,1,3,NA,1,052,RT 78,WYNOLA RD,3168,E,N,B,F,Y,SD,11,78,-,-,60.9,H,-,W,Y,4,0,1,1,A,-,17,21662,NA,N,F,A,A,B,H,-,A,D,0,NA,NA,NA,NA,Y,NA,A,01,0,0,1,0,0,0,0,0,0,-,-,33.09441,-116.58634,SAN DIEGO,UNINCORPORATED,-116.58643827,33.09441384
6841516,2015,2016-10-12,9680,2015-03-05,0715,014631,NA,4,1,5,3708,0,1,1,NA,2,081,RT 8,70TH ST,479,E,N,A,-,Y,SD,11,8,-,-,9.68,H,-,W,N,4,0,1,2,A,-,03,22350,NA,N,F,A,A,A,H,-,A,D,1,NA,NA,Y,NA,Y,NA,C,02,0,0,1,0,0,0,0,0,1,-,-,32.72307,-117.04347,SAN DIEGO,LA MESA,-117.04462511,32.77359774
6842960,2015,2017-02-04,9680,2015-02-17,2030,019270,NA,2,2,9,3700,0,3,5,NA,2,002,JAMACHA RD,RT 125,0,NA,Y,A,-,Y,SD,11,125,-,-,10.432,R,4,N,N,4,0,1,2,A,-,12,21453,A,F,D,C,A,A,H,-,C,A,1,NA,NA,NA,NA,Y,NA,A,01,0,0,1,0,0,0,0,0,0,-,TO,32.71498,-117.01386,SAN DIEGO,UNINCORPORATED,-117.0130475,32.71192096
6842968,2015,2016-10-12,3705,2015-02-03,1515,EC5258,NA,2,5,5,3705,0,0,0,NA,0,006,MAIN ST,RT 8,95,E,N,A,-,Y,SD,11,8,-,-,14.484,R,4,W,N,4,0,1,2,-,-,-,NA,NA,N,B,C,A,A,H,-,A,A,0,NA,NA,NA,NA,Y,NA,-,-,0,0,1,0,0,0,0,0,0,-,WO,NA,NA,SAN DIEGO,EL CAJON,-116.97757922,32.79342314
6843713,2015,2015-03-24,3711,2015-02-26,1810,6849,NA,4,5,7,3711,0,0,0,NA,0,437,SOUTH WOODMAN ST,PARADISE VALLEY RD,100,S,N,A,-,N,NA,NA,NA,NA,NA,NA,NA,NA,NA,Y,4,0,2,3,A,-,03,22350,NA,N,C,C,A,A,H,-,C,A,0,NA,NA,NA,NA,Y,NA,-,NA,0,0,2,0,0,0,0,0,0,-,-,NA,NA,SAN DIEGO,SAN DIEGO,-117.04638753,32.68872017
6843721,2015,2015-03-18,3711,2015-02-27,1842,5133,NA,5,5,7,3711,0,0,0,NA,0,441,SAN PAQUAL ST,LOGAN AV,0,NA,Y,A,-,N,NA,NA,NA,NA,NA,NA,NA,NA,NA,N,3,0,1,2,A,-,11,21950,B,N,G,B,D,A,H,-,C,D,0,Y,NA,NA,NA,Y,NA,N,60,0,1,0,0,1,0,0,0,0,-,-,NA,NA,SAN DIEGO,SAN DIEGO,-117.10285,32.69695008
6850141,2015,2016-10-04,9645,2015-03-01,1515,18678,NA,7,2,6,3702,0,1,1,NA,2,009,RT 805,SWEETWATER RIVER,21,S,N,C,-,Y,SD,11,805,-,-,8.523,R,2,S,Y,3,0,2,1,A,-,03,22350,NA,N,E,I,A,B,H,-,A,D,1,NA,NA,NA,NA,Y,NA,D,22,0,1,1,0,0,0,0,0,0,FR,-,32.65578,-117.07285,SAN DIEGO,CHULA VISTA,-117.0711703,32.65439749
6850426,2015,2016-10-18,9650,2015-03-09,0855,013452,NA,1,1,5,3782,0,1,1,NA,2,007,RT 5,LEUCADIA BL,1584,N,N,A,-,Y,SD,11,5,-,R,43.01,H,-,S,N,4,0,1,3,A,-,03,22350,NA,F,C,C,A,A,H,-,A,D,1,NA,NA,NA,NA,Y,NA,A,01,0,0,1,0,0,0,0,0,0,-,-,33.06927,-117.2937,SAN DIEGO,ENCINITAS,-117.29367884,33.06930793
6850958,2015,2015-03-19,3711,2015-02-23,0120,6874,CEN,1,5,7,3711,0,0,0,NA,0,523,K ST,4TH AV,0,NA,Y,A,-,N,NA,NA,NA,NA,NA,NA,NA,NA,NA,N,4,0,1,2,A,-,08,22107,NA,M,C,C,A,B,H,-,C,D,0,NA,NA,NA,NA,Y,NA,-,99,0,0,1,0,0,0,0,0,0,-,-,NA,NA,SAN DIEGO,SAN DIEGO,-117.16100006,32.70833008
6852070,2015,2015-03-20,3706,2015-02-27,1211,ES1603,NA,5,5,6,3706,0,0,0,NA,0,044,MISSION AV,OLEANDER PL,0,NA,Y,A,-,N,NA,NA,NA,NA,NA,NA,NA,NA,NA,N,4,0,1,2,A,-,09,21801,A,N,D,C,A,A,H,-,A,D,0,NA,NA,NA,NA,Y,NA,A,01,0,0,1,0,0,0,0,0,0,-,-,NA,NA,SAN DIEGO,ESCONDIDO,-117.06267008,33.14069008
6853943,2015,2015-04-03,3711,2015-03-12,0300,7111,SD,4,5,7,3711,0,0,0,NA,0,111,GENESEE AV,MARLESTA DR,1320,S,N,A,-,N,NA,NA,NA,NA,NA,NA,NA,NA,NA,Y,4,0,1,1,A,-,08,22107,NA,N,F,A,A,A,H,-,C,D,0,NA,NA,NA,NA,Y,NA,-,NA,0,0,1,0,0,0,0,0,0,-,-,NA,NA,SAN DIEGO,SAN DIEGO,-117.17370159,32.80159339
6854643,2014,2015-09-24,3705,2014-04-29,0325,EC0292,NA,2,5,5,3705,0,0,0,NA,0,007,E MADISON AV,EAST MAIN ST,0,NA,Y,A,-,N,NA,NA,NA,NA,NA,NA,NA,NA,NA,Y,1,1,0,5,A,-,03,22350,NA,N,E,I,A,A,H,-,C,A,0,NA,NA,NA,NA,Y,NA,A,01,0,0,0,0,0,0,0,0,0,-,-,NA,NA,SAN DIEGO,EL CAJON,-116.93057001,32.80017009
6856431,2015,2015-03-27,3705,2015-02-24,0835,EC0295,NA,2,5,5,3705,0,0,0,NA,0,009,JAMACHA,E LEXINGTON,401,N,N,A,-,N,NA,NA,NA,NA,NA,NA,NA,NA,NA,N,4,0,1,2,A,-,09,21804,A,M,D,C,A,A,H,-,A,D,0,NA,NA,NA,NA,Y,NA,A,01,0,0,1,0,0,0,0,0,0,-,-,NA,NA,SAN DIEGO,EL CAJON,-116.93454243,32.79328381
6856757,2015,2016-09-28,9680,2015-03-17,1651,19255,NA,2,2,5,3708,0,1,3,NA,2,028,RT 125,CENTER DR,569,S,N,A,-,Y,SD,11,125,-,R,15.56,H,-,N,Y,4,0,2,3,A,-,03,22350,NA,N,C,C,A,A,H,-,A,D,1,NA,NA,NA,NA,Y,NA,A,01,0,0,2,0,0,0,0,0,0,-,-,32.78064,-117.00444,SAN DIEGO,LA MESA,-117.00448941,32.78076765
6856761,2015,2016-10-26,9680,2015-03-05,1525,19822,NA,4,2,9,3700,0,1,3,NA,1,024,RT 94,STEELE CANYON RD,259,W,N,A,-,Y,SD,11,94,-,-,17.3,H,-,E,Y,2,0,1,3,A,-,06,21755,NA,N,D,C,A,A,H,-,A,D,0,NA,NA,Y,NA,Y,Y,C,02,1,0,0,0,0,0,0,0,1,-,-,32.72698,-116.91023,SAN DIEGO,UNINCORPORATED,-116.90998502,32.72723104
6857569,2015,2016-09-09,9645,2015-03-06,2110,017297,NA,5,2,7,3711,0,1,3,NA,2,014,RT 52,RT 163,528,W,N,A,-,Y,SD,11,52,-,-,6.34,H,-,W,Y,2,0,2,2,A,-,01,23152,A,F,B,C,A,A,H,-,C,D,1,NA,NA,NA,NA,Y,Y,A,01,1,0,1,0,0,0,0,0,0,-,-,32.83944,-117.14432,SAN DIEGO,SAN DIEGO,-117.13791478,32.84074201
6857573,2015,2016-10-04,9645,2015-03-07,2310,018652,NA,6,3,7,3711,0,1,1,NA,2,011,RT 805,RT 8,1056,S,N,A,-,Y,SD,11,805,-,-,17.25,H,-,S,Y,4,0,1,2,A,-,21,22106,NA,N,C,C,A,A,H,-,D,D,1,NA,NA,NA,NA,Y,Y,D,22,0,0,1,0,0,0,0,0,0,-,-,32.76677,-117.12894,SAN DIEGO,SAN DIEGO,-117.12894949,32.76675843
6859960,2015,2015-03-30,3711,2015-03-13,0745,7271,NA,5,5,7,3711,0,0,0,NA,0,315,FRIARS RD,FENTON PKW,528,E,N,A,-,N,NA,NA,NA,NA,NA,NA,NA,NA,NA,Y,4,0,1,2,A,-,03,22350,NA,N,C,C,A,A,H,-,A,D,0,NA,NA,NA,NA,Y,NA,-,NA,0,0,1,0,0,0,0,0,0,-,-,NA,NA,SAN DIEGO,SAN DIEGO,-117.13201831,32.78071569
6861384,2015,2015-04-03,3702,2015-02-17,2010,CV1086,NA,2,5,6,3702,0,0,0,NA,0,021,BROADWAY,FAIVRE ST,20,N,N,A,-,N,NA,NA,NA,NA,NA,NA,NA,NA,NA,N,4,0,2,2,A,-,08,22107,NA,N,G,B,E,A,H,-,C,D,0,Y,NA,NA,NA,Y,NA,A,01,0,0,2,0,1,0,0,0,0,-,-,NA,NA,SAN DIEGO,CHULA VISTA,-117.07420701,32.59298978
6862518,2015,2015-03-30,3711,2015-03-11,1635,4824,NA,3,5,7,3711,0,0,0,NA,0,243,ARJONS DR,DOWDY DR,528,E,N,B,-,N,NA,NA,NA,NA,NA,NA,NA,NA,NA,N,4,0,1,2,A,-,03,22350,NA,N,C,C,A,A,H,-,A,A,0,NA,NA,NA,NA,Y,NA,-,NA,0,0,1,0,0,0,0,0,0,-,-,NA,NA,SAN DIEGO,SAN DIEGO,-117.14499569,32.8944423
6863432,2015,2015-04-03,3705,2015-01-13,0856,EC0281,NA,2,5,5,3705,0,0,0,NA,0,010,PARK,CHAMBERS,733,E,N,B,-,N,NA,NA,NA,NA,NA,NA,NA,NA,NA,Y,4,0,3,2,A,-,09,21804,A,N,D,C,A,A,H,-,A,D,0,NA,NA,NA,NA,Y,NA,A,01,0,0,3,0,0,0,0,0,0,-,-,NA,NA,SAN DIEGO,EL CAJON,-116.96424316,32.79772001
6865708,2015,2015-04-09,3705,2015-03-04,1515,EC0160,NA,3,5,5,3705,0,0,0,NA,0,007,N 2ND,CLARENDON ST,0,NA,Y,A,-,N,NA,NA,NA,NA,NA,NA,NA,NA,NA,Y,4,0,2,2,A,-,09,21802,A,N,D,C,A,A,H,-,A,A,0,NA,NA,NA,NA,Y,NA,A,01,0,0,2,0,0,0,0,0,0,-,-,NA,NA,SAN DIEGO,EL CAJON,-116.9358001,32.80874012
6865956,2015,2015-04-09,3711,2015-03-21,1525,5989,NA,6,5,7,3711,0,0,0,NA,0,122,GRAND AV,INGRAHAM ST,40,W,N,A,-,N,NA,NA,NA,NA,NA,NA,NA,NA,NA,Y,4,0,1,2,A,-,04,21703,NA,M,C,C,A,A,H,-,A,D,0,NA,NA,NA,NA,Y,NA,-,NA,0,0,1,0,0,0,0,0,0,-,-,NA,NA,SAN DIEGO,SAN DIEGO,-117.2404054,32.79790187
6865962,2015,2015-04-10,3711,2015-03-25,1600,7032,NA,3,5,7,3711,0,0,0,NA,0,813,30TH ST,REDWOOD ST,0,NA,Y,A,-,N,NA,NA,NA,NA,NA,NA,NA,NA,NA,Y,4,0,1,2,A,-,12,21453,A,N,D,C,A,A,H,-,A,A,0,NA,NA,NA,NA,Y,NA,-,NA,0,0,1,0,0,0,0,0,0,-,-,NA,NA,SAN DIEGO,SAN DIEGO,-117.12932012,32.73742011
6866017,2015,2015-04-14,3711,2015-03-29,1854,4523,NA,7,5,7,3711,0,0,0,NA,0,122,GARNET AV,JEWELL ST,0,NA,Y,A,-,N,NA,NA,NA,NA,NA,NA,NA,NA,NA,N,3,0,1,2,A,-,12,21453,A,M,D,G,A,A,H,-,A,A,0,NA,Y,NA,NA,Y,NA,-,NA,0,1,0,0,0,0,1,0,0,-,-,NA,NA,SAN DIEGO,SAN DIEGO,-117.2389701,32.80020008
6866021,2015,2015-04-13,3711,2015-03-28,0346,7267,NA,6,5,7,3711,0,0,0,NA,0,521,PARK BL,B ST,0,NA,Y,A,-,N,NA,NA,NA,NA,NA,NA,NA,NA,NA,Y,3,0,1,2,A,-,12,21453,A,M,D,C,A,A,H,-,C,A,0,NA,NA,NA,NA,Y,NA,-,99,0,1,0,0,0,0,0,0,0,-,-,NA,NA,SAN DIEGO,SAN DIEGO,-117.15382008,32.71782007
6866041,2015,2015-04-13,3711,2015-03-28,1640,3696,NA,6,5,7,3711,0,0,0,NA,0,932,NORTH TORREY PINES RD,N TORREY PINES RD 12600,0,NA,-,A,-,N,NA,NA,NA,NA,NA,NA,NA,NA,NA,N,4,0,1,2,A,-,04,21703,NA,M,-,C,A,A,H,-,A,D,0,NA,NA,NA,NA,Y,NA,-,99,0,0,1,0,0,0,0,0,0,-,-,NA,NA,SAN DIEGO,SAN DIEGO,-117.25869298,32.92765566
6866074,2015,2015-04-14,3711,2015-03-31,1450,4824,NA,2,5,7,3711,0,0,0,NA,0,241,POMERADO RD,FAIRBROOK RD,1056,E,N,A,-,N,NA,NA,NA,NA,NA,NA,NA,NA,NA,Y,3,0,1,1,A,-,08,22107,NA,N,F,J,A,A,H,-,A,D,0,NA,NA,NA,NA,Y,NA,-,NA,0,1,0,0,0,0,0,0,0,-,-,NA,NA,SAN DIEGO,SAN DIEGO,-117.07447516,32.91006447
6866849,2015,2017-01-11,9645,2015-08-21,1040,18344,NA,5,1,7,3711,0,1,1,NA,2,007,R,CARMEL VALLEY RD,25,N,N,A,-,Y,SD,11,5,-,R,32.93,H,-,S,Y,4,0,1,2,A,-,03,22350,NA,N,C,C,A,A,H,-,A,D,1,NA,NA,NA,NA,Y,NA,A,01,0,0,1,0,0,0,0,0,0,-,-,32.93265,-117.24147,SAN DIEGO,SAN DIEGO,-117.24137179,32.93256735
6869482,2015,2016-11-04,9650,2015-03-08,1210,017994,NA,7,1,9,3700,0,1,3,NA,1,028,RT 76,PAUMA VALLEY DR,528,E,N,A,-,Y,SD,11,76,-,-,31.4,H,-,W,Y,4,0,1,1,A,-,03,22350,NA,N,F,A,A,A,H,-,A,D,0,NA,NA,NA,NA,Y,NA,A,01,0,0,1,0,0,0,0,0,0,-,-,33.30128,-116.97382,SAN DIEGO,UNINCORPORATED,-116.97591419,33.3020911
6869511,2015,2015-04-08,3700,2015-03-13,1923,SH0817,NA,5,5,5,3713,0,0,0,NA,0,312,SOUTH MELROSE DR,COUNTY COMPLEX,400,S,N,A,-,N,NA,NA,NA,NA,NA,NA,NA,NA,NA,Y,4,0,2,3,A,-,07,21658,A,N,C,C,A,A,H,-,C,D,0,NA,NA,NA,NA,Y,NA,A,01,0,0,2,0,0,0,0,0,0,-,-,NA,NA,SAN DIEGO,VISTA,-117.2539122,33.18935123
6869858,2015,2015-04-13,3700,2015-02-05,1210,SH5620,NA,4,5,4,3780,0,0,0,NA,0,410,POMERADO RD,LEONE WY,55,N,N,A,-,N,NA,NA,NA,NA,NA,NA,NA,NA,NA,N,4,0,1,2,A,-,03,22350,NA,N,C,C,A,A,H,-,A,A,0,NA,NA,NA,NA,Y,NA,-,NA,0,0,1,0,0,0,0,0,0,-,-,NA,NA,SAN DIEGO,POWAY,-117.06247099,32.95700064
6870317,2015,2015-04-15,3710,2015-03-28,1600,OC1324,NA,6,5,6,3710,0,0,0,NA,0,026,EL CAMINIO REAL,VISTA WY,35,S,N,A,-,N,NA,NA,NA,NA,NA,NA,NA,NA,NA,N,4,0,1,2,A,-,07,21658,A,N,C,C,A,A,H,-,A,A,0,NA,NA,NA,NA,Y,NA,A,01,0,0,1,0,0,0,0,0,0,-,-,NA,NA,SAN DIEGO,OCEANSIDE,-117.32705559,33.18309487
6870345,2015,2016-10-26,9645,2015-03-23,0800,16156,NA,1,1,7,3711,0,1,3,NA,2,006,RT 94,25TH ST,200,E,N,A,-,Y,SD,11,94,-,-,1.89,H,-,W,Y,4,0,2,2,A,-,03,22350,NA,N,C,C,A,A,H,-,A,D,1,NA,NA,Y,NA,Y,NA,C,02,0,0,2,0,0,0,0,0,1,-,-,32.71337,-117.1397,SAN DIEGO,SAN DIEGO,-117.13954752,32.71327802
6870366,2015,2015-04-18,3711,2015-03-27,1404,6358,NA,5,5,7,3711,0,0,0,NA,0,512,IMPERIAL AV,24TH ST,10,W,N,A,-,N,NA,NA,NA,NA,NA,NA,NA,NA,NA,N,3,0,1,2,A,-,08,22107,NA,M,D,G,A,A,H,-,A,D,0,NA,Y,NA,NA,Y,NA,-,NA,0,1,0,0,0,0,1,0,0,-,-,NA,NA,SAN DIEGO,SAN DIEGO,-117.1424624,32.70630958
6870455,2015,2015-04-14,3701,2015-03-24,0830,5191,82,2,5,5,3701,0,0,0,NA,0,006,ALICANTE RD,POINSETTIA LN,1037,N,N,A,-,N,NA,NA,NA,NA,NA,NA,NA,NA,NA,Y,4,0,1,1,A,-,08,22107,NA,N,E,I,A,A,H,-,A,D,0,NA,NA,NA,NA,Y,NA,A,01,0,0,1,0,0,0,0,0,0,-,-,33.11717,-117.26244,SAN DIEGO,CARLSBAD,-117.26244,33.11699584
6872294,2015,2016-09-06,9645,2015-03-24,1421,18697,NA,2,2,6,3702,0,1,1,NA,2,001,RT 5,E ST,1400,N,N,A,-,Y,SD,11,5,-,-,8.83,H,-,N,Y,4,0,1,1,A,-,08,22107,NA,N,E,J,A,A,C,-,A,D,1,NA,NA,NA,NA,Y,NA,A,01,0,0,1,0,0,0,0,0,0,-,-,32.64373,-117.10119,SAN DIEGO,CHULA VISTA,-117.10121885,32.64326206
6875483,2015,2016-10-19,9650,2015-03-21,1621,016026,NA,6,2,9,3700,0,1,1,NA,2,001,RT 5,BASILONE RD,100,N,N,A,-,Y,SD,11,5,-,R,71.4,H,-,N,Y,4,0,1,5,A,-,03,22350,NA,N,C,C,A,A,H,-,A,D,1,NA,NA,NA,NA,Y,NA,D,22,0,0,1,0,0,0,0,0,0,-,-,33.25317,-117.78539,SAN DIEGO,UNINCORPORATED,-117.58343534,33.38576707
6875804,2015,2016-10-12,3711,2015-03-29,0238,3792,3711,7,5,7,3711,0,0,0,NA,0,321,FAIRMONT AV,RT 8,43,S,N,A,-,Y,SD,11,8,-,-,6.38,R,4,W,N,4,0,1,2,A,-,08,22107,NA,M,C,C,A,A,H,-,C,D,0,NA,NA,NA,NA,Y,Y,A,01,0,0,1,0,0,0,0,0,0,-,WO,NA,NA,SAN DIEGO,SAN DIEGO,-117.09910028,32.77957858
6875889,2015,2015-04-14,3711,2015-03-09,1600,6775,NA,1,5,7,3711,0,0,0,NA,0,621,FRIARS RD,VIA LAS CUMBRES,1056,E,N,A,-,N,NA,NA,NA,NA,NA,NA,NA,NA,NA,N,3,0,1,2,A,-,17,22517,NA,N,B,G,A,A,H,-,A,D,0,NA,Y,NA,NA,Y,NA,-,NA,0,1,0,0,0,0,1,0,0,-,-,NA,NA,SAN DIEGO,SAN DIEGO,-117.18022129,32.76608458
6876107,2015,2016-12-01,9645,2015-04-03,1155,18344,NA,5,1,7,3711,0,1,1,NA,2,010,RT 8,COLLEGE AV,2640,E,N,A,-,Y,SD,11,8,-,-,8.84,H,-,W,Y,3,0,1,2,A,-,08,22107,NA,N,B,C,A,A,H,-,A,D,1,NA,NA,NA,NA,Y,NA,A,01,0,1,0,0,0,0,0,0,0,-,-,32.77873,-117.06073,SAN DIEGO,SAN DIEGO,-117.05800775,32.77797602
6879527,2015,2015-05-08,3702,2015-03-20,0935,CV1080,NA,5,5,6,3702,0,0,0,NA,0,013,H ST,GLOVER AV,140,W,N,A,-,N,NA,NA,NA,NA,NA,NA,NA,NA,NA,Y,4,0,1,2,A,-,03,22350,NA,N,C,C,A,A,H,-,A,A,0,NA,NA,NA,NA,Y,NA,A,01,0,0,1,0,0,0,0,0,0,-,-,NA,NA,SAN DIEGO,CHULA VISTA,-117.08035938,32.63352732
6879546,2015,2015-04-17,3711,2015-02-26,1658,6371,C2,4,5,7,3711,0,0,0,NA,0,115,GENESEE AV,EXECUTIVE DR,0,N,N,A,-,N,NA,NA,NA,NA,NA,NA,NA,NA,NA,Y,4,0,2,3,A,-,03,22350,NA,N,C,C,A,A,H,-,A,A,0,NA,NA,NA,NA,Y,NA,-,NA,0,0,2,0,0,0,0,0,0,-,-,NA,NA,SAN DIEGO,SAN DIEGO,-117.21415,32.87513005
6879690,2015,2015-04-21,3702,2015-03-08,0540,CV1096,NA,7,5,6,3702,0,0,0,NA,0,024,SEQUOIA ST,OLIVE CT,138,N,N,A,-,N,NA,NA,NA,NA,NA,NA,NA,NA,NA,Y,4,0,1,1,A,-,01,23152,A,N,E,I,A,A,H,-,C,D,0,NA,NA,NA,NA,Y,Y,A,01,0,0,1,0,0,0,0,0,0,-,-,NA,NA,SAN DIEGO,CHULA VISTA,-117.0333701,32.60230149
6879734,2015,2015-04-20,3702,2015-03-29,1135,CV0816,NA,7,5,6,3702,0,0,0,NA,0,031,EAST H ST,TERRA NOVA,1584,W,N,A,-,N,NA,NA,NA,NA,NA,NA,NA,NA,NA,N,3,0,1,2,A,-,05,21650,NA,N,D,G,A,A,H,-,A,A,0,NA,Y,NA,NA,Y,NA,L,04,0,1,0,0,0,0,1,0,0,-,-,NA,NA,SAN DIEGO,CHULA VISTA,-117.04798741,32.63989218
6879931,2015,2016-10-19,9650,2015-03-27,1955,14886,NA,5,2,5,3701,0,1,1,NA,2,005,RT 5,TAMARACK AV,700,S,N,A,-,Y,SD,11,5,-,R,49.15,H,-,N,Y,3,0,1,2,A,-,03,22350,NA,N,C,C,A,A,H,-,D,D,1,NA,NA,NA,NA,Y,NA,A,01,0,1,0,0,0,0,0,0,0,-,-,33.15139,-117.3354,SAN DIEGO,CARLSBAD,-117.33533674,33.15053828
6881475,2015,2015-04-27,3700,2015-03-22,0930,SH0942,NA,7,5,5,3713,0,0,0,NA,0,309,OLIVE AV,NORTH MELROSE DR,51,W,N,A,-,N,NA,NA,NA,NA,NA,NA,NA,NA,NA,Y,4,0,1,2,A,-,04,21703,NA,N,C,C,A,A,H,-,A,A,0,NA,NA,NA,NA,Y,NA,A,08,0,0,1,0,0,0,0,0,0,-,-,NA,NA,SAN DIEGO,VISTA,-117.2544262,33.20468
6882303,2015,2015-04-29,3711,2015-04-06,1109,5876,WESTE,1,5,7,3711,0,0,0,NA,0,613,NIMITZ BL,ATASCADERO DR,80,S,N,A,-,N,NA,NA,NA,NA,NA,NA,NA,NA,NA,Y,4,0,1,2,A,-,03,22350,NA,N,C,C,A,A,H,-,A,A,0,NA,NA,NA,NA,Y,NA,-,NA,0,0,1,0,0,0,0,0,0,-,-,NA,NA,SAN DIEGO,SAN DIEGO,-117.23150574,32.7392297
6882367,2015,2015-04-23,3711,2015-04-01,0746,5527,SANDI,3,5,7,3711,0,0,0,NA,0,722,PALM AV,SATURN BL,0,NA,Y,B,-,N,NA,NA,NA,NA,NA,NA,NA,NA,NA,Y,4,0,1,2,A,-,12,21453,A,N,D,C,A,A,H,-,A,A,0,NA,NA,NA,NA,Y,NA,A,01,0,0,1,0,0,0,0,0,0,-,-,NA,NA,SAN DIEGO,SAN DIEGO,-117.09263007,32.58374006