CASE_ID,ACCIDENT_YEAR,PROC_DATE,JURIS,COLLISION_DATE,COLLISION_TIME,OFFICER_ID,REPORTING_DISTRICT,DAY_OF_WEEK,CHP_SHIFT,POPULATION,CNTY_CITY_LOC,SPECIAL_COND,BEAT_TYPE,CHP_BEAT_TYPE,CITY_DIVISION_LAPD,CHP_BEAT_CLASS,BEAT_NUMBER,PRIMARY_RD,SECONDARY_RD,DISTANCE,DIRECTION,INTERSECTION,WEATHER_1,WEATHER_2,STATE_HWY_IND,CALTRANS_COUNTY,CALTRANS_DISTRICT,STATE_ROUTE,ROUTE_SUFFIX,POSTMILE_PREFIX,POSTMILE,LOCATION_TYPE,RAMP_INTERSECTION,SIDE_OF_HWY,TOW_AWAY,COLLISION_SEVERITY,NUMBER_KILLED,NUMBER_INJURED,PARTY_COUNT,PRIMARY_COLL_FACTOR,PCF_CODE_OF_VIOL,PCF_VIOL_CATEGORY,PCF_VIOLATION,PCF_VIOL_SUBSECTION,HIT_AND_RUN,TYPE_OF_COLLISION,MVIW,PED_ACTION,ROAD_SURFACE,ROAD_COND_1,ROAD_COND_2,LIGHTING,CONTROL_DEVICE,CHP_ROAD_TYPE,PEDESTRIAN_ACCIDENT,BICYCLE_ACCIDENT,MOTORCYCLE_ACCIDENT,TRUCK_ACCIDENT,NOT_PRIVATE_PROPERTY,ALCOHOL_INVOLVED,STWD_VEHTYPE_AT_FAULT,CHP_VEHTYPE_AT_FAULT,COUNT_SEVERE_INJ,COUNT_VISIBLE_INJ,COUNT_COMPLAINT_PAIN,COUNT_PED_KILLED,COUNT_PED_INJURED,COUNT_BICYCLIST_KILLED,COUNT_BICYCLIST_INJURED,COUNT_MC_KILLED,COUNT_MC_INJURED,PRIMARY_RAMP,SECONDARY_RAMP,LATITUDE,LONGITUDE,COUNTY,CITY,POINT_X,POINT_Y
7006218,2015,2015-10-30,3705,2015-02-26,1549,EC0160,NA,4,5,5,3705,0,0,0,NA,0,007,PEACH AV,PEACH AV 900,0,NA,N,A,-,N,NA,NA,NA,NA,NA,NA,NA,NA,NA,Y,1,1,0,2,A,-,11,21954,A,N,G,B,D,A,H,-,A,D,0,Y,NA,NA,NA,Y,NA,N,60,0,0,0,1,0,0,0,0,0,-,-,NA,NA,SAN DIEGO,EL CAJON,-116.95097923,32.80656835
7007337,2015,2015-08-17,3700,2015-06-11,1419,SH1088,NA,4,5,4,3707,0,0,0,NA,0,710,14TH ST,GROVE AV,0,NA,Y,A,-,N,NA,NA,NA,NA,NA,NA,NA,NA,NA,Y,4,0,1,3,A,-,09,21802,A,N,D,C,A,A,H,-,A,D,0,NA,NA,NA,NA,Y,NA,A,08,0,0,1,0,0,0,0,0,0,-,-,NA,NA,SAN DIEGO,IMPERIAL BEACH,-117.10351011,32.57283005
7007826,2015,2015-08-14,3711,2015-07-24,1532,5985,NA,5,5,7,3711,0,0,0,NA,0,811,ADAMS AV,E MOUNTAIN VIEW DR,60,E,N,A,-,N,NA,NA,NA,NA,NA,NA,NA,NA,NA,Y,3,0,4,6,A,-,08,22107,NA,N,B,E,A,A,H,-,A,D,0,NA,NA,NA,NA,Y,NA,A,07,0,1,3,0,0,0,0,0,0,-,-,NA,NA,SAN DIEGO,SAN DIEGO,-117.11198549,32.76327815
7008432,2015,2017-01-14,9650,2015-07-16,2112,017743,NA,4,2,5,3712,0,1,3,NA,2,019,RT 78,WOODLAND PKWY,100,E,N,A,-,Y,SD,11,78,-,-,14.3,H,-,E,Y,4,0,2,3,A,-,07,21658,A,N,B,C,A,A,H,-,D,D,1,NA,NA,NA,NA,Y,NA,A,07,0,0,2,0,0,0,0,0,0,-,-,33.1386,-117.14142,SAN DIEGO,SAN MARCOS,-117.14036619,33.13825487
7008472,2015,2017-01-21,9650,2015-07-19,1009,16273,NA,7,1,9,3700,0,1,1,NA,2,003,RT 5,LAS PULGAS RD,5280,N,N,A,-,Y,SD,11,5,-,R,63.1,H,-,N,Y,4,0,1,2,A,-,03,22350,NA,N,C,C,A,A,H,-,A,D,1,NA,NA,NA,NA,Y,NA,A,07,0,0,1,0,0,0,0,0,0,-,-,33.1833,-117.2837,SAN DIEGO,UNINCORPORATED,-117.47679466,33.30898329
7008479,2015,2017-01-21,9650,2015-07-19,0600,013958,NA,7,1,3,3783,0,1,1,NA,2,007,RT 5,VIA DE LA VALLE,528,N,N,A,-,Y,SD,11,5,-,R,36.49,H,-,S,Y,4,0,1,1,A,-,08,22107,NA,N,E,I,A,A,H,-,A,D,1,NA,NA,NA,NA,Y,NA,A,01,0,0,1,0,0,0,0,0,0,-,-,32.98233,-117.2545,SAN DIEGO,SOLANA BEACH,-117.25435476,32.98286571
7010303,2015,2017-01-11,9645,2015-07-18,2040,18950,NA,6,2,7,3711,0,1,3,NA,2,022,RT 56,BLACK MOUNTAIN RD,599,W,N,A,-,Y,SD,11,56,-,-,7.334,R,2,E,Y,3,0,3,2,A,-,03,22350,NA,N,D,C,A,A,C,-,D,D,1,NA,NA,NA,NA,Y,NA,A,01,0,2,1,0,0,0,0,0,0,TO,-,32.95316,-117.13335,SAN DIEGO,SAN DIEGO,-117.13395699,32.95335412
7010365,2015,2015-08-19,3711,2015-07-31,0915,7079,NA,5,5,7,3711,0,0,0,NA,0,122,REED AV,FANUEL ST,0,NA,Y,A,-,N,NA,NA,NA,NA,NA,NA,NA,NA,NA,Y,3,0,1,2,A,-,12,22450,A,N,D,C,A,A,H,-,A,D,0,NA,NA,NA,NA,Y,NA,A,01,0,1,0,0,0,0,0,0,0,-,-,NA,NA,SAN DIEGO,SAN DIEGO,-117.24517005,32.79474009
7010644,2015,2017-01-14,9645,2015-07-06,1833,17667,NA,1,2,7,3711,0,1,1,NA,2,007,RT 5,DEL MAR HEIGHTS RD,50,S,N,B,-,Y,SD,11,5,-,R,34.12,H,-,N,N,4,0,1,3,A,-,03,22350,NA,N,C,C,A,A,H,-,A,D,1,NA,NA,NA,NA,Y,NA,A,07,0,0,1,0,0,0,0,0,0,-,-,32.94926,-117.24341,SAN DIEGO,SAN DIEGO,-117.24353355,32.94983311
7010847,2015,2016-12-20,9645,2015-06-21,0805,15698,NA,7,1,6,3702,0,1,1,NA,2,009,RT 805,TELEGRAPH CANYON RD,1600,S,N,B,-,Y,SD,11,805,-,-,5.78,H,-,N,Y,3,0,2,3,A,-,03,22350,NA,N,C,C,A,A,D,-,A,D,1,NA,NA,NA,NA,Y,NA,A,01,0,1,1,0,0,0,0,0,0,-,-,32.62422,-117.04144,SAN DIEGO,CHULA VISTA,-117.04178728,32.62489647
7012413,2015,2015-08-11,9680,2015-07-23,1845,18583,NA,4,2,9,3700,0,3,5,NA,2,002,JAMACHA RD,HELIX ST,150,E,N,A,-,N,NA,NA,NA,NA,NA,NA,NA,NA,NA,N,4,0,1,3,A,-,03,22350,NA,N,C,C,A,A,H,-,A,D,0,NA,NA,NA,NA,Y,NA,A,01,0,0,1,0,0,0,0,0,0,-,-,32.71478,-117.01047,SAN DIEGO,UNINCORPORATED,-117.00900405,32.7148034
7015825,2015,2016-12-20,3700,2015-06-27,1727,SH7709,NA,6,5,4,3780,0,0,0,NA,0,408,RT 67,CHAPARRAL WY,0,NA,Y,A,-,Y,SD,11,67,-,-,16.134,I,5,N,Y,2,0,1,2,A,-,01,23152,A,N,C,C,A,A,H,-,A,-,0,NA,NA,Y,NA,Y,Y,C,02,1,0,0,0,0,0,0,0,1,-,-,NA,NA,SAN DIEGO,POWAY,-116.96226936,32.80326672
7015944,2015,2015-08-14,3703,2015-07-29,1738,1137,NA,3,5,3,3703,0,0,0,NA,0,001,POMONA AV,6TH ST,0,NA,Y,A,-,N,NA,NA,NA,NA,NA,NA,NA,NA,NA,Y,3,0,2,2,A,-,03,22350,NA,N,C,C,A,A,H,-,A,D,0,NA,NA,NA,NA,Y,NA,A,01,0,1,1,0,0,0,0,0,0,-,-,NA,NA,SAN DIEGO,CORONADO,-117.17166,32.68959009
7016553,2015,2015-08-21,3705,2015-07-30,1910,EC0295,NA,4,5,5,3705,0,0,0,NA,0,010,N JOHNSON,VILLAGE PARKWAY,0,NA,Y,A,-,N,NA,NA,NA,NA,NA,NA,NA,NA,NA,Y,4,0,1,2,A,-,08,22101,D,N,D,C,A,A,H,-,A,A,0,NA,NA,NA,NA,Y,NA,D,22,0,0,1,0,0,0,0,0,0,-,-,NA,NA,SAN DIEGO,EL CAJON,-116.97104005,32.80395008
7016657,2015,2016-12-22,9680,2015-07-25,1905,019270,NA,6,2,9,3700,0,1,1,NA,2,083,RT 8,FLINN SPRINGS RD,2044,W,N,A,-,Y,SD,11,8,-,R,23.25,H,-,E,Y,3,0,1,2,A,-,01,23152,A,N,F,A,A,A,H,-,A,D,1,NA,NA,NA,NA,Y,Y,A,01,0,1,0,0,0,0,0,0,0,-,-,32.85792,-116.86168,SAN DIEGO,UNINCORPORATED,-116.86110247,32.85403732
7018250,2015,2017-01-14,9650,2015-08-01,1503,20422,NA,6,2,9,3700,0,1,3,NA,1,028,RT 76,NATE HARRISON GRD,6864,E,N,A,-,Y,SD,11,76,-,-,31.41,H,-,W,Y,2,0,1,2,A,-,03,22350,NA,N,C,C,A,A,H,-,A,D,0,NA,NA,Y,Y,Y,NA,C,02,1,0,0,0,0,0,0,0,1,-,-,33.30196,-116.97572,SAN DIEGO,UNINCORPORATED,-116.97576361,33.30203042
7018295,2015,2017-01-14,9650,2015-08-05,0750,12168,NA,3,1,9,3700,0,1,1,NA,2,021,RT 15,DEER SPRINGS RD,1056,S,N,A,-,Y,SD,11,15,-,R,36.44,H,-,S,Y,3,0,1,2,A,-,08,22107,NA,N,B,C,A,A,H,-,A,D,1,NA,NA,NA,Y,Y,NA,A,01,0,1,0,0,0,0,0,0,0,-,-,33.1902,-117.12196,SAN DIEGO,UNINCORPORATED,-117.12442456,33.19470276
7018351,2015,2016-07-19,3700,2015-07-02,2137,SH4791,NA,4,5,5,3782,0,0,0,NA,0,210,RT 101,GRANDVIEW ST,490,N,N,A,-,N,NA,NA,NA,NA,NA,NA,NA,NA,NA,Y,4,0,1,2,A,-,08,22107,NA,N,E,E,A,A,H,-,C,D,0,NA,NA,NA,NA,Y,NA,A,01,0,0,1,0,0,0,0,0,0,-,-,NA,NA,SAN DIEGO,ENCINITAS,-117.30673142,33.07764
7018504,2015,2015-09-14,3700,2015-07-29,1014,SH7713,NA,3,5,3,3783,0,0,0,NA,0,273,LOMAS SANTA FE,NORTH RIOS AV,0,NA,Y,A,-,N,NA,NA,NA,NA,NA,NA,NA,NA,NA,N,3,0,1,2,A,-,12,21453,A,N,D,C,A,A,H,-,A,A,0,NA,NA,Y,NA,Y,NA,C,02,0,1,0,0,0,0,0,0,1,-,-,NA,NA,SAN DIEGO,SOLANA BEACH,-117.2694701,32.99226012
7018524,2015,2015-09-14,3700,2015-07-14,1230,SH2148,NA,2,5,5,3782,0,0,0,NA,0,224,MANCHESTER AV,VIA POCO RD,1381,E,N,A,-,N,NA,NA,NA,NA,NA,NA,NA,NA,NA,Y,2,0,1,2,A,-,03,22350,NA,N,C,C,A,A,H,-,A,D,0,NA,NA,Y,NA,Y,NA,C,02,1,0,0,0,0,0,0,0,1,-,-,NA,NA,SAN DIEGO,ENCINITAS,-117.2596033,33.01398171
7020223,2015,2015-08-20,3711,2015-07-29,2235,5916,NA,3,5,7,3711,0,0,0,NA,0,628,INDIA ST,VINE ST,120,S,N,B,-,N,NA,NA,NA,NA,NA,NA,NA,NA,NA,Y,4,0,1,3,A,-,03,22350,NA,N,C,C,A,A,H,-,D,A,0,NA,NA,NA,NA,Y,Y,A,07,0,0,1,0,0,0,0,0,0,-,-,NA,NA,SAN DIEGO,SAN DIEGO,-117.17798966,32.73957511
7020482,2015,2017-01-21,9650,2015-08-03,1800,018321,NA,1,2,9,3700,0,1,1,NA,2,022,RT 15,PALA MESA DR,100,N,N,A,-,Y,SD,11,15,-,R,47.19,H,-,N,N,4,0,1,2,A,-,03,22350,NA,N,C,C,A,A,H,-,A,D,1,NA,NA,NA,NA,Y,NA,D,22,0,0,1,0,0,0,0,0,0,-,-,NA,NA,SAN DIEGO,UNINCORPORATED,-117.15896608,33.34156915
7020533,2015,2017-01-13,9650,2015-07-28,0740,016103,NA,2,1,6,3706,0,1,1,NA,2,023,RT 15,VIA RANCHO PKWY,528,N,N,A,-,Y,SD,11,15,-,M,27.1,H,-,S,N,4,0,1,2,A,-,03,22350,NA,N,C,C,A,A,H,-,A,D,1,NA,NA,NA,NA,Y,NA,D,22,0,0,1,0,0,0,0,0,0,-,-,33.07032,-117.06975,SAN DIEGO,ESCONDIDO,-117.06985008,33.07127492
7021522,2015,2015-08-17,3711,2015-07-19,1350,6192,NA,7,5,7,3711,0,0,0,NA,0,241,SEMILLON BL,SEMILLON BL 12285,35,E,N,B,-,N,NA,NA,NA,NA,NA,NA,NA,NA,NA,N,4,0,1,1,A,-,02,22400,A,N,H,I,A,A,H,-,A,D,0,NA,Y,NA,NA,Y,NA,L,04,0,0,1,0,0,0,1,0,0,-,-,NA,NA,SAN DIEGO,SAN DIEGO,NA,NA
7024390,2015,2017-01-17,9645,2015-07-27,1702,018697,NA,1,2,7,3711,0,1,1,NA,2,011,RT 805,ORANGE AV,124,S,N,A,-,Y,SD,11,805,-,-,16.3,H,-,S,Y,3,0,2,3,A,-,03,22350,NA,N,C,C,A,A,H,-,A,D,1,NA,NA,NA,NA,Y,NA,A,01,0,2,0,0,0,0,0,0,0,-,-,NA,NA,SAN DIEGO,SAN DIEGO,-117.12447561,32.7534234
7024507,2015,2017-01-14,9645,2015-07-20,0635,016156,NA,1,1,7,3711,0,1,1,NA,2,010,RT 8,HOTEL CIRCLE NORTH,57,N,N,B,-,Y,SD,11,8,-,-,2.311,R,2,W,Y,3,0,1,1,A,-,03,22350,NA,N,F,A,A,A,H,-,A,D,1,NA,NA,Y,NA,Y,NA,C,02,0,1,0,0,0,0,0,0,1,TO,-,32.7605,-117.17222,SAN DIEGO,SAN DIEGO,-117.16528151,32.76179269
7024884,2015,2017-01-14,9645,2015-07-29,0050,13784,NA,3,3,7,3711,0,1,1,NA,2,015,RT 805,CLAREMONT MESA BL,1315,S,N,A,-,Y,SD,11,805,-,-,22.27,H,-,N,Y,3,0,1,1,A,-,08,22107,NA,N,E,I,A,A,H,-,C,D,1,NA,NA,NA,NA,Y,NA,A,01,0,1,0,0,0,0,0,0,0,TO,-,NA,NA,SAN DIEGO,SAN DIEGO,-117.16708295,32.82968571
7024888,2015,2016-12-20,9645,2015-07-24,1740,19410,NA,5,2,6,3702,0,1,1,NA,2,001,RT 5,RT 54,200,N,N,A,-,Y,SD,11,5,-,-,9.44,H,-,S,N,4,0,1,2,A,-,03,22350,NA,N,C,C,A,A,H,-,A,D,1,NA,NA,NA,NA,Y,NA,A,01,0,0,1,0,0,0,0,0,0,-,-,NA,NA,SAN DIEGO,CHULA VISTA,-117.10457709,32.65163437
7025984,2015,2015-09-04,3711,2015-08-03,1650,7297,NA,1,5,7,3711,0,0,0,NA,0,NA,CARMEL COUNTRY RD,CARMEL MISSION RD,0,NA,Y,A,-,N,NA,NA,NA,NA,NA,NA,NA,NA,NA,Y,4,0,1,3,A,-,03,22350,NA,N,C,C,A,A,H,-,A,A,0,NA,NA,NA,NA,Y,NA,-,NA,0,0,1,0,0,0,0,0,0,-,-,NA,NA,SAN DIEGO,SAN DIEGO,-117.22103007,32.94614004
7025987,2015,2015-09-04,3711,2015-08-04,1805,5958,NA,2,5,7,3711,0,0,0,NA,0,931,SORRENTO VALLEY RD,ARBUTUS ST,0,NA,Y,A,-,N,NA,NA,NA,NA,NA,NA,NA,NA,NA,Y,3,0,2,2,A,-,09,21801,A,N,D,C,A,A,H,-,A,D,0,NA,NA,NA,NA,Y,NA,-,NA,0,1,1,0,0,0,0,0,0,-,-,NA,NA,SAN DIEGO,SAN DIEGO,-117.22049011,32.89831006
7026246,2015,2017-01-28,9645,2015-07-30,0735,17499,NA,4,1,7,3711,0,1,3,NA,2,006,RT 94,47TH ST,300,W,N,A,-,Y,SD,11,94,-,-,4.57,H,-,W,Y,4,0,1,2,A,-,07,21658,A,N,B,C,A,A,H,-,A,D,1,NA,NA,NA,Y,Y,NA,F,76,0,0,1,0,0,0,0,0,0,-,-,32.7025,-117.14483,SAN DIEGO,SAN DIEGO,-117.09456971,32.71865342
7026471,2015,2015-09-08,3711,2015-08-06,0833,6671,NA,4,5,7,3711,0,0,0,NA,0,122,GRESHAM ST,WILBUR AV,0,NA,Y,A,-,N,NA,NA,NA,NA,NA,NA,NA,NA,NA,Y,4,0,1,2,A,-,09,21804,A,N,D,C,A,A,H,-,A,D,0,NA,NA,NA,NA,Y,NA,-,NA,0,0,1,0,0,0,0,0,0,-,-,NA,NA,SAN DIEGO,SAN DIEGO,-117.24681003,32.80643011
7026633,2015,2017-01-11,9680,2015-08-01,1030,17460,NA,6,1,9,3700,0,1,3,NA,1,040,RT 94,RT 188,3696,E,N,A,-,Y,SD,11,94,-,-,39.74,H,-,E,N,4,0,1,1,A,-,03,22350,NA,N,E,I,A,A,H,-,A,A,0,NA,NA,Y,NA,Y,NA,C,02,0,0,1,0,0,0,0,0,1,-,-,32.6021,-116.63298,SAN DIEGO,UNINCORPORATED,-116.6339088,32.60132669
7026917,2015,2017-01-26,9645,2015-07-30,0620,18353,NA,4,1,6,3702,0,1,1,NA,2,009,RT 805,TELEGRAPH CANYON RD,100,N,N,A,-,Y,SD,11,805,-,-,6.13,H,-,N,N,3,0,1,1,A,-,03,22350,NA,N,F,A,A,A,H,-,A,D,1,NA,NA,Y,NA,Y,NA,C,02,0,1,0,0,0,0,0,0,1,-,-,NA,NA,SAN DIEGO,CHULA VISTA,-117.04392096,32.62961536
7029380,2015,2015-09-15,3701,2015-08-08,0211,5427,122,6,5,5,3701,0,0,0,NA,0,008,CALLE BARCELONA,PASEO AVELLANO,12,N,N,A,-,N,NA,NA,NA,NA,NA,NA,NA,NA,NA,Y,3,0,1,1,A,-,08,22107,NA,N,E,I,A,A,H,-,C,A,0,NA,NA,NA,NA,Y,NA,A,01,0,1,0,0,0,0,0,0,0,-,-,NA,NA,SAN DIEGO,CARLSBAD,-117.25042864,33.07608477
7029435,2015,2015-09-15,3701,2015-08-14,2000,5360,128,5,5,5,3701,0,0,0,NA,0,007,CARLSBAD BL,LA COSTA AV,500,N,N,A,-,N,NA,NA,NA,NA,NA,NA,NA,NA,NA,N,4,0,1,2,A,-,08,22107,NA,N,B,C,A,A,H,-,C,D,0,NA,NA,Y,NA,Y,NA,A,01,0,0,1,0,0,0,0,0,1,-,-,NA,NA,SAN DIEGO,CARLSBAD,-117.30991444,33.08351568
7030962,2015,2015-09-01,3711,2015-08-11,1855,6962,NA,2,5,7,3711,0,0,0,NA,0,713,AVENIDA COSTA ESTE,AVENIDA COSTA NORTE,0,N,N,A,-,N,NA,NA,NA,NA,NA,NA,NA,NA,NA,Y,4,0,1,1,C,-,18,NA,NA,N,F,A,A,A,H,-,B,D,0,NA,NA,NA,NA,Y,NA,-,-,0,0,1,0,0,0,0,0,0,-,-,NA,NA,SAN DIEGO,SAN DIEGO,-116.9552101,32.55874001
7031084,2015,2017-01-17,9650,2015-08-12,1412,016121,NA,3,2,6,3706,0,1,3,NA,2,019,RT 78,MISSION AV,114,N,N,A,-,Y,SD,11,78,-,R,16.217,R,2,E,Y,2,0,1,1,A,-,08,22107,NA,N,E,I,A,A,H,-,A,D,1,NA,NA,NA,NA,Y,NA,D,22,1,0,0,0,0,0,0,0,0,TO,-,33.12473,-117.10503,SAN DIEGO,ESCONDIDO,-117.11015803,33.12712187
7031260,2015,2017-01-10,9650,2015-08-07,1325,15830,NA,5,1,6,3710,0,1,1,NA,2,005,RT 5,OCEANSIDE BL,240,S,N,A,-,Y,SD,11,5,-,R,52.25,H,-,S,Y,4,0,1,3,A,-,03,22350,NA,N,C,C,A,A,H,-,A,D,1,NA,NA,NA,NA,Y,NA,A,07,0,0,1,0,0,0,0,0,0,-,-,33.18733,-117.36014,SAN DIEGO,OCEANSIDE,-117.36176193,33.18944085
7031268,2015,2017-01-21,9650,2015-08-12,0830,12818,NA,3,1,3,3783,0,1,1,NA,2,007,RT 5,BIRMINGHAM DR,1056,N,N,A,-,Y,SD,11,5,-,R,40.03,H,-,S,Y,4,0,1,2,A,-,03,22350,NA,N,C,C,A,A,H,-,A,D,1,NA,NA,NA,NA,Y,NA,A,07,0,0,1,0,0,0,0,0,0,-,-,33.02742,-117.27532,SAN DIEGO,SOLANA BEACH,-117.27655896,33.02872417
7031980,2015,2017-01-25,9650,2015-08-20,0610,13696,NA,4,1,9,3700,0,1,3,NA,2,065,RT 76,FLOWERWOOD LN,0,NA,Y,B,-,Y,SD,11,76,-,-,14.52,H,-,W,Y,4,0,2,2,A,-,09,21802,A,N,D,C,A,A,H,-,A,D,0,NA,NA,NA,NA,Y,NA,A,07,0,0,2,0,0,0,0,0,0,-,-,33.31411,-117.19801,SAN DIEGO,UNINCORPORATED,-117.19765996,33.31393167
7032207,2015,2015-09-09,3700,2015-08-15,1435,SH2439,NA,6,5,5,3713,0,0,0,NA,0,305,WEST LOS ANGELES DR,AVENIDA DE BENITO JUAREZ,50,E,N,A,-,N,NA,NA,NA,NA,NA,NA,NA,NA,NA,Y,4,0,1,2,A,-,17,21663,NA,N,G,B,F,A,H,-,A,D,0,Y,NA,NA,NA,Y,NA,A,01,0,0,1,0,1,0,0,0,0,-,-,NA,NA,SAN DIEGO,VISTA,-117.24807819,33.21240382
7032219,2015,2015-09-09,3700,2015-08-12,1708,SH1876,NA,3,5,5,3713,0,0,0,NA,0,312,POMELO DR,LA TORTUGA DR,216,N,N,A,-,N,NA,NA,NA,NA,NA,NA,NA,NA,NA,N,4,0,1,2,A,-,09,21804,A,N,A,C,A,A,H,-,A,D,0,NA,NA,NA,NA,Y,NA,A,01,0,0,1,0,0,0,0,0,0,-,-,NA,NA,SAN DIEGO,VISTA,-117.26470553,33.19104624
7032380,2015,2017-01-26,9645,2015-08-21,1650,19410,NA,5,2,5,3709,0,1,1,NA,2,009,RT 805,PLAZA BL,400,N,N,A,-,Y,SD,11,805,-,-,10.39,H,-,S,N,4,0,1,3,A,-,03,22350,NA,F,C,C,A,A,H,-,A,D,1,NA,NA,NA,NA,Y,NA,A,01,0,0,1,0,0,0,0,0,0,-,-,32.6796,-117.08606,SAN DIEGO,NATIONAL CITY,-117.08547281,32.67848042
7032563,2015,2015-09-04,3711,2015-08-02,0252,8861,NA,7,5,7,3711,0,0,0,NA,0,524,A ST,5TH AV,10,W,N,A,-,N,NA,NA,NA,NA,NA,NA,NA,NA,NA,Y,4,0,1,2,A,-,12,21453,A,N,D,C,A,A,H,-,C,A,0,NA,NA,NA,NA,Y,NA,A,01,0,0,1,0,0,0,0,0,0,-,-,NA,NA,SAN DIEGO,SAN DIEGO,-117.16022241,32.71885
7032582,2015,2015-09-03,3711,2015-08-05,1708,7315,NA,3,5,7,3711,0,0,0,NA,0,612,LYTTON ST,SAINT CHARLES PL,0,NA,Y,A,-,N,NA,NA,NA,NA,NA,NA,NA,NA,NA,Y,3,0,1,2,A,-,09,21802,A,N,D,C,A,A,H,-,A,D,0,NA,NA,NA,NA,Y,NA,A,01,0,1,0,0,0,0,0,0,0,-,-,NA,NA,SAN DIEGO,SAN DIEGO,-117.21059006,32.74309007
7033099,2015,2017-01-10,9645,2015-08-06,1700,017499,NA,4,2,7,3711,0,1,1,NA,2,003,RT 5,PACIFIC HWY,200,S,N,A,-,Y,SD,11,5,-,R,17.46,H,-,N,Y,4,0,1,2,A,-,03,22350,NA,N,C,C,A,A,H,-,A,D,1,NA,NA,NA,NA,Y,NA,A,01,0,0,1,0,0,0,0,0,0,-,-,32.74821,-117.1926,SAN DIEGO,SAN DIEGO,-117.17301466,32.7334241
7034920,2015,2015-09-11,3711,2015-08-06,1933,6513,NA,4,5,7,3711,0,0,0,NA,0,234,WEST BERNARDO DR,RANCHO BERNARDO PARK,249,N,N,A,-,N,NA,NA,NA,NA,NA,NA,NA,NA,NA,Y,4,0,1,1,A,-,03,22350,NA,M,E,I,A,A,H,-,B,D,0,NA,NA,NA,NA,Y,NA,A,01,0,0,1,0,0,0,0,0,0,-,-,NA,NA,SAN DIEGO,SAN DIEGO,-117.08211583,33.02460037
7036711,2015,2017-01-12,9645,2015-08-11,1610,17499,NA,2,2,7,3711,0,1,1,NA,2,001,RT 5,DAIRY MART RD,800,N,N,A,-,Y,SD,11,5,-,-,2.46,H,-,S,Y,3,0,3,4,A,-,03,22350,NA,M,C,C,A,A,H,-,A,D,1,NA,NA,NA,NA,Y,NA,A,01,0,1,2,0,0,0,0,0,0,-,-,32.56101,-117.06712,SAN DIEGO,SAN DIEGO,-117.06459709,32.55948918
7037070,2015,2017-01-24,9645,2015-08-04,1635,17401,NA,2,2,7,3711,0,1,1,NA,2,015,RT 805,RT 52,528,N,N,A,-,Y,SD,11,805,-,-,23.72,H,-,S,N,3,0,1,2,A,-,03,22350,NA,N,B,C,A,A,H,-,A,A,1,NA,NA,Y,NA,Y,NA,C,02,0,1,0,0,0,0,0,0,1,-,-,32.86135,-117.18696,SAN DIEGO,SAN DIEGO,-117.1788026,32.84837079
7038360,2015,2015-09-08,3711,2015-08-04,1745,5301,NA,2,5,7,3711,0,0,0,NA,0,723,PALM AV,WAILEA WY,89,W,N,A,-,N,NA,NA,NA,NA,NA,NA,NA,NA,NA,Y,3,0,2,2,A,-,03,22350,NA,N,C,C,A,A,H,-,A,D,0,NA,NA,NA,NA,Y,NA,-,NA,0,1,1,0,0,0,0,0,0,-,-,NA,NA,SAN DIEGO,SAN DIEGO,-117.06912794,32.58381
7039387,2015,2015-09-14,3702,2015-08-11,1450,CV1018,NA,2,5,6,3702,0,0,0,NA,0,042,SANTA PAULA DR,TARUP CREEK RD,0,NA,Y,A,-,N,NA,NA,NA,NA,NA,NA,NA,NA,NA,N,4,0,1,2,A,-,08,22107,NA,N,C,C,A,A,H,-,A,D,0,NA,NA,NA,NA,Y,NA,A,07,0,0,1,0,0,0,0,0,0,-,-,NA,NA,SAN DIEGO,CHULA VISTA,-116.97704013,32.63715004
7039449,2015,2015-09-09,3702,2015-08-09,0329,CV1141,NA,7,5,6,3702,0,0,0,NA,0,022,HILLTOP DR,NAPLES ST,153,S,N,A,-,N,NA,NA,NA,NA,NA,NA,NA,NA,NA,Y,3,0,1,3,A,-,01,23152,A,N,C,E,A,A,H,-,C,D,0,NA,NA,NA,NA,Y,Y,A,01,0,1,0,0,0,0,0,0,0,-,-,NA,NA,SAN DIEGO,CHULA VISTA,-117.05671227,32.61668275
7039506,2015,2015-09-09,3702,2015-08-02,2100,CV1111,NA,7,5,6,3702,0,0,0,NA,0,031,RANCHO DEL REY PKWY,NORELLA ST,400,W,N,A,-,N,NA,NA,NA,NA,NA,NA,NA,NA,NA,N,4,0,1,1,A,-,03,22350,NA,N,H,A,A,A,H,-,C,D,0,NA,NA,Y,NA,Y,NA,C,02,0,0,1,0,0,0,0,0,1,-,-,NA,NA,SAN DIEGO,CHULA VISTA,-117.02475527,32.64030824
7039936,2015,2015-09-02,3702,2015-07-21,1115,CV1159,NA,2,5,6,3702,0,0,0,NA,0,024,HILLTOP DR,NAPLES ST,17,S,N,A,-,N,NA,NA,NA,NA,NA,NA,NA,NA,NA,Y,4,0,2,2,A,-,09,21801,A,N,A,C,A,A,H,-,A,A,0,NA,NA,NA,NA,Y,NA,A,01,0,0,2,0,0,0,0,0,0,-,-,NA,NA,SAN DIEGO,CHULA VISTA,-117.05685247,32.61703586
7041395,2015,2015-09-03,3708,2015-05-09,1843,LM1158,NA,6,5,5,3708,0,0,0,NA,0,002,SPRING ST,UNIVERSITY AV,189,S,N,A,-,N,NA,NA,NA,NA,NA,NA,NA,NA,NA,Y,4,0,3,2,A,-,05,21650,NA,N,A,C,A,A,H,-,A,D,0,NA,NA,NA,NA,Y,NA,A,07,0,0,3,0,0,0,0,0,0,-,-,NA,NA,SAN DIEGO,LA MESA,-117.02144891,32.76695004
7042951,2015,2015-09-02,3711,2015-08-07,1005,7168,NA,5,5,7,3711,0,0,0,NA,0,242,NEW SALEM ST,MIRA MESA BL,0,NA,Y,A,-,N,NA,NA,NA,NA,NA,NA,NA,NA,NA,Y,4,0,2,3,A,-,03,22350,NA,N,A,C,A,A,H,-,A,A,0,NA,NA,NA,NA,Y,NA,-,NA,0,0,2,0,0,0,0,0,0,-,-,NA,NA,SAN DIEGO,SAN DIEGO,-117.13851009,32.91293006