CASE_ID,ACCIDENT_YEAR,PROC_DATE,JURIS,COLLISION_DATE,COLLISION_TIME,OFFICER_ID,REPORTING_DISTRICT,DAY_OF_WEEK,CHP_SHIFT,POPULATION,CNTY_CITY_LOC,SPECIAL_COND,BEAT_TYPE,CHP_BEAT_TYPE,CITY_DIVISION_LAPD,CHP_BEAT_CLASS,BEAT_NUMBER,PRIMARY_RD,SECONDARY_RD,DISTANCE,DIRECTION,INTERSECTION,WEATHER_1,WEATHER_2,STATE_HWY_IND,CALTRANS_COUNTY,CALTRANS_DISTRICT,STATE_ROUTE,ROUTE_SUFFIX,POSTMILE_PREFIX,POSTMILE,LOCATION_TYPE,RAMP_INTERSECTION,SIDE_OF_HWY,TOW_AWAY,COLLISION_SEVERITY,NUMBER_KILLED,NUMBER_INJURED,PARTY_COUNT,PRIMARY_COLL_FACTOR,PCF_CODE_OF_VIOL,PCF_VIOL_CATEGORY,PCF_VIOLATION,PCF_VIOL_SUBSECTION,HIT_AND_RUN,TYPE_OF_COLLISION,MVIW,PED_ACTION,ROAD_SURFACE,ROAD_COND_1,ROAD_COND_2,LIGHTING,CONTROL_DEVICE,CHP_ROAD_TYPE,PEDESTRIAN_ACCIDENT,BICYCLE_ACCIDENT,MOTORCYCLE_ACCIDENT,TRUCK_ACCIDENT,NOT_PRIVATE_PROPERTY,ALCOHOL_INVOLVED,STWD_VEHTYPE_AT_FAULT,CHP_VEHTYPE_AT_FAULT,COUNT_SEVERE_INJ,COUNT_VISIBLE_INJ,COUNT_COMPLAINT_PAIN,COUNT_PED_KILLED,COUNT_PED_INJURED,COUNT_BICYCLIST_KILLED,COUNT_BICYCLIST_INJURED,COUNT_MC_KILLED,COUNT_MC_INJURED,PRIMARY_RAMP,SECONDARY_RAMP,LATITUDE,LONGITUDE,COUNTY,CITY,POINT_X,POINT_Y
7078656,2015,2015-09-28,3702,2015-08-13,0819,CV1086,NA,4,5,6,3702,0,0,0,NA,0,013,I ST,4TH AV,0,NA,Y,A,-,N,NA,NA,NA,NA,NA,NA,NA,NA,NA,Y,2,0,2,2,A,-,09,21800,A,N,F,C,A,A,H,-,A,A,0,NA,NA,NA,NA,Y,NA,A,01,1,0,1,0,0,0,0,0,0,-,-,NA,NA,SAN DIEGO,CHULA VISTA,-117.07993008,32.62978001
7078675,2015,2017-01-28,9680,2015-09-06,1325,018672,NA,7,1,9,3700,0,1,3,NA,1,052,RT 78,MAGNOLIA AV,16368,E,N,A,-,Y,SD,11,78,-,-,40.21,H,-,E,Y,3,0,1,1,A,-,08,22107,NA,N,E,I,A,A,H,-,A,D,0,NA,NA,NA,NA,Y,NA,A,01,0,1,0,0,0,0,0,0,0,-,-,33.06735,-116.80932,SAN DIEGO,UNINCORPORATED,-116.80908891,33.06651653
7078692,2015,2015-09-28,3702,2015-08-18,2100,CV1053,NA,2,5,6,3702,0,0,0,NA,0,022,3RD AV,ORANGE AV,0,NA,Y,A,-,N,NA,NA,NA,NA,NA,NA,NA,NA,NA,N,3,0,1,2,A,-,03,22350,NA,F,G,B,B,A,H,-,E,A,0,Y,NA,NA,NA,Y,Y,A,01,0,1,0,0,1,0,0,0,0,-,-,NA,NA,SAN DIEGO,CHULA VISTA,-117.06450009,32.60182012
7078793,2015,2015-09-25,3702,2015-08-21,0830,CV1080,NA,5,5,6,3702,0,0,0,NA,0,014,E FLOWER ST,HILLTOP DR,0,NA,Y,A,-,N,NA,NA,NA,NA,NA,NA,NA,NA,NA,Y,4,0,2,3,A,-,09,21801,A,N,D,C,A,A,H,-,A,D,0,NA,NA,NA,NA,Y,NA,A,01,0,0,2,0,0,0,0,0,0,-,-,NA,NA,SAN DIEGO,CHULA VISTA,-117.06997008,32.65073003
7078880,2015,2017-01-10,9645,2015-09-02,1441,19352,NA,3,2,7,3711,0,1,3,NA,2,023,RT 163,GENESEE AV,1320,N,N,A,-,Y,SD,11,163,-,-,5.92,H,-,S,N,4,0,1,2,A,-,07,21658,A,M,B,C,A,A,H,-,A,D,1,NA,NA,NA,NA,Y,NA,A,01,0,0,1,0,0,0,0,0,0,-,-,32.79294,-117.15873,SAN DIEGO,SAN DIEGO,-117.15855624,32.79326837
7079364,2015,2015-10-27,3706,2015-10-07,2117,ES0473,NA,3,5,6,3706,0,0,0,NA,0,052,7TH AV,BROADWAY,0,NA,Y,A,-,N,NA,NA,NA,NA,NA,NA,NA,NA,NA,N,4,0,2,2,A,-,12,22450,A,N,D,C,A,A,H,-,D,-,0,NA,NA,NA,NA,Y,NA,A,01,0,0,2,0,0,0,0,0,0,-,-,NA,NA,SAN DIEGO,ESCONDIDO,-117.07764009,33.11625008
7080002,2015,2015-09-29,3701,2015-09-12,1314,5275,8,6,5,5,3701,0,0,0,NA,0,104,EL CAMINIO REAL,ALGA RD,305,S,N,B,-,N,NA,NA,NA,NA,NA,NA,NA,NA,NA,Y,3,0,2,3,A,-,03,22350,A,N,C,C,A,A,H,-,A,A,0,NA,NA,NA,NA,Y,NA,-,NA,0,2,0,0,0,0,0,0,0,-,-,NA,NA,SAN DIEGO,CARLSBAD,-117.26628445,33.10150114
7080006,2015,2015-09-28,3701,2015-09-16,1250,5291,41,3,5,5,3701,0,0,0,NA,0,003,PARK DR,KELLY DR,12,W,N,A,-,N,NA,NA,NA,NA,NA,NA,NA,NA,NA,Y,4,0,1,1,A,-,03,22350,NA,N,E,I,A,A,H,-,A,A,0,NA,NA,NA,NA,Y,NA,A,01,0,0,1,0,0,0,0,0,0,-,-,33.14635,-117.31087,SAN DIEGO,CARLSBAD,-117.31074851,33.14642441
7080200,2015,2015-10-09,3711,2015-09-16,1500,6817,SANDI,3,5,7,3711,0,0,0,NA,0,124,LA JOLLA VILLAGE DR,VILLA LA JOLLA,300,W,N,A,-,N,NA,NA,NA,NA,NA,NA,NA,NA,NA,NA,4,0,1,2,A,-,04,21703,NA,N,C,C,A,A,H,-,A,D,0,NA,NA,NA,NA,Y,NA,-,NA,0,0,1,0,0,0,0,0,0,-,-,NA,NA,SAN DIEGO,SAN DIEGO,-117.23487093,32.87183938
7082942,2015,2015-10-20,3706,2015-09-28,1708,ES0322,NA,1,5,6,3706,0,0,0,NA,0,042,VALLEY PKWY,FIG ST,0,NA,Y,A,-,N,NA,NA,NA,NA,NA,NA,NA,NA,NA,Y,4,0,1,2,D,-,00,NA,NA,N,D,C,A,A,H,-,A,A,0,NA,NA,NA,NA,Y,NA,-,-,0,0,1,0,0,0,0,0,0,-,-,NA,NA,SAN DIEGO,ESCONDIDO,-117.07392002,33.12729008
7083007,2015,2015-10-06,3706,2015-09-18,1012,ES1603,NA,5,5,6,3706,0,0,0,NA,0,041,EL NORTE PKWY,BOURBON RD,0,NA,Y,A,-,N,NA,NA,NA,NA,NA,NA,NA,NA,NA,Y,3,0,1,2,A,-,09,21804,A,N,D,C,A,A,H,-,A,A,0,NA,NA,NA,NA,Y,NA,A,01,0,1,0,0,0,0,0,0,0,-,-,NA,NA,SAN DIEGO,ESCONDIDO,-117.10688,33.14700006
7087097,2015,2015-10-19,3711,2015-09-24,1255,5498,NA,4,5,7,3711,0,0,0,NA,0,324,G ST,2ND AV,15,E,N,A,-,N,NA,NA,NA,NA,NA,NA,NA,NA,NA,N,3,0,1,2,A,-,10,21950,A,M,G,B,B,A,H,-,A,A,0,Y,NA,NA,NA,Y,NA,-,NA,0,1,0,0,1,0,0,0,0,-,-,NA,NA,SAN DIEGO,SAN DIEGO,-117.16284141,32.71257099
7088075,2015,2015-10-09,3711,2015-09-20,0239,7129,NA,7,5,7,3711,0,0,0,NA,0,524,9TH AV,C ST,0,NA,Y,A,-,N,NA,NA,NA,NA,NA,NA,NA,NA,NA,Y,4,0,2,2,A,-,12,21453,A,N,D,C,A,A,H,-,C,A,0,NA,NA,NA,NA,Y,Y,-,NA,0,0,2,0,0,0,0,0,0,-,-,NA,NA,SAN DIEGO,SAN DIEGO,-117.15653012,32.71679006
7090200,2015,2015-10-07,3710,2015-09-04,1204,OC0873,NA,5,5,6,3710,0,0,0,NA,0,021,COLLEGE BL,ADAMS ST,180,S,N,A,-,N,NA,NA,NA,NA,NA,NA,NA,NA,NA,N,4,0,1,2,B,-,22,NA,NA,N,C,C,A,A,H,-,A,A,0,NA,NA,NA,NA,Y,NA,A,01,0,0,1,0,0,0,0,0,0,-,-,NA,NA,SAN DIEGO,OCEANSIDE,-117.29475363,33.24904988
7090586,2015,2015-10-09,3702,2015-09-10,1710,CV1115,NA,4,5,6,3702,0,0,0,NA,0,023,MELROSE AV,MELROSE AV 900,0,NA,Y,A,-,N,NA,NA,NA,NA,NA,NA,NA,NA,NA,N,4,0,2,2,A,-,08,22103,NA,M,D,C,A,A,H,-,A,D,0,NA,NA,NA,NA,Y,NA,-,99,0,0,2,0,0,0,0,0,0,-,-,NA,NA,SAN DIEGO,CHULA VISTA,-117.04938769,32.62693944
7090626,2015,2015-10-09,3702,2015-09-08,1829,CV1077,NA,2,5,6,3702,0,0,0,NA,0,012,H ST,WOODLAWN,5,E,N,A,-,N,NA,NA,NA,NA,NA,NA,NA,NA,NA,N,4,0,2,2,A,-,04,21703,NA,N,C,C,A,A,H,-,A,D,0,NA,NA,NA,NA,Y,NA,A,01,0,0,2,0,0,0,0,0,0,-,-,NA,NA,SAN DIEGO,CHULA VISTA,-117.09389448,32.62972388
7090630,2015,2015-10-07,3702,2015-09-24,1735,CV1077,NA,4,5,6,3702,0,0,0,NA,0,013,HALSEY ST,CEDAR AV,0,NA,Y,A,-,N,NA,NA,NA,NA,NA,NA,NA,NA,NA,Y,3,0,1,3,A,-,09,21800,A,N,D,C,A,A,H,-,A,D,0,NA,NA,NA,NA,Y,NA,A,07,0,1,0,0,0,0,0,0,0,-,-,NA,NA,SAN DIEGO,CHULA VISTA,-117.08492001,32.62645007
7091475,2015,2015-10-15,3711,2015-09-22,2036,5972,NA,2,5,7,3711,0,0,0,NA,0,116,MORENA BL,MILTON ST,149,N,N,A,-,N,NA,NA,NA,NA,NA,NA,NA,NA,NA,N,4,0,2,2,A,-,03,22350,NA,N,C,C,A,A,H,-,C,A,0,NA,NA,NA,Y,Y,NA,A,01,0,0,2,0,0,0,0,0,0,-,-,NA,NA,SAN DIEGO,SAN DIEGO,-117.20661581,32.78526335
7093226,2015,2015-10-28,3706,2015-10-09,0746,ES0453,NA,5,5,6,3706,0,0,0,NA,0,051,BEAR VALLEY PKWY,BEETHOVEN DR,95,N,N,A,-,N,NA,NA,NA,NA,NA,NA,NA,NA,NA,Y,4,0,1,1,C,-,18,NA,NA,N,F,J,A,A,H,-,A,A,0,NA,NA,Y,NA,Y,NA,-,-,0,0,1,0,0,0,0,0,1,-,-,NA,NA,SAN DIEGO,ESCONDIDO,-117.06082898,33.06941209
7094578,2015,2016-07-19,3710,2015-09-19,1605,OC0652,NA,6,5,6,3710,0,0,0,NA,0,007,COAST HWY,CASSIDY ST,141,S,N,A,-,N,NA,NA,NA,NA,NA,NA,NA,NA,NA,N,4,0,1,2,A,-,03,22350,NA,N,C,C,A,A,H,-,A,A,0,NA,NA,NA,NA,Y,NA,A,01,0,0,1,0,0,0,0,0,0,-,-,NA,NA,SAN DIEGO,OCEANSIDE,-117.36193611,33.17490376
7094802,2015,2017-01-18,3700,2015-07-23,2210,SH1088,NA,4,5,4,3707,0,0,0,NA,0,702,PALM AV,10TH ST,210,W,N,A,-,Y,SD,11,75,-,-,10.47,H,-,S,Y,2,0,1,1,A,-,01,23152,A,N,H,A,A,A,H,-,C,D,0,NA,NA,Y,NA,Y,Y,C,02,1,0,0,0,0,0,0,0,1,-,-,NA,NA,SAN DIEGO,IMPERIAL BEACH,-117.11255272,32.58382115
7098621,2015,2015-10-21,3711,2015-10-02,2241,6921,NA,5,5,7,3711,0,0,0,NA,0,721,CORONADO AV,CORONADO AV 1700,0,NA,Y,A,-,N,NA,NA,NA,NA,NA,NA,NA,NA,NA,N,4,0,1,2,A,-,08,22107,NA,F,C,C,A,A,H,-,C,A,0,NA,NA,NA,NA,Y,NA,-,NA,0,0,1,0,0,0,0,0,0,-,-,NA,NA,SAN DIEGO,SAN DIEGO,-117.09704608,32.57650691
7098628,2015,2015-10-21,3711,2015-10-01,1455,5569,NA,4,5,7,3711,0,0,0,NA,0,313,KEARNY VILLA RD,BALBOA AV,0,NA,N,A,-,N,NA,NA,NA,NA,NA,NA,NA,NA,NA,N,4,0,1,2,A,-,04,21703,NA,N,C,C,A,A,H,-,A,A,0,NA,NA,NA,NA,Y,NA,A,01,0,0,1,0,0,0,0,0,0,-,-,NA,NA,SAN DIEGO,SAN DIEGO,-117.14432004,32.82171009
7098632,2015,2015-10-21,3711,2015-10-02,1809,6513,NA,5,5,7,3711,0,0,0,NA,0,315,FRIARS RD,FRAZEE RD,52,W,N,A,-,N,NA,NA,NA,NA,NA,NA,NA,NA,NA,Y,3,0,1,2,A,-,03,22350,NA,N,C,C,A,A,H,-,B,D,0,NA,NA,Y,NA,Y,NA,C,02,0,1,0,0,0,0,0,0,1,-,-,NA,NA,SAN DIEGO,SAN DIEGO,-117.15751609,32.77250543
7098639,2015,2016-08-10,3711,2015-10-01,1703,7058,NA,4,5,7,3711,0,0,0,NA,0,712,WEST SAN YSIDRO BL,ISLA DEL CARMEN,0,NA,Y,B,-,N,NA,NA,NA,NA,NA,NA,NA,NA,NA,N,4,0,1,2,A,-,08,22100,B,N,C,D,A,A,H,-,A,D,0,NA,NA,NA,NA,Y,NA,-,NA,0,0,1,0,0,0,0,0,0,-,-,NA,NA,SAN DIEGO,SAN DIEGO,-117.06552,32.56189004
7099481,2015,2015-10-24,3711,2015-10-07,0830,5300,NA,3,5,7,3711,0,0,0,NA,0,122,LORING ST,FANUEL ST,300,W,N,A,-,N,NA,NA,NA,NA,NA,NA,NA,NA,NA,Y,3,0,1,3,A,-,08,22107,NA,N,C,E,A,A,H,-,A,D,0,NA,NA,NA,NA,Y,NA,-,NA,0,1,0,0,0,0,0,0,0,-,-,NA,NA,SAN DIEGO,SAN DIEGO,-117.24985918,32.80678446
7103884,2015,2017-02-04,3702,2015-10-02,1310,CV1098,NA,5,5,6,3702,0,0,0,NA,0,021,PALOMAR ST,WALNUT AV,132,W,N,A,-,Y,SD,11,5,-,-,6.164,R,4,N,N,3,0,2,3,A,-,03,22350,NA,N,C,C,A,A,H,-,A,A,0,NA,NA,NA,NA,Y,NA,D,22,0,1,1,0,0,0,0,0,0,-,-,NA,NA,SAN DIEGO,CHULA VISTA,-117.09004408,32.60591775
7106546,2015,2015-11-02,3711,2015-10-14,1320,05450,NA,3,5,7,3711,0,0,0,NA,0,315,MISSION CENTER RD,CAM DEL RIO,211,N,N,A,-,N,NA,NA,NA,NA,NA,NA,NA,NA,NA,NA,3,0,1,2,A,-,03,22350,NA,N,C,C,A,A,H,-,A,D,0,NA,NA,Y,NA,Y,NA,A,01,0,1,0,0,0,0,0,0,1,-,-,NA,NA,SAN DIEGO,SAN DIEGO,-117.15355217,32.76741117
7106796,2015,2015-10-28,3711,2015-10-17,1003,7083,NA,6,5,7,3711,0,0,0,NA,0,315,FRIARS RD,NORTHSIDE DR,24,E,N,B,-,N,NA,NA,NA,NA,NA,NA,NA,NA,NA,N,4,0,1,2,A,-,04,21703,NA,N,C,C,A,A,H,-,A,A,0,NA,NA,NA,NA,Y,NA,A,01,0,0,1,0,0,0,0,0,0,-,-,NA,NA,SAN DIEGO,SAN DIEGO,-117.12782073,32.7841326
7108091,2015,2015-11-03,3700,2015-09-21,1024,SH0169,NA,1,5,5,3712,0,0,0,NA,0,352,BORDEN RD,VINEYARD RD,33,E,N,A,-,N,NA,NA,NA,NA,NA,NA,NA,NA,NA,Y,4,0,1,2,A,-,12,21453,A,N,D,C,A,A,H,-,A,A,0,NA,NA,NA,NA,Y,NA,A,07,0,0,1,0,0,0,0,0,0,-,-,NA,NA,SAN DIEGO,SAN MARCOS,-117.15593744,33.15025116
7108578,2015,2015-11-06,3711,2015-10-24,0945,4274,NA,6,5,7,3711,0,0,0,NA,0,313,RUFFIN RD,LIGHTWAVE AV,30,N,N,A,-,N,NA,NA,NA,NA,NA,NA,NA,NA,NA,Y,3,0,3,3,A,-,08,22107,NA,N,C,G,A,A,H,-,A,A,0,NA,Y,NA,NA,Y,NA,-,NA,0,1,2,0,0,0,1,0,0,-,-,NA,NA,SAN DIEGO,SAN DIEGO,-117.12669877,32.82876217
7108597,2015,2015-11-07,3711,2015-10-13,1309,7122,NA,2,5,7,3711,0,0,0,NA,0,611,MIDWAY DR,ROSECRANS ST,7,N,N,A,-,N,NA,NA,NA,NA,NA,NA,NA,NA,NA,Y,3,0,3,2,A,-,08,22107,NA,N,D,C,A,A,H,-,A,D,0,NA,NA,NA,NA,Y,NA,-,NA,0,1,2,0,0,0,0,0,0,-,-,NA,NA,SAN DIEGO,SAN DIEGO,-117.20618861,32.74971097
7108896,2015,2015-11-19,3711,2015-10-23,0735,6837,NA,5,5,7,3711,0,0,0,NA,0,521,BROADWAY,PARK BL 1000,2,W,N,A,-,N,NA,NA,NA,NA,NA,NA,NA,NA,NA,N,4,0,1,2,A,-,10,21950,A,N,G,B,B,A,H,-,A,A,0,Y,NA,NA,NA,Y,NA,N,60,0,0,1,0,1,0,0,0,0,-,-,NA,NA,SAN DIEGO,SAN DIEGO,-117.15378195,32.71573621
7109043,2015,2015-11-05,3711,2015-10-23,1934,6389,NA,5,5,7,3711,0,0,0,NA,0,526,PARK BL,PARK BL 1400,0,NA,-,A,-,N,NA,NA,NA,NA,NA,NA,NA,NA,NA,N,4,0,1,2,A,-,09,21801,A,N,D,G,A,A,D,-,C,A,0,NA,Y,NA,NA,Y,Y,-,NA,0,0,1,0,0,0,1,0,0,-,-,NA,NA,SAN DIEGO,SAN DIEGO,-117.15391338,32.72026306
7109086,2015,2015-11-06,3711,2015-10-22,1652,7326,NA,4,5,7,3711,0,0,0,NA,0,433,60TH ST,RADIO DR,36,N,Y,A,-,N,NA,NA,NA,NA,NA,NA,NA,NA,NA,Y,3,0,1,2,A,-,03,22350,NA,N,C,C,A,A,H,-,A,D,0,NA,NA,NA,NA,Y,NA,-,NA,0,1,0,0,0,0,0,0,0,-,-,NA,NA,SAN DIEGO,SAN DIEGO,-117.06801,32.71675861
7113118,2015,2017-01-25,3710,2015-10-16,0610,OC1037,NA,5,5,6,3710,0,0,0,NA,0,023,RT 76,MELROSE DR,15,E,N,A,-,Y,SD,11,76,-,R,7.77,H,-,W,Y,4,0,1,2,A,-,04,21703,NA,N,C,C,A,A,H,-,C,A,0,NA,NA,NA,Y,Y,NA,A,01,0,0,1,0,0,0,0,0,0,-,-,NA,NA,SAN DIEGO,OCEANSIDE,-117.26495909,33.25191228
7115428,2015,2015-11-18,3711,2015-09-27,0158,3815,NA,7,5,7,3711,0,0,0,NA,0,124,LA JOLLA BL,PEARL ST,42,S,N,A,-,N,NA,NA,NA,NA,NA,NA,NA,NA,NA,Y,4,0,1,2,A,-,05,21650,NA,N,A,C,A,A,H,-,C,A,0,NA,NA,NA,NA,Y,NA,A,01,0,0,1,0,0,0,0,0,0,-,-,NA,NA,SAN DIEGO,SAN DIEGO,-117.27846851,32.83900804
7116099,2015,2015-11-20,3706,2015-10-30,0658,ES0374,NA,5,5,6,3706,0,0,0,NA,0,055,9TH AV,REDWOOD,131,E,N,A,-,N,NA,NA,NA,NA,NA,NA,NA,NA,NA,N,3,0,1,2,A,-,03,22350,NA,N,F,A,A,A,H,-,A,C,0,NA,NA,Y,NA,Y,NA,C,02,0,1,0,0,0,0,0,0,1,-,-,NA,NA,SAN DIEGO,ESCONDIDO,-117.08412345,33.11058328
7117888,2015,2015-12-02,3706,2015-11-11,1010,ES0492,NA,3,5,6,3706,0,0,0,NA,0,042,W MISSION AV,NORTH BROADWAY,550,W,N,A,-,N,NA,NA,NA,NA,NA,NA,NA,NA,NA,N,4,0,1,2,A,-,05,21202,A,N,D,G,A,A,H,-,A,D,0,NA,Y,NA,NA,Y,NA,L,04,0,0,1,0,0,0,1,0,0,-,-,NA,NA,SAN DIEGO,ESCONDIDO,-117.08701672,33.12983162
7119338,2015,2017-02-04,3710,2015-11-05,1715,OC1400,NA,4,5,6,3710,0,0,0,NA,0,010,RT 76,BENET ST,300,W,N,A,-,Y,SD,11,76,-,R,1.71,H,-,E,N,4,0,1,2,A,-,03,22350,NA,N,C,C,A,A,H,-,C,A,0,NA,NA,NA,NA,Y,NA,A,07,0,0,1,0,0,0,0,0,0,-,-,NA,NA,SAN DIEGO,OCEANSIDE,-117.35829411,33.21446521
7119628,2015,2015-11-25,3711,2015-11-11,1046,5985,NA,3,5,7,3711,0,0,0,NA,0,529,JUNIPER ST,3RD AV,0,NA,Y,A,-,N,NA,NA,NA,NA,NA,NA,NA,NA,NA,N,4,0,1,2,A,-,09,21802,A,N,D,C,A,A,H,-,A,A,0,NA,NA,NA,NA,Y,NA,A,07,0,0,1,0,0,0,0,0,0,-,-,NA,NA,SAN DIEGO,SAN DIEGO,-117.16210011,32.7293001
7119631,2015,2015-11-25,3711,2015-11-10,1920,6642,NA,2,5,7,3711,0,0,0,NA,0,447,EUCLID AV,FEDERAL BL,150,S,N,A,-,N,NA,NA,NA,NA,NA,NA,NA,NA,NA,Y,4,0,2,2,A,-,09,21804,A,N,D,C,A,A,H,-,C,A,0,NA,NA,NA,NA,Y,NA,A,01,0,0,2,0,0,0,0,0,0,-,-,NA,NA,SAN DIEGO,SAN DIEGO,-117.08495337,32.72100914
7119638,2015,2015-11-25,3711,2015-11-07,1109,6774,NA,6,5,7,3711,0,0,0,NA,0,612,CADIZ ST,ST CHARLES ST,43,E,N,A,-,N,NA,NA,NA,NA,NA,NA,NA,NA,NA,Y,3,0,1,2,A,-,03,22350,NA,N,A,E,A,A,H,-,A,D,0,NA,NA,NA,NA,Y,NA,A,01,0,1,0,0,0,0,0,0,0,-,-,NA,NA,SAN DIEGO,SAN DIEGO,-117.20984559,32.7437627
7122679,2015,2017-02-04,3710,2015-11-06,1730,OC0891,NA,5,5,6,3710,0,0,0,NA,0,022,MELROSE DR,RT 76,0,NA,Y,A,-,Y,SD,11,76,-,R,7.756,I,6,W,N,4,0,1,2,D,-,00,NA,NA,F,C,C,A,A,H,-,C,A,0,NA,NA,NA,NA,Y,NA,-,-,0,0,1,0,0,0,0,0,0,-,-,NA,NA,SAN DIEGO,OCEANSIDE,-117.26518118,33.25182954
7123047,2015,2015-11-24,3711,2015-08-07,1357,5046,NA,5,5,7,3711,0,0,0,NA,0,828,UNIVERSITY AV,ESTRELLA AV,72,W,N,A,-,N,NA,NA,NA,NA,NA,NA,NA,NA,NA,Y,4,0,2,4,A,-,03,22350,NA,M,C,C,A,A,H,-,A,D,0,NA,NA,NA,NA,Y,NA,-,99,0,0,2,0,0,0,0,0,0,-,-,NA,NA,SAN DIEGO,SAN DIEGO,-117.09035337,32.74953784
7123964,2015,2015-12-01,3711,2015-11-12,2210,6988,NA,4,5,7,3711,0,0,0,NA,0,613,NIMITZ ST,OLIPHANT ST,13,E,N,-,-,N,NA,NA,NA,NA,NA,NA,NA,NA,NA,Y,4,0,2,1,A,-,08,22107,NA,N,A,I,A,A,-,-,D,D,0,NA,NA,NA,NA,Y,NA,-,NA,0,0,2,0,0,0,0,0,0,-,-,NA,NA,SAN DIEGO,SAN DIEGO,-117.22846709,32.7327961
7124042,2015,2015-12-01,3710,2015-11-12,1459,OC1201,NA,4,5,6,3710,0,0,0,NA,0,007,MISSION AV,HORNE ST,0,NA,Y,A,-,N,NA,NA,NA,NA,NA,NA,NA,NA,NA,Y,4,0,1,2,A,-,09,21800,A,N,D,C,A,A,H,-,A,A,0,NA,NA,Y,NA,Y,NA,A,01,0,0,1,0,0,0,0,0,1,-,-,NA,NA,SAN DIEGO,OCEANSIDE,-117.37573007,33.19815003
7125943,2015,2015-12-02,3706,2015-11-14,1447,ES0471,NA,6,5,6,3706,0,0,0,NA,0,054,GRAND AV,HARDING ST,0,NA,Y,A,-,N,NA,NA,NA,NA,NA,NA,NA,NA,NA,Y,4,0,1,2,A,-,03,22350,NA,N,C,C,A,A,H,-,A,A,0,NA,NA,NA,NA,Y,NA,A,07,0,0,1,0,0,0,0,0,0,-,-,NA,NA,SAN DIEGO,ESCONDIDO,-117.34549004,33.16303
7126409,2015,2015-12-09,3710,2015-11-01,1321,OC1311,NA,7,5,6,3710,0,0,0,NA,0,036,OCEANSIDE BL,CATALINA CIR,0,NA,Y,A,-,N,NA,NA,NA,NA,NA,NA,NA,NA,NA,Y,3,0,5,2,A,-,12,21453,A,N,D,C,A,A,H,-,A,A,0,NA,NA,NA,NA,Y,NA,A,01,0,4,1,0,0,0,0,0,0,-,-,NA,NA,SAN DIEGO,OCEANSIDE,-117.2663401,33.21920011
7127690,2015,2015-12-03,3711,2015-11-19,1426,5491,SANDI,4,5,7,3711,0,0,0,NA,0,529,4TH AV,4TH AV 2200,9,E,N,A,-,N,NA,NA,NA,NA,NA,NA,NA,NA,NA,N,4,0,1,2,A,-,11,21954,A,N,G,B,D,A,H,-,A,-,0,Y,NA,NA,NA,Y,Y,N,60,0,0,1,0,1,0,0,0,0,-,-,NA,NA,SAN DIEGO,SAN DIEGO,-117.16123044,32.72822773
7127712,2015,2015-12-02,3711,2015-11-12,1357,6259,NA,4,5,7,3711,0,0,0,NA,0,451,COLLEGE GROVE DR,COLLEGE AV,0,NA,Y,A,-,N,NA,NA,NA,NA,NA,NA,NA,NA,NA,N,4,0,1,2,A,-,12,21453,A,N,D,C,A,A,H,-,A,A,0,NA,NA,NA,NA,Y,NA,A,01,0,0,1,0,0,0,0,0,0,-,-,NA,NA,SAN DIEGO,SAN DIEGO,-117.05364013,32.74436008
7128229,2015,2015-12-09,3700,2015-11-14,0850,SH2439,NA,6,5,5,3713,0,0,0,NA,0,306,EAST BOBIER DR,PANTHER WY,0,NA,Y,A,-,N,NA,NA,NA,NA,NA,NA,NA,NA,NA,Y,4,0,1,2,A,-,12,21453,A,M,D,C,A,A,H,-,A,A,0,NA,NA,NA,NA,Y,NA,D,22,0,0,1,0,0,0,0,0,0,-,-,NA,NA,SAN DIEGO,VISTA,-117.24161,33.22135004
7128688,2015,2015-12-09,3709,2015-11-29,2338,428,NA,7,5,5,3709,0,0,0,NA,0,020,ROOSEVELT AV,W 5TH ST,9,S,N,A,-,N,NA,NA,NA,NA,NA,NA,NA,NA,NA,NA,4,0,1,1,A,-,03,22350,NA,F,A,I,A,A,H,-,C,D,0,NA,NA,NA,NA,Y,NA,A,01,0,0,1,0,0,0,0,0,0,-,-,NA,NA,SAN DIEGO,NATIONAL CITY,-117.10897049,32.6780567
7128777,2015,2015-12-10,3711,2015-11-06,1825,4617,NA,5,5,7,3711,0,0,0,NA,0,242,HILLERY DR,RICKERT RD,45,E,N,A,-,N,NA,NA,NA,NA,NA,NA,NA,NA,NA,N,3,0,1,2,A,-,08,22107,NA,N,B,G,A,A,H,-,C,D,0,NA,Y,NA,NA,Y,NA,-,NA,0,1,0,0,0,0,1,0,0,-,-,NA,NA,SAN DIEGO,SAN DIEGO,-117.12679389,32.91290769
7129523,2015,2015-12-07,3700,2015-09-13,1702,SH7146,NA,7,5,5,3712,0,0,0,NA,0,373,SOUTH RANCHO SANTA FE RD,CAMINO DEL ARROYO,0,NA,Y,A,-,N,NA,NA,NA,NA,NA,NA,NA,NA,NA,Y,2,0,2,2,A,-,12,21453,A,N,D,C,A,A,H,-,A,A,0,NA,NA,NA,NA,Y,NA,A,01,1,0,1,0,0,0,0,0,0,-,-,NA,NA,SAN DIEGO,SAN MARCOS,-117.21852013,33.12226011
7131267,2015,2015-12-04,3709,2015-11-24,1809,474,NA,2,5,5,3709,0,0,0,NA,0,020,HIGHLAND AV,E 14TH ST,0,NA,Y,A,-,N,NA,NA,NA,NA,NA,NA,NA,NA,NA,N,4,0,2,2,A,-,08,22107,NA,N,D,C,A,A,H,-,C,D,0,NA,NA,NA,NA,Y,NA,A,01,0,0,2,0,0,0,0,0,0,-,-,NA,NA,SAN DIEGO,NATIONAL CITY,-117.09677005,32.67294001
7131890,2015,2015-12-23,3711,2015-11-20,0815,6653,SAN D,5,5,7,3711,0,0,0,NA,0,NA,WIGHTMAN ST,CHAMOUNE AV,0,NA,Y,A,-,N,NA,NA,NA,NA,NA,NA,NA,NA,NA,NA,4,0,1,2,A,-,10,21950,A,N,G,B,B,A,H,-,A,A,0,Y,NA,NA,NA,Y,NA,-,NA,0,0,1,0,1,0,0,0,0,-,-,NA,NA,SAN DIEGO,SAN DIEGO,-117.09660007,32.74771002
7133546,2015,2015-12-15,3701,2015-12-02,1015,5291,2,3,5,5,3701,0,0,0,NA,0,001,CARLSBAD BL,STATE ST,710,N,N,A,-,N,NA,NA,NA,NA,NA,NA,NA,NA,NA,Y,3,0,3,4,A,-,01,23152,E,N,C,G,A,A,H,-,A,D,0,NA,Y,NA,NA,Y,NA,A,01,0,1,2,0,0,0,3,0,0,-,-,33.16731,-117.35546,SAN DIEGO,CARLSBAD,-117.35558689,33.16739065