CASE_ID,ACCIDENT_YEAR,PROC_DATE,JURIS,COLLISION_DATE,COLLISION_TIME,OFFICER_ID,REPORTING_DISTRICT,DAY_OF_WEEK,CHP_SHIFT,POPULATION,CNTY_CITY_LOC,SPECIAL_COND,BEAT_TYPE,CHP_BEAT_TYPE,CITY_DIVISION_LAPD,CHP_BEAT_CLASS,BEAT_NUMBER,PRIMARY_RD,SECONDARY_RD,DISTANCE,DIRECTION,INTERSECTION,WEATHER_1,WEATHER_2,STATE_HWY_IND,CALTRANS_COUNTY,CALTRANS_DISTRICT,STATE_ROUTE,ROUTE_SUFFIX,POSTMILE_PREFIX,POSTMILE,LOCATION_TYPE,RAMP_INTERSECTION,SIDE_OF_HWY,TOW_AWAY,COLLISION_SEVERITY,NUMBER_KILLED,NUMBER_INJURED,PARTY_COUNT,PRIMARY_COLL_FACTOR,PCF_CODE_OF_VIOL,PCF_VIOL_CATEGORY,PCF_VIOLATION,PCF_VIOL_SUBSECTION,HIT_AND_RUN,TYPE_OF_COLLISION,MVIW,PED_ACTION,ROAD_SURFACE,ROAD_COND_1,ROAD_COND_2,LIGHTING,CONTROL_DEVICE,CHP_ROAD_TYPE,PEDESTRIAN_ACCIDENT,BICYCLE_ACCIDENT,MOTORCYCLE_ACCIDENT,TRUCK_ACCIDENT,NOT_PRIVATE_PROPERTY,ALCOHOL_INVOLVED,STWD_VEHTYPE_AT_FAULT,CHP_VEHTYPE_AT_FAULT,COUNT_SEVERE_INJ,COUNT_VISIBLE_INJ,COUNT_COMPLAINT_PAIN,COUNT_PED_KILLED,COUNT_PED_INJURED,COUNT_BICYCLIST_KILLED,COUNT_BICYCLIST_INJURED,COUNT_MC_KILLED,COUNT_MC_INJURED,PRIMARY_RAMP,SECONDARY_RAMP,LATITUDE,LONGITUDE,COUNTY,CITY,POINT_X,POINT_Y
7133862,2015,2017-02-04,3710,2015-11-20,1108,OC1095,NA,5,5,6,3710,0,0,0,NA,0,013,EL CAMINIO REAL,RT 78,10,S,N,A,-,Y,SD,11,78,-,-,1.367,R,4,W,N,4,0,1,2,A,-,03,22350,NA,N,C,C,A,A,H,-,A,A,0,NA,NA,NA,NA,Y,NA,A,01,0,0,1,0,0,0,0,0,0,-,WO,NA,NA,SAN DIEGO,OCEANSIDE,-117.329133,33.18134482
7133955,2015,2015-12-15,3710,2015-12-01,0855,OC1095,NA,2,5,6,3710,0,0,0,NA,0,013,DOWNS ST,FIRE MOUNTAIN RD,406,S,N,A,-,N,NA,NA,NA,NA,NA,NA,NA,NA,NA,N,4,0,1,2,A,-,21,22106,NA,N,D,C,A,A,H,-,A,D,0,NA,NA,NA,NA,Y,NA,A,08,0,0,1,0,0,0,0,0,0,-,-,NA,NA,SAN DIEGO,OCEANSIDE,-117.34454723,33.18749543
7135454,2015,2015-12-14,3711,2015-11-29,1359,7080,NA,7,5,7,3711,0,0,0,NA,0,436,DIVISION ST,61ST ST,0,NA,Y,A,-,N,NA,NA,NA,NA,NA,NA,NA,NA,NA,N,4,0,1,2,A,-,04,21703,NA,N,C,C,A,A,H,-,A,A,0,NA,NA,NA,NA,Y,NA,-,NA,0,0,1,0,0,0,0,0,0,-,-,NA,NA,SAN DIEGO,SAN DIEGO,-117.06690004,32.69462004
7136682,2015,2017-02-03,3703,2015-12-07,2102,1289,NA,1,5,3,3703,0,0,0,NA,0,003,RT 75,MP 1400,223,S,N,A,-,Y,SD,11,75,-,-,14.54,H,-,S,Y,2,0,4,2,A,-,03,22350,NA,N,C,C,A,A,H,-,D,D,0,NA,NA,NA,NA,Y,NA,A,07,2,0,2,0,0,0,0,0,0,-,-,NA,NA,SAN DIEGO,CORONADO,-117.14072606,32.63269183
7136718,2015,2015-12-17,3710,2015-12-05,2148,OC0891,NA,6,5,6,3710,0,0,0,NA,0,016,MISSION AV,RANCHO DEL ORO,0,NA,Y,B,-,N,NA,NA,NA,NA,NA,NA,NA,NA,NA,Y,3,0,2,2,A,-,01,23152,A,N,D,C,A,A,H,-,B,A,0,NA,NA,NA,NA,Y,Y,A,01,0,2,0,0,0,0,0,0,0,-,-,NA,NA,SAN DIEGO,OCEANSIDE,-117.31877003,33.23047006
7136765,2015,2015-12-17,3705,2015-09-12,1540,EC0304,NA,6,5,5,3705,0,0,0,NA,0,009,MELODY LN,NORTH 3RD AV,833,E,N,A,-,N,NA,NA,NA,NA,NA,NA,NA,NA,NA,Y,3,0,2,1,A,-,01,23152,A,N,E,I,A,A,H,-,A,D,0,NA,NA,NA,NA,Y,NA,A,01,0,2,0,0,0,0,0,0,0,-,-,NA,NA,SAN DIEGO,EL CAJON,-116.92421963,32.79648139
7137126,2015,2015-12-17,3711,2015-12-07,0745,4691,NA,1,5,7,3711,0,0,0,NA,0,233,RANCHO PENASQUITOS BL,PASEO MONTRIL,528,S,N,A,-,N,NA,NA,NA,NA,NA,NA,NA,NA,NA,Y,4,0,1,2,A,-,09,21801,A,N,D,C,A,A,H,-,A,D,0,NA,NA,NA,NA,Y,NA,-,NA,0,0,1,0,0,0,0,0,0,-,-,NA,NA,SAN DIEGO,SAN DIEGO,-117.10734996,32.95029402
7137173,2015,2016-08-10,3711,2015-12-04,1545,5679,NA,5,5,7,3711,0,0,0,NA,0,234,BERNARDO CENTER DR,CLOUDCREST DR,1584,E,N,A,-,N,NA,NA,NA,NA,NA,NA,NA,NA,NA,Y,4,0,2,2,A,-,03,22350,NA,N,C,C,A,A,H,-,A,D,0,NA,NA,NA,NA,Y,NA,-,NA,0,0,2,0,0,0,0,0,0,-,-,NA,NA,SAN DIEGO,SAN DIEGO,-117.08329658,33.01165866
7140506,2015,2015-12-21,3706,2015-12-13,0846,ES0464,NA,7,5,6,3706,0,0,0,NA,0,055,VALLEY PKWY,9TH AV,0,NA,Y,A,-,N,NA,NA,NA,NA,NA,NA,NA,NA,NA,Y,4,0,1,2,A,-,12,21453,A,F,D,C,A,A,H,-,A,A,0,NA,NA,NA,NA,Y,Y,A,01,0,0,1,0,0,0,0,0,0,-,-,NA,NA,SAN DIEGO,ESCONDIDO,-117.10352005,33.1107001
7140882,2015,2015-12-22,3701,2015-12-07,1437,5392,79,1,5,5,3701,0,0,0,NA,0,006,EL CAMINO REAL,TOWN GARDEN RD,0,NA,Y,A,-,N,NA,NA,NA,NA,NA,NA,NA,NA,NA,Y,4,0,1,2,A,-,09,21453,C,N,D,C,A,A,H,-,A,A,0,NA,NA,NA,NA,Y,NA,A,07,0,0,1,0,0,0,0,0,0,-,-,NA,NA,SAN DIEGO,CARLSBAD,-117.26664014,33.12362001
7141516,2015,2015-12-30,3711,2015-12-15,1020,6956,NA,2,5,7,3711,0,0,0,NA,0,826,UNIVERSITY AV,54TH ST,112,W,N,A,-,N,NA,NA,NA,NA,NA,NA,NA,NA,NA,Y,4,0,1,4,A,-,00,22352,NA,N,B,C,A,A,H,-,A,D,0,NA,NA,NA,NA,Y,NA,-,NA,0,0,1,0,0,0,0,0,0,-,-,NA,NA,SAN DIEGO,SAN DIEGO,-117.07982911,32.74887412
7142111,2015,2015-12-28,3711,2015-12-13,1423,7139,SANDI,7,5,7,3711,0,0,0,NA,0,122,MISSION BL,EMERALD ST,0,NA,Y,B,-,N,NA,NA,NA,NA,NA,NA,NA,NA,NA,N,4,0,1,2,A,-,08,22107,NA,N,B,G,A,A,H,-,A,D,0,NA,Y,NA,NA,Y,NA,-,NA,0,0,1,0,0,0,1,0,0,-,-,NA,NA,SAN DIEGO,SAN DIEGO,-117.25606003,32.79841009
7142114,2015,2016-01-06,3711,2015-12-12,1345,7083,NA,6,5,7,3711,0,0,0,NA,0,315,CAMINO DE LA REINA,MISSION CENTER RD,0,NA,Y,A,-,N,NA,NA,NA,NA,NA,NA,NA,NA,NA,N,4,0,2,2,A,-,08,22107,NA,N,B,C,A,A,H,-,A,A,0,NA,NA,NA,NA,Y,NA,-,-,0,0,2,0,0,0,0,0,0,-,-,NA,NA,SAN DIEGO,SAN DIEGO,-117.15385005,32.76815011
7142118,2015,2015-12-28,3711,2015-12-12,1514,7329,NA,6,5,7,3711,0,0,0,NA,0,712,SAN YSIDRO BL,AVERIL RD,27,E,N,A,-,N,NA,NA,NA,NA,NA,NA,NA,NA,NA,Y,3,0,4,2,A,-,03,22350,NA,N,C,C,A,A,H,-,A,-,0,NA,NA,NA,NA,Y,NA,-,NA,0,1,3,0,0,0,0,0,0,-,-,NA,NA,SAN DIEGO,SAN DIEGO,-117.05420317,32.55604211
7142121,2015,2016-01-05,3711,2015-12-13,1414,7345,NA,7,5,7,3711,0,0,0,NA,0,823,GAYLE ST,HUGHES ST,0,NA,Y,A,-,N,NA,NA,NA,NA,NA,NA,NA,NA,NA,Y,4,0,2,2,A,-,09,21801,A,N,B,C,A,A,H,-,A,D,0,NA,NA,NA,NA,Y,NA,-,-,0,0,2,0,0,0,0,0,0,-,-,NA,NA,SAN DIEGO,SAN DIEGO,-117.06384002,32.74761005
7142226,2015,2015-12-28,3711,2015-12-09,1650,5472,NA,3,5,7,3711,0,0,0,NA,0,234,RANCHO BERNARDO RD,CAMINITO CAMPANA,21,E,N,A,-,N,NA,NA,NA,NA,NA,NA,NA,NA,NA,Y,4,0,1,2,A,-,03,22350,NA,N,C,C,A,A,H,-,C,D,0,NA,NA,NA,NA,Y,Y,-,NA,0,0,1,0,0,0,0,0,0,-,-,NA,NA,SAN DIEGO,SAN DIEGO,-117.07137172,33.02295
7144605,2015,2016-02-03,3711,2015-12-23,0010,5311,NA,3,5,7,3711,0,0,0,NA,0,124,LA JOLLA PKWY,TORREY PINES,30,E,N,B,-,N,NA,NA,NA,NA,NA,NA,NA,NA,NA,Y,3,0,3,2,A,-,08,22107,NA,N,-,C,A,B,H,-,C,A,0,NA,NA,NA,NA,Y,NA,-,NA,0,2,1,0,0,0,0,0,0,-,-,NA,NA,SAN DIEGO,SAN DIEGO,-117.25288404,32.85049607
7144633,2015,2016-01-05,3711,2015-12-18,1436,6390,NA,5,5,7,3711,0,0,0,NA,0,623,HOTEL CIRCLE NORTH,HOTEL CIRCLE NORTH 1440,0,NA,-,A,-,N,NA,NA,NA,NA,NA,NA,NA,NA,NA,N,4,0,3,2,A,-,04,21703,NA,N,C,C,A,A,H,-,A,D,0,NA,NA,NA,NA,Y,NA,A,01,0,0,3,0,0,0,0,0,0,-,-,NA,NA,SAN DIEGO,SAN DIEGO,-117.1754247,32.759753
7145893,2015,2016-01-04,3711,2015-12-13,1538,7075,NA,7,5,7,3711,0,0,0,NA,0,451,COLLURA ST,KRENNING ST,26,N,N,A,-,N,NA,NA,NA,NA,NA,NA,NA,NA,NA,Y,4,0,1,3,A,-,09,21802,A,N,B,D,A,A,H,-,A,D,0,NA,NA,NA,NA,Y,NA,-,NA,0,0,1,0,0,0,0,0,0,-,-,NA,NA,SAN DIEGO,SAN DIEGO,-117.08401763,32.73601119
7146092,2015,2015-12-30,3711,2015-12-16,1155,6415,NA,3,5,7,3711,0,0,0,NA,0,315,TEXAS ST,MADISON AV,1000,N,N,A,-,N,NA,NA,NA,NA,NA,NA,NA,NA,NA,Y,4,0,1,1,A,-,03,22350,NA,N,E,I,A,A,H,-,A,D,0,NA,NA,NA,NA,Y,NA,A,01,0,0,1,0,0,0,0,0,0,-,-,NA,NA,SAN DIEGO,SAN DIEGO,-117.13915902,32.76370511
7146151,2015,2016-01-08,3711,2015-12-16,1458,7340,SAN D,3,5,7,3711,0,0,0,NA,0,613,EBERS ST,WEST POINT LOMA BL,46,S,N,A,-,N,NA,NA,NA,NA,NA,NA,NA,NA,NA,N,3,0,1,2,A,-,08,22107,NA,M,B,G,A,A,H,-,A,A,0,NA,Y,NA,NA,Y,NA,-,-,0,1,0,0,0,0,1,0,0,-,-,NA,NA,SAN DIEGO,SAN DIEGO,-117.24008061,32.75046485
7146315,2015,2016-01-04,3701,2015-12-19,2058,5208,81,6,5,5,3701,0,0,0,NA,0,006,PALOMAR AIRPORT RD,MELROSE DR,75,W,N,B,C,N,NA,NA,NA,NA,NA,NA,NA,NA,NA,Y,4,0,2,5,A,-,01,23153,B,F,C,C,A,B,H,-,C,A,0,NA,NA,NA,NA,Y,Y,A,01,0,0,2,0,0,0,0,0,0,-,-,NA,NA,SAN DIEGO,CARLSBAD,-117.24573351,33.13011546
7148113,2015,2016-01-04,3711,2015-11-29,1322,5061,NA,7,5,7,3711,0,0,0,NA,0,242,WESTONHILL DR,CORVOS PL,75,N,N,A,-,N,NA,NA,NA,NA,NA,NA,NA,NA,NA,N,2,0,1,2,A,-,11,21954,A,F,G,B,D,A,H,-,A,D,0,Y,NA,NA,NA,Y,NA,N,60,1,0,0,0,1,0,0,0,0,-,-,NA,NA,SAN DIEGO,SAN DIEGO,-117.13564,32.92522545
7149399,2015,2016-01-06,3711,2015-12-23,1925,6811,SD,3,5,7,3711,0,0,0,NA,0,838,EL CAJON BL,33RD ST,250,W,N,A,-,N,NA,NA,NA,NA,NA,NA,NA,NA,NA,N,3,0,1,2,A,-,11,21950,B,N,G,B,D,A,H,-,C,D,0,Y,NA,NA,NA,Y,Y,N,60,0,1,0,0,1,0,0,0,0,-,-,NA,NA,SAN DIEGO,SAN DIEGO,-117.12304036,32.75521881
7149435,2015,2016-01-06,3711,2015-12-21,1616,5762,NA,1,5,7,3711,0,0,0,NA,0,315,MISSION CENTER RD,WESTSIDE DR,0,NA,Y,A,-,N,NA,NA,NA,NA,NA,NA,NA,NA,NA,Y,4,0,1,3,A,-,04,21703,NA,M,C,C,A,A,H,-,B,A,0,NA,NA,NA,NA,Y,NA,-,NA,0,0,1,0,0,0,0,0,0,-,-,NA,NA,SAN DIEGO,SAN DIEGO,-117.15419008,32.77612005
7150924,2015,2016-01-15,3711,2015-12-29,1740,6252,NA,2,5,7,3711,0,0,0,NA,0,613,WEST POINT LOMA BL,RUE D ORLEANS,60,W,N,A,-,N,NA,NA,NA,NA,NA,NA,NA,NA,NA,Y,3,0,2,5,A,-,08,22107,NA,N,C,E,A,A,H,-,D,D,0,NA,NA,NA,NA,Y,NA,A,01,0,1,1,0,0,0,0,0,0,-,-,NA,NA,SAN DIEGO,SAN DIEGO,-117.22825386,32.75266643
7151220,2015,2016-01-14,3711,2015-12-29,1645,6811,SD,2,5,7,3711,0,0,0,NA,0,111,CLAIREMONT MESA BL,LONGFORD ST,0,NA,Y,A,-,N,NA,NA,NA,NA,NA,NA,NA,NA,NA,Y,4,0,1,2,A,-,12,21453,A,N,D,C,A,A,H,-,A,A,0,NA,NA,NA,NA,Y,NA,-,NA,0,0,1,0,0,0,0,0,0,-,-,NA,NA,SAN DIEGO,SAN DIEGO,-117.18270002,32.83450004
7151356,2016,2016-01-14,3711,2016-01-01,0211,6032,NA,5,5,7,3711,0,0,0,NA,0,122,GARNET AV,HAINES ST,140,W,N,A,-,N,NA,NA,NA,NA,NA,NA,NA,NA,NA,N,3,0,1,2,A,-,11,21954,A,N,G,B,D,A,H,-,C,A,0,Y,NA,NA,NA,Y,Y,N,60,0,1,0,0,1,0,0,0,0,-,-,NA,NA,SAN DIEGO,SAN DIEGO,-117.24314565,32.79928169
7152212,2015,2016-01-13,3706,2015-12-26,1759,ES0480,NA,6,5,6,3706,0,0,0,NA,0,041,CENTRE CITY PKWY,IRIS LN,0,NA,Y,A,-,N,NA,NA,NA,NA,NA,NA,NA,NA,NA,N,3,0,1,2,A,-,12,21453,A,N,D,C,A,A,H,-,C,A,0,NA,NA,NA,NA,Y,NA,A,01,0,1,0,0,0,0,0,0,0,-,-,NA,NA,SAN DIEGO,ESCONDIDO,-117.09633006,33.15145008
7152304,2015,2016-01-14,3702,2015-10-18,1615,CV1160,NA,7,5,6,3702,0,0,0,NA,0,032,SWEETWATER RD,WINNETKA DR,198,E,N,A,-,N,NA,NA,NA,NA,NA,NA,NA,NA,NA,Y,4,0,1,1,A,-,08,22107,NA,N,E,I,A,A,H,-,A,D,0,NA,NA,NA,NA,Y,NA,A,01,0,0,1,0,0,0,0,0,0,-,-,NA,NA,SAN DIEGO,CHULA VISTA,-117.02807293,32.66733445
7152311,2015,2016-01-13,3711,2015-12-24,1344,7147,NA,4,5,7,3711,0,0,0,NA,0,624,HOWARD AV,MISSISSIPPI ST,30,W,N,B,-,N,NA,NA,NA,NA,NA,NA,NA,NA,NA,Y,4,0,1,3,A,-,08,22107,NA,N,C,E,A,A,H,-,A,D,0,NA,NA,NA,NA,Y,NA,-,NA,0,0,1,0,0,0,0,0,0,-,-,NA,NA,SAN DIEGO,SAN DIEGO,-117.14137725,32.75403
7152349,2015,2016-01-13,3702,2015-10-15,1610,CV1115,NA,4,5,6,3702,0,0,0,NA,0,022,4TH AV,4TH AV 1000 BLOCK,0,NA,N,A,-,N,NA,NA,NA,NA,NA,NA,NA,NA,NA,N,4,0,1,2,A,-,03,22350,NA,M,C,C,A,A,H,-,A,A,0,NA,NA,NA,NA,Y,NA,A,01,0,0,1,0,0,0,0,0,0,-,-,NA,NA,SAN DIEGO,CHULA VISTA,NA,NA
7152385,2015,2016-01-13,3702,2015-10-13,2152,CV0616,NA,2,5,6,3702,0,0,0,NA,0,013,L ST,3RD AV,0,NA,Y,A,-,N,NA,NA,NA,NA,NA,NA,NA,NA,NA,Y,3,0,1,2,A,-,12,21453,A,F,A,C,A,A,H,-,C,A,0,NA,NA,NA,NA,Y,NA,-,NA,0,1,0,0,0,0,0,0,0,-,-,NA,NA,SAN DIEGO,CHULA VISTA,-117.07178004,32.62060006
7155647,2015,2016-01-22,3706,2015-12-28,1113,380,ESCON,1,5,6,3706,0,0,0,NA,0,045,WASHINGTON AV,ROCK SPRINGS RD,15,W,N,B,-,N,NA,NA,NA,NA,NA,NA,NA,NA,NA,Y,4,0,2,2,A,-,09,21453,B,N,D,C,A,A,H,-,A,A,0,NA,NA,NA,Y,Y,NA,A,07,0,0,2,0,0,0,0,0,0,-,-,33.12331,-117.09595,SAN DIEGO,ESCONDIDO,-117.0960457,33.12317553
7156161,2015,2016-01-19,3711,2015-12-16,0654,6034,NA,3,5,7,3711,0,0,0,NA,0,615,ROSECRANS ST,YONGE ST,113,S,N,A,-,N,NA,NA,NA,NA,NA,NA,NA,NA,NA,Y,2,0,1,2,A,-,03,22350,NA,N,C,C,A,A,H,-,A,D,0,NA,NA,Y,NA,Y,NA,C,02,1,0,0,0,0,0,0,0,1,-,-,NA,NA,SAN DIEGO,SAN DIEGO,-117.21943329,32.73620832
7156177,2015,2016-01-19,3711,2015-12-21,1535,6957,NA,1,5,7,3711,0,0,0,NA,0,114,CLAIREMONT MESA BL,CLAIREMONT DR,380,E,N,B,-,N,NA,NA,NA,NA,NA,NA,NA,NA,NA,Y,4,0,2,1,A,-,08,22107,NA,N,E,I,A,A,H,-,A,D,0,NA,NA,NA,NA,Y,NA,A,01,0,0,2,0,0,0,0,0,0,-,-,NA,NA,SAN DIEGO,SAN DIEGO,-117.20491713,32.8277
7156179,2015,2016-01-19,3711,2015-12-29,2209,7145,NA,2,5,7,3711,0,0,0,NA,0,521,J ST,11TH AV,6,W,N,A,-,N,NA,NA,NA,NA,NA,NA,NA,NA,NA,N,4,0,1,2,A,-,10,21950,A,N,G,B,B,A,H,-,C,A,0,Y,NA,NA,NA,Y,NA,A,01,0,0,1,0,1,0,0,0,0,-,-,NA,NA,SAN DIEGO,SAN DIEGO,-117.15464944,32.70940979
7156198,2015,2016-01-14,3711,2015-12-16,1425,4491,NA,3,5,7,3711,0,0,0,NA,0,616,ROSECRANS,KELLOGG,0,NA,Y,A,-,N,NA,NA,NA,NA,NA,NA,NA,NA,NA,Y,3,0,2,2,A,-,09,21802,A,N,D,C,A,A,H,-,A,A,0,NA,NA,NA,NA,Y,NA,-,NA,0,1,1,0,0,0,0,0,0,-,-,NA,NA,SAN DIEGO,SAN DIEGO,-117.23882003,32.70860008
7157174,2015,2016-01-25,3711,2015-12-14,1910,5842,NA,1,5,7,3711,0,0,0,NA,0,931,MIRAMAR RD,EASTGATE MALL,318,E,N,A,-,N,NA,NA,NA,NA,NA,NA,NA,NA,NA,Y,3,0,2,4,A,-,03,22350,NA,N,C,C,A,A,H,-,C,A,0,NA,NA,NA,NA,Y,NA,-,NA,0,1,1,0,0,0,0,0,0,-,-,NA,NA,SAN DIEGO,SAN DIEGO,-117.18528804,32.87683543
7157432,2016,2016-01-20,3711,2016-01-05,1921,5522,NA,2,5,7,3711,0,0,0,NA,0,621,ULRIC,DUNLOP,15,S,N,B,-,N,NA,NA,NA,NA,NA,NA,NA,NA,NA,N,3,0,1,2,A,-,12,22450,A,M,A,B,B,B,H,-,C,D,0,Y,NA,NA,NA,Y,NA,-,NA,0,1,0,0,1,0,0,0,0,-,-,NA,NA,SAN DIEGO,SAN DIEGO,-117.16887179,32.78555894
7158444,2016,2016-01-27,3711,2016-01-14,1600,7247,NA,4,5,7,3711,0,0,0,NA,0,315,TEXAS ST,CAMINO DEL RIO S,0,NA,Y,A,-,N,NA,NA,NA,NA,NA,NA,NA,NA,NA,Y,3,0,2,4,A,-,03,22350,NA,N,C,C,A,A,H,-,A,D,0,NA,NA,NA,NA,Y,NA,A,01,0,1,1,0,0,0,0,0,0,-,-,NA,NA,SAN DIEGO,SAN DIEGO,-117.13927009,32.76730008
7164435,2015,2016-08-10,3700,2015-12-06,1839,SH5502,NA,7,5,3,3783,0,0,0,NA,0,273,RT 101,DAHLIA DR,383,S,N,A,-,N,NA,NA,NA,NA,NA,NA,NA,NA,NA,Y,4,0,1,2,A,-,01,23152,A,N,C,C,A,A,H,-,C,D,0,NA,NA,NA,NA,Y,Y,A,01,0,0,1,0,0,0,0,0,0,-,-,NA,NA,SAN DIEGO,SOLANA BEACH,-117.27046262,32.98635003
7164705,2015,2016-08-10,3700,2015-12-27,0003,SH2573,NA,7,5,5,3782,0,0,0,NA,0,214,RT 101,A ST,0,NA,Y,A,-,N,NA,NA,NA,NA,NA,NA,NA,NA,NA,Y,3,0,1,1,A,-,01,23152,NA,N,E,I,A,A,H,-,C,A,0,NA,NA,NA,NA,Y,Y,D,22,0,1,0,0,0,0,0,0,0,-,-,NA,NA,SAN DIEGO,ENCINITAS,-117.2943401,33.04994008
7165578,2016,2016-01-25,3706,2016-01-11,0456,ES0474,NA,1,5,6,3706,0,0,0,NA,0,042,MISSION AV,ESCONDIDO BL,0,NA,Y,A,-,N,NA,NA,NA,NA,NA,NA,NA,NA,NA,Y,4,0,2,2,A,-,12,21453,A,N,D,C,A,A,H,-,C,A,0,NA,NA,NA,NA,Y,NA,A,01,0,0,2,0,0,0,0,0,0,-,-,NA,NA,SAN DIEGO,ESCONDIDO,-117.08937012,33.12909007
7165653,2016,2016-01-26,3711,2016-01-12,1605,5508,NA,2,5,7,3711,0,0,0,NA,0,933,CARMEL VALLEY RD,CARMEL VALLEY RD 2000,24,E,N,A,-,N,NA,NA,NA,NA,NA,NA,NA,NA,NA,Y,4,0,2,2,A,-,09,21801,A,N,-,C,A,A,H,-,A,D,0,NA,NA,NA,NA,Y,NA,-,NA,0,0,2,0,0,0,0,0,0,-,-,NA,NA,SAN DIEGO,SAN DIEGO,NA,NA
7166655,2016,2016-01-26,3708,2016-01-07,2106,LM1158,NA,4,5,5,3708,0,0,0,NA,0,001,MASSACHUSETTS AV,BLACKTON DR,71,S,N,C,-,N,NA,NA,NA,NA,NA,NA,NA,NA,NA,Y,4,0,2,1,A,-,03,22350,NA,N,E,I,A,B,H,-,C,D,0,NA,NA,NA,NA,Y,NA,A,01,0,0,2,0,0,0,0,0,0,-,-,NA,NA,SAN DIEGO,LA MESA,-117.04335162,32.75315205
7166659,2016,2016-01-26,3708,2016-01-04,1000,LM1217,NA,1,5,5,3708,0,0,0,NA,0,001,LEMON GROVE AV,HIGH ST,35,S,N,A,-,N,NA,NA,NA,NA,NA,NA,NA,NA,NA,N,2,0,1,1,A,-,03,22350,NA,N,F,A,A,A,G,-,A,D,0,NA,NA,Y,NA,Y,NA,C,02,1,0,0,0,0,0,0,0,1,-,-,NA,NA,SAN DIEGO,LA MESA,-117.03127304,32.74784432
7170467,2016,2017-02-10,3710,2016-01-12,2340,OC1401,NA,2,5,6,3710,0,0,0,NA,0,010,RT 76,CANYON AV,0,NA,Y,A,-,Y,SD,11,76,-,R,1.156,I,5,W,Y,3,0,1,1,A,-,03,22350,NA,N,E,I,A,A,H,-,C,A,0,NA,NA,NA,NA,Y,NA,A,01,0,1,0,0,0,0,0,0,0,-,-,NA,NA,SAN DIEGO,OCEANSIDE,-117.36749245,33.21253276
7171232,2015,2016-02-02,3702,2015-11-18,0703,CV1147,NA,3,5,6,3702,0,0,0,NA,0,024,OLYMPIC PKWY,CONCORD WY,138,W,N,A,-,N,NA,NA,NA,NA,NA,NA,NA,NA,NA,Y,3,0,1,1,A,-,03,22350,NA,N,H,A,A,A,H,-,A,D,0,NA,NA,Y,NA,Y,NA,C,02,0,1,0,0,0,0,0,0,1,-,-,NA,NA,SAN DIEGO,CHULA VISTA,-117.03098685,32.60722418
7171239,2015,2016-02-02,3702,2015-11-01,1607,CV0847,NA,7,5,6,3702,0,0,0,NA,0,012,H ST,WOODLAWN AV,180,W,N,A,-,N,NA,NA,NA,NA,NA,NA,NA,NA,NA,Y,4,0,1,2,A,-,08,22100,B,N,D,C,A,A,H,-,A,A,0,NA,NA,NA,NA,Y,NA,A,01,0,0,1,0,0,0,0,0,0,-,-,NA,NA,SAN DIEGO,CHULA VISTA,-117.09446225,32.62956307
7171264,2015,2016-02-02,3702,2015-11-04,1444,CV1163,NA,3,5,6,3702,0,0,0,NA,0,011,N 4TH AV,C ST,0,NA,Y,A,-,N,NA,NA,NA,NA,NA,NA,NA,NA,NA,Y,3,0,2,3,A,-,09,21453,C,N,D,C,A,A,H,-,A,A,0,NA,NA,NA,NA,Y,NA,A,01,0,1,1,0,0,0,0,0,0,-,-,NA,NA,SAN DIEGO,CHULA VISTA,-117.08799005,32.65053011
7171268,2015,2016-02-02,3702,2015-11-04,1146,CV0967,NA,3,5,6,3702,0,0,0,NA,0,032,BONITA RD,OTAY LAKES RD,0,NA,Y,A,-,N,NA,NA,NA,NA,NA,NA,NA,NA,NA,Y,3,0,2,2,A,-,12,21453,A,N,D,C,A,A,H,-,A,A,0,NA,NA,NA,NA,Y,NA,A,01,0,1,1,0,0,0,0,0,0,-,-,NA,NA,SAN DIEGO,CHULA VISTA,-117.0313101,32.66135003
7175008,2015,2016-02-11,3705,2015-12-21,1733,EC0301,NA,1,5,5,3705,0,0,0,NA,0,007,NARANCA,N 1ST,6,E,N,B,-,N,NA,NA,NA,NA,NA,NA,NA,NA,NA,N,3,0,1,2,A,-,10,21950,A,N,G,B,B,A,H,-,C,A,0,Y,NA,NA,NA,Y,NA,D,22,0,1,0,0,1,0,0,0,0,-,-,NA,NA,SAN DIEGO,EL CAJON,-116.94458054,32.80390991
7175747,2016,2016-02-05,3710,2016-01-23,0915,OC1274,NA,6,5,6,3710,0,0,0,NA,0,010,CANYON DR,MISSION AV,28,N,N,A,-,N,NA,NA,NA,NA,NA,NA,NA,NA,NA,Y,4,0,1,2,A,-,03,22350,NA,N,D,C,A,A,H,-,A,B,0,NA,NA,NA,NA,Y,NA,A,01,0,0,1,0,0,0,0,0,0,-,-,NA,NA,SAN DIEGO,OCEANSIDE,-117.36437195,33.20434308
7175758,2015,2016-02-12,3710,2015-12-29,0818,OC1311,NA,2,5,6,3710,0,0,0,NA,0,015,EL CAMINIO REAL,OCEANSIDE DR,50,N,N,A,-,N,NA,NA,NA,NA,NA,NA,NA,NA,NA,N,4,0,1,2,A,-,03,22350,NA,N,C,C,A,A,H,-,A,D,0,NA,NA,NA,NA,Y,NA,A,01,0,0,1,0,0,0,0,0,0,-,-,NA,NA,SAN DIEGO,OCEANSIDE,-117.33250048,33.20193912
7176011,2016,2016-02-09,3711,2016-01-27,0834,7318,SD,3,5,7,3711,0,0,0,NA,0,621,DUNLOP ST,ULRIC ST,10,E,N,A,-,N,NA,NA,NA,NA,NA,NA,NA,NA,NA,N,4,0,1,2,A,-,10,21950,A,N,G,B,B,A,H,-,A,D,0,Y,NA,NA,NA,Y,NA,-,NA,0,0,1,0,1,0,0,0,0,-,-,NA,NA,SAN DIEGO,SAN DIEGO,-117.16883792,32.78560401
7176018,2016,2017-02-10,3710,2016-01-30,1845,OC1063,NA,6,5,6,3710,0,0,0,NA,0,035,RT 76,TOWNE CENTRE DR,0,NA,Y,B,-,Y,SD,11,76,-,R,5.935,I,5,E,Y,4,0,1,2,A,-,03,22350,NA,N,C,C,A,A,H,-,C,A,0,NA,NA,NA,NA,Y,NA,A,07,0,0,1,0,0,0,0,0,0,-,-,NA,NA,SAN DIEGO,OCEANSIDE,-117.29397977000001,33.24230607
7176675,2016,2016-02-04,3711,2016-01-20,1554,5918,NA,3,5,7,3711,0,0,0,NA,0,444,MARKET ST,TOYNE ST,680,W,N,A,-,N,NA,NA,NA,NA,NA,NA,NA,NA,NA,N,4,0,2,2,A,-,04,21703,NA,N,C,C,A,A,H,-,A,A,0,NA,NA,NA,NA,Y,NA,-,NA,0,0,2,0,0,0,0,0,0,-,-,NA,NA,SAN DIEGO,SAN DIEGO,-117.10593317,32.71149