CASE_ID,ACCIDENT_YEAR,PROC_DATE,JURIS,COLLISION_DATE,COLLISION_TIME,OFFICER_ID,REPORTING_DISTRICT,DAY_OF_WEEK,CHP_SHIFT,POPULATION,CNTY_CITY_LOC,SPECIAL_COND,BEAT_TYPE,CHP_BEAT_TYPE,CITY_DIVISION_LAPD,CHP_BEAT_CLASS,BEAT_NUMBER,PRIMARY_RD,SECONDARY_RD,DISTANCE,DIRECTION,INTERSECTION,WEATHER_1,WEATHER_2,STATE_HWY_IND,CALTRANS_COUNTY,CALTRANS_DISTRICT,STATE_ROUTE,ROUTE_SUFFIX,POSTMILE_PREFIX,POSTMILE,LOCATION_TYPE,RAMP_INTERSECTION,SIDE_OF_HWY,TOW_AWAY,COLLISION_SEVERITY,NUMBER_KILLED,NUMBER_INJURED,PARTY_COUNT,PRIMARY_COLL_FACTOR,PCF_CODE_OF_VIOL,PCF_VIOL_CATEGORY,PCF_VIOLATION,PCF_VIOL_SUBSECTION,HIT_AND_RUN,TYPE_OF_COLLISION,MVIW,PED_ACTION,ROAD_SURFACE,ROAD_COND_1,ROAD_COND_2,LIGHTING,CONTROL_DEVICE,CHP_ROAD_TYPE,PEDESTRIAN_ACCIDENT,BICYCLE_ACCIDENT,MOTORCYCLE_ACCIDENT,TRUCK_ACCIDENT,NOT_PRIVATE_PROPERTY,ALCOHOL_INVOLVED,STWD_VEHTYPE_AT_FAULT,CHP_VEHTYPE_AT_FAULT,COUNT_SEVERE_INJ,COUNT_VISIBLE_INJ,COUNT_COMPLAINT_PAIN,COUNT_PED_KILLED,COUNT_PED_INJURED,COUNT_BICYCLIST_KILLED,COUNT_BICYCLIST_INJURED,COUNT_MC_KILLED,COUNT_MC_INJURED,PRIMARY_RAMP,SECONDARY_RAMP,LATITUDE,LONGITUDE,COUNTY,CITY,POINT_X,POINT_Y
8171023,2016,2017-01-03,3706,2016-11-02,0246,465,ESCON,3,5,6,3706,0,0,0,NA,0,045,MISSION AV,QUINCE ST,0,NA,Y,A,-,N,NA,NA,NA,NA,NA,NA,NA,NA,NA,N,3,0,2,2,A,-,12,21453,A,N,D,C,A,A,H,-,C,A,0,NA,NA,NA,NA,Y,NA,-,-,0,1,1,0,0,0,0,0,0,-,-,33.12794,-117.09333,SAN DIEGO,ESCONDIDO,-117.09341005,33.12782008
81712721,2022,2022-03-02,3706,2022-02-23,0753,455,ESCON,3,5,6,3706,0,0,0,NA,0,052,05TH AV,CENTRE CITY PY,0,NA,Y,B,-,N,NA,NA,NA,NA,NA,NA,NA,NA,NA,N,4,0,1,2,A,-,12,21453,A,N,D,C,A,B,H,-,A,A,0,NA,NA,NA,NA,Y,NA,-,-,0,0,1,0,0,0,0,0,0,-,-,33.11547088623047,-117.08413696289063,SAN DIEGO,ESCONDIDO,NA,NA
8172327,2016,2017-02-28,3711,2016-11-12,1040,7073,NA,6,5,7,3711,0,0,0,NA,0,013,NIMITZ BL,OLIPHANT ST,10,S,N,A,-,N,NA,NA,NA,NA,NA,NA,NA,NA,NA,NA,3,0,1,2,A,-,06,21754,NA,M,C,G,A,A,H,-,A,D,0,NA,Y,NA,NA,Y,Y,-,NA,0,1,0,0,0,0,1,0,0,-,-,NA,NA,SAN DIEGO,SAN DIEGO,-117.22847007,32.73280392
8172343,2016,2016-11-30,3711,2016-11-11,1734,5755,NA,5,5,7,3711,0,0,0,NA,0,232,HIGHLAND RANCH RD,EASTBOURNE RD,20,N,N,A,-,N,NA,NA,NA,NA,NA,NA,NA,NA,NA,N,4,0,1,2,A,-,03,22350,NA,N,C,C,A,A,H,-,B,D,0,NA,NA,NA,NA,Y,NA,-,NA,0,0,1,0,0,0,0,0,0,-,-,NA,NA,SAN DIEGO,SAN DIEGO,-117.07241714,32.98126771
8172371,2016,2016-11-30,3711,2016-11-10,1430,7152,SAN D,4,5,7,3711,0,0,0,NA,0,123,MISSION BAY DR,CITY POLE # 57,55,E,N,A,-,N,NA,NA,NA,NA,NA,NA,NA,NA,NA,Y,3,0,1,2,A,-,08,22107,NA,N,B,G,A,A,-,-,A,D,0,NA,Y,NA,NA,Y,NA,-,NA,0,1,0,0,0,0,1,0,0,-,-,NA,NA,SAN DIEGO,SAN DIEGO,NA,NA
8172393,2016,2016-11-23,3711,2016-11-09,0740,5485,NA,3,5,7,3711,0,0,0,NA,0,723,PALM AV,PICADOR BL,17,W,N,A,-,N,NA,NA,NA,NA,NA,NA,NA,NA,NA,N,3,0,1,2,A,-,11,21456,B,N,G,B,B,A,D,E,A,A,0,Y,NA,NA,NA,Y,NA,N,60,0,1,0,0,1,0,0,0,0,-,-,NA,NA,SAN DIEGO,SAN DIEGO,-117.06206403,32.58376129
81726239,2022,2022-03-18,3706,2022-03-10,1938,528,ESCON,4,5,6,3706,0,0,0,NA,0,044,WASHINGTON AV,ASH ST,35,E,N,A,-,N,NA,NA,NA,NA,NA,NA,NA,NA,NA,Y,4,0,2,3,A,-,03,22350,NA,N,C,C,A,A,H,-,C,A,0,NA,NA,NA,NA,Y,NA,I,11,0,0,2,0,0,0,0,0,0,-,-,33.133079528808594,-117.06803131103516,SAN DIEGO,ESCONDIDO,-117.06803131103516,33.133079528808594
81736703,2022,2022-03-30,3706,2022-03-12,1526,480,ESCON,6,5,6,3706,0,0,0,NA,0,052,CENTRE CITY PY,09TH AV,0,NA,Y,A,-,N,NA,NA,NA,NA,NA,NA,NA,NA,NA,N,4,0,1,2,A,-,09,21801,A,N,A,C,A,A,H,-,A,A,0,NA,NA,NA,NA,Y,NA,A,01,0,0,1,0,0,0,0,0,0,-,-,33.111881256103516,-117.08161926269533,SAN DIEGO,ESCONDIDO,NA,NA
8173723,2016,2016-11-28,3705,2016-09-27,0757,EC0337,NA,2,5,5,3705,0,0,0,NA,0,010,E MADISON,JEFFREE,333,W,N,A,-,N,NA,NA,NA,NA,NA,NA,NA,NA,NA,Y,4,0,1,2,A,-,08,22107,NA,N,C,E,A,A,H,-,A,D,0,NA,NA,NA,NA,Y,NA,A,01,0,0,1,0,0,0,0,0,0,-,-,NA,NA,SAN DIEGO,EL CAJON,-116.95423981,32.80058001
81737743,2022,2022-03-31,3706,2022-03-16,2130,482,ESCON,3,5,6,3706,0,0,0,NA,0,041,BROADWAY,EL NORTE PY,0,NA,Y,A,-,N,NA,NA,NA,NA,NA,NA,NA,NA,NA,N,3,0,1,2,A,-,12,21453,A,N,D,G,A,A,H,-,C,A,0,NA,Y,NA,NA,Y,NA,L,04,0,1,0,0,0,0,1,0,0,-,-,33.13962936401367,-117.0896224975586,SAN DIEGO,ESCONDIDO,-117.08950042724608,33.139774322509766
8173798,2016,2016-12-02,3706,2016-11-07,0010,479,ESCON,1,5,6,3706,0,0,0,NA,0,042,CENTRE CITY PKWY,MISSION AV,0,NA,Y,A,-,N,NA,NA,NA,NA,NA,NA,NA,NA,NA,Y,3,0,1,2,A,-,12,21453,A,N,D,C,A,A,H,-,C,A,0,NA,NA,NA,NA,Y,Y,D,22,0,1,0,0,0,0,0,0,0,-,-,33.1285,-117.09149,SAN DIEGO,ESCONDIDO,-117.09168004,33.12836006
8176138,2016,2016-11-29,3700,2016-10-06,1329,SH2526,NA,4,5,4,3780,0,0,0,NA,0,411,MIDLAND RD,POWAY RD,179,N,N,A,-,N,NA,NA,NA,NA,NA,NA,NA,NA,NA,N,4,0,1,2,A,-,09,21804,B,N,D,C,A,A,H,-,A,D,0,NA,NA,NA,NA,Y,NA,A,01,0,0,1,0,0,0,0,0,0,-,-,NA,NA,SAN DIEGO,POWAY,-117.03667526,32.95680877
81769320,2022,2022-05-11,3701,2022-04-28,0801,CB5549,095,4,5,5,3701,0,0,0,NA,0,007,POINSETTIA LN,BLACK RAIL RD,0,NA,Y,B,-,N,NA,NA,NA,NA,NA,NA,NA,NA,NA,N,4,0,2,2,D,-,00,NA,NA,N,D,C,A,A,H,-,A,A,0,NA,NA,NA,NA,Y,NA,-,-,0,0,2,0,0,0,0,0,0,-,-,33.113529205322266,-117.28765106201172,SAN DIEGO,CARLSBAD,-117.28777313232422,33.113555908203125
8176957,2016,2017-04-15,3702,2016-11-01,0930,6831,SAN D,2,5,6,3702,0,0,0,NA,0,724,MAIN ST,INDUSTRIAL BL,0,NA,Y,B,-,N,NA,NA,NA,NA,NA,NA,NA,NA,NA,Y,4,0,1,2,A,-,21,22106,NA,N,C,C,A,A,H,-,A,A,0,NA,NA,NA,NA,Y,NA,-,-,0,0,1,0,0,0,0,0,0,-,-,NA,NA,SAN DIEGO,CHULA VISTA,-117.08412011,32.59484006
8177335,2016,2016-12-01,3706,2016-11-15,1659,393,ESPD,2,5,6,3706,0,0,0,NA,0,041,BROADWAY,TRELLIS LN,10,N,N,A,-,N,NA,NA,NA,NA,NA,NA,NA,NA,NA,N,3,0,1,2,B,-,22,NA,NA,N,G,B,F,A,H,-,C,D,0,Y,NA,NA,NA,Y,NA,-,-,0,1,0,0,1,0,0,0,0,-,-,NA,NA,SAN DIEGO,ESCONDIDO,-117.09030492,33.14505708
81773381,2022,2022-05-17,3706,2022-04-07,2010,534,ESCON,4,5,6,3706,0,0,0,NA,0,052,OHIO AV,ELM ST,20,E,N,A,-,N,NA,NA,NA,NA,NA,NA,NA,NA,NA,N,4,0,1,2,A,-,03,22350,NA,F,G,B,E,A,H,-,C,D,0,Y,NA,NA,NA,Y,NA,A,07,0,0,1,0,1,0,0,0,0,-,-,33.12636947631836,-117.07198333740234,SAN DIEGO,ESCONDIDO,-117.07176971435548,33.12639236450195
81779628,2022,2022-05-25,3706,2022-05-18,0845,565,ESCON,3,5,6,3706,0,0,0,NA,0,044,ROSE ST,THO NINH PL,30,S,N,A,-,N,NA,NA,NA,NA,NA,NA,NA,NA,NA,N,4,0,1,2,A,-,12,22450,A,N,G,B,D,A,H,-,A,A,0,Y,NA,NA,NA,Y,NA,A,01,0,0,1,0,1,0,0,0,0,-,-,33.13798141479492,-117.06156158447266,SAN DIEGO,ESCONDIDO,-117.0614776611328,33.13797378540039
81785447,2022,2022-06-01,3706,2022-05-23,1139,563,ESCON,1,5,6,3706,0,0,0,NA,0,044,HARDING ST,YORK AV (E),95,N,N,A,-,N,NA,NA,NA,NA,NA,NA,NA,NA,NA,N,4,0,1,2,A,-,09,21804,A,N,C,C,A,A,H,-,A,D,0,NA,NA,NA,NA,Y,NA,A,01,0,0,1,0,0,0,0,0,0,-,-,33.13938903808594,-117.0693130493164,SAN DIEGO,ESCONDIDO,-117.06968688964844,33.13948059082031
8178599,2016,2017-02-03,3700,2016-08-25,0740,SH5794,NA,4,5,5,3781,0,0,0,NA,0,507,N MAGNOLIA AV,MAST BL,359,N,N,B,-,N,NA,NA,NA,NA,NA,NA,NA,NA,NA,N,4,0,1,2,A,-,10,21952,NA,N,G,B,F,A,H,-,A,D,0,Y,NA,NA,NA,Y,NA,A,01,0,0,1,0,0,0,0,0,0,-,-,NA,NA,SAN DIEGO,SANTEE,-116.97116,32.85617319
8178645,2016,2016-12-06,3711,2016-11-18,1300,7238,NA,5,5,7,3711,0,0,0,NA,0,835,THORN ST,MARLBOROUGH AV,0,NA,Y,A,-,N,NA,NA,NA,NA,NA,NA,NA,NA,NA,N,4,0,1,2,A,-,08,22107,NA,M,B,G,A,A,H,-,A,D,0,NA,Y,NA,NA,Y,NA,-,NA,0,0,1,0,0,0,1,0,0,-,-,NA,NA,SAN DIEGO,SAN DIEGO,-117.10579011,32.74030006
8178651,2016,2016-12-06,3711,2016-11-23,1140,5899,NA,3,5,7,3711,0,0,0,NA,0,813,REDWOOD ST,30TH ST,147,E,N,A,-,N,NA,NA,NA,NA,NA,NA,NA,NA,NA,Y,4,0,1,2,A,-,09,21804,A,N,A,C,A,A,C,-,A,D,0,NA,NA,NA,NA,Y,NA,-,NA,0,0,1,0,0,0,0,0,0,-,-,NA,NA,SAN DIEGO,SAN DIEGO,-117.12884369,32.73742934
8178682,2016,2016-12-06,3711,2016-11-18,2331,7469,SD,5,5,7,3711,0,0,0,NA,0,524,1ST AV,A ST,0,NA,Y,A,-,N,NA,NA,NA,NA,NA,NA,NA,NA,NA,Y,4,0,1,2,A,-,03,22350,NA,N,C,C,A,A,H,-,C,A,0,NA,NA,NA,NA,Y,Y,-,NA,0,0,1,0,0,0,0,0,0,-,-,NA,NA,SAN DIEGO,SAN DIEGO,-117.16384005,32.71883004
8178683,2016,2016-12-06,3711,2016-11-16,1925,6334,NA,3,5,7,3711,0,0,0,NA,0,433,FEDERAL BL,WINNETT ST,21,W,N,A,-,N,NA,NA,NA,NA,NA,NA,NA,NA,NA,N,3,0,3,2,A,-,09,21802,NA,N,D,C,A,A,H,-,C,D,0,NA,NA,NA,NA,Y,NA,-,NA,0,1,2,0,0,0,0,0,0,-,-,NA,NA,SAN DIEGO,SAN DIEGO,-117.06380296,32.72888817
8178701,2016,2016-12-06,3711,2016-11-18,1110,8192,NA,5,5,7,3711,0,0,0,NA,0,813,EL CAJON BL,UTAH ST,80,W,N,A,-,N,NA,NA,NA,NA,NA,NA,NA,NA,NA,Y,4,0,2,4,A,-,03,22350,NA,N,C,C,A,A,H,-,A,A,0,NA,NA,NA,NA,Y,NA,A,01,0,0,2,0,0,0,0,0,0,-,-,NA,NA,SAN DIEGO,SAN DIEGO,-117.13290933,32.75539789
81789518,2022,2022-06-07,3706,2022-05-15,0444,560,ESCON,7,5,6,3706,0,0,0,NA,0,052,VISTA AV,PARADISE ST,42,E,N,A,-,N,NA,NA,NA,NA,NA,NA,NA,NA,NA,Y,4,0,1,3,A,-,01,23152,A,N,C,E,A,A,H,-,C,D,0,NA,NA,NA,NA,Y,Y,D,22,0,0,1,0,0,0,0,0,0,-,-,33.15407943725586,-117.08917236328124,SAN DIEGO,ESCONDIDO,-117.08897399902344,33.15410614013672
8179459,2016,2016-12-08,3711,2016-11-20,2055,5696,NA,7,5,7,3711,0,0,0,NA,0,313,BALBOA AV,MERCURY ST,0,NA,Y,C,-,N,NA,NA,NA,NA,NA,NA,NA,NA,NA,N,4,0,1,2,A,-,03,22350,NA,N,C,C,A,B,H,-,C,A,0,NA,NA,NA,NA,Y,NA,-,NA,0,0,1,0,0,0,0,0,0,-,-,NA,NA,SAN DIEGO,SAN DIEGO,-117.14892012,32.82182006
8179471,2016,2016-12-08,3711,2016-11-24,1050,7515,NA,4,5,7,3711,0,0,0,NA,0,242,MIRA MESA BL,TARGET DRIVEWAY,0,NA,Y,A,-,N,NA,NA,NA,NA,NA,NA,NA,NA,NA,Y,3,0,3,2,-,-,-,NA,NA,N,D,C,A,A,H,-,A,A,0,NA,NA,NA,NA,Y,NA,-,-,0,1,2,0,0,0,0,0,0,-,-,NA,NA,SAN DIEGO,SAN DIEGO,-117.14679927,32.91258546
8179501,2016,2016-12-09,3711,2016-11-20,1930,4849,SDPD,7,5,7,3711,0,0,0,NA,0,516,31ST ST,G ST,18,S,N,C,-,N,NA,NA,NA,NA,NA,NA,NA,NA,NA,Y,3,0,1,1,A,-,08,22107,NA,N,E,I,A,B,H,-,C,A,0,NA,NA,NA,NA,Y,Y,-,NA,0,1,0,0,0,0,0,0,0,-,-,NA,NA,SAN DIEGO,SAN DIEGO,-117.12742954,32.71269069
81798061,2022,2022-06-20,3706,2022-06-16,0800,346,ESCON,4,5,6,3706,0,0,0,NA,0,054,VALLEY PY,MIDWAY DR,962,W,N,A,-,N,NA,NA,NA,NA,NA,NA,NA,NA,NA,Y,3,0,1,2,A,-,09,21804,A,N,D,C,A,A,H,-,A,A,0,NA,NA,NA,NA,Y,NA,A,01,0,1,0,0,0,0,0,0,0,-,-,33.1375617980957,-117.05184173583984,SAN DIEGO,ESCONDIDO,-117.05455780029295,33.1362419128418
8180033,2016,2016-12-08,3710,2016-12-01,0322,OC1435,NA,4,5,6,3710,0,0,0,NA,0,032,MESA DR,VIA RANCHO RD,108,E,N,A,-,N,NA,NA,NA,NA,NA,NA,NA,NA,NA,N,4,0,1,2,A,-,03,22350,NA,N,C,C,A,B,H,-,A,A,0,NA,NA,NA,NA,Y,NA,A,07,0,0,1,0,0,0,0,0,0,-,-,NA,NA,SAN DIEGO,OCEANSIDE,-117.29986564,33.2188554
8180053,2016,2016-12-08,3710,2016-11-28,0940,OC1197,NA,1,5,6,3710,0,0,0,NA,0,022,COLLEGE BL,ADAMS ST,60,NA,N,A,-,N,NA,NA,NA,NA,NA,NA,NA,NA,NA,N,4,0,1,2,A,-,03,22350,NA,N,C,C,A,A,H,-,A,A,0,NA,NA,NA,NA,Y,NA,A,01,0,0,1,0,0,0,0,0,0,-,-,NA,NA,SAN DIEGO,OCEANSIDE,-117.2953001,33.24923009
81808535,2022,2022-07-01,3701,2022-06-16,1710,CB5567,002,4,5,5,3701,0,0,0,NA,0,001,CARLSBAD BL,STATE ST,65,S,N,A,-,N,NA,NA,NA,NA,NA,NA,NA,NA,NA,N,4,0,1,2,A,-,03,22350,NA,F,C,C,A,A,H,-,A,D,0,NA,NA,NA,NA,Y,NA,A,01,0,0,1,0,0,0,0,0,0,-,-,33.166568756103516,-117.35482788085938,SAN DIEGO,CARLSBAD,-117.35434722900392,33.16557312011719
81816635,2022,2022-07-14,3706,2022-06-30,0225,564,ESCON,4,5,6,3706,0,0,0,NA,0,051,BEAR VALLEY PY,SAN PASQUAL RD,100,N,N,A,-,N,NA,NA,NA,NA,NA,NA,NA,NA,NA,Y,4,0,1,1,A,-,01,23152,A,N,E,I,A,A,H,-,C,D,0,NA,NA,NA,NA,Y,Y,A,01,0,0,1,0,0,0,0,0,0,-,-,33.07381057739258,-117.05898284912108,SAN DIEGO,ESCONDIDO,-117.058837890625,33.07405090332031
81825645,2022,2022-07-27,3706,2022-07-17,2210,564,ESCON,7,5,6,3706,0,0,0,NA,0,041,1425 N ASH ST,SHERIDAN AVE,335,S,N,A,-,N,NA,NA,NA,NA,NA,NA,NA,NA,NA,Y,3,0,1,3,A,-,01,23152,A,N,B,E,A,A,H,-,C,D,0,NA,NA,NA,NA,Y,Y,A,01,0,1,0,0,0,0,0,0,0,-,-,NA,NA,SAN DIEGO,ESCONDIDO,-117.07977294921876,33.14625549316406
8182830,2016,2016-12-08,3711,2016-10-31,1425,HB4531,NA,1,5,7,3711,0,0,0,NA,0,503,NORTH HARBOR DR,ACCESS ROADWAY,0,NA,Y,A,-,N,NA,NA,NA,NA,NA,NA,NA,NA,NA,N,4,0,1,2,A,-,10,21950,A,F,G,B,B,A,H,-,A,A,0,Y,NA,NA,NA,Y,NA,-,NA,0,0,1,0,1,0,0,0,0,-,-,NA,NA,SAN DIEGO,SAN DIEGO,NA,NA
81831949,2022,2022-08-03,3701,2022-07-27,1730,CB5572,110,3,5,5,3701,0,0,0,NA,0,008,RANCHO SANTA FE RD,VIA MERCATO,23,S,N,A,-,N,NA,NA,NA,NA,NA,NA,NA,NA,NA,N,4,0,1,2,A,-,03,22350,NA,N,C,C,A,A,H,-,A,A,0,NA,NA,NA,Y,Y,NA,F,26,0,0,1,0,0,0,0,0,0,-,-,33.083831787109375,-117.231201171875,SAN DIEGO,CARLSBAD,-117.23157501220705,33.08378982543945
81837679,2021,2022-08-11,3706,2021-07-29,0942,570,ESCON,4,5,6,3706,0,0,0,NA,0,042,MISSION AV,ASH ST,0,NA,Y,A,-,N,NA,NA,NA,NA,NA,NA,NA,NA,NA,N,4,0,2,2,A,-,03,22350,NA,N,C,C,A,A,H,-,A,A,0,NA,NA,NA,NA,Y,NA,-,35,0,0,2,0,0,0,0,0,0,-,-,33.13581085205078,-117.07063293457033,SAN DIEGO,ESCONDIDO,-117.07045745849608,33.13609313964844
81840963,2022,2022-08-16,3706,2022-08-01,2138,524,ESCON,1,5,6,3706,0,0,0,NA,0,044,ASH ST,ELMWOOD DR,0,NA,Y,A,-,N,NA,NA,NA,NA,NA,NA,NA,NA,NA,Y,4,0,1,2,A,-,03,22350,NA,N,C,C,A,A,H,-,C,D,0,NA,NA,NA,NA,Y,NA,A,01,0,0,1,0,0,0,0,0,0,-,-,33.13447952270508,-117.06918334960938,SAN DIEGO,ESCONDIDO,-117.06912231445313,33.13447952270508
81847348,2022,2022-08-24,3701,2022-08-09,2129,CB5585,072,2,5,5,3701,0,0,0,NA,0,006,PALOMAR AIRPORT RD,PASEO DEL NORTE,0,NA,Y,B,-,N,NA,NA,NA,NA,NA,NA,NA,NA,NA,Y,4,0,1,2,A,-,12,21453,A,N,D,C,A,A,H,-,C,A,0,NA,NA,NA,NA,Y,NA,-,-,0,0,1,0,0,0,0,0,0,-,-,33.122169494628906,-117.31918334960938,SAN DIEGO,CARLSBAD,-117.31914520263672,33.12213134765625
8185042,2016,2016-12-19,3702,2016-11-02,1846,CV1151,NA,3,5,6,3702,0,0,0,NA,0,024,MAIN ST,OTAY VALLEY RD,0,NA,Y,A,-,N,NA,NA,NA,NA,NA,NA,NA,NA,NA,Y,3,0,3,2,A,-,09,21801,A,N,D,C,A,A,H,-,C,D,0,NA,NA,NA,NA,Y,NA,A,01,0,1,2,0,0,0,0,0,0,-,-,NA,NA,SAN DIEGO,CHULA VISTA,-117.04248001,32.59477008
81853731,2022,2022-08-31,3706,2022-08-04,1914,464,ESCON,4,5,6,3706,0,0,0,NA,0,045,VALLEY PY,S/B I15 OFFRAMP,0,NA,Y,A,-,N,NA,NA,NA,NA,NA,NA,NA,NA,NA,N,3,0,1,2,A,-,05,21650,1,N,D,G,A,A,H,-,C,A,0,NA,Y,NA,NA,Y,NA,L,04,0,1,0,0,0,0,1,0,0,-,-,NA,NA,SAN DIEGO,ESCONDIDO,NA,NA
81853751,2022,2022-08-31,3706,2022-08-15,1404,445,ESCON,1,5,6,3706,0,0,0,NA,0,042,VALLEY PY,CENTRE CITY PY,0,NA,Y,A,-,N,NA,NA,NA,NA,NA,NA,NA,NA,NA,Y,3,0,3,2,A,-,12,21453,A,N,D,C,A,A,H,-,A,A,0,NA,NA,NA,NA,Y,NA,A,01,0,1,2,0,0,0,0,0,0,-,-,33.12004852294922,-117.08724975585938,SAN DIEGO,ESCONDIDO,-117.08737182617188,33.119964599609375
8185483,2016,2016-12-15,3706,2016-11-23,0629,380,ESCON,3,5,6,3706,0,0,0,NA,0,052,GRAND AV,DATE ST,0,NA,Y,A,-,N,NA,NA,NA,NA,NA,NA,NA,NA,NA,N,4,0,1,2,A,-,12,21453,A,F,D,C,A,A,H,-,A,A,0,NA,NA,NA,NA,Y,NA,A,08,0,0,1,0,0,0,0,0,0,-,-,33.12578,-117.06987,SAN DIEGO,ESCONDIDO,-117.0699401,33.12585011
81865946,2022,2022-09-16,3706,2022-09-10,0842,1894,ESCON,6,5,6,3706,0,0,0,NA,0,055,CITRACADO PY,MILLER AV,464,W,N,B,-,N,NA,NA,NA,NA,NA,NA,NA,NA,NA,Y,4,0,3,2,A,-,09,21801,A,N,D,C,A,B,H,-,A,D,0,NA,NA,NA,NA,Y,NA,A,01,0,0,3,0,0,0,0,0,0,-,-,33.091800689697266,-117.08065032958984,SAN DIEGO,ESCONDIDO,-117.08154296875,33.09231185913086
81875057,2022,2022-09-28,3706,2022-09-09,0810,424,ESCON,5,5,6,3706,0,0,0,NA,0,054,VALLEY PY,MIDWAY DR,754,W,N,B,C,N,NA,NA,NA,NA,NA,NA,NA,NA,NA,N,4,0,1,2,A,-,09,21804,A,N,G,B,E,B,H,-,A,D,0,Y,NA,NA,NA,Y,NA,A,01,0,0,1,0,1,0,0,0,0,-,-,33.1375617980957,-117.05184173583984,SAN DIEGO,ESCONDIDO,-117.05396270751952,33.136512756347656
8188758,2016,2016-12-15,3711,2016-12-04,0555,7086,NA,7,5,7,3711,0,0,0,NA,0,825,FAIRMOUNT AV,TALMADGE CANYON ROW,528,N,N,A,-,N,NA,NA,NA,NA,NA,NA,NA,NA,NA,Y,3,0,1,1,A,-,03,22350,NA,N,E,I,A,A,H,-,B,D,0,NA,NA,NA,NA,Y,NA,-,NA,0,1,0,0,0,0,0,0,0,-,-,NA,NA,SAN DIEGO,SAN DIEGO,-117.09681,32.76847628
8189158,2016,2016-12-16,3711,2016-11-28,1404,6837,NA,1,5,7,3711,0,0,0,NA,0,524,4TH AV,4TH AV 1000,0,NA,-,A,-,N,NA,NA,NA,NA,NA,NA,NA,NA,NA,N,4,0,1,2,A,-,11,21955,NA,N,G,B,D,A,H,-,A,A,0,Y,NA,NA,NA,Y,NA,N,60,0,0,1,0,1,0,0,0,0,-,-,NA,NA,SAN DIEGO,SAN DIEGO,-117.16107845,32.71674797
8190799,2016,2017-02-07,3701,2016-12-01,0943,5191,57,4,5,5,3701,0,0,0,NA,0,005,EL CAMINIO REAL,COLLEGE BL,17,E,N,A,-,N,NA,NA,NA,NA,NA,NA,NA,NA,NA,Y,4,0,1,2,A,-,08,22107,NA,N,D,C,A,A,H,-,A,A,0,NA,NA,NA,NA,Y,NA,A,01,0,0,1,0,0,0,0,0,0,-,-,33.14306,-117.28295,SAN DIEGO,CARLSBAD,-117.28325088,33.14304851
8190837,2016,2016-12-20,3711,2016-11-30,1407,7350,NA,3,5,7,3711,0,0,0,NA,0,524,4TH AV,B ST,12,S,N,A,-,N,NA,NA,NA,NA,NA,NA,NA,NA,NA,N,3,0,1,2,A,-,11,21954,A,N,G,B,D,A,H,-,A,A,0,Y,NA,NA,NA,Y,NA,N,60,0,1,0,0,1,0,0,0,0,-,-,NA,NA,SAN DIEGO,SAN DIEGO,-117.16107968,32.71775713
8191005,2016,2016-12-21,3711,2016-12-08,1715,6045,NA,4,5,7,3711,0,0,0,NA,0,111,BALBOA AV,CHARGER BL,500,E,N,A,-,N,NA,NA,NA,NA,NA,NA,NA,NA,NA,N,4,0,1,2,A,-,03,22350,NA,N,C,C,A,A,H,-,C,D,0,NA,NA,NA,NA,Y,NA,A,01,0,0,1,0,0,0,0,0,0,-,-,NA,NA,SAN DIEGO,SAN DIEGO,-117.16561178,32.82111509
81919780,2022,2022-11-17,3706,2022-11-14,1455,1888,ESCON,1,5,6,3706,0,0,0,NA,0,045,CORPORATE DR,MEYERS AV,312,S,N,A,-,N,NA,NA,NA,NA,NA,NA,NA,NA,NA,Y,4,0,2,2,A,-,09,21801,A,N,D,C,A,A,H,-,A,A,0,NA,NA,NA,NA,Y,NA,A,01,0,0,2,0,0,0,0,0,0,-,-,33.12942123413086,-117.12789916992188,SAN DIEGO,ESCONDIDO,-117.12831115722656,33.12845230102539
8192358,2016,2017-01-03,3711,2016-12-09,1830,5929,NA,5,5,7,3711,0,0,0,NA,0,122,INGRAHAM ST,OLIVER AV,9,N,N,A,-,N,NA,NA,NA,NA,NA,NA,NA,NA,NA,Y,3,0,1,3,A,-,03,22350,NA,N,C,C,A,A,H,-,C,A,0,NA,NA,NA,NA,Y,Y,A,01,0,1,0,0,0,0,0,0,0,-,-,NA,NA,SAN DIEGO,SAN DIEGO,-117.23938778,32.79504376
8193760,2016,2017-01-14,3711,2016-12-14,2230,7436,NA,3,5,7,3711,0,0,0,NA,0,723,CORONADO AV,DEARBORN DR,1,W,N,A,-,N,NA,NA,NA,NA,NA,NA,NA,NA,NA,N,4,0,1,2,A,I,17,21200,NA,N,B,G,A,A,-,-,C,D,0,NA,Y,NA,NA,Y,Y,L,04,0,0,1,0,0,0,1,0,0,-,-,NA,NA,SAN DIEGO,SAN DIEGO,-117.07377323,32.57648
8193851,2016,2016-12-28,3702,2016-11-19,0034,CV1090,NA,6,5,6,3702,0,0,0,NA,0,013,H ST,3RD AV,3,E,N,A,-,N,NA,NA,NA,NA,NA,NA,NA,NA,NA,N,4,0,1,2,A,-,08,22100,A,M,B,C,A,A,H,-,C,A,0,NA,NA,Y,NA,Y,Y,-,99,0,0,1,0,0,0,0,0,1,-,-,NA,NA,SAN DIEGO,CHULA VISTA,-117.07722079,32.63440261
81943016,2022,2022-12-15,3701,2022-12-06,1230,CB5427,067,2,5,5,3701,0,0,0,NA,0,002,I-5 CANNON NB OFF RAMP,CANNON RD,5,N,N,A,-,N,NA,NA,NA,NA,NA,NA,NA,NA,NA,N,4,0,1,2,A,-,21,22106,NA,N,C,C,A,A,H,-,A,A,0,NA,NA,NA,NA,Y,NA,A,01,0,0,1,0,0,0,0,0,0,-,-,33.13566970825195,-117.3276596069336,SAN DIEGO,CARLSBAD,-117.3276596069336,33.13566970825195