CASE_ID,ACCIDENT_YEAR,PROC_DATE,JURIS,COLLISION_DATE,COLLISION_TIME,OFFICER_ID,REPORTING_DISTRICT,DAY_OF_WEEK,CHP_SHIFT,POPULATION,CNTY_CITY_LOC,SPECIAL_COND,BEAT_TYPE,CHP_BEAT_TYPE,CITY_DIVISION_LAPD,CHP_BEAT_CLASS,BEAT_NUMBER,PRIMARY_RD,SECONDARY_RD,DISTANCE,DIRECTION,INTERSECTION,WEATHER_1,WEATHER_2,STATE_HWY_IND,CALTRANS_COUNTY,CALTRANS_DISTRICT,STATE_ROUTE,ROUTE_SUFFIX,POSTMILE_PREFIX,POSTMILE,LOCATION_TYPE,RAMP_INTERSECTION,SIDE_OF_HWY,TOW_AWAY,COLLISION_SEVERITY,NUMBER_KILLED,NUMBER_INJURED,PARTY_COUNT,PRIMARY_COLL_FACTOR,PCF_CODE_OF_VIOL,PCF_VIOL_CATEGORY,PCF_VIOLATION,PCF_VIOL_SUBSECTION,HIT_AND_RUN,TYPE_OF_COLLISION,MVIW,PED_ACTION,ROAD_SURFACE,ROAD_COND_1,ROAD_COND_2,LIGHTING,CONTROL_DEVICE,CHP_ROAD_TYPE,PEDESTRIAN_ACCIDENT,BICYCLE_ACCIDENT,MOTORCYCLE_ACCIDENT,TRUCK_ACCIDENT,NOT_PRIVATE_PROPERTY,ALCOHOL_INVOLVED,STWD_VEHTYPE_AT_FAULT,CHP_VEHTYPE_AT_FAULT,COUNT_SEVERE_INJ,COUNT_VISIBLE_INJ,COUNT_COMPLAINT_PAIN,COUNT_PED_KILLED,COUNT_PED_INJURED,COUNT_BICYCLIST_KILLED,COUNT_BICYCLIST_INJURED,COUNT_MC_KILLED,COUNT_MC_INJURED,PRIMARY_RAMP,SECONDARY_RAMP,LATITUDE,LONGITUDE,COUNTY,CITY,POINT_X,POINT_Y
84707872,2025,2025-06-02,3706,2025-05-26,1513,488,NA,1,5,6,3706,0,0,0,NA,0,045,HALE AV,I-15 RA (N),50,E,N,A,-,Y,SD,NA,15,NA,R,31.006,H,NA,L,Y,3,0,4,2,A,-,12,21453,A,N,A,C,A,A,H,-,A,A,0,NA,NA,NA,NA,Y,NA,A,01,0,2,2,0,0,0,0,0,0,-,-,33.12001037597656,-117.101806640625,SAN DIEGO,ESCONDIDO,-117.1018524169922,33.1199951171875
8470995,2017,2017-10-27,3711,2017-10-10,0530,7647,NA,2,5,7,3711,0,0,0,NA,0,112,MOUNT ALIFAN DR,GENESEE AV,9,W,N,B,-,N,NA,NA,NA,NA,NA,NA,NA,NA,NA,Y,4,0,1,2,A,-,08,22107,NA,M,A,C,A,A,H,-,C,A,0,NA,NA,NA,NA,Y,NA,D,22,0,0,1,0,0,0,0,0,0,-,-,NA,NA,SAN DIEGO,SAN DIEGO,-117.18093694,32.81725049
8471019,2017,2017-11-08,3711,2017-10-09,1732,5958,NA,1,5,7,3711,0,0,0,NA,0,242,CAMINTO ALVAREZ,FLANDERS DR,10,S,N,A,-,N,NA,NA,NA,NA,NA,NA,NA,NA,NA,Y,4,0,2,2,A,-,08,22107,NA,N,D,C,A,A,H,-,A,D,0,NA,NA,NA,NA,Y,NA,-,NA,0,0,2,0,0,0,0,0,0,-,-,NA,NA,SAN DIEGO,SAN DIEGO,-117.16922,32.90524
84712081,2025,2025-06-04,3706,2025-05-17,614,591,NA,6,5,6,3706,0,0,0,NA,0,046,WASHINGTON AV,CITRUS AV,0,NA,Y,A,-,N,NA,NA,NA,NA,NA,NA,NA,NA,NA,Y,4,0,1,2,A,-,12,21453,A,N,A,C,A,A,H,-,A,A,0,NA,NA,NA,NA,Y,NA,-,-,0,0,1,0,0,0,0,0,0,-,-,33.146240234375,-117.04798126220705,SAN DIEGO,ESCONDIDO,-117.04791259765624,33.14665985107422
84712085,2025,2025-06-04,3706,2025-05-30,826,424,NA,5,5,6,3706,0,0,0,NA,0,055,02ND AV,QUINCE ST,0,NA,Y,A,-,N,NA,NA,NA,NA,NA,NA,NA,NA,NA,Y,4,0,1,2,A,-,12,21453,A,N,D,C,A,A,H,-,A,A,0,NA,NA,NA,NA,Y,NA,D,22,0,0,1,0,0,0,0,0,0,-,-,33.11783981323242,-117.08788299560548,SAN DIEGO,ESCONDIDO,-117.08788,33.117805
8471399,2017,2017-10-20,3706,2017-10-01,2330,492,ESCON,7,5,6,3706,0,0,0,NA,0,045,CENTRE CITY PKWY,MISSION AV,0,NA,Y,A,-,N,NA,NA,NA,NA,NA,NA,NA,NA,NA,Y,4,0,2,2,A,-,12,21453,A,N,D,C,A,A,H,-,C,A,0,NA,NA,NA,NA,Y,NA,A,01,0,0,2,0,0,0,0,0,0,-,-,33.1285,-117.09149,SAN DIEGO,ESCONDIDO,-117.09168004,33.12836006
8472171,2017,2018-06-14,3702,2017-09-24,1500,CV0736,NA,7,5,6,3702,0,0,0,NA,0,021,BAY BL,RT 5,0,NA,Y,A,-,Y,SD,11,5,-,-,6.575,R,4,S,Y,4,0,1,2,A,-,09,21801,A,N,A,C,A,A,H,-,A,D,0,NA,NA,NA,NA,Y,NA,A,01,0,0,1,0,0,0,0,0,0,-,-,NA,NA,SAN DIEGO,CHULA VISTA,-117.09096512,32.6118109
8472380,2017,2017-10-24,3702,2017-09-23,1650,CV1200,NA,6,5,6,3702,0,0,0,NA,0,024,3RD AV,MONTGOMERY ST,0,NA,Y,A,-,N,NA,NA,NA,NA,NA,NA,NA,NA,NA,N,4,0,1,2,A,-,03,22350,NA,M,C,C,A,A,H,-,A,A,0,NA,NA,NA,NA,Y,NA,A,01,0,0,1,0,0,0,0,0,0,-,-,NA,NA,SAN DIEGO,CHULA VISTA,-117.06451005,32.59682006
8472937,2017,2017-11-13,3700,2017-10-15,1216,SH275,NA,7,5,5,3713,0,0,0,NA,0,306,NORTH SANTA FE AV,W CALIFORNIA AV,0,NA,Y,A,-,N,NA,NA,NA,NA,NA,NA,NA,NA,NA,Y,4,0,4,2,A,-,12,21453,A,F,D,C,A,A,H,-,A,A,0,NA,NA,NA,NA,Y,NA,D,22,0,0,4,0,0,0,0,0,0,-,-,NA,NA,SAN DIEGO,VISTA,-117.24503002,33.20747005
84729563,2025,2025-06-18,3701,2025-06-05,2256,CB5620,NA,4,5,5,3701,0,0,0,NA,0,007,EL CAMINO REAL,DOVE LN,40,E,N,B,-,N,NA,NA,NA,NA,NA,NA,NA,NA,NA,Y,3,0,1,2,A,-,12,21453,A,N,G,B,B,A,H,-,C,A,0,Y,NA,NA,NA,Y,NA,A,01,0,1,0,0,0,0,0,0,0,-,-,33.105308532714844,-117.26693725585938,SAN DIEGO,CARLSBAD,-117.2668914794922,33.1051025390625
8473092,2017,2017-11-20,3700,2017-07-13,1726,SH7366,NA,4,5,4,3707,0,0,0,NA,0,703,IMPERIAL BEACH BL,4TH ST,249,E,N,A,-,N,NA,NA,NA,NA,NA,NA,NA,NA,NA,Y,3,0,3,2,A,-,04,21703,NA,N,C,C,A,D,H,-,A,A,0,NA,NA,NA,NA,Y,NA,D,22,0,1,2,0,0,0,0,0,0,-,-,NA,NA,SAN DIEGO,IMPERIAL BEACH,-117.12429469,32.57661
8473122,2017,2017-11-30,3700,2017-10-17,0821,SH7275,NA,2,5,5,3713,0,0,0,NA,0,306,EAST VISTA WY,FRANKLIN LN,203,E,N,A,-,N,NA,NA,NA,NA,NA,NA,NA,NA,NA,Y,4,0,1,2,A,-,03,22350,NA,N,C,C,A,A,H,-,A,D,0,NA,NA,NA,NA,Y,NA,A,01,0,0,1,0,0,0,0,0,0,-,-,NA,NA,SAN DIEGO,VISTA,-117.23558501,33.20855139
8474021,2017,2018-06-05,3701,2017-10-13,0752,CB5355,NA,5,5,5,3701,0,0,0,NA,0,008,OLIVENHAIN RD,AMARGOSA DR,0,NA,Y,A,-,N,NA,NA,NA,NA,NA,NA,NA,NA,NA,Y,4,0,1,3,A,-,03,22350,NA,N,C,C,A,A,H,-,A,A,0,NA,NA,NA,NA,Y,Y,A,01,0,0,1,0,0,0,0,0,0,-,-,NA,NA,SAN DIEGO,CARLSBAD,-117.25505012,33.06709006
8474523,2017,2017-11-04,3702,2017-09-13,2350,CV1166,NA,3,5,6,3702,0,0,0,NA,0,042,EASTLAKE PKWY,CLUBHOUSE DR,0,NA,Y,A,-,N,NA,NA,NA,NA,NA,NA,NA,NA,NA,Y,4,0,2,2,A,-,12,21453,A,N,D,C,A,A,H,-,C,A,0,NA,NA,NA,NA,Y,NA,A,01,0,0,2,0,0,0,0,0,0,-,-,NA,NA,SAN DIEGO,CHULA VISTA,-116.96623001,32.64052005
8476413,2017,2017-11-07,3711,2017-10-14,2215,6521,NA,6,5,7,3711,0,0,0,NA,0,242,MIRA MESA BL,WESTVIEW PKWY,0,NA,Y,A,-,N,NA,NA,NA,NA,NA,NA,NA,NA,NA,Y,4,0,2,2,A,-,12,21453,A,N,D,C,A,A,H,-,C,A,0,NA,NA,NA,NA,Y,NA,A,01,0,0,2,0,0,0,0,0,0,-,-,NA,NA,SAN DIEGO,SAN DIEGO,-117.12052007,32.9173201
8476667,2017,2017-10-31,3700,2017-10-11,1600,SH2439,NA,3,5,5,3713,0,0,0,NA,0,317,BUSINESS PARK DR,KEYSTONE WY,0,NA,Y,A,-,N,NA,NA,NA,NA,NA,NA,NA,NA,NA,Y,4,0,2,2,A,-,09,21802,A,N,D,C,A,A,H,-,A,D,0,NA,NA,NA,NA,Y,NA,D,22,0,0,2,0,0,0,0,0,0,-,-,NA,NA,SAN DIEGO,VISTA,-117.22999001,33.13593009
8477056,2017,2017-10-24,3706,2017-10-14,1210,440,ESCON,6,5,6,3706,0,0,0,NA,0,054,VALLEY PKWY,ROSE ST,1049,E,N,A,-,N,NA,NA,NA,NA,NA,NA,NA,NA,NA,N,4,0,2,3,A,-,03,22350,NA,N,C,C,A,A,H,-,A,D,0,NA,NA,NA,NA,Y,NA,A,01,0,0,2,0,0,0,0,0,0,-,-,NA,NA,SAN DIEGO,ESCONDIDO,-117.05648559,33.13535128
8477230,2017,2017-10-24,3706,2017-09-13,1750,491,ESCON,3,5,6,3706,0,0,0,NA,0,052,FELICITA AV,MAPLE ST,0,NA,Y,A,-,N,NA,NA,NA,NA,NA,NA,NA,NA,NA,N,3,0,1,2,A,-,21,22106,NA,F,G,B,D,A,H,-,A,D,0,Y,NA,NA,NA,Y,NA,-,NA,0,1,0,0,1,0,0,0,0,-,-,NA,NA,SAN DIEGO,ESCONDIDO,-117.0718701,33.10524006
84774858,2025,2025-07-24,3701,2025-07-14,1139,CB5540,NA,1,5,5,3701,0,0,0,NA,0,007,LA COSTA AV,PIRAEUS ST,3,E,N,A,-,N,NA,NA,NA,NA,NA,NA,NA,NA,NA,Y,3,0,4,2,A,-,09,21804,NA,N,D,C,A,A,H,-,A,A,0,NA,NA,NA,NA,Y,NA,A,01,0,3,1,0,0,0,0,0,0,-,-,33.08469009399414,-117.29631805419922,SAN DIEGO,CARLSBAD,-117.29633331298828,33.08469009399414
84774862,2025,2025-07-24,3701,2025-07-20,1613,CB5614,NA,7,5,5,3701,0,0,0,NA,0,008,CALLE BARCELONA,EL CAMINO REAL,575,W,N,A,-,N,NA,NA,NA,NA,NA,NA,NA,NA,NA,N,3,0,1,2,A,-,10,21950,A,N,G,B,B,A,H,-,A,D,0,Y,NA,NA,NA,Y,NA,A,01,0,1,0,0,1,0,0,0,0,-,-,33.07331848144531,-117.26244354248048,SAN DIEGO,CARLSBAD,-117.26437377929688,33.072994232177734
84776296,2025,2025-07-25,3701,2025-07-08,857,CB5584,NA,2,5,5,3701,0,0,0,NA,0,006,CARLSBAD BL,ISLAND WY (W),1612,N,N,A,-,N,NA,NA,NA,NA,NA,NA,NA,NA,NA,N,3,0,2,2,A,-,11,21966,NA,N,G,B,E,A,H,-,A,D,0,Y,NA,NA,NA,Y,NA,N,60,0,2,0,0,1,0,0,0,0,-,-,33.11180877685547,-117.32232666015624,SAN DIEGO,CARLSBAD,-117.3249740600586,33.115665435791016
8478179,2017,2017-11-29,3711,2017-10-21,2335,7604,SAN D,6,5,7,3711,0,0,0,NA,0,934,CARMEL MOUNTAIN RD,MEADOW DR,294,E,N,A,-,N,NA,NA,NA,NA,NA,NA,NA,NA,NA,Y,4,0,1,1,A,-,03,22350,NA,N,E,I,A,A,H,-,C,D,0,NA,NA,NA,NA,Y,NA,A,01,0,0,1,0,0,0,0,0,0,-,-,NA,NA,SAN DIEGO,SAN DIEGO,NA,NA
8478199,2017,2017-11-30,3706,2017-10-10,0836,374,ESCON,2,5,6,3706,0,0,0,NA,0,056,BEAR VALLEY LN,OAK HILL DR,0,NA,Y,A,-,N,NA,NA,NA,NA,NA,NA,NA,NA,NA,Y,3,0,1,2,A,-,09,21453,C,N,D,C,A,A,H,-,A,A,0,NA,NA,NA,NA,Y,NA,A,07,0,1,0,0,0,0,0,0,0,-,-,33.13236,-117.0452,SAN DIEGO,ESCONDIDO,-117.04518008,33.13227001
8478456,2017,2017-11-16,3711,2017-10-13,1456,7618,NA,5,5,7,3711,0,0,0,NA,0,521,B ST,PARK BL,15,W,N,A,-,N,NA,NA,NA,NA,NA,NA,NA,NA,NA,N,3,0,1,2,A,-,11,21950,B,N,G,B,D,A,H,-,A,A,0,Y,NA,NA,NA,Y,NA,N,60,0,1,0,0,1,0,0,0,0,-,-,NA,NA,SAN DIEGO,SAN DIEGO,-117.1538686,32.71782053
84798149,2025,2025-08-12,3706,2025-08-09,1541,464,NA,6,5,6,3706,0,0,0,NA,0,055,VALLEY PY,AVNDA DEL DIABLO,39,E,N,A,-,N,NA,NA,NA,NA,NA,NA,NA,NA,NA,Y,3,0,2,2,A,-,01,23152,A,N,C,C,A,A,H,-,A,A,0,NA,NA,NA,NA,Y,Y,A,07,0,2,0,0,0,0,0,0,0,-,-,33.103111267089844,-117.10536193847656,SAN DIEGO,ESCONDIDO,NA,NA
8479956,2017,2017-11-01,3706,2017-10-07,0822,509,ESCON,6,5,6,3706,0,0,0,NA,0,044,VALLEY PKWY,HIDDEN TRAILS RD,0,NA,Y,A,-,N,NA,NA,NA,NA,NA,NA,NA,NA,NA,Y,3,0,1,4,A,-,12,21453,A,N,D,C,A,A,H,-,A,A,0,NA,NA,NA,NA,Y,NA,A,01,0,1,0,0,0,0,0,0,0,-,-,33.14978,-117.03292,SAN DIEGO,ESCONDIDO,-117.03297007,33.1497501
8480041,2017,2017-11-02,3706,2017-10-18,0616,374,ESCON,3,5,6,3706,0,0,0,NA,0,052,CENTRE CITY PKWY,5TH AV,0,NA,Y,A,-,N,NA,NA,NA,NA,NA,NA,NA,NA,NA,N,3,0,1,2,D,-,00,NA,NA,N,H,G,A,A,H,-,C,A,0,NA,Y,NA,NA,Y,NA,-,-,0,1,0,0,0,0,1,0,0,-,-,33.11547,-117.08415,SAN DIEGO,ESCONDIDO,-117.08419008,33.11538012
8480171,2017,2017-11-03,3711,2017-10-23,1700,7559,3711,1,5,7,3711,0,0,0,NA,0,611,EAST DR,SPORTS ARENA BL,0,NA,Y,A,-,N,NA,NA,NA,NA,NA,NA,NA,NA,NA,N,3,0,1,2,D,-,00,NA,NA,M,G,B,D,A,H,-,A,D,0,Y,NA,NA,NA,Y,NA,-,-,0,1,0,0,1,0,0,0,0,-,-,32.759,-117.2083,SAN DIEGO,SAN DIEGO,-117.20834006,32.75298009
8480405,2017,2018-06-20,3710,2017-10-06,0530,OC1418,016,5,5,6,3710,0,0,0,NA,0,008,RT 76,DOUGLAS DR,105,E,N,A,-,Y,SD,11,76,-,R,3.77,H,-,W,Y,4,0,1,2,A,-,01,23140,A,N,C,C,A,A,H,-,C,A,0,NA,NA,NA,NA,Y,Y,A,01,0,0,1,0,0,0,0,0,0,-,-,33.22584,-117.32606,SAN DIEGO,OCEANSIDE,-117.32527288,33.2259997
8480493,2017,2017-11-06,3710,2017-10-08,1147,OC1311,013,7,5,6,3710,0,0,0,NA,0,005,VISTA WAY,VIA ESMARCA,0,NA,Y,A,-,N,NA,NA,NA,NA,NA,NA,NA,NA,NA,Y,4,0,2,2,A,-,08,22100,B,N,D,C,A,A,H,-,A,A,0,NA,NA,NA,NA,Y,NA,A,01,0,0,2,0,0,0,0,0,0,-,-,NA,NA,SAN DIEGO,OCEANSIDE,-117.33134008,33.18322011
8480626,2017,2017-11-07,3710,2017-09-06,1943,OC1357,021,3,5,6,3710,0,0,0,NA,0,008,COLLEGE BL,BUCHANNON PARK,0,NA,Y,A,-,N,NA,NA,NA,NA,NA,NA,NA,NA,NA,N,4,0,1,2,A,-,10,21950,A,N,G,B,B,A,H,-,A,A,0,Y,NA,NA,NA,Y,NA,A,01,0,0,1,0,1,0,0,0,0,-,-,NA,NA,SAN DIEGO,OCEANSIDE,-117.29669094,33.24963755
84807787,2025,2025-08-19,3706,2025-08-14,334,559,NA,4,5,6,3706,0,0,0,NA,0,045,HALE AV,NAVAJO PL,163,S,N,A,-,N,NA,NA,NA,NA,NA,NA,NA,NA,NA,Y,3,0,1,2,A,-,03,22350,NA,F,C,E,A,A,H,-,C,D,0,NA,NA,NA,NA,Y,NA,A,01,0,1,0,0,0,0,0,0,0,-,-,33.10771942138672,-117.10997772216795,SAN DIEGO,ESCONDIDO,-117.11016082763672,33.10730743408203
84813247,2025,2025-08-22,3706,2025-08-13,2347,548,NA,3,5,6,3706,0,0,0,NA,0,042,BROADWAY,PARK AV,182,S,N,A,-,N,NA,NA,NA,NA,NA,NA,NA,NA,NA,N,4,0,1,2,A,-,09,21804,A,N,D,C,A,A,H,-,C,D,0,NA,NA,NA,NA,Y,NA,A,01,0,0,1,0,0,0,0,0,0,-,-,33.128780364990234,-117.0845184326172,SAN DIEGO,ESCONDIDO,-117.08441162109376,33.12823486328125
84813249,2025,2025-08-22,3706,2025-08-17,1751,587,NA,7,5,6,3706,0,0,0,NA,0,042,FIG ST,VALLEY PY,0,NA,Y,A,-,N,NA,NA,NA,NA,NA,NA,NA,NA,NA,N,3,0,1,2,A,-,12,21453,A,N,D,C,A,A,H,-,A,A,0,NA,NA,NA,NA,Y,NA,-,-,0,1,0,0,0,0,0,0,0,-,-,33.12702941894531,-117.07421112060548,SAN DIEGO,ESCONDIDO,-117.07392120361328,33.127288818359375
8481772,2017,2018-06-20,3706,2017-10-15,1143,443,ESCON,7,5,6,3706,0,0,0,NA,0,055,9TH AV,RT 15,0,NA,Y,A,-,Y,SD,11,15,-,R,30.222,R,4,N,N,4,0,1,2,A,-,12,21453,A,N,D,C,A,A,H,-,A,A,0,NA,NA,NA,NA,Y,NA,A,01,0,0,1,0,0,0,0,0,0,-,NO,NA,NA,SAN DIEGO,ESCONDIDO,-117.09571519,33.11013383
84822498,2025,2025-08-29,3701,2025-08-25,1114,CB5499,NA,1,5,5,3701,0,0,0,NA,0,008,LA COSTA AV,EL CAMINO REAL,0,NA,Y,A,-,N,NA,NA,NA,NA,NA,NA,NA,NA,NA,N,3,0,1,2,A,-,17,21451,A,N,D,G,A,A,H,-,A,A,0,NA,Y,NA,NA,Y,NA,A,01,0,1,0,0,0,0,1,0,0,-,-,33.08538055419922,-117.26850128173828,SAN DIEGO,CARLSBAD,-117.2684326171875,33.08540344238281
84829032,2025,2025-09-04,3701,2025-08-15,1110,CB5564,NA,5,5,5,3701,0,0,0,NA,0,006,PALOMAR AIRPORT RD,LOKER AV WEST,0,NA,Y,A,-,N,NA,NA,NA,NA,NA,NA,NA,NA,NA,N,3,0,1,2,D,-,00,NA,NA,N,D,C,A,A,H,-,A,A,0,NA,NA,NA,NA,Y,NA,-,-,0,1,0,0,0,0,0,0,0,-,-,33.13056182861328,-117.25936126708984,SAN DIEGO,CARLSBAD,-117.25943756103516,33.130638122558594
84848980,2025,2025-09-18,3706,2025-09-14,1850,507,NA,7,5,6,3706,0,0,0,NA,0,041,BROADWAY,STANLEY AV,15,N,N,A,-,Y,NA,NA,NA,NA,NA,NA,NA,NA,NA,Y,2,0,5,3,A,-,01,23152,A,N,C,C,A,A,H,-,B,D,0,NA,NA,NA,NA,Y,Y,D,72,1,4,0,0,0,0,0,0,0,-,-,33.15658187866211,-117.0922393798828,SAN DIEGO,ESCONDIDO,-117.09219360351563,33.15658950805664
8485557,2017,2018-06-14,3710,2017-09-07,0437,OC1436,022,4,5,6,3710,0,0,0,NA,0,009,RT 76,N SANTA FE DR,101,W,N,A,-,Y,SD,11,76,-,R,6.7,H,-,W,N,2,0,1,2,A,-,17,21208,A,N,C,G,A,A,H,-,C,A,0,NA,Y,NA,NA,Y,Y,L,04,1,0,0,0,0,0,1,0,0,-,-,NA,NA,SAN DIEGO,OCEANSIDE,-117.2819235,33.24598839
84865306,2025,2025-09-30,3706,2025-09-22,543,0581,NA,1,5,6,3706,0,0,0,NA,0,052,FELICITA AV,CENTRE CITY PY,310,E,N,A,-,N,NA,NA,NA,NA,NA,NA,NA,NA,NA,Y,3,0,1,2,A,-,03,22350,NA,N,A,C,A,A,H,-,C,D,0,NA,NA,Y,NA,Y,NA,D,22,0,1,0,0,0,0,0,0,1,-,-,33.10337829589844,-117.07559967041016,SAN DIEGO,ESCONDIDO,-117.07481384277344,33.10378646850586
84868979,2025,2025-10-02,3706,2025-09-25,1534,539,NA,4,5,6,3706,0,0,0,NA,0,052,JUNIPER ST,13TH AV,0,NA,Y,A,-,N,NA,NA,NA,NA,NA,NA,NA,NA,NA,Y,3,0,1,2,A,-,09,21802,A,N,D,C,A,A,H,-,A,A,0,NA,NA,Y,NA,Y,NA,A,01,0,1,0,0,0,0,0,0,1,-,-,33.11222839355469,-117.07105255126952,SAN DIEGO,ESCONDIDO,-117.07109832763672,33.11222457885742
8486903,2017,2017-12-04,3705,2017-10-20,1404,EC0337,NA,5,5,5,3705,0,0,0,NA,0,008,E CHASE,S MAGNOLIA,39,E,N,A,-,N,NA,NA,NA,NA,NA,NA,NA,NA,NA,N,2,0,2,3,A,-,08,22107,NA,N,G,B,F,A,H,-,A,D,0,Y,NA,NA,NA,Y,NA,A,07,1,1,0,0,2,0,0,0,0,-,-,NA,NA,SAN DIEGO,EL CAJON,-116.96217367,32.78039564
8486934,2017,2017-12-04,3706,2017-10-26,1340,318,ESCON,4,5,6,3706,0,0,0,NA,0,044,VALLEY PKWY,HARDING ST,301,W,N,A,-,N,NA,NA,NA,NA,NA,NA,NA,NA,NA,Y,3,0,1,2,A,-,07,21658,A,N,B,C,A,A,H,-,A,D,0,NA,NA,Y,NA,Y,NA,A,01,0,1,0,0,0,0,0,0,1,-,-,NA,NA,SAN DIEGO,ESCONDIDO,-117.06443216,33.13167823
8487043,2017,2017-11-30,3711,2017-10-27,1430,7236,SAN D,5,5,7,3711,0,0,0,NA,0,315,CAMINO DE LA REINA,CAM DEL ESTE,800,W,N,A,-,N,NA,NA,NA,NA,NA,NA,NA,NA,NA,Y,4,0,1,2,A,-,09,21801,A,N,D,C,A,A,H,-,A,D,0,NA,NA,NA,NA,Y,NA,A,01,0,0,1,0,0,0,0,0,0,-,-,NA,NA,SAN DIEGO,SAN DIEGO,-117.14673847,32.77083179
8487044,2017,2017-11-20,3711,2017-10-30,1605,6422,NA,1,5,7,3711,0,0,0,NA,0,514,IMPERIAL AV,21ST ST,20,W,N,B,-,N,NA,NA,NA,NA,NA,NA,NA,NA,NA,Y,4,0,1,2,A,-,08,22107,A,N,D,C,A,A,H,-,A,D,0,NA,NA,NA,NA,Y,NA,-,NA,0,0,1,0,0,0,0,0,0,-,-,NA,NA,SAN DIEGO,SAN DIEGO,-117.1449248,32.70628
8487088,2017,2017-11-20,3711,2017-10-25,2050,4884,SDPD,3,5,7,3711,0,0,0,NA,0,241,MIRA MESA BL,SCRIPPS RANCH BL,15,W,N,A,-,N,NA,NA,NA,NA,NA,NA,NA,NA,NA,Y,3,0,1,2,A,-,08,22107,NA,M,A,C,A,A,H,-,A,A,0,NA,NA,NA,NA,Y,NA,-,NA,0,1,0,0,0,0,0,0,0,-,-,NA,NA,SAN DIEGO,SAN DIEGO,-117.11138552,32.91695537
8487092,2017,2018-06-05,3711,2017-10-26,0156,8861,NA,4,5,7,3711,0,0,0,NA,0,623,HOTEL CIRCLE SOUTH,RT 8,2640,E,N,A,-,N,NA,NA,NA,NA,NA,NA,NA,NA,NA,N,4,0,1,2,A,-,08,22102,NA,M,D,C,A,A,H,-,C,D,0,NA,NA,NA,NA,Y,Y,-,NA,0,0,1,0,0,0,0,0,0,-,EO,NA,NA,SAN DIEGO,SAN DIEGO,-117.1663,32.7613
8487103,2017,2018-06-05,3711,2017-10-26,2100,7626,NA,4,5,7,3711,0,0,0,NA,0,522,PACIFIC HWY,BROADWAY,35,S,N,A,-,N,NA,NA,NA,NA,NA,NA,NA,NA,NA,N,4,0,1,2,A,-,04,21703,NA,N,C,C,A,A,H,-,C,A,0,NA,NA,NA,NA,Y,NA,A,01,0,0,1,0,0,0,0,0,0,-,-,NA,NA,SAN DIEGO,SAN DIEGO,-117.17107,32.71569412
8487104,2017,2017-11-20,3711,2017-10-26,0925,5278,NA,4,5,7,3711,0,0,0,NA,0,233,RANCHO PENASQUITOS BL,PASEO MONTRIL,420,E,N,A,-,N,NA,NA,NA,NA,NA,NA,NA,NA,NA,Y,4,0,1,4,A,-,09,21801,A,N,A,C,A,A,H,-,A,D,0,NA,NA,NA,NA,Y,NA,A,01,0,0,1,0,0,0,0,0,0,-,-,NA,NA,SAN DIEGO,SAN DIEGO,-117.10745284,32.95057685
8487848,2017,2017-11-15,3701,2017-10-29,0104,CB5413,NA,7,5,5,3701,0,0,0,NA,0,001,CARLSBAD BL,EATON ST,557.5,S,N,A,-,N,NA,NA,NA,NA,NA,NA,NA,NA,NA,Y,4,0,1,3,A,-,06,21750,A,F,B,C,A,A,H,-,C,D,0,NA,NA,NA,NA,Y,NA,A,01,0,0,1,0,0,0,0,0,0,-,-,NA,NA,SAN DIEGO,CARLSBAD,-117.35727668,33.16933498
84884746,2025,2025-10-14,3706,2025-10-04,112,605,NA,6,5,6,3706,0,0,0,NA,0,042,VALLEY PY,ESCONDIDO BL,0,E,Y,A,-,N,NA,NA,NA,NA,NA,NA,NA,NA,NA,Y,2,0,2,2,A,-,12,21453,A,N,A,C,A,A,H,-,C,A,0,NA,NA,Y,NA,Y,Y,C,02,1,0,1,0,0,0,0,0,1,-,-,33.12126159667969,-117.08480834960938,SAN DIEGO,ESCONDIDO,-117.08486175537108,33.12123489379883
8488506,2017,2017-12-05,3711,2017-10-12,1749,SD6764,NA,4,5,7,3711,0,0,0,NA,0,124,LA JOLLA SHORES DR,DOWNWIND WY,15,S,N,A,-,N,NA,NA,NA,NA,NA,NA,NA,NA,NA,N,2,0,1,2,A,-,10,21950,A,N,G,B,B,A,H,-,B,A,0,Y,NA,NA,NA,Y,NA,A,01,1,0,0,0,1,0,0,0,0,-,-,NA,NA,SAN DIEGO,SAN DIEGO,-117.25200069,32.86788991
84886585,2025,2025-10-15,3706,2025-10-10,2013,564,NA,5,5,6,3706,0,0,0,NA,0,045,VALLEY PY,CITRACADO PY,17,E,N,A,-,N,NA,NA,NA,NA,NA,NA,NA,NA,NA,Y,3,0,1,2,A,-,01,23152,A,N,C,C,A,A,H,-,C,A,0,NA,NA,NA,NA,Y,Y,A,01,0,1,0,0,0,0,0,0,0,-,-,33.09782028198242,-117.11074829101563,SAN DIEGO,ESCONDIDO,-117.11075592041016,33.0977897644043
84888366,2025,2025-10-16,3701,2025-10-14,1230,CB5572,NA,2,5,5,3701,0,0,0,NA,0,007,MELROSE DR,ALGA RD,0,NA,Y,B,-,N,NA,NA,NA,NA,NA,NA,NA,NA,NA,Y,3,0,1,2,A,-,12,21453,A,N,D,C,A,B,H,-,A,A,0,NA,NA,NA,Y,Y,NA,A,01,0,1,0,0,0,0,0,0,0,-,-,33.11185836791992,-117.22981262207033,SAN DIEGO,CARLSBAD,-117.22990417480467,33.111881256103516
84904809,2025,2025-10-28,3706,2025-10-21,2106,606,NA,2,5,6,3706,0,0,0,NA,0,045,MISSION RD,DAN WAY,0,NA,Y,A,-,N,NA,NA,NA,NA,NA,NA,NA,NA,NA,N,4,0,1,2,B,-,22,NA,NA,N,B,G,A,A,H,-,B,D,0,NA,Y,NA,NA,Y,NA,L,04,0,0,1,0,0,0,1,0,0,-,-,NA,NA,SAN DIEGO,ESCONDIDO,-117.09642791748048,33.126895904541016