CASE_ID,ACCIDENT_YEAR,PROC_DATE,JURIS,COLLISION_DATE,COLLISION_TIME,OFFICER_ID,REPORTING_DISTRICT,DAY_OF_WEEK,CHP_SHIFT,POPULATION,CNTY_CITY_LOC,SPECIAL_COND,BEAT_TYPE,CHP_BEAT_TYPE,CITY_DIVISION_LAPD,CHP_BEAT_CLASS,BEAT_NUMBER,PRIMARY_RD,SECONDARY_RD,DISTANCE,DIRECTION,INTERSECTION,WEATHER_1,WEATHER_2,STATE_HWY_IND,CALTRANS_COUNTY,CALTRANS_DISTRICT,STATE_ROUTE,ROUTE_SUFFIX,POSTMILE_PREFIX,POSTMILE,LOCATION_TYPE,RAMP_INTERSECTION,SIDE_OF_HWY,TOW_AWAY,COLLISION_SEVERITY,NUMBER_KILLED,NUMBER_INJURED,PARTY_COUNT,PRIMARY_COLL_FACTOR,PCF_CODE_OF_VIOL,PCF_VIOL_CATEGORY,PCF_VIOLATION,PCF_VIOL_SUBSECTION,HIT_AND_RUN,TYPE_OF_COLLISION,MVIW,PED_ACTION,ROAD_SURFACE,ROAD_COND_1,ROAD_COND_2,LIGHTING,CONTROL_DEVICE,CHP_ROAD_TYPE,PEDESTRIAN_ACCIDENT,BICYCLE_ACCIDENT,MOTORCYCLE_ACCIDENT,TRUCK_ACCIDENT,NOT_PRIVATE_PROPERTY,ALCOHOL_INVOLVED,STWD_VEHTYPE_AT_FAULT,CHP_VEHTYPE_AT_FAULT,COUNT_SEVERE_INJ,COUNT_VISIBLE_INJ,COUNT_COMPLAINT_PAIN,COUNT_PED_KILLED,COUNT_PED_INJURED,COUNT_BICYCLIST_KILLED,COUNT_BICYCLIST_INJURED,COUNT_MC_KILLED,COUNT_MC_INJURED,PRIMARY_RAMP,SECONDARY_RAMP,LATITUDE,LONGITUDE,COUNTY,CITY,POINT_X,POINT_Y
90240466,2016,2016-08-09,9645,2016-08-03,0625,013756,NA,3,1,7,3711,0,1,3,NA,2,022,SR-56 (E/B),BLACK MOUNTAIN ROAD,319,E,N,A,-,Y,NA,NA,56,NA,NA,NA,NA,NA,NA,N,2,0,1,1,C,-,18,NA,NA,N,H,J,A,A,H,-,A,D,0,NA,NA,NA,NA,Y,NA,-,-,1,0,0,0,0,0,0,0,0,-,-,32.95378,-117.12925,SAN DIEGO,SAN DIEGO,-117.12926432,32.95387618
90243011,2016,2016-08-11,9680,2016-08-04,1410,017928,NA,4,2,9,3700,0,1,3,NA,1,090,SR-67 (MAIN ST),16TH ST.,0,NA,Y,A,-,Y,NA,NA,67,NA,NA,NA,NA,NA,NA,N,4,0,1,2,D,-,00,NA,NA,N,G,B,B,A,H,-,A,A,0,Y,NA,NA,NA,Y,NA,-,-,0,0,1,0,1,0,0,0,0,-,-,33.0367,-116.87796,SAN DIEGO,UNINCORPORATED,-116.8780369,33.03684367
90243218,2016,2016-08-11,9650,2016-08-03,1145,013696,NA,3,1,6,3710,0,1,1,NA,2,005,I-5 S/B,8TH ST O/C,300,N,N,A,-,Y,NA,NA,5,NA,NA,NA,NA,NA,S,N,3,0,1,2,A,-,03,22350,NA,N,C,C,A,A,H,-,A,D,0,NA,NA,NA,Y,Y,NA,D,22,0,1,0,0,0,0,0,0,0,-,-,33.20351,-117.38174,SAN DIEGO,OCEANSIDE,-117.38169403,33.20359647
90243453,2016,2016-08-12,9645,2016-08-01,0720,014804,NA,1,1,7,3711,0,1,1,NA,2,019,I-15 (S/B),WEST BERNARDO DRIVE O/C,528,S,N,A,-,Y,NA,NA,15,NA,NA,NA,NA,NA,NA,N,4,0,1,2,A,-,07,21658,A,N,B,C,A,A,H,-,A,D,0,NA,NA,NA,NA,Y,NA,A,01,0,0,1,0,0,0,0,0,0,-,-,33.05671,-117.07096,SAN DIEGO,SAN DIEGO,-117.07087387,33.05666566
90244040,2016,2016-08-12,9680,2016-08-04,1150,017389,NA,4,1,9,3700,0,3,5,NA,2,001,LAKESHORE DR,PINO DR,0,NA,Y,A,-,N,NA,NA,NA,NA,NA,NA,NA,NA,NA,Y,4,0,1,2,A,-,12,22450,A,N,D,C,A,A,H,-,A,A,0,NA,NA,NA,NA,Y,NA,A,08,0,0,1,0,0,0,0,0,0,-,-,32.85899,-116.9087,SAN DIEGO,UNINCORPORATED,-116.90871011,32.85898009
90244043,2016,2016-08-12,9680,2016-07-09,0430,016435,NA,6,3,9,3700,0,3,5,NA,2,009,WEEKEND VILLA ROAD,KINGS VILLA RD,1056,W,N,A,-,N,NA,NA,NA,NA,NA,NA,NA,NA,NA,N,2,0,1,2,A,-,13,22515,A,N,G,B,F,A,H,-,D,D,0,Y,NA,NA,NA,Y,NA,N,60,1,0,0,0,1,0,0,0,0,-,-,33.07028,-116.88915,SAN DIEGO,UNINCORPORATED,-116.88916,33.070359
90244264,2016,2016-08-15,9645,2016-08-02,1304,018095,NA,2,1,6,3702,0,1,1,NA,2,009,I-805 N/B,OLYMPIC PKWY. O/C,1584,N,N,A,-,Y,NA,NA,805,NA,NA,NA,NA,NA,N,Y,3,0,1,1,A,-,08,22107,NA,N,E,I,A,A,H,-,A,D,0,NA,NA,NA,NA,Y,NA,A,01,0,1,0,0,0,0,0,0,0,-,-,32.61023,-117.03654,SAN DIEGO,CHULA VISTA,-117.03643664,32.61024705
90244453,2016,2016-08-15,9645,2016-08-03,1750,017524,NA,3,2,7,3711,0,1,1,NA,2,010,I-8 E/B,TEXAS ST. O/C,100,W,N,A,-,Y,NA,NA,8,NA,NA,NA,NA,NA,E,Y,4,0,1,4,A,-,03,22350,NA,N,C,C,A,A,H,-,A,D,0,NA,NA,NA,NA,Y,NA,A,07,0,0,1,0,0,0,0,0,0,-,-,32.76948,-117.14052,SAN DIEGO,SAN DIEGO,-117.14053962,32.7695411
90245082,2016,2016-08-15,9645,2016-08-04,2330,013784,NA,4,3,7,3711,0,1,1,NA,2,007,I-5 N/B,LA JOLLA VILLAGE DRIVE,600,N,N,A,-,Y,NA,NA,5,NA,NA,NA,NA,NA,N,Y,4,0,2,2,A,-,03,22350,NA,N,C,C,A,A,D,-,D,D,0,NA,NA,NA,NA,Y,NA,A,07,0,0,2,0,0,0,0,0,0,-,-,32.87389,-117.22878,SAN DIEGO,SAN DIEGO,-117.22889214,32.87390034
90245509,2016,2016-08-16,9645,2016-08-01,1859,018678,NA,1,2,7,3711,0,1,3,NA,2,006,SR-94 (W/B),FEDERAL BLVD U/C,1200,E,N,A,-,Y,NA,NA,94,NA,NA,NA,NA,NA,NA,Y,3,0,1,1,A,-,01,23152,A,N,E,I,A,A,H,-,A,D,0,NA,NA,NA,NA,Y,Y,D,22,0,1,0,0,0,0,0,0,0,-,-,32.72862,-117.06802,SAN DIEGO,SAN DIEGO,-117.06800094,32.7285664
9024623,2019,2020-02-08,3710,2019-12-04,2500,1425,NA,3,5,6,3710,0,0,0,NA,0,017,DOUGLAS DR,FESTIVAL DR,123,N,N,C,-,N,NA,NA,NA,NA,NA,NA,NA,NA,NA,Y,3,0,1,1,A,-,03,22350,NA,N,E,I,A,B,H,-,C,A,0,NA,NA,NA,NA,Y,NA,-,NA,0,1,0,0,0,0,0,0,0,-,-,NA,NA,SAN DIEGO,OCEANSIDE,-117.31793975830078,33.25305938720703
90246941,2016,2016-08-17,9680,2016-08-07,2240,019946,NA,7,3,9,3700,0,3,5,NA,2,002,KENWOOD DR.,CAMPO RD.,88,S,N,A,-,N,NA,NA,NA,NA,NA,NA,NA,NA,NA,Y,3,0,1,1,A,-,01,23152,A,N,E,I,A,A,H,-,C,D,0,NA,NA,NA,NA,Y,Y,A,01,0,1,0,0,0,0,0,0,0,-,-,32.75245,-117.00799,SAN DIEGO,UNINCORPORATED,-117.00796887,32.75247972
90248101,2016,2016-08-18,9645,2016-08-08,1335,019054,NA,1,1,7,3711,0,1,1,NA,2,013,I-805 N/B,KEARNY VILLA ROAD O/C,1500,S,N,A,-,Y,NA,NA,805,NA,NA,NA,NA,NA,N,N,4,0,1,2,A,-,08,22107,NA,N,E,I,A,A,H,-,A,D,0,NA,NA,NA,NA,Y,NA,A,07,0,0,1,0,0,0,0,0,0,-,-,32.78351,-117.14222,SAN DIEGO,SAN DIEGO,-117.1421513,32.78362918
90248542,2016,2016-08-19,9645,2016-08-10,1800,018678,NA,3,2,7,3711,0,1,1,NA,2,010,I-8 (E/B),PRESIDIO PARK O/C,1700,E,N,A,-,Y,NA,NA,8,NA,NA,NA,NA,NA,NA,Y,4,0,1,3,A,-,03,22350,NA,N,C,C,A,A,H,-,A,D,0,NA,NA,NA,NA,Y,NA,A,01,0,0,1,0,0,0,0,0,0,-,-,32.75924,-117.18264,SAN DIEGO,SAN DIEGO,-117.18263676,32.75932388
90248889,2016,2016-08-22,9645,2016-08-16,1545,018393,NA,2,2,6,3702,0,1,1,NA,2,009,I-805 S/B,BONITA RD U/C,100,N,N,A,-,Y,NA,NA,805,NA,NA,NA,NA,NA,S,Y,4,0,2,4,A,-,03,22350,NA,M,C,C,A,A,H,-,A,D,0,NA,NA,NA,NA,Y,NA,A,01,0,0,2,0,0,0,0,0,0,-,-,32.64831,-117.0622,SAN DIEGO,CHULA VISTA,-117.06213048,32.64843701
90248899,2016,2016-08-22,9645,2016-08-18,1537,018393,NA,4,2,7,3711,0,1,1,NA,2,009,SR-905 E/B TO I-805 N/B,I-805 N/B U/C,80,E,N,A,-,Y,NA,NA,905,NA,NA,NA,R,NA,E,Y,3,0,3,2,A,-,03,22350,NA,N,C,C,A,A,D,-,A,D,0,NA,NA,NA,NA,Y,NA,A,01,0,1,2,0,0,0,0,0,0,-,-,32.5672,-117.03835,SAN DIEGO,SAN DIEGO,-117.03835,32.5672
90250526,2016,2016-08-23,9680,2016-08-12,0655,017389,NA,5,1,9,3700,0,1,3,NA,1,023,SR-94 W/B,BANCROFT DR,528,E,N,A,-,Y,NA,NA,NA,NA,NA,NA,NA,NA,NA,Y,4,0,2,4,A,-,03,22350,NA,M,C,C,A,A,H,-,A,D,0,NA,NA,NA,NA,Y,NA,A,07,0,0,2,0,0,0,0,0,0,-,-,32.75173,-117.0012,SAN DIEGO,UNINCORPORATED,-116.99985688,32.75005624
90251260,2016,2016-08-24,9645,2016-08-13,1512,019496,NA,6,2,7,3711,0,3,5,NA,2,111,I-5 N/B,US/MEXICO BORDER,100,N,N,A,-,Y,NA,NA,NA,NA,NA,NA,NA,NA,NA,N,4,0,1,4,A,-,03,22350,NA,N,C,C,D,A,H,-,A,D,0,Y,NA,NA,NA,Y,NA,A,07,0,0,1,0,1,0,0,0,0,-,-,32.54259,-117.02951,SAN DIEGO,SAN DIEGO,NA,NA
90251718,2016,2016-08-24,9650,2016-08-17,0240,020997,NA,3,3,9,3700,0,1,1,NA,2,003,I-5 N/B,LAS PULGAS ROAD,1000,S,N,A,-,Y,NA,NA,5,NA,NA,NA,NA,NA,N,Y,3,0,1,2,A,-,01,23152,A,N,B,C,A,A,H,-,D,D,0,NA,NA,NA,Y,Y,Y,A,01,0,1,0,0,0,0,0,0,0,-,-,33.29408,-117.45872,SAN DIEGO,UNINCORPORATED,-117.45873967,33.29406213
90251993,2016,2016-08-24,9680,2016-08-16,2100,013686,NA,2,2,9,3700,0,1,1,NA,2,084,I-8 E/B,E. WILLOWS RD. O/C,6336,W,N,A,-,Y,NA,NA,8,NA,NA,NA,NA,NA,E,Y,3,0,1,2,A,-,03,22350,NA,N,C,C,A,A,H,-,C,D,0,NA,NA,NA,Y,Y,NA,E,22,0,1,0,0,0,0,0,0,0,-,-,32.83889,-116.70145,SAN DIEGO,UNINCORPORATED,-116.7014406,32.83853735
90252188,2016,2016-08-24,9645,2016-07-18,0915,017498,NA,1,1,7,3711,0,1,1,NA,2,007,I-5 NORTHBOUND,GILMAN DRIVE U/C,1584,S,N,A,-,Y,NA,NA,5,NA,NA,NA,NA,NA,N,Y,4,0,1,3,A,-,03,22350,NA,N,C,C,A,A,H,-,A,D,0,NA,NA,NA,NA,Y,NA,A,01,0,0,1,0,0,0,0,0,0,-,-,32.84708,-117.23585,SAN DIEGO,SAN DIEGO,-117.23583725,32.84707753
90254493,2016,2016-08-26,9650,2016-08-23,1045,013636,NA,2,1,9,3700,0,3,5,NA,2,070,LINEA DEL CIELO,EL CAMINO REAL,0,NA,Y,A,-,N,NA,NA,NA,NA,NA,NA,NA,NA,NA,Y,4,0,1,2,A,-,09,21802,A,N,D,C,A,A,H,-,A,A,0,NA,NA,NA,NA,Y,NA,D,22,0,0,1,0,0,0,0,0,0,-,-,NA,NA,SAN DIEGO,UNINCORPORATED,-117.22605008,33.00058011
90254543,2016,2016-08-26,9650,2016-08-23,1135,015295,NA,2,1,9,3700,0,2,4,NA,1,027,VALLEY CENTER ROAD,VESPER ROAD,2640,E,N,A,-,N,NA,NA,NA,NA,NA,NA,NA,NA,NA,Y,3,0,1,1,A,-,08,22107,NA,N,E,I,A,A,H,-,A,D,0,NA,NA,NA,NA,Y,NA,D,22,0,1,0,0,0,0,0,0,0,-,-,33.22817,-117.01206,SAN DIEGO,UNINCORPORATED,-117.01387891,33.22816097
90254621,2016,2016-08-26,9650,2016-08-25,1310,013452,NA,4,1,5,3701,0,1,1,NA,2,005,I-5 S/B,POINSETTIA LANE,50,S,N,A,-,Y,NA,NA,NA,NA,NA,NA,NA,NA,NA,N,4,0,1,2,A,-,03,22350,NA,N,C,C,A,A,H,-,A,D,0,NA,NA,NA,Y,Y,NA,G,25,0,0,1,0,0,0,0,0,0,-,-,33.61137,-117.18382,SAN DIEGO,CARLSBAD,-117.3106122,33.10324967
90254800,2016,2016-08-26,9645,2016-08-16,1826,019291,NA,2,2,7,3711,0,1,1,NA,2,017,I-15 N/B,MIRA MESA BLVD,1584,S,N,A,-,Y,NA,NA,15,NA,NA,NA,NA,NA,N,N,4,0,1,2,A,-,04,21703,NA,N,C,C,A,A,H,-,A,D,0,NA,NA,NA,NA,Y,NA,A,01,0,0,1,0,0,0,0,0,0,-,-,32.91185,-117.11599,SAN DIEGO,SAN DIEGO,-117.11624653,32.91186277
90254987,2016,2016-08-30,9645,2016-08-24,0450,020515,NA,3,3,7,3711,0,1,1,NA,2,021,SR-15 N/B,OCEAN VIEW BLVD.,866,N,N,A,-,Y,NA,NA,15,NA,NA,NA,NA,NA,N,Y,4,0,3,3,A,-,03,22350,NA,N,D,C,A,A,H,-,D,D,0,NA,NA,NA,NA,Y,NA,A,01,0,0,3,0,0,0,0,0,0,-,-,32.7037,-117.1205,SAN DIEGO,SAN DIEGO,-117.12049708,32.70369993
90256219,2016,2016-08-29,9650,2016-07-16,2026,016516,NA,6,2,9,3700,0,1,1,NA,2,021,INTERSTATE 15 NORTHBOUND,GOPHER CANYON ROAD,2640,N,N,A,-,Y,NA,NA,15,NA,NA,NA,NA,NA,N,Y,1,2,0,2,A,-,08,22107,NA,N,B,C,A,A,H,-,D,D,0,NA,NA,NA,NA,Y,NA,D,22,0,0,0,0,0,0,0,0,0,-,-,33.26127,-117.15821,SAN DIEGO,UNINCORPORATED,-117.15833979,33.26125491
90256512,2016,2016-08-30,9680,2016-08-14,2116,019946,NA,7,2,9,3700,0,1,3,NA,2,028,SR-125 S/B TO SPRING STREET,SPRING STREET,275,N,N,A,-,Y,NA,NA,125,NA,NA,NA,R,NA,S,Y,4,0,1,5,A,-,03,22350,NA,N,C,C,A,A,H,-,C,A,0,NA,NA,NA,NA,Y,NA,A,01,0,0,1,0,0,0,0,0,0,-,-,32.7547,-117.01142,SAN DIEGO,UNINCORPORATED,-117.01142,32.7547
90257430,2016,2016-08-31,9645,2016-08-19,1720,013033,NA,5,2,9,3700,0,3,5,NA,2,018,OTAY MESA RD. E/B,ENRICO FERMI DR.,73,W,N,A,-,Y,NA,NA,NA,NA,NA,NA,NA,NA,NA,Y,4,0,3,3,A,-,03,22350,NA,F,C,C,A,A,H,-,A,A,0,NA,NA,NA,NA,Y,NA,A,01,0,0,3,0,0,0,0,0,0,-,-,32.58838,-117.08752,SAN DIEGO,UNINCORPORATED,-116.92795608,32.56741195
90258247,2016,2016-08-31,9680,2016-08-21,1350,018279,NA,7,1,9,3700,0,1,3,NA,1,051,STATE ROUTE 79,SAN FELIPE RD,4224,N,N,A,G,Y,NA,NA,NA,NA,NA,NA,NA,NA,NA,Y,2,0,1,1,A,-,08,22107,NA,N,F,I,A,A,H,-,A,D,0,NA,NA,Y,NA,Y,NA,C,02,1,0,0,0,0,0,0,0,1,-,-,33.26145,-116.66711,SAN DIEGO,UNINCORPORATED,NA,NA
90259103,2016,2016-09-01,9650,2016-08-24,1118,015600,NA,3,1,6,3710,0,1,3,NA,2,015,SR-78 W/B,COLLEGE BLVD,3168,W,N,A,-,Y,NA,NA,78,NA,NA,NA,NA,NA,W,Y,4,0,1,1,A,-,08,22107,NA,N,E,I,A,A,H,-,A,D,0,NA,NA,NA,NA,Y,NA,A,01,0,0,1,0,0,0,0,0,0,-,-,33.18209,-117.30202,SAN DIEGO,OCEANSIDE,-117.30200009,33.18202933
90259283,2016,2016-09-01,9680,2016-08-22,1440,019270,NA,1,2,5,3705,0,1,1,NA,2,081,I-8 W/B,EL CAJON BLVD (EL CAJON),200,W,N,A,-,Y,NA,NA,8,NA,NA,NA,NA,NA,W,Y,4,0,1,2,A,-,07,21658,A,N,B,C,A,A,H,-,A,D,0,NA,NA,NA,Y,Y,NA,A,01,0,0,1,0,0,0,0,0,0,-,-,32.78202,-116.98161,SAN DIEGO,EL CAJON,-116.98162874,32.78202952
90259294,2016,2016-09-29,9680,2016-08-22,1705,019998,NA,1,2,9,3700,0,2,4,NA,1,026,BANCROFT DR,SPRING PL,0,NA,Y,A,-,N,NA,NA,NA,NA,NA,NA,NA,NA,NA,N,4,0,1,2,A,-,09,21802,A,N,D,C,A,A,H,-,A,A,0,NA,NA,NA,NA,Y,NA,A,01,0,0,1,0,0,0,0,0,0,-,-,32.74962,-117.00207,SAN DIEGO,UNINCORPORATED,-117.00168,32.74957006
90259466,2016,2016-09-02,9650,2016-08-31,1755,015531,NA,3,2,9,3700,0,3,5,NA,2,170,S. SANTA FE AVE,PALMYRA DR,143,W,N,A,-,N,NA,NA,NA,NA,NA,NA,NA,NA,NA,Y,4,0,2,3,A,-,01,23152,A,F,C,C,A,A,H,-,A,D,0,NA,NA,NA,NA,Y,Y,A,07,0,0,2,0,0,0,0,0,0,-,-,33.10161,-117.12257,SAN DIEGO,UNINCORPORATED,-117.20716251,33.17121296
90260074,2016,2016-09-02,9645,2016-08-29,0630,016542,NA,1,1,7,3711,0,1,3,NA,2,006,SR-94 W/B,28TH STREET,500,E,N,A,-,Y,NA,NA,94,NA,NA,NA,NA,NA,W,Y,4,0,1,2,A,-,03,22350,NA,N,C,C,A,A,H,-,A,D,0,NA,NA,NA,NA,Y,NA,A,01,0,0,1,0,0,0,0,0,0,-,-,32.71355,-117.13174,SAN DIEGO,SAN DIEGO,-117.13173029,32.71346251
90260177,2016,2016-09-02,9680,2016-08-25,0818,017389,NA,4,1,9,3700,0,3,5,NA,2,001,GRAVES AVE,BRADLEY AVE,528,N,N,A,-,N,NA,NA,NA,NA,NA,NA,NA,NA,NA,Y,4,0,1,2,A,-,08,22107,NA,N,A,C,A,A,H,-,A,D,0,NA,NA,NA,NA,Y,NA,A,01,0,0,1,0,0,0,0,0,0,-,-,32.82042,-116.95987,SAN DIEGO,UNINCORPORATED,-116.95980576,32.82027768
90260739,2016,2016-09-05,9645,2016-08-26,0647,018149,NA,5,1,7,3711,0,1,1,NA,2,027,I-15 N/B,SR-52,350,S,N,A,-,Y,NA,NA,15,NA,NA,NA,NA,NA,N,Y,4,0,3,2,A,-,08,22107,NA,N,A,C,A,A,H,-,A,D,0,NA,NA,NA,NA,Y,NA,D,22,0,0,3,0,0,0,0,0,0,-,-,32.83999,-117.12084,SAN DIEGO,SAN DIEGO,-117.12082926,32.83998931
90264294,2016,2016-09-08,9645,2016-08-21,0310,014625,NA,7,3,7,3711,0,1,1,NA,2,003,INTERSTATE 5 NORTHBOUND,CESAR E. CHAVEZ PARKWAY U/C,245,S,N,A,-,Y,NA,NA,5,NA,NA,NA,NA,NA,N,Y,1,1,0,1,A,-,01,23152,A,N,E,I,A,A,H,-,C,D,0,NA,NA,NA,NA,Y,Y,A,01,0,0,0,0,0,0,0,0,0,-,-,32.70168,-117.14295,SAN DIEGO,SAN DIEGO,-117.14302193,32.70157513
90264558,2016,2016-09-09,9645,2016-08-29,0640,017723,NA,1,1,7,3711,0,1,3,NA,2,006,SR-94 W/B TO I-805 N/B,SR-94,200,N,N,B,-,Y,NA,NA,94,NA,NA,NA,R,NA,W,N,4,0,1,3,A,-,07,21658,A,N,B,C,A,A,H,-,A,D,0,NA,NA,Y,NA,Y,NA,A,01,0,0,1,0,0,0,0,0,1,-,-,32.7193,-117.0979,SAN DIEGO,SAN DIEGO,-117.0979,32.7193
90264942,2016,2016-09-09,9650,2016-08-25,2047,015788,NA,4,2,6,3710,0,1,3,NA,2,015,SR-78 E/B,JEFFERSON ST,1377,E,N,B,-,Y,NA,NA,78,NA,NA,NA,NA,NA,E,Y,2,0,1,3,A,-,07,21658,A,N,B,C,A,A,H,-,C,D,0,NA,NA,NA,NA,Y,NA,D,22,1,0,0,0,0,0,0,0,0,-,-,33.1811,-117.33524,SAN DIEGO,OCEANSIDE,-117.33523993,33.18109391
90265044,2016,2016-09-09,9645,2016-08-29,1655,018950,NA,1,2,7,3711,0,1,1,NA,2,003,I-5 S/B,SIXTH AVENUE O/C,80,S,N,A,-,Y,NA,NA,5,NA,NA,NA,NA,NA,S,Y,4,0,1,2,A,-,03,22350,NA,N,C,C,A,A,H,-,A,D,0,NA,NA,NA,NA,Y,NA,A,01,0,0,1,0,0,0,0,0,0,-,-,32.72305,-117.15911,SAN DIEGO,SAN DIEGO,-117.15911155,32.72305396
90265180,2016,2016-09-12,9645,2016-07-14,1810,018950,NA,4,2,7,3711,0,1,1,NA,2,017,I-15 S/B,MIRAMAR WAY O/C,100,S,N,A,-,Y,NA,NA,15,NA,NA,NA,NA,NA,S,Y,4,0,2,4,A,-,03,22350,NA,N,C,C,A,A,H,-,A,D,0,NA,NA,NA,NA,Y,NA,D,22,0,0,2,0,0,0,0,0,0,-,-,32.87791,-117.10842,SAN DIEGO,SAN DIEGO,-117.10819201,32.87795074
90265277,2016,2016-09-12,9645,2016-07-14,2356,017667,NA,4,3,7,3711,0,1,1,NA,2,005,I-5 S/B TO ROSECRANS ST.,ROSECRANS ST.,1100,N,N,B,-,Y,NA,NA,5,NA,NA,NA,R,NA,S,Y,2,0,4,2,A,-,01,23152,F,N,E,I,A,A,H,-,C,D,0,NA,NA,NA,NA,Y,Y,A,01,2,1,1,0,0,0,0,0,0,-,-,32.75799,-117.20557,SAN DIEGO,SAN DIEGO,-117.20557,32.75799
90265378,2016,2016-09-12,9645,2016-08-31,0805,017025,NA,3,1,5,3709,0,1,1,NA,2,001,I-5 N/B,SR-54 O/C,500,S,N,B,-,Y,NA,NA,5,NA,NA,NA,NA,NA,N,N,4,0,1,2,A,-,04,21703,NA,N,C,C,A,A,H,-,A,D,0,NA,NA,NA,NA,Y,NA,A,07,0,0,1,0,0,0,0,0,0,-,-,32.64964,-117.10331,SAN DIEGO,NATIONAL CITY,-117.10340663,32.64960294
90265842,2016,2016-09-12,9645,2016-09-02,1730,017025,NA,5,2,7,3711,0,1,1,NA,2,027,SR-15 S/B,MEADE AVE O/C,30,S,N,A,-,Y,NA,NA,15,NA,NA,NA,NA,NA,S,Y,3,0,1,2,A,-,03,22350,NA,N,C,C,A,A,H,-,A,D,0,NA,NA,Y,NA,Y,NA,C,02,0,1,0,0,0,0,0,0,1,-,-,32.75693,-117.10909,SAN DIEGO,SAN DIEGO,-117.10897404,32.75693554
90266030,2016,2016-09-12,9680,2016-08-30,1720,015619,NA,2,2,5,3705,0,1,1,NA,2,082,I-8 E/B,MOLLISON AVE,500,E,N,A,-,Y,NA,NA,8,NA,NA,NA,NA,NA,E,Y,4,0,1,2,A,-,03,22350,NA,N,C,C,A,A,H,-,A,D,0,NA,NA,Y,NA,Y,NA,C,02,0,0,1,0,0,0,0,0,1,-,-,32.80299,-116.94871,SAN DIEGO,EL CAJON,-116.94871024,32.8029466
90267364,2016,2016-09-14,9680,2016-08-18,1350,015081,NA,4,1,9,3700,0,1,3,NA,1,051,STATE ROUTE 79,FINK ROAD,7392,S,N,A,-,Y,NA,NA,79,NA,NA,NA,NA,NA,NA,Y,3,0,1,1,A,-,08,22107,NA,N,F,A,A,A,H,-,A,D,0,NA,NA,NA,NA,Y,NA,D,22,0,1,0,0,0,0,0,0,0,-,-,33.29303,-116.68534,SAN DIEGO,UNINCORPORATED,-116.68537943,33.29300427
90268689,2016,2016-09-15,9645,2016-09-02,1650,020020,NA,5,2,7,3711,0,1,1,NA,2,021,SR-15 S/B,OCEAN VIEW BLVD,1056,S,N,A,-,Y,NA,NA,15,NA,NA,NA,NA,NA,S,Y,4,0,2,2,A,-,03,22350,NA,N,C,C,A,A,H,-,A,D,0,NA,NA,NA,NA,Y,NA,D,22,0,0,2,0,0,0,0,0,0,-,-,32.69876,-117.12098,SAN DIEGO,SAN DIEGO,-117.12089265,32.698759
90269112,2016,2016-09-16,9680,2016-09-06,1655,015619,NA,2,2,5,3705,0,1,3,NA,2,016,SR-67 S/B,BROADWAY,1000,N,N,A,-,Y,NA,NA,67,NA,NA,NA,NA,NA,S,N,4,0,2,2,A,-,03,22350,NA,N,C,C,A,A,H,-,A,D,0,NA,NA,NA,NA,Y,NA,A,01,0,0,2,0,0,0,0,0,0,-,-,32.81131,-116.96208,SAN DIEGO,EL CAJON,-116.96197597,32.81130569
90269832,2016,2016-09-19,9650,2016-09-17,1735,018321,NA,6,2,6,3710,0,1,1,NA,2,005,I-5 S/B,OCEANSIDE BLVD,546,S,N,A,-,Y,NA,NA,5,NA,NA,NA,NA,NA,S,Y,4,0,1,3,A,-,03,22350,NA,N,C,C,A,A,H,-,A,D,0,NA,NA,NA,NA,Y,NA,A,01,0,0,1,0,0,0,0,0,0,-,-,33.18894,-117.36144,SAN DIEGO,OCEANSIDE,-117.36137824,33.1889929
90274468,2016,2016-09-23,9680,2016-09-14,2010,015619,NA,3,2,9,3700,0,1,3,NA,2,016,SR-67 NB,CHANNEL RD,100,S,N,A,-,Y,NA,NA,67,NA,NA,NA,NA,NA,N,Y,4,0,1,3,A,-,03,22350,NA,N,C,C,A,A,H,-,D,D,0,NA,NA,NA,NA,Y,NA,A,07,0,0,1,0,0,0,0,0,0,-,-,32.85977,-116.9267,SAN DIEGO,UNINCORPORATED,-116.92669387,32.85975084
90274932,2016,2016-09-23,9645,2016-09-13,0705,016156,NA,2,1,7,3711,0,1,1,NA,2,005,I-5 N/B,I-8 E/B,2640,S,N,B,-,Y,NA,NA,5,NA,NA,NA,NA,NA,N,Y,3,0,2,2,A,-,03,22350,NA,N,C,C,A,A,H,-,A,D,0,NA,NA,NA,NA,Y,NA,A,01,0,1,1,0,0,0,0,0,0,-,-,32.75493,-117.2013,SAN DIEGO,SAN DIEGO,-117.20140585,32.7548023
90276558,2016,2016-09-27,9650,2016-09-19,1200,015503,NA,1,1,6,3710,1,4,S,NA,2,901,EL CAMINO REAL,OCEANSIDE BLVD,1000,S,N,B,-,N,NA,NA,NA,NA,NA,NA,NA,NA,NA,N,4,0,1,2,A,-,03,22350,NA,N,C,C,A,A,H,-,A,D,0,NA,NA,NA,NA,Y,NA,A,01,0,0,1,0,0,0,0,0,0,-,-,33.20012,-117.33082,SAN DIEGO,OCEANSIDE,-117.33070231,33.19949237
90278788,2016,2016-09-29,9645,2016-09-16,0700,017139,NA,5,1,9,3700,0,1,3,NA,2,008,BRIARWOOD AVE TO SR-54 W/B,BRIARWOOD RD.,550,W,N,A,-,Y,NA,NA,NA,NA,NA,NA,NA,NA,NA,Y,4,0,1,2,A,-,03,22350,NA,N,C,C,A,A,H,-,A,A,0,NA,NA,NA,NA,Y,NA,A,01,0,0,1,0,0,0,0,0,0,-,-,32.67962,-117.0333,SAN DIEGO,UNINCORPORATED,-117.03746,32.69424