CASE_ID,ACCIDENT_YEAR,PROC_DATE,JURIS,COLLISION_DATE,COLLISION_TIME,OFFICER_ID,REPORTING_DISTRICT,DAY_OF_WEEK,CHP_SHIFT,POPULATION,CNTY_CITY_LOC,SPECIAL_COND,BEAT_TYPE,CHP_BEAT_TYPE,CITY_DIVISION_LAPD,CHP_BEAT_CLASS,BEAT_NUMBER,PRIMARY_RD,SECONDARY_RD,DISTANCE,DIRECTION,INTERSECTION,WEATHER_1,WEATHER_2,STATE_HWY_IND,CALTRANS_COUNTY,CALTRANS_DISTRICT,STATE_ROUTE,ROUTE_SUFFIX,POSTMILE_PREFIX,POSTMILE,LOCATION_TYPE,RAMP_INTERSECTION,SIDE_OF_HWY,TOW_AWAY,COLLISION_SEVERITY,NUMBER_KILLED,NUMBER_INJURED,PARTY_COUNT,PRIMARY_COLL_FACTOR,PCF_CODE_OF_VIOL,PCF_VIOL_CATEGORY,PCF_VIOLATION,PCF_VIOL_SUBSECTION,HIT_AND_RUN,TYPE_OF_COLLISION,MVIW,PED_ACTION,ROAD_SURFACE,ROAD_COND_1,ROAD_COND_2,LIGHTING,CONTROL_DEVICE,CHP_ROAD_TYPE,PEDESTRIAN_ACCIDENT,BICYCLE_ACCIDENT,MOTORCYCLE_ACCIDENT,TRUCK_ACCIDENT,NOT_PRIVATE_PROPERTY,ALCOHOL_INVOLVED,STWD_VEHTYPE_AT_FAULT,CHP_VEHTYPE_AT_FAULT,COUNT_SEVERE_INJ,COUNT_VISIBLE_INJ,COUNT_COMPLAINT_PAIN,COUNT_PED_KILLED,COUNT_PED_INJURED,COUNT_BICYCLIST_KILLED,COUNT_BICYCLIST_INJURED,COUNT_MC_KILLED,COUNT_MC_INJURED,PRIMARY_RAMP,SECONDARY_RAMP,LATITUDE,LONGITUDE,COUNTY,CITY,POINT_X,POINT_Y
90281657,2016,2016-10-03,9680,2016-09-23,0845,017330,NA,5,1,9,3700,0,3,5,NA,2,001,GRAVES AV.,PEPPER DR.,1056,S,N,A,-,N,NA,NA,NA,NA,NA,NA,NA,NA,NA,Y,4,0,2,2,A,-,09,21804,A,N,D,C,A,A,H,-,A,D,0,NA,NA,NA,NA,Y,NA,A,01,0,0,2,0,0,0,0,0,0,-,-,32.82365,-116.96107,SAN DIEGO,UNINCORPORATED,-116.96051241,32.82227722
90283530,2016,2016-10-04,9680,2016-09-27,0800,017330,NA,2,1,9,3700,0,1,3,NA,2,028,SR-125 N/B,TROY ST,400,N,N,A,-,Y,NA,NA,125,NA,NA,NA,NA,NA,N,Y,4,0,1,2,A,-,03,22350,NA,N,C,C,A,A,H,-,A,D,0,NA,NA,NA,NA,Y,NA,D,22,0,0,1,0,0,0,0,0,0,-,-,32.73725,-117.01575,SAN DIEGO,UNINCORPORATED,-117.01565691,32.73724295
90283796,2016,2016-10-04,9650,2016-09-30,1330,013636,NA,5,1,5,3701,0,1,1,NA,2,005,I-5 S/B,CANNON RD,100,S,N,A,-,Y,NA,NA,NA,NA,NA,NA,NA,NA,NA,Y,4,0,1,2,A,-,07,21658,A,N,B,C,A,A,H,-,A,D,0,NA,NA,Y,NA,Y,NA,A,01,0,0,1,0,0,0,0,0,1,-,-,NA,NA,SAN DIEGO,CARLSBAD,-117.32939372,33.13427745
90285247,2016,2016-10-06,9650,2016-10-01,1350,012464,NA,6,1,9,3700,0,2,4,NA,2,061,SOUTH MISSION ROAD,WINTERHAVEN ROAD,0,NA,Y,A,-,N,NA,NA,NA,NA,NA,NA,NA,NA,NA,Y,4,0,1,2,A,-,12,21453,A,N,D,C,A,A,H,-,A,A,0,NA,NA,NA,NA,Y,NA,A,01,0,0,1,0,0,0,0,0,0,-,-,33.34659,-117.24222,SAN DIEGO,UNINCORPORATED,-117.24239004,33.34639012
90285798,2016,2016-10-06,9650,2016-09-30,2312,015080,NA,5,3,3,3783,0,1,1,NA,2,007,I-5 NORTHBOUND,LOMAS SANTA FE DRIVE,2640,N,N,A,-,Y,NA,NA,5,NA,NA,NA,NA,NA,N,Y,3,0,3,1,A,-,08,22107,NA,N,F,A,A,A,H,-,D,D,0,NA,NA,NA,NA,Y,NA,J,41,0,1,2,0,0,0,0,0,0,-,-,33.00435,-117.25818,SAN DIEGO,SOLANA BEACH,-117.25827938,33.00429924
9028631,2020,2020-03-12,3708,2020-01-09,1723,LM1158,NA,4,5,5,3708,0,0,0,NA,0,004,PARKWAY DR,JACKSON DR,26,E,N,A,-,N,NA,NA,NA,NA,NA,NA,NA,NA,NA,Y,4,0,1,2,A,-,01,23152,A,M,B,C,A,A,H,-,C,A,0,NA,NA,NA,NA,Y,Y,A,01,0,0,1,0,0,0,0,0,0,-,-,NA,NA,SAN DIEGO,LA MESA,-117.01834106445313,32.77841567993164
90286486,2016,2016-10-07,9680,2016-10-03,1552,018583,NA,1,2,9,3700,0,3,5,NA,2,002,KENWOOD DR,SR-94,51,S,N,A,-,Y,NA,NA,NA,NA,NA,NA,NA,NA,NA,N,4,0,1,2,A,-,11,21954,A,N,G,B,D,A,H,-,A,D,0,Y,NA,NA,NA,Y,NA,N,60,0,0,1,0,1,0,0,0,0,-,-,32.74616,-116.99028,SAN DIEGO,UNINCORPORATED,-116.99019003,32.74633577
90287570,2016,2016-10-10,9680,2016-10-02,1030,017996,NA,7,1,9,3700,0,1,3,NA,1,024,SR-94,EMERY ROAD,225,W,N,A,-,Y,NA,NA,94,NA,NA,NA,NA,NA,NA,Y,3,0,1,1,A,-,08,22107,NA,N,E,I,A,A,H,-,A,A,0,NA,NA,Y,NA,Y,NA,C,02,0,1,0,0,0,0,0,0,1,-,-,32.60105,-116.63947,SAN DIEGO,UNINCORPORATED,-116.63950033,32.60107854
90288241,2016,2016-10-10,9650,2016-10-02,1344,016026,NA,7,1,5,3712,0,1,3,NA,2,019,SR-78 E/B,WOODLAND PARKWAY,528,W,N,A,-,Y,NA,NA,78,NA,NA,NA,NA,NA,E,Y,3,0,1,1,A,-,01,23152,A,N,F,A,A,A,H,-,A,D,0,NA,NA,NA,NA,Y,Y,A,07,0,1,0,0,0,0,0,0,0,-,-,33.13921,-117.1443,SAN DIEGO,SAN MARCOS,-117.14429629,33.13932878
90288453,2016,2016-10-10,9680,2016-10-03,1959,019946,NA,1,2,9,3700,0,1,3,NA,1,024,SR-94 E/B,JAMACHA RD,820,E,N,A,-,Y,NA,NA,94,NA,NA,NA,NA,NA,E,Y,4,0,2,3,A,-,03,22350,NA,N,C,C,A,A,H,-,C,A,0,NA,NA,NA,NA,Y,NA,A,01,0,0,2,0,0,0,0,0,0,-,-,32.73742,-116.94164,SAN DIEGO,UNINCORPORATED,-116.94153604,32.73747212
90291654,2016,2016-10-13,9645,2016-10-06,0520,020515,NA,4,3,6,3702,0,1,1,NA,2,009,I-805 N TO SR-54,E ST. U/C,3315,N,N,A,-,Y,NA,NA,805,NA,NA,NA,R,NA,NA,Y,2,0,1,2,A,-,07,21658,A,N,C,C,A,A,H,-,D,D,0,NA,NA,Y,NA,Y,NA,A,01,1,0,0,0,0,0,0,0,1,-,-,32.65366,-117.0697,SAN DIEGO,CHULA VISTA,-117.0697,32.65366
90291750,2016,2016-10-13,9645,2016-09-20,1420,017401,NA,2,2,7,3711,0,1,3,NA,2,023,SR-163 S/B OFF TO WASHINGTON ST. E/B,WASHINGTON AVE,30,E,N,B,C,N,NA,NA,163,NA,NA,NA,R,NA,S,Y,4,0,1,2,A,-,03,22350,NA,N,C,C,A,B,H,-,A,A,0,NA,NA,NA,NA,Y,NA,A,01,0,0,1,0,0,0,0,0,0,-,-,32.75085,-117.15659,SAN DIEGO,SAN DIEGO,-117.15659,32.75085
90292036,2016,2016-10-14,9680,2016-10-10,1612,015983,NA,1,2,9,3700,0,3,5,NA,2,001,GAY RIO DRIVE,AMATO DRIVE,0,NA,Y,A,-,N,NA,NA,NA,NA,NA,NA,NA,NA,NA,Y,4,0,2,2,A,-,05,21460,A,N,B,C,A,A,H,-,A,D,0,NA,NA,NA,NA,Y,NA,A,07,0,0,2,0,0,0,0,0,0,-,-,32.83255,-116.92551,SAN DIEGO,UNINCORPORATED,-116.92551006,32.83253007
90292338,2016,2016-10-14,9645,2016-10-08,0005,020737,NA,6,3,7,3711,0,1,1,NA,2,010,I-8 E/B TO I-5 S/B,I-5,1180,W,N,A,-,Y,NA,NA,8,NA,NA,NA,R,NA,E,Y,4,0,1,2,A,-,01,23152,A,N,E,I,A,A,H,-,C,D,0,NA,NA,NA,NA,Y,Y,A,01,0,0,1,0,0,0,0,0,0,-,-,32.75887,-117.20795,SAN DIEGO,SAN DIEGO,-117.20795,32.75887
90294502,2016,2016-10-18,9650,2016-10-10,1020,015276,NA,1,1,6,3706,0,1,1,NA,2,023,I-15 N/B,FELICITA RD,490,N,N,A,-,Y,NA,NA,15,NA,NA,NA,NA,NA,N,Y,4,0,1,2,A,-,08,22107,NA,N,B,C,A,A,H,-,A,D,0,NA,NA,NA,Y,Y,NA,A,01,0,0,1,0,0,0,0,0,0,-,-,33.0957,-117.08517,SAN DIEGO,ESCONDIDO,-117.08547902,33.0953745
90295292,2016,2016-10-19,9650,2016-10-01,1305,015295,NA,6,1,9,3700,0,1,3,NA,2,065,STATE ROUTE 76,OLD HIGHWAY 395,0,NA,Y,A,-,Y,NA,NA,76,NA,NA,NA,NA,NA,NA,Y,3,0,1,2,A,-,12,21453,A,N,D,C,A,A,D,H,A,A,0,NA,NA,NA,NA,Y,NA,A,01,0,1,0,0,0,0,0,0,0,-,-,33.32772,-117.16244,SAN DIEGO,UNINCORPORATED,-117.16272209,33.32802534
90295546,2016,2016-10-19,9645,2016-10-09,1852,019291,NA,7,2,6,3702,0,1,1,NA,2,009,I-805 N/B,TELEGRAPH CANYON RD,250,N,N,A,-,Y,NA,NA,805,NA,NA,NA,NA,NA,N,Y,3,0,2,1,A,-,08,22107,NA,N,B,I,A,A,H,-,A,A,0,NA,NA,NA,NA,Y,NA,A,07,0,1,1,0,0,0,0,0,0,-,-,32.62947,-117.04383,SAN DIEGO,CHULA VISTA,-117.04384609,32.62946214
90296447,2016,2016-10-19,9645,2016-10-14,1730,018344,NA,5,2,7,3711,0,1,1,NA,2,017,I-15 NORTHBOUND,SR-52,2000,N,N,A,-,Y,NA,NA,15,NA,NA,NA,NA,NA,N,Y,4,0,1,3,A,-,03,22350,NA,N,C,C,A,A,H,-,A,D,0,NA,NA,NA,NA,Y,NA,A,01,0,0,1,0,0,0,0,0,0,-,-,32.84667,-117.11738,SAN DIEGO,SAN DIEGO,-117.11752586,32.84676073
90298127,2016,2016-10-21,9680,2016-10-14,1442,019998,NA,5,2,9,3700,0,1,3,NA,2,028,SR-125 N/B,SR-94,2112,S,N,A,-,Y,NA,NA,NA,NA,NA,NA,NA,NA,NA,Y,3,0,1,2,A,-,03,22350,NA,N,C,C,A,A,H,-,A,D,0,NA,NA,NA,NA,Y,NA,A,01,0,1,0,0,0,0,0,0,0,-,-,32.74141,-117.06168,SAN DIEGO,UNINCORPORATED,-117.0183,32.74648
90298149,2016,2016-10-21,9680,2016-10-15,2145,017621,NA,6,2,9,3700,0,3,5,NA,2,009,ARENA WAY,DEL AMO RD,77,W,N,A,-,N,NA,NA,NA,NA,NA,NA,NA,NA,NA,Y,2,0,1,1,A,-,01,23152,A,N,E,I,A,A,H,-,C,A,0,NA,NA,Y,NA,Y,Y,C,02,1,0,0,0,0,0,0,0,1,-,-,33.02044,-116.80633,SAN DIEGO,UNINCORPORATED,-116.80635732,33.02025809
90300020,2016,2016-10-25,9650,2016-10-23,1205,015788,NA,7,1,9,3700,0,1,1,NA,2,003,I-5 S/B,HARBOR DR,2640,N,N,B,-,Y,NA,NA,5,NA,NA,NA,NA,NA,S,N,4,0,2,2,A,-,03,22350,NA,N,C,C,A,A,H,-,A,D,0,NA,NA,NA,NA,Y,NA,A,01,0,0,2,0,0,0,0,0,0,-,-,33.21821,-117.39117,SAN DIEGO,UNINCORPORATED,-117.39106631,33.21824118
90302225,2016,2016-10-26,9680,2016-10-22,1412,017928,NA,6,2,9,3700,0,1,3,NA,1,091,SR-78 (MAIN ST),9TH ST,87,W,N,A,-,Y,NA,NA,78,NA,NA,NA,NA,NA,NA,Y,4,0,1,2,A,-,09,21801,A,N,D,C,A,A,H,-,A,D,0,NA,NA,Y,NA,Y,NA,A,01,0,0,1,0,0,0,0,0,1,-,-,33.04277,-116.86724,SAN DIEGO,UNINCORPORATED,-116.86724371,33.04277689
90306325,2016,2016-12-06,9650,2016-10-26,1815,014886,NA,3,2,9,3700,0,3,5,NA,2,070,VIA DE SANTA FE,VIA DE LA VALLE,0,NA,Y,A,-,N,NA,NA,NA,NA,NA,NA,NA,NA,NA,Y,4,0,1,2,A,-,09,21802,A,N,D,C,A,A,H,-,D,D,0,NA,NA,NA,NA,Y,NA,A,01,0,0,1,0,0,0,0,0,0,-,-,33.01546,-117.19921,SAN DIEGO,UNINCORPORATED,-117.19927009,33.01531007
90306434,2016,2016-10-31,9650,2016-10-21,1530,015830,NA,5,2,5,3701,0,1,1,NA,2,005,I-5 S/B,CANNON RD,1056,N,N,A,-,Y,NA,NA,5,NA,NA,NA,NA,NA,S,Y,4,0,1,3,A,-,03,22350,NA,N,C,C,A,A,H,-,A,D,0,NA,NA,NA,NA,Y,NA,A,01,0,0,1,0,0,0,0,0,0,-,-,33.14353,-117.33381,SAN DIEGO,CARLSBAD,-117.33366914,33.14353981
90311478,2016,2016-11-04,9680,2016-10-26,1710,019946,NA,3,2,5,3708,0,1,3,NA,2,028,SR-125 S/B,MARIPOSA ST,528,S,N,A,-,Y,NA,NA,125,NA,NA,NA,NA,NA,S,Y,4,0,1,2,A,-,03,22350,NA,N,C,C,A,A,H,-,A,D,0,NA,NA,NA,NA,Y,NA,A,01,0,0,1,0,0,0,0,0,0,-,-,32.76161,-117.00277,SAN DIEGO,LA MESA,-117.00271924,32.76158145
90311950,2016,2016-11-04,9650,2016-11-03,0735,013570,NA,4,1,6,3706,0,1,3,NA,2,019,SR-78 E/B,I-15,1000,W,N,A,-,Y,NA,NA,NA,NA,NA,NA,NA,NA,NA,N,4,0,1,2,A,-,03,22350,NA,N,C,C,A,A,H,-,A,D,0,NA,NA,NA,NA,Y,NA,A,01,0,0,1,0,0,0,0,0,0,-,-,NA,NA,SAN DIEGO,ESCONDIDO,-117.10812912,33.12680991
90314046,2016,2016-11-08,9645,2016-09-20,1520,013648,NA,2,2,7,3711,0,1,1,NA,2,015,I-805 N/B TO S.R. 52 E/B,S.R. 52 EASTBOUND,110,S,N,C,-,Y,NA,NA,805,NA,NA,NA,R,NA,N,Y,2,0,1,1,A,-,03,22350,NA,N,F,A,A,B,H,-,A,D,0,NA,NA,NA,NA,Y,NA,A,07,1,0,0,0,0,0,0,0,0,-,-,32.73141,-117.11127,SAN DIEGO,SAN DIEGO,-117.11127,32.73141
90315695,2016,2016-11-09,9680,2016-10-29,1930,018801,NA,6,2,5,3705,0,1,1,NA,2,082,I-8 E/B TO MAGNOLIA AVE. N/B,MAGNOLIA AVE UNDERCROSSING,80,W,N,A,-,Y,NA,NA,8,NA,NA,NA,R,NA,E,N,4,0,2,2,A,-,07,21658,NA,N,B,C,A,A,H,-,C,D,0,NA,NA,NA,NA,Y,NA,A,07,0,0,2,0,0,0,0,0,0,-,-,32.80283,-116.96287,SAN DIEGO,EL CAJON,-116.96287,32.80283
90317104,2016,2016-11-11,9650,2016-11-05,0900,016275,NA,6,1,9,3700,0,2,4,NA,1,027,VALLEY CENTER RD,N. LAKE WOHLFORD RD,55,W,N,A,-,N,NA,NA,NA,NA,NA,NA,NA,NA,NA,Y,3,0,1,1,A,-,08,22107,NA,N,F,I,A,A,H,-,A,A,0,NA,NA,Y,NA,Y,NA,C,02,0,1,0,0,0,0,0,0,1,-,-,33.1334,-116.5832,SAN DIEGO,UNINCORPORATED,-116.97586912,33.22816512
90317550,2016,2016-11-14,9645,2016-11-03,1703,016864,NA,4,2,7,3711,0,1,1,NA,2,007,I-5 S/B,LA JOLLA VILLAGE DRIVE,1584,N,N,A,-,Y,NA,NA,5,NA,NA,NA,NA,NA,S,Y,4,0,2,2,A,-,03,22350,NA,N,C,C,A,A,H,-,A,D,0,NA,NA,NA,NA,Y,NA,A,01,0,0,2,0,0,0,0,0,0,-,-,32.87766,-117.22873,SAN DIEGO,SAN DIEGO,-117.22880737,32.87766728
90319646,2016,2016-11-15,9680,2016-11-03,2205,019555,NA,4,3,9,3700,0,3,5,NA,2,002,JAMUL HIGHLANDS RD,LYONS VALLEY RD,1584,S,N,A,-,N,NA,NA,NA,NA,NA,NA,NA,NA,NA,Y,4,0,1,1,A,-,08,22107,NA,N,E,I,A,A,H,-,D,D,0,NA,NA,NA,NA,Y,NA,D,22,0,0,1,0,0,0,0,0,0,-,-,32.72536,-116.84492,SAN DIEGO,UNINCORPORATED,-116.84451731,32.72567532
90319648,2016,2016-11-15,9680,2016-11-06,1159,018672,NA,7,1,9,3700,0,1,3,NA,1,051,SR-79,WOLAHI ROAD,13728,S,N,A,-,Y,NA,NA,79,NA,NA,NA,NA,NA,NA,Y,4,0,1,1,A,-,08,22107,NA,N,F,A,A,A,H,-,A,A,0,NA,NA,Y,NA,Y,NA,C,02,0,0,1,0,0,0,0,0,1,-,-,32.95769,-116.57905,SAN DIEGO,UNINCORPORATED,-116.57908164,32.95766469
90320520,2016,2016-11-16,9645,2016-10-17,1334,020541,NA,1,1,7,3711,0,1,1,NA,2,009,I-805 N/B TO H ST,H ST,45,S,N,A,-,Y,NA,NA,NA,NA,NA,NA,NA,NA,NA,N,4,0,1,3,A,-,03,22350,NA,N,C,C,A,A,H,-,A,A,0,NA,NA,NA,NA,Y,NA,A,01,0,0,1,0,0,0,0,0,0,-,-,32.64082,-117.05354,SAN DIEGO,SAN DIEGO,-117.0552759,32.64055591
90321101,2016,2016-11-16,9680,2016-11-04,1915,018801,NA,5,2,4,3720,0,1,3,NA,2,028,SR-125 S/B,TROY STREET O/C,2112,N,N,A,-,Y,NA,NA,125,NA,NA,NA,NA,NA,S,N,3,0,1,1,C,-,18,NA,NA,N,H,J,A,A,H,-,D,D,0,NA,NA,NA,NA,Y,NA,-,-,0,1,0,0,0,0,0,0,0,-,-,32.74074,-117.01672,SAN DIEGO,LEMON GROVE,-117.01626026,32.74093794
90321906,2016,2016-11-17,9680,2016-11-08,2235,016415,NA,2,3,9,3700,0,3,5,NA,2,001,PINKARD LN,ASHLEY VIEW PL.,34,S,N,A,-,N,NA,NA,NA,NA,NA,NA,NA,NA,NA,Y,3,0,1,2,A,-,01,23152,A,N,B,E,A,A,H,-,C,A,0,NA,NA,NA,NA,Y,Y,A,01,0,1,0,0,0,0,0,0,0,-,-,32.84576,-116.88713,SAN DIEGO,UNINCORPORATED,-116.88711411,32.84561941
90321912,2016,2016-11-17,9680,2016-11-10,1213,015578,NA,4,1,4,3720,0,1,3,NA,2,027,SR-94 W/B,GROVE ST.,317,E,N,A,-,Y,NA,NA,94,NA,NA,NA,NA,NA,W,Y,3,0,4,2,A,-,03,22350,NA,N,C,C,A,A,H,-,A,D,0,NA,NA,NA,NA,Y,NA,A,01,0,1,3,0,0,0,0,0,0,-,-,32.74717,-117.02528,SAN DIEGO,LEMON GROVE,-117.02528262,32.7471357
9032453,2019,2020-02-04,3701,2019-12-25,1603,CB5538,075,3,5,5,3701,0,0,0,NA,0,006,SEASCAPE DR,MELALEUCA AV,120,S,N,B,-,N,NA,NA,NA,NA,NA,NA,NA,NA,NA,NA,3,0,1,3,A,-,05,21651,B,N,A,E,A,A,H,-,A,D,0,NA,NA,NA,NA,Y,NA,A,07,0,1,0,0,0,0,0,0,0,-,-,NA,NA,SAN DIEGO,CARLSBAD,-117.30726623535156,33.10897445678711
90325036,2016,2016-11-18,9650,2016-11-13,1735,017780,NA,7,2,9,3700,0,3,5,NA,1,212,VESPER RD. (14600 BLOCK),VALLEY CENTER RD,2112,E,N,A,-,N,NA,NA,NA,NA,NA,NA,NA,NA,NA,Y,3,0,1,1,C,-,18,NA,NA,N,H,H,A,A,H,-,D,D,0,NA,NA,NA,NA,Y,NA,-,-,0,1,0,0,0,0,0,0,0,-,-,33.23214,-117.01465,SAN DIEGO,UNINCORPORATED,-117.01384852,33.23234935
90325109,2016,2016-11-18,9680,2016-11-11,1124,017330,NA,5,1,9,3700,0,3,5,NA,2,002,UPLAND ST,LAMAR ST,1056,E,N,A,-,N,NA,NA,NA,NA,NA,NA,NA,NA,NA,Y,3,0,2,1,A,-,03,22350,NA,N,E,I,A,D,B,-,A,D,0,NA,NA,NA,NA,Y,NA,A,01,0,1,1,0,0,0,0,0,0,-,-,32.73923,-116.98998,SAN DIEGO,UNINCORPORATED,-116.988729,32.7388
90325253,2016,2016-11-21,9650,2016-11-14,0450,019191,NA,1,3,9,3700,0,1,1,NA,2,022,I-15 N/B,MISSION ROAD,5280,N,N,A,-,Y,NA,NA,15,NA,NA,NA,NA,NA,N,Y,4,0,1,3,A,-,07,21658,A,N,B,C,A,A,H,-,B,D,0,NA,NA,NA,NA,Y,NA,A,01,0,0,1,0,0,0,0,0,0,-,-,33.40165,-117.16875,SAN DIEGO,UNINCORPORATED,-117.16879962,33.40168767
90326162,2016,2016-11-21,9645,2016-10-25,0825,015494,NA,2,1,7,3711,0,1,1,NA,2,021,SR-15 N/B TO EL CAJON BLVD,POLK AVE,50,S,N,A,-,Y,NA,NA,15,NA,NA,NA,R,NA,N,Y,4,0,1,2,A,-,07,21658,A,N,B,C,A,A,H,-,A,D,0,NA,NA,Y,NA,Y,NA,C,02,0,0,1,0,0,0,0,0,1,-,-,32.75108,-117.10836,SAN DIEGO,SAN DIEGO,-117.10836,32.75108
90326602,2016,2016-11-21,9680,2016-10-21,1600,017996,NA,5,2,9,3700,0,1,3,NA,2,028,SR-125 SOUTHBOUND,I-8,350,N,N,A,-,Y,NA,NA,NA,NA,NA,NA,NA,NA,NA,N,4,0,1,2,A,-,03,22350,NA,N,C,C,A,A,H,-,A,A,0,NA,NA,NA,NA,Y,NA,A,01,0,0,1,0,0,0,0,0,0,-,-,32.7787,-117.0042,SAN DIEGO,UNINCORPORATED,NA,NA
90327321,2016,2016-11-22,9680,2016-11-18,1330,015972,NA,5,1,9,3700,0,1,3,NA,2,016,SR-67 S/B,I-8,300,N,N,A,-,Y,NA,NA,NA,NA,NA,NA,NA,NA,NA,N,4,0,3,2,A,-,07,21658,A,N,C,C,A,A,H,-,A,D,0,NA,NA,NA,NA,Y,NA,A,01,0,0,3,0,0,0,0,0,0,-,-,32.80425,-116.96253,SAN DIEGO,UNINCORPORATED,NA,NA
90330761,2016,2016-11-28,9650,2016-11-20,2310,013890,NA,7,3,6,3710,0,1,1,NA,2,005,I-5 S/B,SR-76,185,N,N,B,C,Y,NA,NA,5,NA,NA,NA,NA,NA,S,Y,4,0,1,1,A,-,03,22350,NA,N,E,I,A,B,H,-,C,D,0,NA,NA,NA,NA,Y,NA,A,01,0,0,1,0,0,0,0,0,0,-,-,33.20518,-117.3837,SAN DIEGO,OCEANSIDE,-117.38376914,33.20511077
90331619,2016,2016-11-29,9650,2016-11-21,0620,015758,NA,1,1,9,3700,0,3,5,NA,2,230,DEL DIOS HWY,RANCHO DR,4112,W,N,B,C,N,NA,NA,NA,NA,NA,NA,NA,NA,NA,Y,4,0,2,1,A,-,03,22350,NA,N,E,I,A,B,H,-,A,D,0,NA,NA,NA,NA,Y,NA,A,01,0,0,2,0,0,0,0,0,0,-,-,33.05097,-117.12245,SAN DIEGO,UNINCORPORATED,-117.1244,33.06176
90331625,2016,2016-11-29,9645,2016-11-04,1600,020020,NA,5,2,7,3711,0,1,3,NA,2,002,SR-905 E/B,I-805,2112,W,N,A,-,Y,NA,NA,905,NA,NA,NA,NA,NA,E,N,4,0,1,3,A,-,03,22350,NA,N,C,C,A,A,H,-,A,D,0,NA,NA,NA,NA,Y,NA,A,01,0,0,1,0,0,0,0,0,0,-,-,32.56803,-117.04701,SAN DIEGO,SAN DIEGO,-117.04700953,32.56807273
90331684,2016,2016-11-29,9645,2016-11-14,0550,017723,NA,1,3,5,3709,0,1,1,NA,2,001,I-5 NB,MILE OF CARS,528,S,N,A,-,Y,NA,NA,5,NA,NA,NA,NA,NA,N,N,4,0,1,2,A,-,03,22350,NA,N,C,C,A,A,H,-,A,D,0,NA,NA,NA,NA,Y,NA,A,01,0,0,1,0,0,0,0,0,0,-,-,32.6546,-117.1055,SAN DIEGO,NATIONAL CITY,-117.10554803,32.65457926
90332181,2016,2016-11-29,9650,2016-11-20,1045,016275,NA,7,1,5,3713,0,1,3,NA,2,017,SR-78 W/B,SYCAMORE AVE,225,W,N,B,-,Y,NA,NA,NA,NA,NA,NA,NA,NA,NA,Y,3,0,1,1,A,-,08,22107,NA,N,E,I,A,A,H,-,A,D,0,NA,NA,NA,NA,Y,NA,A,01,0,1,0,0,0,0,0,0,0,-,-,33.1004,-117.1255,SAN DIEGO,VISTA,-117.21516067,33.16763772
9033223,2019,2020-02-04,3702,2019-11-23,0840,CV1264,NA,6,5,6,3702,0,0,0,NA,0,013,3RD AV,ALVARADO ST,135,S,N,A,-,N,NA,NA,NA,NA,NA,NA,NA,NA,NA,N,4,0,1,2,A,-,17,21235,G,N,D,C,A,A,H,-,A,D,0,NA,NA,NA,NA,Y,NA,M,94,0,0,1,0,0,0,0,0,0,-,-,NA,NA,SAN DIEGO,CHULA VISTA,-117.07756805419922,32.635318756103516
90333583,2016,2016-11-30,9680,2016-11-20,0710,017996,NA,7,1,9,3700,0,3,5,NA,2,002,QUARRY ROAD,SR-125 NORTHBOUND,575,E,N,B,-,N,NA,NA,NA,NA,NA,NA,NA,NA,NA,N,4,0,1,2,A,-,03,22350,NA,N,C,C,A,A,H,-,A,D,0,NA,NA,NA,NA,Y,NA,A,01,0,0,1,0,0,0,0,0,0,-,-,32.7015,-117.009,SAN DIEGO,UNINCORPORATED,-117.008961,32.70146
90334643,2016,2016-12-01,9645,2016-11-29,0855,013393,NA,2,1,7,3711,0,1,1,NA,2,007,I-5 S/B,VIA DE LA VALLE U/C,1056,S,N,A,-,Y,NA,NA,NA,NA,NA,NA,NA,NA,NA,Y,4,0,1,3,A,-,03,22350,NA,N,C,C,A,A,H,-,A,D,0,NA,NA,NA,NA,Y,NA,A,01,0,0,1,0,0,0,0,0,0,-,-,32.5831,-117.1505,SAN DIEGO,SAN DIEGO,-117.25221073,32.9772257
90334716,2016,2016-12-01,9645,2016-10-25,1715,017270,NA,2,2,7,3711,0,1,1,NA,2,007,I-5 S/B,VOIGT DRIVE,50,S,N,A,-,Y,NA,NA,5,NA,NA,NA,NA,NA,S,N,4,0,1,2,A,-,03,22350,NA,N,C,C,A,A,H,-,A,D,0,NA,NA,NA,NA,Y,NA,A,01,0,0,1,0,0,0,0,0,0,-,-,32.881,-117.2285,SAN DIEGO,SAN DIEGO,-117.22848939,32.88099893
90335282,2016,2016-12-02,9650,2016-11-21,0224,019191,NA,1,3,6,3706,0,1,1,NA,2,023,I-15 N/B,HALE AVE,600,S,N,C,-,Y,NA,NA,15,NA,NA,NA,NA,NA,N,N,3,0,1,2,A,-,03,22350,NA,N,C,C,A,B,H,-,C,D,0,NA,NA,NA,NA,Y,NA,D,22,0,1,0,0,0,0,0,0,0,-,-,33.11866,-117.1005,SAN DIEGO,ESCONDIDO,-117.10068839,33.1185512
90336265,2016,2016-12-05,9645,2016-11-14,2200,017671,NA,1,3,5,3709,0,1,1,NA,2,001,I-5 S/B,SR-54,700,N,N,A,-,Y,NA,NA,5,NA,NA,NA,NA,NA,S,Y,4,0,1,1,A,-,08,22107,NA,N,E,I,A,A,H,-,C,D,0,NA,NA,NA,NA,Y,NA,A,01,0,0,1,0,0,0,0,0,0,-,-,32.653059999999996,-117.1055,SAN DIEGO,NATIONAL CITY,-117.10526207,32.65316672
9033712,2020,2020-10-20,3710,2020-01-13,0416,OC1452,NA,1,5,6,3710,0,0,0,NA,0,035,RT 76,COLLEGE BL,0,NA,Y,A,-,Y,SD,11,76,-,R,6.207,I,5,W,Y,3,0,2,2,A,-,09,21453,C,N,D,C,A,A,H,-,C,A,0,NA,NA,NA,NA,Y,NA,A,01,0,1,1,0,0,0,0,0,0,-,-,NA,NA,SAN DIEGO,OCEANSIDE,-117.28981018066406,33.24375915527344