CASE_ID,ACCIDENT_YEAR,PROC_DATE,JURIS,COLLISION_DATE,COLLISION_TIME,OFFICER_ID,REPORTING_DISTRICT,DAY_OF_WEEK,CHP_SHIFT,POPULATION,CNTY_CITY_LOC,SPECIAL_COND,BEAT_TYPE,CHP_BEAT_TYPE,CITY_DIVISION_LAPD,CHP_BEAT_CLASS,BEAT_NUMBER,PRIMARY_RD,SECONDARY_RD,DISTANCE,DIRECTION,INTERSECTION,WEATHER_1,WEATHER_2,STATE_HWY_IND,CALTRANS_COUNTY,CALTRANS_DISTRICT,STATE_ROUTE,ROUTE_SUFFIX,POSTMILE_PREFIX,POSTMILE,LOCATION_TYPE,RAMP_INTERSECTION,SIDE_OF_HWY,TOW_AWAY,COLLISION_SEVERITY,NUMBER_KILLED,NUMBER_INJURED,PARTY_COUNT,PRIMARY_COLL_FACTOR,PCF_CODE_OF_VIOL,PCF_VIOL_CATEGORY,PCF_VIOLATION,PCF_VIOL_SUBSECTION,HIT_AND_RUN,TYPE_OF_COLLISION,MVIW,PED_ACTION,ROAD_SURFACE,ROAD_COND_1,ROAD_COND_2,LIGHTING,CONTROL_DEVICE,CHP_ROAD_TYPE,PEDESTRIAN_ACCIDENT,BICYCLE_ACCIDENT,MOTORCYCLE_ACCIDENT,TRUCK_ACCIDENT,NOT_PRIVATE_PROPERTY,ALCOHOL_INVOLVED,STWD_VEHTYPE_AT_FAULT,CHP_VEHTYPE_AT_FAULT,COUNT_SEVERE_INJ,COUNT_VISIBLE_INJ,COUNT_COMPLAINT_PAIN,COUNT_PED_KILLED,COUNT_PED_INJURED,COUNT_BICYCLIST_KILLED,COUNT_BICYCLIST_INJURED,COUNT_MC_KILLED,COUNT_MC_INJURED,PRIMARY_RAMP,SECONDARY_RAMP,LATITUDE,LONGITUDE,COUNTY,CITY,POINT_X,POINT_Y
9033716,2019,2020-05-16,3710,2019-08-08,1630,OC1457,NA,4,5,6,3710,0,0,0,NA,0,025,OCEANSIDE BL,RANCHO DEL ORO,100,E,N,A,-,N,NA,NA,NA,NA,NA,NA,NA,NA,NA,N,4,0,1,4,D,-,00,NA,NA,F,C,-,A,A,H,-,A,A,0,NA,NA,NA,NA,Y,Y,-,-,0,0,1,0,0,0,0,0,0,-,-,NA,NA,SAN DIEGO,OCEANSIDE,-117.31070709228516,33.20318603515625
90337722,2016,2016-12-06,9680,2016-11-26,0938,019910,NA,6,1,9,3700,0,3,5,NA,2,001,GRAVES AVE,GREENFIELD DR,10,N,N,B,-,N,NA,NA,NA,NA,NA,NA,NA,NA,NA,N,3,0,1,2,D,-,00,NA,NA,N,B,G,A,A,H,-,A,D,0,NA,Y,NA,NA,Y,NA,-,-,0,1,0,0,0,0,1,0,0,-,-,32.8141,-116.06152,SAN DIEGO,UNINCORPORATED,-116.96137582,32.81331716
90338352,2016,2016-12-06,9645,2016-11-17,1332,019496,NA,4,1,7,3711,0,1,1,NA,2,003,I-5 N/B TO PERSHING DR./B ST.,G ST.,48,S,N,A,-,Y,NA,NA,5,NA,NA,NA,R,NA,N,Y,4,0,1,1,A,-,08,22107,NA,N,E,I,A,A,H,-,A,D,0,NA,NA,NA,NA,Y,NA,A,01,0,0,1,0,0,0,0,0,0,-,-,32.71271,-117.1473,SAN DIEGO,SAN DIEGO,-117.1473,32.71271
90338600,2016,2016-12-07,9645,2016-11-22,1820,017529,NA,2,2,7,3711,0,1,3,NA,2,023,SR-163 SOUTHBOUND,FRIARS RD,1000,N,N,A,-,Y,NA,NA,163,NA,NA,NA,NA,NA,S,Y,4,0,1,2,A,-,03,22350,NA,N,C,C,A,A,H,-,C,D,0,NA,NA,Y,NA,Y,NA,C,02,0,0,1,0,0,0,0,0,1,-,-,32.77491,-117.16161,SAN DIEGO,SAN DIEGO,-117.16154576,32.77494425
90339268,2016,2016-12-07,9645,2016-10-24,1800,013648,NA,1,2,7,3711,0,1,1,NA,2,015,I-805 NORTHBOUND,RT 163,10,N,N,B,C,Y,NA,NA,NA,NA,NA,NA,NA,NA,NA,N,4,0,1,1,A,-,03,22350,NA,N,E,I,A,B,H,-,B,D,0,NA,NA,NA,NA,Y,NA,A,07,0,0,1,0,0,0,0,0,0,-,-,32.91354,-117.15722,SAN DIEGO,SAN DIEGO,-117.15289789,32.80912285
90339577,2016,2016-12-07,9645,2016-11-19,0043,020265,NA,6,3,9,3700,0,3,5,NA,2,018,OTAY LAKES RD.,WUESTE RD.,39600,E,N,A,-,Y,NA,NA,NA,NA,NA,NA,NA,NA,NA,Y,2,0,1,1,A,-,01,23152,A,N,F,A,A,A,H,-,C,D,0,NA,NA,Y,NA,Y,Y,C,02,1,0,0,0,0,0,0,0,1,-,-,32.64385,-116.87773,SAN DIEGO,UNINCORPORATED,-116.84011564,32.65939503
90340653,2016,2016-12-08,9645,2016-11-30,1750,018428,NA,3,2,7,3711,0,1,1,NA,2,027,SR-15 N/B TO I-8,I-8 U/C,800,S,N,A,-,Y,NA,NA,NA,NA,NA,NA,NA,NA,NA,Y,4,0,2,2,A,-,03,22350,NA,N,C,C,A,A,H,-,D,D,0,NA,NA,NA,NA,Y,NA,A,01,0,0,2,0,0,0,0,0,0,-,-,32.76441,-117.20397,SAN DIEGO,SAN DIEGO,-117.11246,32.77853
90341057,2016,2016-12-09,9650,2016-11-27,2140,018383,NA,7,2,5,3713,0,1,3,NA,2,017,SR-78 W/B,VISTA VILLAGE DR.,1,W,N,B,-,Y,NA,NA,78,NA,NA,NA,NA,NA,W,Y,3,0,1,1,A,-,08,22107,NA,N,E,I,A,B,H,-,C,D,0,NA,NA,NA,NA,Y,NA,A,01,0,1,0,0,0,0,0,0,0,-,-,33.19513,-117.25127,SAN DIEGO,VISTA,-117.25127117,33.19507608
90341305,2016,2016-12-09,9650,2016-11-16,1605,016026,NA,3,2,5,3712,0,1,3,NA,2,019,SR-78 E/B,LAS POSAS RD.,739,W,N,A,-,Y,NA,NA,78,NA,NA,NA,NA,NA,E,Y,4,0,1,2,A,-,07,21658,A,N,C,C,A,A,H,-,A,D,0,NA,NA,Y,NA,Y,NA,A,01,0,0,1,0,0,0,0,0,1,-,-,33.14188,-117.18755,SAN DIEGO,SAN MARCOS,-117.18759538,33.14176096
90342348,2016,2016-12-12,9645,2016-11-29,0920,015494,NA,2,1,7,3711,0,1,1,NA,2,011,I-805 N/B,RALENE ST OVERCROSSING,800,S,N,A,-,Y,NA,NA,805,NA,NA,NA,NA,NA,N,Y,3,0,1,2,A,-,03,22350,NA,N,C,C,A,A,H,-,A,D,0,NA,NA,Y,NA,Y,NA,C,02,0,1,0,0,0,0,0,0,1,-,-,32.72883,-117.10562,SAN DIEGO,SAN DIEGO,-117.10568365,32.72875204
90343758,2016,2016-12-13,9680,2016-12-05,1620,019946,NA,1,2,4,3720,0,1,3,NA,2,027,SR-94 E/B TO LEMON GROVE AVE,LEMON GROVE AVE,300,W,N,A,-,Y,NA,NA,94,NA,NA,NA,R,NA,E,Y,4,0,1,2,A,-,03,22350,NA,N,C,C,A,A,H,-,A,D,0,NA,NA,NA,NA,Y,NA,A,01,0,0,1,0,0,0,0,0,0,-,-,32.74555,-117.03335,SAN DIEGO,LEMON GROVE,-117.03335,32.74555
90344463,2016,2016-12-14,9650,2016-11-30,0445,017743,NA,3,3,9,3700,0,3,5,NA,1,160,CAMINO DEL REY,I-15,1320,W,N,A,-,N,NA,NA,NA,NA,NA,NA,NA,NA,NA,Y,3,0,1,1,A,-,08,22107,NA,N,E,C,A,A,H,-,D,D,0,NA,NA,NA,NA,Y,NA,A,07,0,1,0,0,0,0,0,0,0,-,-,33.26673,-117.16318,SAN DIEGO,UNINCORPORATED,-117.162763,33.26646905
9034542,2020,2020-03-06,3711,2020-01-15,0743,SD7833,NA,3,5,7,3711,0,0,0,NA,0,112,GENESEE AV,MOUNT HERBERT AV,52,N,N,A,-,N,NA,NA,NA,NA,NA,NA,NA,NA,NA,Y,4,0,1,3,A,-,03,22350,NA,N,C,C,A,A,H,-,A,A,0,NA,NA,NA,NA,Y,NA,A,01,0,0,1,0,0,0,0,0,0,-,-,NA,NA,SAN DIEGO,SAN DIEGO,-117.19078826904295,32.826480865478516
90345986,2016,2016-12-15,9680,2016-11-04,2000,018672,NA,5,2,9,3700,0,1,3,NA,1,051,SR-79,CAMINO SAN IGNACIO RD,4752,N,N,A,-,Y,NA,NA,79,NA,NA,NA,NA,NA,NA,Y,1,1,3,1,A,-,01,23152,A,N,E,I,A,A,H,-,D,D,0,NA,NA,NA,NA,Y,Y,A,01,2,1,0,0,0,0,0,0,0,-,-,33.28676,-116.64428,SAN DIEGO,UNINCORPORATED,-116.64428428,33.2867314
90346235,2016,2016-12-15,9680,2016-12-08,1325,015070,NA,4,1,9,3700,0,3,5,NA,2,003,ALPINE BLVD,TAVERN RD,2112,W,N,A,-,N,NA,NA,NA,NA,NA,NA,NA,NA,NA,Y,3,0,2,1,A,-,08,22107,NA,N,F,A,A,A,H,-,A,D,0,NA,NA,NA,NA,Y,NA,A,01,0,2,0,0,0,0,0,0,0,-,-,32.83886,-116.78611,SAN DIEGO,UNINCORPORATED,-116.78498,32.83876036
90346732,2016,2016-12-16,9650,2016-12-09,2340,020254,NA,5,3,9,3700,0,1,3,NA,1,028,SR-76 W/B,MAGEE RD,7920,E,N,E,-,Y,NA,NA,76,NA,NA,NA,NA,NA,W,Y,3,0,1,1,A,-,01,23152,A,N,F,A,A,A,H,-,D,D,0,NA,NA,NA,NA,Y,Y,A,01,0,1,0,0,0,0,0,0,0,-,-,33.35548,-117.03425,SAN DIEGO,UNINCORPORATED,-117.03424916,33.35551704
90346986,2016,2016-12-16,9680,2016-12-06,1555,020771,NA,2,2,9,3700,0,2,4,NA,1,014,WINTER GARDENS BLVD,PEPPER DR,0,NA,Y,A,-,N,NA,NA,NA,NA,NA,NA,NA,NA,NA,N,3,0,1,1,A,-,08,22107,NA,N,E,I,A,A,H,-,A,A,0,NA,Y,NA,NA,Y,NA,L,04,0,1,0,0,0,0,1,0,0,-,-,32.82135,-116.93493,SAN DIEGO,UNINCORPORATED,-116.93456006,32.8208001
90349158,2016,2016-12-20,9680,2016-12-12,1545,019946,NA,1,2,9,3700,0,1,3,NA,1,022,SR-54 (JAMACHA ROAD),CUYAMACA COLLEGE DR  W,390,W,N,A,-,Y,NA,NA,54,NA,NA,NA,NA,NA,NA,Y,4,0,3,3,A,-,03,22350,NA,N,C,C,A,A,H,-,A,D,0,NA,NA,NA,NA,Y,NA,A,01,0,0,3,0,0,0,0,0,0,-,-,32.74004,-116.94064,SAN DIEGO,UNINCORPORATED,-116.9405984,32.73996131
90349388,2016,2016-12-20,9650,2016-09-26,1504,014772,NA,1,2,6,3710,0,1,1,NA,2,005,I-5 S/B,SR-78,528,N,N,B,-,Y,NA,NA,5,NA,NA,NA,NA,NA,S,Y,1,1,1,3,A,-,03,22350,NA,N,E,I,E,A,H,-,A,D,0,Y,NA,NA,NA,Y,NA,A,07,0,0,1,1,0,0,0,0,0,-,-,33.17855,-117.35262,SAN DIEGO,OCEANSIDE,-117.35268466,33.17849686
9035205,2020,2020-11-02,3711,2020-02-07,2225,SD7759,NA,5,5,7,3711,0,0,0,NA,0,625,TAYLOR ST,TAYLOR ST 4000,0,NA,-,A,-,N,NA,NA,NA,NA,NA,NA,NA,NA,NA,N,4,0,1,2,A,-,08,22107,NA,N,C,D,A,A,H,-,C,D,0,NA,NA,NA,NA,Y,NA,A,01,0,0,1,0,0,0,0,0,0,-,-,NA,NA,SAN DIEGO,SAN DIEGO,NA,NA
90352067,2016,2016-12-27,9645,2016-09-30,1150,017723,NA,5,1,6,3702,0,3,5,NA,2,018,OTAY LAKES RD.,ALLEN SCHOOL LN.,0,NA,Y,A,-,N,NA,NA,NA,NA,NA,NA,NA,NA,NA,N,4,0,1,2,A,-,06,21755,NA,N,B,C,A,A,D,-,A,A,0,NA,NA,Y,NA,Y,NA,C,02,0,0,1,0,0,0,0,0,1,-,-,32.6577,-117.0298,SAN DIEGO,CHULA VISTA,-117.02975002,32.65780008
90352121,2016,2016-12-27,9680,2016-12-15,0901,018104,NA,4,1,9,3700,0,2,4,NA,1,026,JAMACHA RD,HELIX ST.,30,W,N,A,-,N,NA,NA,NA,NA,NA,NA,NA,NA,NA,Y,3,0,2,2,A,-,03,22350,NA,N,C,C,A,A,H,-,A,A,0,NA,NA,Y,NA,Y,NA,C,06,0,1,1,0,0,0,0,0,1,-,-,32.71486,-117.0099,SAN DIEGO,UNINCORPORATED,-117.00958718,32.7147989
90352319,2016,2016-12-27,9650,2016-12-15,1220,013636,NA,4,1,5,3712,0,1,3,NA,2,019,SR-78 E/B TO TWIN OAKS VALLEY RD,TWIN OAKS VALLEY RD,10,W,N,B,-,Y,NA,NA,NA,NA,NA,NA,NA,NA,NA,N,4,0,1,2,A,-,03,22350,NA,N,C,C,A,A,H,-,A,A,0,NA,NA,NA,NA,Y,NA,A,01,0,0,1,0,0,0,0,0,0,-,-,NA,NA,SAN DIEGO,SAN MARCOS,-117.16378248,33.13703813
90352597,2016,2016-12-27,9650,2016-12-14,1820,015830,NA,3,2,5,3712,0,1,3,NA,2,019,SR-78 W/B FROM RANCHO SANTA FE RD,RANCHO SANTA FE AVE,600,W,N,A,-,Y,NA,NA,78,NA,NA,NA,R,NA,W,Y,4,0,1,2,A,-,03,22350,NA,N,C,C,A,A,H,-,D,A,0,NA,NA,NA,NA,Y,NA,A,01,0,0,1,0,0,0,0,0,0,-,-,33.1524,-117.20066,SAN DIEGO,SAN MARCOS,-117.20066,33.1524
90353191,2016,2016-12-27,9645,2016-12-21,0805,013393,NA,3,1,7,3711,0,1,1,NA,2,015,I-805 S/B,SR-163 O/C,300,N,N,B,-,Y,NA,NA,NA,NA,NA,NA,NA,NA,NA,Y,4,0,1,2,D,-,00,NA,NA,N,B,C,A,A,H,-,A,D,0,NA,NA,NA,Y,Y,NA,-,-,0,0,1,0,0,0,0,0,0,-,-,NA,NA,SAN DIEGO,SAN DIEGO,-117.15353143,32.80949249
9035324,2020,2020-11-04,3702,2020-02-12,1151,CV1254,NA,3,5,6,3702,0,0,0,NA,0,032,EAST H ST,RT 125,0,NA,Y,A,-,Y,SD,11,125,-,-,5.158,R,4,S,Y,4,0,2,2,A,-,08,22100,NA,N,B,C,A,A,H,-,A,A,0,NA,NA,NA,NA,Y,NA,A,01,0,0,2,0,0,0,0,0,0,-,SF,NA,NA,SAN DIEGO,CHULA VISTA,-116.97774505615234,32.66001892089844
90357238,2016,2016-12-29,9645,2016-12-15,2154,020673,NA,4,2,7,3711,0,1,1,NA,2,010,I-8 E/B TO SR-163 N/B,SR-163,70,E,N,C,-,Y,NA,NA,8,NA,NA,NA,R,NA,E,Y,3,0,1,1,A,-,03,22350,NA,N,E,I,A,B,H,-,C,D,0,NA,NA,NA,NA,Y,NA,A,01,0,1,0,0,0,0,0,0,0,-,-,32.76412,-117.16138,SAN DIEGO,SAN DIEGO,-117.16138,32.76412
90357463,2016,2016-12-29,9650,2016-12-21,2010,015446,NA,3,2,9,3700,0,1,1,NA,2,022,I-15 FWY NORTHBOUND,RAINBOW VALLEY BLVD O/C,5280,S,N,C,-,Y,NA,NA,15,NA,NA,NA,NA,NA,N,Y,4,0,1,1,A,-,03,22350,NA,N,E,I,A,B,H,-,D,D,0,NA,NA,NA,NA,Y,NA,A,07,0,0,1,0,0,0,0,0,0,-,-,33.41596,-117.15766,SAN DIEGO,UNINCORPORATED,-117.15776125,33.4160334
90360191,2016,2017-01-27,9645,2016-12-21,0950,015270,NA,3,1,7,3711,0,1,3,NA,2,006,SR-94 WESTBOUND,KELTON ROAD,5280,E,N,B,-,Y,NA,NA,94,NA,NA,NA,NA,NA,W,Y,3,0,1,2,A,-,07,21658,A,F,B,C,A,B,H,-,A,D,0,NA,NA,NA,NA,Y,NA,A,01,0,1,0,0,0,0,0,0,0,-,-,32.73113,-117.06249,SAN DIEGO,SAN DIEGO,-117.06245286,32.73107811
9036449,2020,2020-03-18,3711,2020-01-05,1930,SD5813,NA,7,5,7,3711,0,0,0,NA,0,111,LA JOLLA VILLAGE DR,LEBON DR,0,NA,Y,A,-,N,NA,NA,NA,NA,NA,NA,NA,NA,NA,N,4,0,1,2,D,-,00,NA,NA,N,D,C,A,A,H,-,C,A,0,NA,NA,NA,NA,Y,NA,-,-,0,0,1,0,0,0,0,0,0,-,-,NA,NA,SAN DIEGO,SAN DIEGO,-117.22361755371094,32.8708610534668
9036465,2020,2020-03-18,3711,2020-01-14,0429,SD7930,NA,2,5,7,3711,0,0,0,NA,0,511,MAINE ST,UNA ST,0,NA,Y,A,-,N,NA,NA,NA,NA,NA,NA,NA,NA,NA,N,3,0,1,3,C,-,18,NA,NA,N,H,G,A,A,H,-,C,D,0,NA,Y,NA,NA,Y,NA,-,-,0,1,0,0,0,0,1,0,0,-,-,NA,NA,SAN DIEGO,SAN DIEGO,-117.11702728271484,32.686649322509766
90364951,2016,2017-01-09,9645,2016-12-22,2240,020720,NA,4,3,7,3711,0,1,1,NA,2,009,I-805 S/B,IMPERIAL AVE O/C,1200,N,N,C,-,Y,NA,NA,805,NA,NA,NA,NA,NA,S,Y,4,0,2,2,A,-,07,21658,A,N,C,C,A,B,H,-,D,D,0,NA,NA,NA,NA,Y,NA,A,01,0,0,2,0,0,0,0,0,0,-,-,32.70778,-117.09746,SAN DIEGO,SAN DIEGO,-117.09741652,32.70782289
90366244,2017,2017-01-10,9680,2017-01-05,1305,015061,NA,4,1,5,3705,0,1,1,NA,2,082,I-8 W/B,MOLLISON AVE.,1104,W,N,B,C,Y,NA,NA,8,NA,NA,NA,NA,NA,W,Y,4,0,2,2,A,-,03,22350,NA,N,C,C,A,B,H,-,A,D,0,NA,NA,NA,NA,Y,NA,A,01,0,0,2,0,0,0,0,0,0,-,-,32.8032,-116.95463,SAN DIEGO,EL CAJON,-116.9546299,32.80314871
90366418,2017,2017-01-11,9645,2017-01-04,1705,019496,NA,3,2,7,3711,0,1,1,NA,2,005,I-5 S/B,I-8,1000,N,N,A,-,Y,NA,NA,5,NA,NA,NA,NA,NA,S,Y,4,0,1,3,A,-,03,22350,NA,N,C,C,A,A,H,-,D,D,0,NA,NA,NA,NA,Y,NA,A,01,0,0,1,0,0,0,0,0,0,-,-,32.76195,-117.20475,SAN DIEGO,SAN DIEGO,-117.20472936,32.7619553
90366622,2016,2017-01-11,9645,2016-10-27,1928,019291,NA,4,2,7,3711,0,1,1,NA,2,011,I-805 S/B,ADAMS AVE,1584,N,N,A,-,Y,NA,NA,805,NA,NA,NA,NA,NA,S,Y,3,0,1,2,A,-,01,23152,A,N,C,C,A,A,H,-,A,D,0,NA,NA,NA,NA,Y,Y,A,07,0,1,0,0,0,0,0,0,0,-,-,32.76684,-117.12904,SAN DIEGO,SAN DIEGO,-117.12899571,32.76686013
9036670,2019,2020-02-04,3702,2019-12-04,2330,CV0896,NA,3,5,6,3702,0,0,0,NA,0,022,3RD AV,L ST,20,S,N,C,-,N,NA,NA,NA,NA,NA,NA,NA,NA,NA,Y,4,0,1,1,A,-,03,22350,NA,N,E,I,A,B,H,-,C,A,0,NA,NA,NA,NA,Y,NA,A,01,0,0,1,0,0,0,0,0,0,-,-,NA,NA,SAN DIEGO,CHULA VISTA,-117.07176208496094,32.620548248291016
90366784,2016,2017-03-13,9650,2016-12-28,1215,019227,NA,3,1,9,3700,0,2,4,NA,1,027,VALLEY CENTER RD.,WOODS VALLEY RD,2112,S,N,B,-,N,NA,NA,NA,NA,NA,NA,NA,NA,NA,N,3,0,3,4,A,-,08,22107,NA,N,H,G,A,A,H,-,A,D,0,NA,Y,NA,NA,Y,NA,D,22,0,3,0,0,0,0,3,0,0,-,-,33.19976,-117.03084,SAN DIEGO,UNINCORPORATED,-117.03106613,33.20043679
90366877,2017,2017-03-31,9680,2017-01-05,2250,014949,NA,4,3,9,3700,0,1,3,NA,1,040,SR-94,HARRIS RANCH RD,13200,E,N,B,-,Y,NA,NA,94,NA,NA,NA,NA,NA,NA,Y,4,0,1,1,A,-,08,22107,NA,N,F,A,A,B,H,-,D,D,0,NA,NA,NA,NA,Y,NA,A,07,0,0,1,0,0,0,0,0,0,-,-,32.59691,-116.54317,SAN DIEGO,UNINCORPORATED,-116.54318566,32.59613481
90367506,2017,2017-01-12,9645,2017-01-10,1550,018950,NA,2,2,7,3711,0,1,1,NA,2,021,I-15 S/B,FRIARS ROAD O/C,2132,N,N,A,-,Y,NA,NA,15,NA,NA,NA,NA,NA,S,Y,3,0,1,2,A,-,08,22107,NA,N,B,C,A,A,H,-,A,D,0,NA,NA,NA,NA,Y,NA,A,01,0,1,0,0,0,0,0,0,0,-,-,32.7935,-117.11221,SAN DIEGO,SAN DIEGO,-117.11222198,32.79350202
90367714,2016,2017-01-12,9645,2016-11-06,0150,020480,NA,7,3,7,3711,0,1,1,NA,2,010,I-8 E/B TO I-15 N/B,I-15,150,E,N,A,-,Y,NA,NA,8,NA,NA,NA,R,NA,E,Y,3,0,1,1,A,-,01,23152,A,N,E,I,A,A,H,-,C,D,0,NA,NA,NA,NA,Y,Y,A,01,0,1,0,0,0,0,0,0,0,-,-,32.77824,-117.11091,SAN DIEGO,SAN DIEGO,-117.11091,32.77824
90367733,2017,2017-01-12,9680,2017-01-05,1137,015578,NA,4,1,9,3700,0,3,5,NA,2,002,ELKELTON PL.,PARADISE VALLEY RD.,26,S,N,B,C,N,NA,NA,NA,NA,NA,NA,NA,NA,NA,N,4,0,1,2,A,-,21,22106,NA,N,C,C,A,B,H,-,A,A,0,NA,NA,NA,NA,Y,NA,A,07,0,0,1,0,0,0,0,0,0,-,-,32.70258,-117.01236,SAN DIEGO,UNINCORPORATED,-117.01292062,32.70218963
90368307,2017,2017-03-08,9645,2017-01-11,1725,016864,NA,3,2,7,3711,0,1,3,NA,2,022,SR-56 E/B,I-15,1056,W,N,B,-,Y,NA,NA,56,NA,NA,NA,NA,NA,E,Y,4,0,1,2,A,-,03,22350,NA,N,C,C,A,B,H,-,A,D,0,NA,NA,NA,NA,Y,NA,A,01,0,0,1,0,0,0,0,0,0,-,-,32.96316,-117.09976,SAN DIEGO,SAN DIEGO,-117.09978496,32.96321663
90368602,2017,2017-01-13,9645,2017-01-11,1839,016864,NA,3,2,7,3711,0,1,3,NA,2,022,SR-56 E/B,I-15,1056,W,N,B,-,Y,NA,NA,56,NA,NA,NA,NA,NA,E,N,4,0,1,3,A,-,03,22350,NA,N,C,C,A,B,H,-,D,D,0,NA,NA,NA,NA,Y,NA,D,22,0,0,1,0,0,0,0,0,0,-,-,32.96316,-117.09976,SAN DIEGO,SAN DIEGO,-117.09978496,32.96321663
90369167,2017,2017-01-13,9645,2017-01-11,0640,016474,NA,3,1,7,3711,0,1,3,NA,2,023,SR-163 N/B TO E/B I-8,SR-163,300,E,N,C,-,Y,NA,NA,163,NA,NA,NA,R,NA,N,Y,4,0,1,1,A,-,03,22350,NA,N,F,C,A,B,H,-,A,A,0,NA,NA,NA,NA,Y,NA,A,01,0,0,1,0,0,0,0,0,0,-,-,32.76252,-117.16186,SAN DIEGO,SAN DIEGO,-117.16186,32.76252
90369422,2016,2017-01-16,9645,2016-11-25,2245,020737,NA,5,3,7,3711,0,1,1,NA,2,021,SR-15 N/B TO I-8 W/B,I-8,35,S,N,A,-,Y,NA,NA,15,NA,NA,NA,R,NA,N,Y,2,0,1,1,A,-,01,23152,A,N,E,I,A,A,H,-,D,D,0,NA,NA,NA,NA,Y,Y,A,01,1,0,0,0,0,0,0,0,0,-,-,32.77817,-117.11182,SAN DIEGO,SAN DIEGO,-117.11182,32.77817
90369560,2017,2017-01-16,9650,2017-01-09,0645,016275,NA,1,1,9,3700,0,3,5,NA,2,006,OLD HWY 395,PALA MESA DR,528,N,N,C,-,N,NA,NA,NA,NA,NA,NA,NA,NA,NA,Y,4,0,2,2,A,-,09,21801,A,N,D,C,A,B,H,-,D,D,0,NA,NA,NA,NA,Y,NA,A,01,0,0,2,0,0,0,0,0,0,-,-,33.2041,-117.0935,SAN DIEGO,UNINCORPORATED,-117.15983994,33.34269542
90369586,2017,2017-01-16,9650,2017-01-09,0645,015276,NA,1,1,5,3712,0,1,3,NA,2,019,SR-78 W/B,NORDAHL RD,2640,W,N,C,-,Y,NA,NA,78,NA,NA,NA,NA,NA,W,N,4,0,1,2,A,-,03,22350,NA,F,C,C,A,B,H,-,A,D,0,NA,NA,NA,NA,Y,NA,D,22,0,0,1,0,0,0,0,0,0,-,-,33.13265,-117.12222,SAN DIEGO,SAN MARCOS,-117.12225212,33.13257804
90369961,2017,2017-01-16,9650,2017-01-15,1650,019398,NA,7,2,9,3700,0,1,1,NA,2,001,I-5 N/B,BASILONE RD,2000,S,N,A,-,Y,NA,NA,5,NA,NA,NA,NA,NA,N,Y,4,0,1,2,A,-,03,22350,NA,N,C,C,A,A,H,-,C,D,0,NA,NA,NA,NA,Y,NA,A,01,0,0,1,0,0,0,0,0,0,-,-,33.384,-117.579,SAN DIEGO,UNINCORPORATED,-117.57899085,33.38402348
9037159,2019,2020-06-26,3700,2019-12-04,0523,SH0238,NA,3,5,4,3780,0,0,0,NA,0,412,RT 67,IRON MOUNTAIN DR,1420,N,N,C,-,Y,SD,11,67,-,-,14.62,H,-,S,Y,3,0,1,1,A,-,03,22350,NA,N,E,I,A,B,H,-,B,D,0,NA,NA,NA,NA,Y,NA,A,01,0,1,0,0,0,0,0,0,0,-,-,NA,NA,SAN DIEGO,POWAY,-116.97000885009766,32.97051239013672
90372175,2016,2017-01-18,9645,2016-12-12,1700,017953,NA,1,2,7,3711,0,1,1,NA,2,015,I-805 S/B,NOBEL DRIVE O/C,410,N,N,B,-,Y,NA,NA,805,NA,NA,NA,NA,NA,S,N,4,0,1,2,A,-,03,22350,NA,N,C,C,A,A,H,-,A,D,0,NA,NA,NA,NA,Y,NA,A,01,0,0,1,0,0,0,0,0,0,-,-,32.87061,-117.19582,SAN DIEGO,SAN DIEGO,-117.19588745,32.87054302
90372387,2017,2017-03-10,9645,2017-01-12,0530,014804,NA,4,3,7,3711,0,1,1,NA,2,011,I-805 (N/B),HOME AVENUE U/C,528,S,N,B,-,Y,NA,NA,805,NA,NA,NA,NA,NA,NA,Y,4,0,1,4,A,-,04,21703,NA,N,C,C,A,A,H,-,A,D,0,NA,NA,NA,NA,Y,NA,D,22,0,0,1,0,0,0,0,0,0,-,-,32.72162,-117.10237,SAN DIEGO,SAN DIEGO,-117.10259291,32.72162339
90372561,2017,2017-01-19,9680,2017-01-14,0400,017996,NA,6,3,9,3700,0,3,5,NA,2,002,OTAY LAKES ROAD,OTAY TRUCK TRAIL,6336,W,N,B,C,N,NA,NA,NA,NA,NA,NA,NA,NA,NA,Y,4,0,1,1,A,-,03,22350,NA,N,E,I,A,B,H,-,D,D,0,NA,NA,NA,NA,Y,NA,A,01,0,0,1,0,0,0,0,0,0,-,-,32.643299999999996,-116.8706,SAN DIEGO,UNINCORPORATED,-116.86944753,32.64706186
90374174,2016,2017-01-20,9645,2016-12-17,1900,014625,NA,6,2,7,3711,0,1,1,NA,2,017,I-15 S/B,SR-163 S/B (SPLIT),1056,S,N,A,-,Y,NA,NA,15,NA,NA,NA,NA,NA,S,Y,4,0,1,2,A,-,07,21658,A,N,B,C,A,A,H,-,D,D,0,NA,NA,NA,NA,Y,NA,A,07,0,0,1,0,0,0,0,0,0,-,-,32.86359,-117.1109,SAN DIEGO,SAN DIEGO,-117.1109058,32.86359356
90374199,2016,2017-01-23,9645,2016-11-26,2330,020673,NA,6,3,7,3711,0,1,1,NA,2,017,I-15 N/B,MIRAMAR WY.,3900,S,N,C,-,Y,NA,NA,15,NA,NA,NA,NA,NA,N,Y,2,0,2,3,A,-,07,21658,A,F,B,C,A,B,H,-,D,D,0,NA,NA,NA,NA,Y,NA,-,99,1,0,1,0,0,0,0,0,0,-,-,32.87292,-117.10698,SAN DIEGO,SAN DIEGO,-117.10695938,32.87291819