CASE_ID,ACCIDENT_YEAR,PROC_DATE,JURIS,COLLISION_DATE,COLLISION_TIME,OFFICER_ID,REPORTING_DISTRICT,DAY_OF_WEEK,CHP_SHIFT,POPULATION,CNTY_CITY_LOC,SPECIAL_COND,BEAT_TYPE,CHP_BEAT_TYPE,CITY_DIVISION_LAPD,CHP_BEAT_CLASS,BEAT_NUMBER,PRIMARY_RD,SECONDARY_RD,DISTANCE,DIRECTION,INTERSECTION,WEATHER_1,WEATHER_2,STATE_HWY_IND,CALTRANS_COUNTY,CALTRANS_DISTRICT,STATE_ROUTE,ROUTE_SUFFIX,POSTMILE_PREFIX,POSTMILE,LOCATION_TYPE,RAMP_INTERSECTION,SIDE_OF_HWY,TOW_AWAY,COLLISION_SEVERITY,NUMBER_KILLED,NUMBER_INJURED,PARTY_COUNT,PRIMARY_COLL_FACTOR,PCF_CODE_OF_VIOL,PCF_VIOL_CATEGORY,PCF_VIOLATION,PCF_VIOL_SUBSECTION,HIT_AND_RUN,TYPE_OF_COLLISION,MVIW,PED_ACTION,ROAD_SURFACE,ROAD_COND_1,ROAD_COND_2,LIGHTING,CONTROL_DEVICE,CHP_ROAD_TYPE,PEDESTRIAN_ACCIDENT,BICYCLE_ACCIDENT,MOTORCYCLE_ACCIDENT,TRUCK_ACCIDENT,NOT_PRIVATE_PROPERTY,ALCOHOL_INVOLVED,STWD_VEHTYPE_AT_FAULT,CHP_VEHTYPE_AT_FAULT,COUNT_SEVERE_INJ,COUNT_VISIBLE_INJ,COUNT_COMPLAINT_PAIN,COUNT_PED_KILLED,COUNT_PED_INJURED,COUNT_BICYCLIST_KILLED,COUNT_BICYCLIST_INJURED,COUNT_MC_KILLED,COUNT_MC_INJURED,PRIMARY_RAMP,SECONDARY_RAMP,LATITUDE,LONGITUDE,COUNTY,CITY,POINT_X,POINT_Y
90622804,2017,2017-12-21,9680,2017-12-11,1855,021859,NA,1,2,5,3708,0,1,1,NA,2,081,I-8 E/B FROM BALTIMORE DR.,BALTIMORE DR.,1056,E,N,A,-,Y,NA,NA,8,NA,NA,NA,R,NA,E,Y,2,0,2,2,A,-,03,22350,NA,N,C,C,A,A,H,-,C,A,0,NA,NA,NA,NA,Y,NA,D,22,1,0,1,0,0,0,0,0,0,-,-,32.77062,-117.02146,SAN DIEGO,LA MESA,-117.02146,32.77062
90622918,2017,2017-12-21,9650,2017-12-16,1133,016885,NA,6,1,3,3783,0,1,1,NA,2,007,I-5 N/B,MANCHESTER AVE,850,S,N,A,-,Y,NA,NA,NA,NA,NA,NA,NA,NA,NA,Y,4,0,2,2,A,-,03,22350,NA,N,C,C,A,A,H,-,A,D,0,NA,NA,NA,NA,Y,NA,A,01,0,0,2,0,0,0,0,0,0,-,-,33.0086,-117.26289,SAN DIEGO,SOLANA BEACH,-117.26260852,33.00875862
90627029,2017,2017-12-26,9645,2017-12-14,1840,016864,NA,4,2,7,3711,0,1,3,NA,2,020,SR-56 E/B,CARMEL VALLEY ROAD,170,W,N,A,-,Y,NA,NA,56,NA,NA,NA,NA,NA,E,Y,4,0,1,3,A,-,03,22350,NA,N,C,C,A,A,H,-,D,D,0,NA,NA,NA,NA,Y,NA,A,08,0,0,1,0,0,0,0,0,0,-,-,32.95159,-117.19582,SAN DIEGO,SAN DIEGO,-117.19579614,32.95151739
90627130,2017,2017-12-26,9650,2017-12-20,0620,019126,NA,3,1,9,3700,0,1,3,NA,1,028,SR-76,VALLEY CENTER RD,2112,E,N,A,-,Y,NA,NA,76,NA,NA,NA,NA,NA,NA,Y,3,0,1,1,A,-,08,22107,NA,N,E,I,A,A,H,-,D,D,0,NA,NA,NA,NA,Y,NA,A,01,0,1,0,0,0,0,0,0,0,-,-,33.29045,-116.95372,SAN DIEGO,UNINCORPORATED,-116.95373664,33.29049993
90627497,2017,2017-12-27,9680,2017-12-16,1657,018583,NA,6,2,9,3700,0,1,3,NA,2,016,SR-67 S/B,BRADLEY AVE,1338,S,N,A,-,Y,NA,NA,67,NA,NA,NA,NA,NA,S,Y,4,0,1,3,A,-,03,22350,NA,N,C,C,A,A,H,-,D,D,0,NA,NA,Y,NA,Y,NA,C,02,0,0,1,0,0,0,0,0,1,-,-,32.8161,-116.96123,SAN DIEGO,UNINCORPORATED,-116.9612112,32.81609381
90627880,2017,2017-12-27,9645,2017-12-15,1755,020997,NA,5,2,5,3709,0,1,3,NA,2,008,SR-54 E/B TO HIGHLAND AVENUE,HIGHLAND AVENUE,300,W,N,A,-,Y,NA,NA,54,NA,NA,NA,R,NA,E,N,4,0,1,2,A,-,03,22350,NA,N,C,C,A,A,H,-,C,D,0,NA,NA,NA,NA,Y,NA,A,01,0,0,1,0,0,0,0,0,0,-,-,32.65393,-117.09005,SAN DIEGO,NATIONAL CITY,-117.09005,32.65393
90628043,2017,2017-12-27,9645,2017-11-10,1153,018393,NA,5,1,7,3711,0,1,3,NA,2,023,SR-163 S/B,FRIARS RD O/C,528,N,N,A,-,Y,NA,NA,163,NA,NA,NA,NA,NA,S,Y,4,0,1,2,A,-,17,21658,NA,N,B,C,A,A,H,-,A,D,0,NA,NA,NA,NA,Y,NA,A,08,0,0,1,0,0,0,0,0,0,-,-,32.77509,-117.16143,SAN DIEGO,SAN DIEGO,-117.16158065,32.77500969
90628461,2017,2017-12-28,9645,2017-12-20,0635,015331,NA,3,1,7,3711,0,1,3,NA,2,016,SR-52 WESTBOUND,MAST BLVD,1584,W,N,A,-,Y,NA,NA,52,NA,NA,NA,NA,NA,W,Y,3,0,1,2,A,-,03,22350,NA,N,C,C,A,A,H,-,A,D,0,NA,NA,Y,NA,Y,NA,C,02,0,1,0,0,0,0,0,0,1,-,-,32.84838,-117.02938,SAN DIEGO,SAN DIEGO,-117.02934546,32.84842751
90628663,2017,2017-12-28,9680,2017-12-17,0940,017996,NA,7,1,9,3700,0,3,5,NA,2,002,CALAVO DRIVE,JAMACHA BOULEVARD,180,N,N,A,-,N,NA,NA,NA,NA,NA,NA,NA,NA,NA,Y,3,0,2,2,A,-,08,22107,NA,N,E,I,A,A,H,-,A,D,0,NA,NA,NA,NA,Y,NA,D,22,0,2,0,0,0,0,0,0,0,-,-,32.73096,-116.96109,SAN DIEGO,UNINCORPORATED,-116.96086383,32.73092422
90630296,2017,2018-01-01,9680,2017-12-20,1800,018427,NA,3,2,9,3700,0,1,3,NA,1,017,SR-67 S/B,JOHNSON LAKE RD,50,S,N,A,-,Y,NA,NA,67,NA,NA,NA,NA,NA,S,Y,4,0,1,2,A,-,03,22350,NA,N,C,C,A,A,H,-,D,D,0,NA,NA,NA,NA,Y,NA,A,01,0,0,1,0,0,0,0,0,0,-,-,32.89752,-116.93417,SAN DIEGO,UNINCORPORATED,-116.93417184,32.89751833
90630450,2017,2018-01-02,9645,2017-12-19,1440,021873,NA,2,2,7,3711,0,1,1,NA,2,001,I-5 S/B,8TH ST,1584,N,N,A,-,Y,NA,NA,5,NA,NA,NA,NA,NA,S,Y,4,0,3,3,A,-,03,22350,NA,N,C,C,A,A,H,-,A,D,0,NA,NA,NA,NA,Y,NA,A,01,0,0,3,0,0,0,0,0,0,-,-,32.68001,-117.11035,SAN DIEGO,SAN DIEGO,-117.11034035,32.68001378
90631197,2017,2018-01-02,9650,2017-12-25,0258,019490,NA,1,3,9,3700,0,3,5,NA,2,211,CHAMPAGNE BLVD,WELK VIEW DR,750,N,N,A,-,N,NA,NA,NA,NA,NA,NA,NA,NA,NA,Y,2,0,1,1,A,-,08,22107,NA,N,E,I,A,A,H,-,D,D,0,NA,NA,NA,NA,Y,NA,A,01,1,0,0,0,0,0,0,0,0,-,-,33.23951,-117.14773,SAN DIEGO,UNINCORPORATED,-117.14775716,33.23971405
90633018,2017,2018-01-04,9680,2017-12-21,1410,016822,NA,4,2,9,3700,0,3,5,NA,2,009,14TH STREET,"D"" STREET""",150,E,N,A,-,N,NA,NA,NA,NA,NA,NA,NA,NA,NA,N,3,0,1,2,A,-,13,22515,A,N,H,A,A,A,H,-,A,D,0,NA,NA,NA,NA,Y,NA,A,01,0,1,0,0,0,0,0,0,0,-,-,33.03736,-116.87378,SAN DIEGO,UNINCORPORATED,-116.8739533,33.03726059
90633192,2017,2018-01-04,9645,2017-12-24,1637,018678,NA,7,2,7,3711,0,1,1,NA,2,001,I-5 S/B,CAMINO DE LA PLAZA O/C,800,S,N,A,-,Y,NA,NA,NA,NA,NA,NA,NA,NA,NA,Y,4,0,2,2,C,-,18,NA,NA,N,C,C,A,A,D,-,A,D,0,NA,NA,NA,NA,Y,NA,-,-,0,0,2,0,0,0,0,0,0,-,-,32.54329,-117.03102,SAN DIEGO,SAN DIEGO,-117.03064878,32.54292249
90633570,2017,2018-01-05,9650,2017-11-22,0035,016138,NA,3,3,5,3701,0,1,1,NA,2,005,I-5 NORTHBOUND,TAMARACK AVENUE O/C,2500,S,N,A,-,Y,NA,NA,NA,NA,NA,NA,NA,NA,NA,Y,4,0,1,1,A,-,08,22107,NA,N,E,I,A,A,H,-,D,D,0,NA,NA,NA,NA,Y,NA,D,22,0,0,1,0,0,0,0,0,0,-,-,33.14329,-117.3343,SAN DIEGO,CARLSBAD,-117.33512,33.15018
90634222,2017,2018-01-05,9645,2017-10-24,0811,016409,NA,2,1,7,3711,0,1,1,NA,2,003,I-5 N/B,30TH ST PEDESTRIAN O/C,155,S,N,A,-,Y,NA,NA,5,NA,NA,NA,NA,NA,N,N,3,0,1,2,A,-,07,21658,A,F,B,C,A,A,H,-,A,D,0,NA,NA,Y,NA,Y,NA,A,01,0,1,0,0,0,0,0,0,1,-,-,32.69456,-117.12889,SAN DIEGO,SAN DIEGO,-117.12889046,32.69458314
9063609,2020,2020-11-03,3700,2020-03-20,2016,SH7690,NA,5,5,4,3780,0,0,0,NA,0,408,RT 67,RT 67 15450,1106,N,N,B,-,Y,SD,11,67,-,-,16.59,H,-,N,Y,4,0,4,5,A,-,03,22350,NA,N,C,C,A,A,H,-,D,D,0,NA,NA,NA,NA,Y,NA,A,01,0,0,4,0,0,0,0,0,0,-,-,NA,NA,SAN DIEGO,POWAY,-116.96227264404295,32.80327224731445
90638328,2018,2018-01-11,9645,2018-01-02,1508,016864,NA,2,2,7,3711,0,1,1,NA,2,007,I-5 N/B,VIA DE LA VALLE,3168,S,N,A,-,Y,NA,NA,5,NA,NA,NA,NA,NA,N,Y,4,0,1,1,A,-,08,22107,NA,N,E,I,A,A,H,-,A,D,0,NA,NA,NA,NA,Y,NA,D,22,0,0,1,0,0,0,0,0,0,-,-,32.98128890991211,-117.25348663330078,SAN DIEGO,SAN DIEGO,-117.25348663330078,32.981292724609375
90639024,2018,2018-01-12,9650,2018-01-05,1555,019270,NA,5,2,6,3710,0,1,1,NA,2,005,I-5 N/B,MISSION AVE,1056,N,N,A,-,Y,NA,NA,5,NA,NA,NA,NA,NA,N,Y,3,0,1,1,A,-,08,22107,NA,N,E,I,A,A,H,-,A,D,0,NA,NA,NA,NA,Y,NA,A,01,0,1,0,0,0,0,0,0,0,-,-,33.20151901245117,-117.37516784667967,SAN DIEGO,OCEANSIDE,-117.37518310546876,33.201480865478516
90642201,2018,2018-01-17,9650,2018-01-16,1505,015531,NA,2,2,3,3783,0,1,1,NA,2,007,I-5 N/B,VIA DE LA VALLE,528,N,N,A,-,Y,NA,NA,NA,NA,NA,NA,NA,NA,NA,Y,4,0,1,3,A,-,03,22350,NA,F,C,C,A,A,H,-,A,D,0,NA,NA,NA,NA,Y,NA,A,01,0,0,1,0,0,0,0,0,0,-,-,32.585289001464844,-117.15122985839844,SAN DIEGO,SOLANA BEACH,-117.25352478027344,32.981388092041016
90643473,2018,2018-01-19,9680,2018-01-10,1045,015061,NA,3,1,4,3720,0,1,3,NA,2,027,SR-94 E/B,MASSACHUSETTS AVE,1056,E,N,B,C,Y,NA,NA,94,NA,NA,NA,NA,NA,E,Y,3,0,2,2,A,-,07,21658,NA,N,C,C,A,B,H,-,A,D,0,NA,NA,Y,Y,Y,NA,C,02,0,1,1,0,0,0,0,0,2,-,-,32.74470901489258,-117.03986358642578,SAN DIEGO,LEMON GROVE,-117.03986358642578,32.744667053222656
90643584,2018,2018-01-19,9645,2018-01-08,1610,017499,NA,1,2,9,3700,0,3,5,NA,2,018,OTAY LAKES ROAD,WUESTE RD.,12672,E,N,C,-,N,NA,NA,NA,NA,NA,NA,NA,NA,NA,Y,3,0,3,2,A,-,03,22350,NA,N,A,C,A,B,H,-,B,D,0,NA,NA,NA,NA,Y,NA,A,01,0,1,2,0,0,0,0,0,0,-,-,32.63555145263672,-116.92218780517578,SAN DIEGO,UNINCORPORATED,-116.90845489501952,32.63465881347656
90644193,2018,2018-02-26,9680,2018-01-09,1652,019998,NA,2,2,5,3708,0,1,3,NA,2,028,SR-125 S/B,LEMON AVE.,5,N,N,B,C,Y,NA,NA,125,NA,NA,NA,NA,NA,S,N,4,0,1,2,A,-,03,22350,NA,N,B,C,A,B,H,-,C,D,0,NA,NA,NA,Y,Y,NA,A,08,0,0,1,0,0,0,0,0,0,-,-,32.76810073852539,-117.00240325927734,SAN DIEGO,LA MESA,-117.00237274169922,32.768096923828125
90644869,2017,2018-01-22,9645,2017-11-07,0010,021231,NA,2,3,7,3711,0,1,1,NA,2,005,I-5 S/B,CLAIREMONT MESA BLVD.,760,N,N,A,-,Y,NA,NA,5,NA,NA,NA,NA,NA,S,Y,3,0,2,2,A,-,07,21658,A,F,B,C,A,A,H,-,C,D,0,NA,NA,NA,NA,Y,NA,A,01,0,2,0,0,0,0,0,0,0,-,-,32.79262,-117.20768,SAN DIEGO,SAN DIEGO,-117.20767556,32.79262132
90645161,2018,2018-01-22,9650,2018-01-18,1717,015531,NA,4,2,5,3701,0,1,1,NA,2,005,I-5 N/B,CANNON RD,1584,S,N,A,-,Y,NA,NA,NA,NA,NA,NA,NA,NA,NA,Y,4,0,1,2,A,-,07,21658,A,N,B,C,A,A,H,-,D,D,0,NA,NA,Y,NA,Y,NA,A,01,0,0,1,0,0,0,0,0,1,-,-,33.74591827392578,-117.19355010986328,SAN DIEGO,CARLSBAD,-117.32703399658205,33.130706787109375
90646633,2018,2018-01-24,9645,2018-01-11,1743,017953,NA,4,2,7,3711,0,1,1,NA,2,007,I-5 N/B TO ROSELLE STREET,ROSELLE STREET,1370,S,N,A,-,Y,NA,NA,5,NA,NA,NA,R,NA,N,Y,4,0,2,3,A,-,03,22350,NA,N,C,C,A,A,H,-,D,D,0,NA,NA,NA,NA,Y,NA,A,01,0,0,2,0,0,0,0,0,0,-,-,32.896671295166016,-117.22547912597656,SAN DIEGO,SAN DIEGO,-117.22547912597656,32.896671295166016
90650223,2017,2018-01-29,9645,2017-11-05,1745,020844,NA,7,2,7,3711,0,1,3,NA,2,012,I-805 FROM SR-52 E/B,I-805,1000,W,N,A,-,Y,NA,NA,NA,NA,NA,NA,NA,NA,NA,Y,3,0,1,3,A,-,03,22350,NA,N,C,C,A,A,H,-,C,D,0,NA,NA,NA,NA,Y,NA,A,01,0,1,0,0,0,0,0,0,0,-,-,32.84657,-117.18517,SAN DIEGO,SAN DIEGO,NA,NA
90651725,2018,2018-01-30,9680,2018-01-22,1305,017996,NA,1,1,9,3700,0,3,5,NA,2,002,FURY LANE,CARPENTER LANE,100,E,N,A,-,N,NA,NA,NA,NA,NA,NA,NA,NA,NA,N,4,0,1,2,A,-,03,22350,NA,N,C,C,A,A,H,-,A,D,0,NA,NA,NA,NA,Y,NA,A,07,0,0,1,0,0,0,0,0,0,-,-,32.75130081176758,-116.95950317382813,SAN DIEGO,UNINCORPORATED,-116.95953369140624,32.751338958740234
90652917,2017,2018-02-01,9645,2017-11-08,1730,016864,NA,3,2,7,3711,0,1,1,NA,2,007,I-5 N/B BYPASS,CARMEL MOUNTAIN ROAD,2640,N,N,B,-,Y,NA,NA,5,NA,NA,NA,NA,NA,N,N,3,0,1,2,A,-,03,22350,NA,N,C,C,A,A,H,-,C,D,0,NA,NA,NA,NA,Y,NA,D,22,0,1,0,0,0,0,0,0,0,-,-,32.92237,-117.23768,SAN DIEGO,SAN DIEGO,-117.23800166,32.92219547
90654633,2018,2018-02-05,9645,2018-01-21,1430,020939,NA,7,2,7,3711,0,1,3,NA,2,014,SR-52 E/B,MAST BLVD,3960,W,N,A,-,Y,NA,NA,52,NA,NA,NA,NA,NA,E,Y,2,0,1,1,A,-,08,22107,NA,N,F,A,A,A,H,-,A,D,0,NA,NA,NA,NA,Y,NA,A,01,1,0,0,0,0,0,0,0,0,-,-,32.85200119018555,-117.04450225830078,SAN DIEGO,SAN DIEGO,-117.0444793701172,32.85215759277344
90655081,2018,2018-02-05,9650,2018-01-25,0715,013570,NA,4,1,6,3706,0,1,1,NA,2,023,I-15 N/B,BEETHOVEN DR,50,S,N,A,-,Y,NA,NA,15,NA,NA,NA,NA,NA,N,Y,3,0,5,5,A,-,07,21658,A,N,B,C,A,A,H,-,A,D,0,NA,NA,NA,Y,Y,NA,A,01,0,5,0,0,0,0,0,0,0,-,-,33.07353973388672,-117.06973266601563,SAN DIEGO,ESCONDIDO,-117.06996917724608,33.07349395751953
90655405,2018,2018-02-05,9680,2018-01-28,0835,017996,NA,7,1,9,3700,0,2,4,NA,1,025,SWEETWATER ROAD,VALENCIA STREET,0,NA,Y,A,-,N,NA,NA,NA,NA,NA,NA,NA,NA,NA,Y,4,0,2,2,A,-,09,21802,A,N,D,C,A,A,H,-,A,A,0,NA,NA,NA,NA,Y,NA,A,08,0,0,2,0,0,0,0,0,0,-,-,32.73460006713867,-117.01439666748048,SAN DIEGO,UNINCORPORATED,-117.01448822021484,32.73461151123047
90655698,2017,2018-02-06,9645,2017-11-13,2320,021601,NA,1,3,7,3711,0,1,1,NA,2,021,SR-15 N/B,LANDIS ST,1584,S,N,A,-,Y,NA,NA,15,NA,NA,NA,NA,NA,N,Y,3,0,1,2,A,-,03,22350,NA,N,C,C,A,A,H,-,C,D,0,NA,NA,NA,NA,Y,NA,A,08,0,1,0,0,0,0,0,0,0,-,-,32.74036,-117.11297,SAN DIEGO,SAN DIEGO,-117.11295021,32.7403522
90656934,2018,2018-02-07,9680,2018-01-29,0910,021501,NA,1,1,9,3700,0,3,5,NA,2,007,SR-78,S-2 (SAN FELIPE ROAD),0,NA,Y,A,-,N,NA,NA,78,NA,NA,NA,NA,NA,NA,Y,4,0,1,1,A,-,03,22350,NA,N,E,I,A,A,H,-,A,A,0,NA,NA,NA,NA,Y,NA,D,22,0,0,1,0,0,0,0,0,0,-,-,33.09852981567383,-116.4707489013672,SAN DIEGO,UNINCORPORATED,-116.47077178955078,33.09857940673828
90657193,2017,2018-02-07,9645,2017-11-15,1840,016864,NA,3,2,7,3711,0,1,1,NA,2,007,I-5 S/B,GILMAN DRIVE,600,N,N,B,-,Y,NA,NA,5,NA,NA,NA,NA,NA,S,Y,4,0,2,2,A,-,03,22350,NA,N,C,C,A,A,H,-,D,D,0,NA,NA,NA,NA,Y,NA,A,07,0,0,2,0,0,0,0,0,0,-,-,32.85199,-117.23364,SAN DIEGO,SAN DIEGO,-117.23366987,32.85201108
90657427,2018,2018-02-08,9680,2018-01-29,1515,019998,NA,1,2,9,3700,0,3,5,NA,2,001,DOLLAR CT.,WILLOW RD.,0,NA,Y,A,-,N,NA,NA,NA,NA,NA,NA,NA,NA,NA,Y,4,0,2,2,A,-,09,21802,A,N,D,C,A,A,H,-,A,A,0,NA,NA,NA,NA,Y,NA,A,07,0,0,2,0,0,0,0,0,0,-,-,32.87641143798828,-116.91684722900392,SAN DIEGO,UNINCORPORATED,-116.9167938232422,32.87641906738281
90659364,2018,2018-02-12,9680,2018-01-31,1750,021588,NA,3,2,5,3708,0,1,3,NA,2,028,SR-125 S/B,DALLAS ST,500,N,N,A,-,Y,NA,NA,125,NA,NA,NA,NA,NA,S,N,4,0,1,2,A,-,03,22350,NA,N,B,C,A,A,H,-,A,D,0,NA,NA,NA,NA,Y,NA,A,01,0,0,1,0,0,0,0,0,0,-,-,32.793418884277344,-117.00634002685548,SAN DIEGO,LA MESA,-117.00611877441406,32.793365478515625
90660468,2018,2018-02-13,9645,2018-02-01,1000,013383,NA,4,1,9,3700,0,3,5,NA,2,024,DOVE CANYON ROAD S/B,CAMINO SAN BERNARDO,0,NA,Y,A,-,N,NA,NA,NA,NA,NA,NA,NA,NA,NA,Y,3,0,3,2,A,-,12,21453,A,N,D,C,A,A,H,-,A,A,0,NA,NA,NA,NA,Y,NA,A,01,0,3,0,0,0,0,0,0,0,-,-,33.01020050048828,-117.11160278320313,SAN DIEGO,UNINCORPORATED,-117.11155700683594,33.01021194458008
90660680,2018,2018-02-20,9680,2018-02-03,1115,017996,NA,6,1,9,3700,0,3,5,NA,2,002,KENWOOD DRIVE,BANCROFT DRIVE,325,E,N,A,-,N,NA,NA,NA,NA,NA,NA,NA,NA,NA,Y,3,0,1,2,A,-,09,21804,A,N,D,C,A,A,H,-,A,D,0,NA,NA,NA,NA,Y,NA,A,01,0,1,0,0,0,0,0,0,0,-,-,32.74449920654297,-117.00090026855467,SAN DIEGO,UNINCORPORATED,-117.00245666503906,32.744529724121094
90661402,2018,2018-02-14,9645,2018-02-02,1620,017953,NA,5,2,7,3711,0,1,1,NA,2,019,I-15 S/B FROM CARMEL MOUNTAIN ROAD,CARMEL MOUNTAIN ROAD,445,S,N,A,-,Y,NA,NA,15,NA,NA,NA,R,NA,S,Y,4,0,2,2,A,-,03,22350,NA,N,C,C,A,A,H,-,A,A,0,NA,NA,NA,NA,Y,NA,A,01,0,0,2,0,0,0,0,0,0,-,-,32.977508544921875,-117.08789825439452,SAN DIEGO,SAN DIEGO,-117.08789825439452,32.977508544921875
90662298,2017,2018-02-15,9645,2017-11-24,2340,021097,NA,5,3,7,3711,0,1,1,NA,2,015,I-805 S/B,LA JOLLA VILLAGE DR,500,S,N,A,-,Y,NA,NA,805,NA,NA,NA,NA,NA,S,Y,3,0,2,2,A,-,03,22350,NA,F,C,C,A,A,H,-,C,D,0,NA,NA,NA,NA,Y,NA,-,99,0,2,0,0,0,0,0,0,0,-,-,32.87319,-117.1983,SAN DIEGO,SAN DIEGO,-117.1982585,32.87321791
90662330,2017,2018-02-15,9645,2017-11-25,0906,018223,NA,6,1,7,3711,0,1,1,NA,2,027,I-15 NB,MEADE AVE,500,N,N,A,-,Y,NA,NA,15,NA,NA,NA,NA,NA,N,Y,4,0,1,2,A,-,17,21658,NA,N,B,C,A,A,H,-,A,D,0,NA,NA,NA,NA,Y,NA,D,22,0,0,1,0,0,0,0,0,0,-,-,32.75873,-117.10877,SAN DIEGO,SAN DIEGO,-117.10873508,32.75873184
90662339,2018,2018-02-15,9680,2018-02-06,1310,019998,NA,2,1,9,3700,0,3,5,NA,2,002,OLIVE DR.,BANCROFT DR,624,E,N,A,-,N,NA,NA,NA,NA,NA,NA,NA,NA,NA,Y,4,0,3,3,A,-,03,22350,NA,N,A,C,A,A,H,-,A,D,0,NA,NA,NA,NA,Y,NA,A,01,0,0,3,0,0,0,0,0,0,-,-,32.74203872680664,-117.00276947021484,SAN DIEGO,UNINCORPORATED,-117.00293731689452,32.74197769165039
90663719,2018,2018-02-19,9650,2018-02-15,1356,020966,NA,4,1,5,3713,0,1,3,NA,2,017,SR-78 W/B,SMILAX RD,300,W,N,A,-,Y,NA,NA,NA,NA,NA,NA,NA,NA,NA,Y,4,0,2,3,A,-,08,22107,NA,N,B,C,A,A,H,-,A,D,0,NA,NA,NA,NA,Y,NA,A,01,0,0,2,0,0,0,0,0,0,-,-,33.158729553222656,-117.20762634277344,SAN DIEGO,VISTA,-117.20761108398438,33.15864944458008
90664206,2018,2018-02-20,9645,2018-02-02,2200,021768,NA,5,3,5,3709,0,1,3,NA,2,008,SR-54 W/B,NATIONAL CITY BLVD. O/C,100,E,N,A,-,Y,NA,NA,54,NA,NA,NA,NA,NA,W,Y,4,0,1,4,A,-,03,22350,NA,N,C,C,A,A,H,-,D,D,0,NA,NA,NA,NA,Y,NA,A,01,0,0,1,0,0,0,0,0,0,-,-,32.653480529785156,-117.09774017333984,SAN DIEGO,NATIONAL CITY,-117.09772491455078,32.65342712402344
90664913,2018,2018-02-20,9645,2018-02-08,0754,018149,NA,4,1,7,3711,0,1,1,NA,2,010,I-8 W/B,MORENA BLVD. U/C,505,E,N,A,-,Y,NA,NA,NA,NA,NA,NA,NA,NA,NA,Y,4,0,1,2,A,-,07,21658,A,N,C,C,A,A,H,-,A,D,0,NA,NA,NA,NA,Y,NA,A,08,0,0,1,0,0,0,0,0,0,-,-,32.76433181762695,-117.1943588256836,SAN DIEGO,SAN DIEGO,-117.19632720947266,32.760536193847656
90665788,2017,2018-02-21,9645,2017-12-09,0442,021097,NA,6,3,9,3700,0,1,3,NA,2,008,SR-54 E/B,SR-125,1320,W,N,A,-,Y,NA,NA,54,NA,NA,NA,NA,NA,E,Y,3,0,2,2,A,-,03,22350,NA,F,C,C,A,A,H,-,C,D,0,NA,NA,NA,NA,Y,NA,A,01,0,2,0,0,0,0,0,0,0,-,-,32.68774,-117.02131,SAN DIEGO,UNINCORPORATED,-117.02130153,32.68772916
90668224,2018,2018-02-23,9680,2018-02-12,0920,016181,NA,1,1,9,3700,0,1,3,NA,2,027,SR-94 W/B TO COLLEGE GROVE WAY,SR-94 W/B,88,N,N,B,-,Y,NA,NA,NA,NA,NA,NA,NA,NA,NA,Y,3,0,1,1,A,-,03,22350,NA,N,E,I,A,A,H,-,A,A,0,NA,NA,NA,NA,Y,NA,A,01,0,1,0,0,0,0,0,0,0,-,-,32.736961364746094,-117.05645751953124,SAN DIEGO,UNINCORPORATED,-117.05693817138672,32.73733139038086
90668572,2018,2018-02-23,9650,2018-02-18,0734,016885,NA,7,1,9,3700,0,1,1,NA,2,001,I-5 S/B,LAS PULGAS RD,15312,N,N,A,-,Y,NA,NA,5,NA,NA,NA,NA,NA,S,Y,4,0,1,3,C,-,18,NA,NA,N,B,C,A,A,H,-,A,D,0,NA,NA,NA,NA,Y,NA,-,-,0,0,1,0,0,0,0,0,0,-,-,33.32986068725586,-117.49429321289063,SAN DIEGO,UNINCORPORATED,-117.49421691894533,33.329959869384766
90672201,2018,2018-02-28,9680,2018-02-18,1450,021237,NA,7,2,9,3700,0,3,5,NA,2,002,JAMACHA ROAD,SR-125 NB,11,E,N,A,-,N,NA,NA,NA,NA,NA,NA,NA,NA,NA,N,4,0,1,2,A,-,03,22350,NA,N,C,C,A,A,H,-,A,D,0,NA,NA,Y,NA,Y,NA,A,01,0,0,1,0,0,0,0,0,1,-,-,32.714759826660156,-117.01396942138672,SAN DIEGO,UNINCORPORATED,-117.01446533203124,32.71474838256836
9067261,2020,2020-05-19,3711,2020-02-22,1253,SD7824,NA,6,5,7,3711,0,0,0,NA,0,126,NORTH TORREY PINES RD,N TORREY PINES RD 10000,0,NA,Y,A,-,N,NA,NA,NA,NA,NA,NA,NA,NA,NA,N,4,0,2,2,A,-,12,21453,A,N,A,C,A,A,H,-,A,A,0,NA,NA,NA,NA,Y,NA,A,01,0,0,2,0,0,0,0,0,0,-,-,NA,NA,SAN DIEGO,SAN DIEGO,NA,NA