CASE_ID,ACCIDENT_YEAR,PROC_DATE,JURIS,COLLISION_DATE,COLLISION_TIME,OFFICER_ID,REPORTING_DISTRICT,DAY_OF_WEEK,CHP_SHIFT,POPULATION,CNTY_CITY_LOC,SPECIAL_COND,BEAT_TYPE,CHP_BEAT_TYPE,CITY_DIVISION_LAPD,CHP_BEAT_CLASS,BEAT_NUMBER,PRIMARY_RD,SECONDARY_RD,DISTANCE,DIRECTION,INTERSECTION,WEATHER_1,WEATHER_2,STATE_HWY_IND,CALTRANS_COUNTY,CALTRANS_DISTRICT,STATE_ROUTE,ROUTE_SUFFIX,POSTMILE_PREFIX,POSTMILE,LOCATION_TYPE,RAMP_INTERSECTION,SIDE_OF_HWY,TOW_AWAY,COLLISION_SEVERITY,NUMBER_KILLED,NUMBER_INJURED,PARTY_COUNT,PRIMARY_COLL_FACTOR,PCF_CODE_OF_VIOL,PCF_VIOL_CATEGORY,PCF_VIOLATION,PCF_VIOL_SUBSECTION,HIT_AND_RUN,TYPE_OF_COLLISION,MVIW,PED_ACTION,ROAD_SURFACE,ROAD_COND_1,ROAD_COND_2,LIGHTING,CONTROL_DEVICE,CHP_ROAD_TYPE,PEDESTRIAN_ACCIDENT,BICYCLE_ACCIDENT,MOTORCYCLE_ACCIDENT,TRUCK_ACCIDENT,NOT_PRIVATE_PROPERTY,ALCOHOL_INVOLVED,STWD_VEHTYPE_AT_FAULT,CHP_VEHTYPE_AT_FAULT,COUNT_SEVERE_INJ,COUNT_VISIBLE_INJ,COUNT_COMPLAINT_PAIN,COUNT_PED_KILLED,COUNT_PED_INJURED,COUNT_BICYCLIST_KILLED,COUNT_BICYCLIST_INJURED,COUNT_MC_KILLED,COUNT_MC_INJURED,PRIMARY_RAMP,SECONDARY_RAMP,LATITUDE,LONGITUDE,COUNTY,CITY,POINT_X,POINT_Y
91112439,2019,2019-11-04,9645,2019-10-22,2245,016137,NA,2,3,7,3711,0,1,1,NA,2,007,I-8 EASTBOUND,I-15 SOUTHBOUND,400,W,N,A,-,Y,NA,NA,8,NA,NA,NA,NA,NA,E,N,4,0,1,2,A,-,03,22350,NA,N,C,C,A,A,D,-,C,D,0,NA,NA,NA,NA,Y,NA,A,01,0,0,1,0,0,0,0,0,0,-,-,32.77830123901367,-117.11640167236328,SAN DIEGO,SAN DIEGO,-117.11640167236328,32.778343200683594
91112542,2019,2019-11-04,9645,2019-10-24,1435,017499,NA,4,2,5,3709,0,1,3,NA,2,008,SR-54 EASTBOUND,I-805 NB OC,40,E,N,A,-,Y,NA,NA,54,NA,NA,NA,NA,NA,E,N,4,0,2,2,A,-,03,22350,NA,N,C,C,A,A,H,-,A,D,0,NA,NA,NA,NA,Y,NA,A,07,0,0,2,0,0,0,0,0,0,-,-,32.66484832763672,-117.05364990234376,SAN DIEGO,NATIONAL CITY,-117.05370330810548,32.665016174316406
91112614,2019,2019-11-04,9650,2019-10-31,2226,019822,NA,4,3,5,3712,0,1,3,NA,2,019,SR-78 E/B,RANCHO SANTA FE RD,505,E,N,A,-,Y,NA,NA,78,NA,NA,NA,NA,NA,E,Y,3,0,1,2,A,-,01,23152,A,N,C,C,A,A,H,-,C,D,0,NA,NA,NA,NA,Y,Y,A,07,0,1,0,0,0,0,0,0,0,-,-,33.148799896240234,-117.19673919677734,SAN DIEGO,SAN MARCOS,-117.19679260253906,33.14873504638672
91113477,2019,2019-11-05,9645,2019-10-24,0315,021231,NA,4,3,7,3711,0,1,1,NA,2,001,I-5 N/B,L ST.,609,S,N,A,-,Y,NA,NA,NA,NA,NA,NA,NA,NA,NA,Y,3,0,3,1,A,-,08,22107,NA,N,E,I,A,A,H,-,D,D,0,NA,NA,NA,NA,Y,NA,A,01,0,1,2,0,0,0,0,0,0,-,-,32.61384963989258,-117.09069061279295,SAN DIEGO,SAN DIEGO,-117.16058349609376,32.70684814453125
91115671,2019,2019-11-07,9650,2019-11-01,1145,019594,NA,5,1,9,3700,0,1,3,NA,2,025,SR-78 W/B (SAN PASQUAL RD.),17TH ST,46,E,N,A,-,N,NA,NA,78,NA,NA,NA,NA,NA,W,Y,4,0,1,2,A,-,03,22350,NA,M,C,C,A,A,H,-,A,A,0,NA,NA,NA,NA,Y,NA,A,01,0,0,1,0,0,0,0,0,0,-,-,33.111289978027344,-117.05628204345705,SAN DIEGO,UNINCORPORATED,-117.05628967285156,33.11128234863281
91117891,2019,2019-11-12,9680,2019-10-30,0650,013848,NA,3,1,5,3705,0,1,3,NA,2,016,SR-67 N/B,BRADLEY AVE,1056,S,N,A,-,Y,NA,NA,NA,NA,NA,NA,NA,NA,NA,Y,3,0,2,2,A,-,08,22107,NA,N,C,C,A,A,H,-,A,D,0,NA,NA,NA,NA,Y,NA,A,01,0,1,1,0,0,0,0,0,0,-,-,32.81557846069336,-116.96115112304688,SAN DIEGO,EL CAJON,-116.96086883544922,32.81623458862305
9111859,2020,2020-07-30,3702,2020-04-24,0900,CV1303,NA,5,5,6,3702,0,0,0,NA,0,012,F ST,BROADWAY,68,W,N,A,-,N,NA,NA,NA,NA,NA,NA,NA,NA,NA,N,3,0,1,2,A,-,11,21954,A,N,G,A,E,A,H,-,A,A,0,Y,NA,NA,NA,Y,NA,N,60,0,1,0,0,1,0,0,0,0,-,-,NA,NA,SAN DIEGO,CHULA VISTA,-117.09237670898438,32.63778305053711
91118963,2019,2019-11-13,9680,2019-11-03,1045,017621,NA,7,1,9,3700,0,1,3,NA,1,091,SR-78,B ST,75,E,N,A,-,Y,NA,NA,78,NA,NA,NA,NA,NA,NA,Y,4,0,2,3,A,-,03,22350,NA,N,C,C,A,A,H,-,A,A,0,NA,NA,NA,NA,Y,NA,A,07,0,0,2,0,0,0,0,0,0,-,-,33.042789459228516,-116.8691635131836,SAN DIEGO,UNINCORPORATED,-116.86917877197266,33.04277801513672
91119061,2019,2019-11-13,9650,2019-11-01,0639,018840,NA,5,1,9,3700,0,1,1,NA,2,001,I-5 N/B,BASILONE RD,1800,N,N,A,-,Y,NA,NA,5,NA,NA,NA,NA,NA,N,Y,3,0,2,3,A,-,06,21750,NA,F,C,C,A,A,H,-,B,D,0,NA,NA,NA,NA,Y,Y,-,99,0,1,1,0,0,0,0,0,0,-,-,33.388710021972656,-117.5879135131836,SAN DIEGO,UNINCORPORATED,-117.58783721923828,33.38877487182617
9111914,2020,2020-09-14,3702,2020-06-09,2032,CV1232,NA,2,5,6,3702,0,0,0,NA,0,013,4TH AV,HALSEY ST,21,N,N,A,-,N,NA,NA,NA,NA,NA,NA,NA,NA,NA,Y,4,0,1,1,A,-,01,23152,A,M,E,I,A,A,H,-,C,D,0,NA,NA,NA,NA,Y,Y,D,22,0,0,1,0,0,0,0,0,0,-,-,NA,NA,SAN DIEGO,CHULA VISTA,-117.07923889160156,32.62803268432617
91121842,2019,2019-11-18,9650,2019-11-08,1039,013636,NA,5,1,5,3701,0,1,1,NA,2,005,I-5 S/B,LA COSTA AVE,500,N,N,A,-,Y,NA,NA,NA,NA,NA,NA,NA,NA,NA,Y,4,0,1,5,A,-,03,22350,NA,F,C,C,A,A,D,-,A,D,0,NA,NA,NA,NA,Y,NA,A,07,0,0,1,0,0,0,0,0,0,-,-,33.05158996582031,-117.17961883544922,SAN DIEGO,CARLSBAD,-117.29901123046876,33.08543014526367
9112430,2020,2020-08-20,3711,2020-06-13,1458,SD7759,NA,6,5,7,3711,0,0,0,NA,0,122,FELSPAR ST,MORRELL ST,305,E,N,A,-,N,NA,NA,NA,NA,NA,NA,NA,NA,NA,Y,4,0,1,2,A,-,21,22106,NA,N,B,C,A,B,H,-,A,D,0,NA,NA,NA,NA,Y,NA,A,08,0,0,1,0,0,0,0,0,0,-,-,NA,NA,SAN DIEGO,SAN DIEGO,-117.23282623291016,32.802513122558594
9112574,2020,2020-12-01,3708,2020-05-28,0840,LM1266,NA,4,5,5,3708,0,0,0,NA,0,004,LA MESA BL,RT 8,0,NA,Y,A,-,Y,SD,11,8,-,-,12.316,R,4,W,Y,4,0,1,2,A,-,12,21453,A,N,D,C,A,A,H,-,A,A,0,NA,NA,NA,NA,Y,NA,A,07,0,0,1,0,0,0,0,0,0,-,EO,NA,NA,SAN DIEGO,LA MESA,-117.00255584716795,32.77831268310547
91126098,2019,2019-11-21,9650,2019-11-13,2235,013890,NA,3,3,5,3782,0,1,1,NA,2,007,I-5 S/B,LA COSTA AVE.,1807,S,N,A,-,Y,NA,NA,5,NA,NA,NA,NA,NA,S,Y,3,0,1,1,A,-,08,22107,NA,N,E,I,A,A,D,-,D,D,0,NA,NA,NA,NA,Y,NA,A,07,0,1,0,0,0,0,0,0,0,-,-,33.079368591308594,-117.2967529296875,SAN DIEGO,ENCINITAS,-117.29669952392578,33.079383850097656
91127436,2019,2019-11-22,9645,2019-11-12,1725,018697,NA,2,2,7,3711,0,1,1,NA,2,021,STATE ROUTE 15 (SOUTHBOUND),MARKET STREET O/C,695,N,N,A,-,Y,NA,NA,15,NA,NA,NA,NA,NA,NA,Y,4,0,1,2,A,-,03,22350,NA,N,C,C,A,A,H,-,C,D,0,NA,NA,NA,NA,Y,NA,A,01,0,0,1,0,0,0,0,0,0,-,-,32.71384048461914,-117.11815643310548,SAN DIEGO,SAN DIEGO,-117.11808776855467,32.713809967041016
91131109,2019,2019-11-27,9650,2019-11-19,0910,013388,NA,2,1,9,3700,0,3,5,NA,2,070,SAN DIEGUITO ROAD,EL APAJO,600,W,N,A,-,N,NA,NA,NA,NA,NA,NA,NA,NA,NA,Y,3,0,1,1,A,-,21,22106,NA,N,E,I,A,A,H,-,A,D,0,NA,NA,NA,NA,Y,NA,A,01,0,1,0,0,0,0,0,0,0,-,-,32.99570083618164,-117.19344329833984,SAN DIEGO,UNINCORPORATED,-117.19390106201172,32.99526596069336
91131374,2019,2019-11-27,9680,2019-11-15,1554,021441,NA,5,2,5,3708,0,1,1,NA,2,081,I-8 W/B,SEVERIN DR,630,E,N,A,-,Y,NA,NA,8,NA,NA,NA,NA,NA,W,Y,4,0,3,2,A,-,03,22350,NA,N,C,C,A,A,H,-,A,D,0,NA,NA,NA,NA,Y,NA,A,01,0,0,3,0,0,0,0,0,0,-,-,32.77939987182617,-116.99649810791016,SAN DIEGO,LA MESA,-116.99649810791016,32.779415130615234
91132399,2019,2019-12-02,9650,2019-11-16,1425,021200,NA,6,2,5,3713,0,1,3,NA,2,017,SR-78 E/B,MAR VISTA DR,300,E,N,A,-,Y,NA,NA,78,NA,NA,NA,NA,NA,E,N,4,0,5,2,A,-,03,22350,NA,N,C,C,A,A,H,-,A,D,0,NA,NA,NA,NA,Y,NA,A,01,0,0,5,0,0,0,0,0,0,-,-,33.177059173583984,-117.22765350341795,SAN DIEGO,VISTA,-117.22772216796876,33.17700958251953
9113256,2020,2020-07-13,3700,2020-03-11,1425,SH6068,NA,3,5,4,3707,0,0,0,NA,0,705,FLORIDA ST,DONAX AV,0,NA,Y,B,-,N,NA,NA,NA,NA,NA,NA,NA,NA,NA,N,3,0,2,2,A,-,12,22450,A,N,D,C,A,A,H,-,A,A,0,NA,NA,NA,Y,Y,NA,A,07,0,1,1,0,0,0,0,0,0,-,-,NA,NA,SAN DIEGO,IMPERIAL BEACH,-117.10936737060548,32.582271575927734
91132987,2019,2019-12-02,9645,2019-11-20,0348,019410,NA,3,3,6,3702,0,1,1,NA,2,009,I-805 N/B,BONITA RD. U/C,300,S,N,B,C,Y,NA,NA,NA,NA,NA,NA,NA,NA,NA,Y,4,0,1,1,A,-,08,22107,NA,N,E,I,A,B,H,-,C,D,0,NA,NA,NA,NA,Y,NA,A,01,0,0,1,0,0,0,0,0,0,-,-,32.64889907836914,-117.662353515625,SAN DIEGO,CHULA VISTA,-117.06037902832033,32.64759826660156
91133596,2019,2019-12-02,9680,2019-11-18,1517,021944,NA,1,2,9,3700,0,3,5,NA,2,002,CONRAD DR,SAN JUAN ST,368,N,N,A,-,N,NA,NA,NA,NA,NA,NA,NA,NA,NA,N,3,0,1,2,A,-,09,21804,A,N,G,B,F,A,H,-,A,D,0,Y,NA,NA,NA,Y,NA,A,01,0,1,0,0,1,0,0,0,0,-,-,32.74974060058594,-116.9872589111328,SAN DIEGO,UNINCORPORATED,-116.9873275756836,32.74967956542969
91134051,2019,2019-12-03,9680,2019-11-20,0742,015578,NA,3,1,4,3720,0,1,3,NA,2,027,SR-94 WESTBOUND,MASSACHUSETTS AVE.,528,E,N,B,C,Y,NA,NA,94,NA,NA,NA,NA,NA,W,N,4,0,1,2,A,-,03,22350,NA,N,C,C,A,B,H,-,A,D,0,NA,NA,NA,NA,Y,NA,A,01,0,0,1,0,0,0,0,0,0,-,-,32.7448616027832,-117.03958892822266,SAN DIEGO,LEMON GROVE,-117.03958892822266,32.744850158691406
91134321,2019,2019-12-03,9645,2019-11-21,0700,016047,NA,4,1,7,3711,0,1,1,NA,2,007,I-5 NORTHBOUND,GARNET AVENUE,5808,N,N,B,C,Y,NA,NA,5,NA,NA,NA,NA,NA,N,Y,4,0,1,2,A,-,03,22350,NA,N,C,C,A,B,H,-,A,D,0,NA,NA,NA,NA,Y,NA,D,22,0,0,1,0,0,0,0,0,0,-,-,32.8201789855957,-117.2268524169922,SAN DIEGO,SAN DIEGO,-117.22689819335938,32.82012939453125
91134620,2019,2019-12-03,9680,2019-11-19,1600,022233,NA,2,2,5,3705,0,3,5,NA,2,001,GREENFIELD DR,ORO ST,100,W,N,A,-,N,NA,NA,NA,NA,NA,NA,NA,NA,NA,N,4,0,2,3,A,-,03,22350,NA,N,C,C,A,B,H,-,A,D,0,NA,NA,NA,NA,Y,NA,A,01,0,0,2,0,0,0,0,0,0,-,-,32.81340026855469,-116.94039916992188,SAN DIEGO,EL CAJON,-116.94050598144533,32.81333923339844
91135166,2019,2019-12-04,9645,2019-11-17,0215,021768,NA,7,3,6,3702,0,1,1,NA,2,001,I-5 S/B,J ST. U/C,1000,S,N,A,-,Y,NA,NA,5,NA,NA,NA,NA,NA,S,Y,4,0,2,2,A,-,03,22350,NA,F,C,C,A,A,H,-,C,D,0,NA,NA,NA,NA,Y,NA,-,99,0,0,2,0,0,0,0,0,0,-,-,32.61906051635742,-117.09210968017578,SAN DIEGO,CHULA VISTA,-117.09210205078124,32.61906433105469
9113550,2020,2020-07-30,3702,2020-04-21,0744,CV0982,NA,2,5,6,3702,0,0,0,NA,0,013,H ST,3RD AV,0,NA,Y,B,-,N,NA,NA,NA,NA,NA,NA,NA,NA,NA,Y,2,0,2,1,A,-,03,22350,NA,N,A,I,A,A,H,-,A,A,0,NA,NA,NA,NA,Y,NA,A,01,1,1,0,0,0,0,0,0,0,-,-,NA,NA,SAN DIEGO,CHULA VISTA,-117.07723236083984,32.6343994140625
9113570,2020,2020-07-30,3702,2020-04-28,1013,CV1254,NA,2,5,6,3702,0,0,0,NA,0,021,BROADWAY ST,OXFORD ST,0,NA,Y,A,-,N,NA,NA,NA,NA,NA,NA,NA,NA,NA,N,4,0,1,2,A,-,09,21800,A,N,G,G,A,A,H,-,A,A,0,NA,Y,NA,NA,Y,NA,A,01,0,0,1,0,0,0,1,0,0,-,-,NA,NA,SAN DIEGO,CHULA VISTA,-117.08006286621094,32.60673904418945
91135856,2019,2019-12-04,9680,2019-11-20,2142,020884,NA,3,2,5,3708,0,1,1,NA,2,081,I-8 WESTBOUND,JACKSON DR,1584,W,N,B,C,Y,NA,NA,8,NA,NA,NA,NA,NA,W,Y,4,0,1,2,A,-,03,22350,NA,N,C,C,A,B,H,-,D,D,0,NA,NA,NA,NA,Y,NA,A,01,0,0,1,0,0,0,0,0,0,-,-,32.77289962768555,-117.01654815673828,SAN DIEGO,LA MESA,-117.01657104492188,32.77294921875
91136545,2019,2019-12-05,9680,2019-11-21,0750,015733,NA,4,1,9,3700,0,1,3,NA,1,090,SR-67,JULIAN ST.,236,N,N,B,-,Y,NA,NA,67,NA,NA,NA,NA,NA,NA,Y,3,0,1,1,A,-,08,22107,NA,N,E,I,A,B,H,-,A,D,0,NA,NA,NA,NA,Y,NA,A,01,0,1,0,0,0,0,0,0,0,-,-,33.031490325927734,-116.8852081298828,SAN DIEGO,UNINCORPORATED,-116.88522338867188,33.03150939941406
91136932,2019,2019-12-05,9645,2019-11-25,0905,013784,NA,1,1,7,3711,0,1,1,NA,2,015,I-805 N/B,EASTGATE MALL,450,N,N,A,-,Y,NA,NA,805,NA,NA,NA,NA,NA,N,Y,3,0,1,2,A,-,03,22350,NA,N,C,C,A,A,H,-,A,D,0,NA,NA,NA,Y,Y,NA,A,01,0,1,0,0,0,0,0,0,0,-,-,32.8820686340332,-117.20137786865234,SAN DIEGO,SAN DIEGO,-117.20145416259766,32.88204574584961
91137037,2019,2019-12-05,9680,2019-11-22,1340,020780,NA,5,1,9,3700,0,3,5,NA,2,001,ASHWOOD ST,MAPLEVIEW ST,1584,N,N,A,-,N,NA,NA,NA,NA,NA,NA,NA,NA,NA,Y,3,0,1,1,A,-,08,22107,NA,N,E,I,A,A,H,-,A,D,0,NA,NA,NA,NA,Y,NA,A,07,0,1,0,0,0,0,0,0,0,-,-,32.8674201965332,-116.91519927978516,SAN DIEGO,UNINCORPORATED,-116.91538238525392,32.867069244384766
91137279,2019,2019-12-06,9650,2019-11-28,0428,013890,NA,4,3,5,3701,0,1,1,NA,2,005,I-5 S/B TO LA COSTA AVE.,LA COSTA AVE,80,N,N,B,-,Y,NA,NA,5,NA,NA,NA,R,NA,S,Y,3,0,1,2,A,-,01,23152,A,N,C,C,A,B,D,-,C,D,0,NA,NA,NA,NA,Y,Y,A,01,0,1,0,0,0,0,0,0,0,-,-,33.0843391418457,-117.29913330078124,SAN DIEGO,CARLSBAD,-117.29913330078124,33.0843391418457
91137542,2019,2019-12-06,9680,2019-11-22,1610,020780,T617,5,2,9,3700,0,2,4,NA,1,013,WILDCAT CANYON ROAD,FOUNDERS WAY,3696,S,N,A,-,N,NA,NA,NA,NA,NA,NA,NA,NA,NA,Y,3,0,1,1,A,-,01,23152,A,N,E,I,A,A,H,-,A,D,0,NA,NA,NA,NA,Y,Y,A,01,0,1,0,0,0,0,0,0,0,-,-,32.925941467285156,-116.87496948242188,SAN DIEGO,UNINCORPORATED,-116.87490081787108,32.925933837890625
91137869,2019,2019-12-06,9645,2019-10-29,0222,021338,NA,2,3,9,3700,0,1,3,NA,2,008,SR-54 E/B,I-805,200,E,N,A,-,Y,NA,NA,54,NA,NA,NA,NA,NA,E,Y,2,0,2,2,A,-,03,22350,NA,N,H,A,A,A,H,-,C,D,0,NA,NA,NA,NA,Y,NA,A,01,1,0,1,0,0,0,0,0,0,-,-,32.659278869628906,-117.07051849365234,SAN DIEGO,UNINCORPORATED,-117.07052612304688,32.6592903137207
91138018,2019,2019-12-06,9645,2019-10-30,1658,021268,NA,3,2,7,3711,0,1,1,NA,2,005,I-5 N/B,I-8,2640,S,N,A,-,Y,NA,NA,NA,NA,NA,NA,NA,NA,NA,Y,4,0,1,3,A,-,03,22350,NA,N,C,A,A,A,H,-,A,D,0,NA,NA,NA,NA,Y,NA,A,01,0,0,1,0,0,0,0,0,0,-,-,32.75830078125,-117.1999969482422,SAN DIEGO,SAN DIEGO,-117.20320129394533,32.75914001464844
91139281,2019,2019-12-10,9680,2019-11-23,1825,021353,NA,6,2,9,3700,0,3,5,NA,2,002,KENWOOD DR,SR-94,200,N,N,A,-,N,NA,NA,NA,NA,NA,NA,NA,NA,NA,Y,4,0,1,2,A,-,03,22350,NA,N,C,C,A,A,H,-,C,A,0,NA,NA,NA,NA,Y,NA,A,01,0,0,1,0,0,0,0,0,0,-,-,32.747108459472656,-116.98938751220705,SAN DIEGO,UNINCORPORATED,-116.98963165283205,32.7468376159668
91140378,2019,2020-01-20,9645,2019-11-14,1840,015790,NA,4,2,7,3711,0,1,1,NA,2,017,I-15 (SB),SR-52 (O/C),1500,N,N,A,-,Y,NA,NA,NA,NA,NA,NA,NA,NA,NA,Y,3,0,2,2,A,-,03,22350,NA,N,C,E,A,A,H,-,B,D,0,NA,NA,NA,NA,Y,NA,A,07,0,2,0,0,0,0,0,0,0,-,-,32.75608825683594,-117.15914916992188,SAN DIEGO,SAN DIEGO,-117.12075805664063,32.84209060668945
91140570,2019,2019-12-11,9650,2019-12-02,0740,013388,NA,1,1,9,3700,0,3,5,NA,2,070,VIA DE LA VALLE,VIA DE SANTA FE,0,NA,Y,A,-,N,NA,NA,NA,NA,NA,NA,NA,NA,NA,Y,4,0,1,2,A,-,09,21801,A,N,D,C,A,A,H,-,A,D,0,NA,NA,NA,NA,Y,NA,D,22,0,0,1,0,0,0,0,0,0,-,-,33.01551055908203,-117.19959259033205,SAN DIEGO,UNINCORPORATED,-117.19927215576172,33.01530838012695
91140574,2019,2019-12-11,9650,2019-12-04,0005,021404,NA,3,3,9,3700,0,1,1,NA,2,001,I-5 N/B,BASILONE RD,5750,S,N,B,-,Y,NA,NA,5,NA,NA,NA,NA,NA,N,Y,2,0,4,1,A,-,08,22107,NA,N,E,I,A,B,H,-,D,D,0,NA,NA,NA,NA,Y,NA,A,01,1,3,0,0,0,0,0,0,0,-,-,33.37881088256836,-117.5659637451172,SAN DIEGO,UNINCORPORATED,-117.56591796875,33.37889099121094
91140972,2019,2019-12-11,9645,2019-11-29,1505,021268,NA,5,2,7,3711,0,1,1,NA,2,001,I-15 S/B,MIRA MESA BOULEVARD,300,N,N,A,-,Y,NA,NA,15,NA,NA,NA,NA,NA,S,Y,4,0,1,1,A,-,08,22107,NA,N,E,I,A,A,H,-,A,D,0,NA,NA,NA,NA,Y,NA,D,22,0,0,1,0,0,0,0,0,0,-,-,32.92179870605469,-117.11579895019533,SAN DIEGO,SAN DIEGO,-117.11555480957033,32.92176055908203
91141448,2019,2019-12-11,9680,2019-12-01,0935,016535,NA,7,1,9,3700,0,3,5,NA,2,002,RESMAR RD,HILLVIEW DR,202,N,N,A,-,N,NA,NA,NA,NA,NA,NA,NA,NA,NA,Y,3,0,1,1,A,-,08,22107,NA,N,E,J,A,A,H,-,A,D,0,NA,NA,NA,NA,Y,NA,A,08,0,1,0,0,0,0,0,0,0,-,-,32.7623291015625,-116.9763412475586,SAN DIEGO,UNINCORPORATED,-116.97726440429688,32.760841369628906
91141492,2019,2019-12-11,9650,2019-12-03,0457,020343,NA,2,3,9,3700,0,2,4,NA,1,027,VALLEY CENTER RD,SR-76,0,NA,Y,B,-,Y,NA,NA,NA,NA,NA,NA,NA,NA,NA,Y,4,0,1,1,A,-,03,22350,NA,N,E,I,A,A,H,-,E,A,0,NA,NA,NA,NA,Y,NA,-,98,0,0,1,0,0,0,0,0,0,-,-,33.28813934326172,-116.95810699462892,SAN DIEGO,UNINCORPORATED,-116.95877838134766,33.288421630859375
91142487,2019,2019-12-12,9680,2019-12-03,1705,021944,NA,2,2,9,3700,0,2,4,NA,1,020,AVOCADO BLVD,LOUISA DR,345,S,N,A,-,N,NA,NA,NA,NA,NA,NA,NA,NA,NA,Y,4,0,1,3,A,-,03,22350,NA,N,C,C,A,A,H,-,B,A,0,NA,NA,NA,NA,Y,NA,A,01,0,0,1,0,0,0,0,0,0,-,-,32.7494010925293,-116.96209716796876,SAN DIEGO,UNINCORPORATED,-116.96199798583984,32.74941635131836
91143152,2019,2019-12-13,9645,2019-12-03,2155,021600,NA,2,2,7,3711,0,1,1,NA,2,010,I-8 W/B,PRESIDIO PARK,2112,E,N,C,-,Y,NA,NA,8,NA,NA,NA,NA,NA,W,Y,3,0,2,2,A,-,03,22350,NA,F,C,C,A,B,H,-,D,D,0,NA,NA,NA,NA,Y,NA,A,07,0,1,1,0,0,0,0,0,0,-,-,32.759498596191406,-117.181396484375,SAN DIEGO,SAN DIEGO,-117.18140411376952,32.759464263916016
91143183,2019,2019-12-13,9645,2019-12-03,0730,015698,NA,2,1,5,3709,0,1,3,NA,2,008,SR-54 WB,SWEETWATER RD.,150,E,N,B,-,Y,NA,NA,54,NA,NA,NA,NA,NA,W,Y,3,0,1,3,A,-,03,22350,NA,N,C,C,A,A,H,-,A,D,0,NA,NA,NA,NA,Y,NA,A,01,0,1,0,0,0,0,0,0,0,-,-,32.66073989868164,-117.06845092773438,SAN DIEGO,NATIONAL CITY,-117.06846618652344,32.6607666015625
91143456,2019,2019-12-16,9650,2019-12-03,1710,016997,NA,2,2,6,3710,0,1,1,NA,2,005,I-5 N/B,CASSIDY ST.,20,N,N,B,-,Y,NA,NA,5,NA,NA,NA,NA,NA,N,Y,2,0,1,2,A,-,03,22350,NA,N,C,C,A,A,H,-,B,D,0,NA,NA,Y,NA,Y,NA,C,02,1,0,0,0,0,0,0,0,1,-,-,33.18035888671875,-117.35382843017578,SAN DIEGO,OCEANSIDE,-117.35385894775392,33.18033218383789
91145076,2019,2019-12-17,9645,2019-11-06,0530,016047,NA,3,3,5,3709,0,1,1,NA,2,001,I-5 NORTHBOUND,DIVISION STREET,1510,S,N,A,-,Y,NA,NA,5,NA,NA,NA,NA,NA,N,Y,3,0,1,2,A,-,03,22350,NA,N,C,C,A,A,H,-,B,D,0,NA,NA,Y,NA,Y,NA,C,02,0,1,0,0,0,0,0,0,1,-,-,32.67824935913086,-117.10938262939452,SAN DIEGO,NATIONAL CITY,-117.10941314697266,32.67823791503906
91146748,2019,2019-12-19,9650,2019-12-06,0720,018950,NA,5,1,6,3706,0,1,1,NA,2,023,I-15 S/B,EL NORTE PARKWAY U/C,3696,S,N,A,-,Y,NA,NA,15,NA,NA,NA,NA,NA,S,Y,3,0,1,3,A,-,07,21658,A,N,B,C,A,A,H,-,A,D,0,NA,NA,Y,NA,Y,NA,A,01,0,1,0,0,0,0,0,0,1,-,-,33.1427116394043,-117.10484313964844,SAN DIEGO,ESCONDIDO,-117.10488891601563,33.1427116394043
91150468,2019,2019-12-23,9645,2019-12-11,1525,017104,NA,3,2,7,3711,0,1,1,NA,2,019,I-15 N/B (ESCONDIDO FREEWAY),RANCHO BERNARDO ROAD,1400,N,N,A,-,Y,NA,NA,NA,NA,NA,NA,NA,NA,NA,Y,4,0,1,4,A,-,16,24002,A,N,B,C,A,A,H,-,A,D,0,NA,NA,NA,Y,Y,NA,F,26,0,0,1,0,0,0,0,0,0,-,-,33.01369857788086,-117.04419708251952,SAN DIEGO,SAN DIEGO,-117.07850646972656,33.026954650878906
91152036,2019,2019-12-24,9680,2019-12-14,1033,015877,NA,6,1,5,3705,0,1,1,NA,2,082,I-8 W/B,MOLLISON AVE.,35,W,N,A,-,Y,NA,NA,8,NA,NA,NA,NA,NA,W,Y,4,0,1,2,A,-,07,21658,A,N,C,C,A,A,H,-,A,D,0,NA,NA,NA,NA,Y,NA,A,07,0,0,1,0,0,0,0,0,0,-,-,32.80323028564453,-116.95117950439452,SAN DIEGO,EL CAJON,-116.95117950439452,32.80316162109375