CASE_ID,ACCIDENT_YEAR,PROC_DATE,JURIS,COLLISION_DATE,COLLISION_TIME,OFFICER_ID,REPORTING_DISTRICT,DAY_OF_WEEK,CHP_SHIFT,POPULATION,CNTY_CITY_LOC,SPECIAL_COND,BEAT_TYPE,CHP_BEAT_TYPE,CITY_DIVISION_LAPD,CHP_BEAT_CLASS,BEAT_NUMBER,PRIMARY_RD,SECONDARY_RD,DISTANCE,DIRECTION,INTERSECTION,WEATHER_1,WEATHER_2,STATE_HWY_IND,CALTRANS_COUNTY,CALTRANS_DISTRICT,STATE_ROUTE,ROUTE_SUFFIX,POSTMILE_PREFIX,POSTMILE,LOCATION_TYPE,RAMP_INTERSECTION,SIDE_OF_HWY,TOW_AWAY,COLLISION_SEVERITY,NUMBER_KILLED,NUMBER_INJURED,PARTY_COUNT,PRIMARY_COLL_FACTOR,PCF_CODE_OF_VIOL,PCF_VIOL_CATEGORY,PCF_VIOLATION,PCF_VIOL_SUBSECTION,HIT_AND_RUN,TYPE_OF_COLLISION,MVIW,PED_ACTION,ROAD_SURFACE,ROAD_COND_1,ROAD_COND_2,LIGHTING,CONTROL_DEVICE,CHP_ROAD_TYPE,PEDESTRIAN_ACCIDENT,BICYCLE_ACCIDENT,MOTORCYCLE_ACCIDENT,TRUCK_ACCIDENT,NOT_PRIVATE_PROPERTY,ALCOHOL_INVOLVED,STWD_VEHTYPE_AT_FAULT,CHP_VEHTYPE_AT_FAULT,COUNT_SEVERE_INJ,COUNT_VISIBLE_INJ,COUNT_COMPLAINT_PAIN,COUNT_PED_KILLED,COUNT_PED_INJURED,COUNT_BICYCLIST_KILLED,COUNT_BICYCLIST_INJURED,COUNT_MC_KILLED,COUNT_MC_INJURED,PRIMARY_RAMP,SECONDARY_RAMP,LATITUDE,LONGITUDE,COUNTY,CITY,POINT_X,POINT_Y
91886611,2022,2022-10-10,9645,2022-09-29,1702,022851,NA,4,2,7,3711,0,1,1,NA,2,010,I-8 EB FROM MORENA BLVD ONRAMP,MORENA BOULEVARD,495,E,N,A,-,Y,SD,NA,8,NA,R,0.465,H,NA,R,N,4,0,1,2,A,-,03,22350,NA,N,C,C,A,A,H,-,A,D,0,NA,NA,NA,NA,Y,NA,A,01,0,0,1,0,0,0,0,0,0,-,-,32.76020050048828,-117.19641876220705,SAN DIEGO,SAN DIEGO,-117.19645690917967,32.76033401489258
91887047,2022,2022-10-11,9680,2022-09-29,0821,015877,NA,4,1,5,3708,0,1,1,NA,2,081,I-8 W/B,GROSSMONT BLVD.,790,E,N,A,-,Y,SD,NA,8,NA,NA,13.214,H,NA,L,Y,3,0,2,2,A,-,03,22350,NA,N,C,C,A,A,H,-,A,D,0,NA,NA,NA,NA,Y,NA,A,01,0,2,0,0,0,0,0,0,0,-,-,32.779178619384766,-116.98757934570313,SAN DIEGO,LA MESA,-116.98758697509766,32.779109954833984
91888788,2022,2022-10-12,9680,2022-09-30,1710,017621,NA,5,2,9,3700,0,3,5,NA,2,009,BOUNDARY AVE.,HUNTER ST.,0,NA,Y,A,-,N,NA,NA,NA,NA,NA,NA,NA,NA,NA,Y,2,0,1,2,A,-,09,21802,A,N,D,C,A,A,H,-,A,A,0,NA,NA,NA,NA,Y,NA,A,01,1,0,0,0,0,0,0,0,0,-,-,33.01863098144531,-116.88654327392578,SAN DIEGO,UNINCORPORATED,-116.88654327392578,33.018577575683594
91889694,2022,2022-10-13,9680,2022-10-01,1350,022030,NA,6,1,9,3700,0,2,4,NA,1,026,JAMACHA RD,SWEETWATER RD,239,E,N,A,-,N,NA,NA,NA,NA,NA,NA,NA,NA,NA,N,4,0,2,2,A,-,21,22106,NA,N,C,C,A,A,H,-,A,A,0,NA,NA,NA,NA,Y,NA,A,01,0,0,2,0,0,0,0,0,0,-,-,32.714820861816406,-117.01177978515624,SAN DIEGO,UNINCORPORATED,-117.01194763183594,32.71477127075195
91891762,2022,2022-10-17,9680,2022-10-05,1315,021584,NA,3,1,9,3700,0,1,3,NA,1,052,STATE ROUTE 78,CALIFORNIA RIDING AND HIKING TRAIL,3168,W,N,A,-,Y,SD,NA,78,NA,NA,64.181,H,NA,R,Y,4,0,1,2,A,-,05,21460,A,N,B,C,A,A,H,-,A,A,0,NA,NA,NA,NA,Y,NA,A,01,0,0,1,0,0,0,0,0,0,-,-,33.06945037841797,-116.55271911621094,SAN DIEGO,UNINCORPORATED,-116.5527114868164,33.06943893432617
91894141,2022,2022-10-19,9645,2022-10-07,2258,021268,NA,5,3,7,3711,0,1,S,NA,2,108,I-8 W/B,FAIRMOUNT AVE,1056,E,N,A,-,Y,SD,NA,8,NA,NA,6.188,H,NA,L,Y,4,0,1,2,A,-,03,22350,NA,N,C,C,A,A,H,-,C,D,0,NA,NA,NA,NA,Y,NA,A,01,0,0,1,0,0,0,0,0,0,-,-,32.7790412902832,-117.10296630859376,SAN DIEGO,SAN DIEGO,-117.10297393798828,32.77904510498047
91897803,2022,2022-10-24,9680,2022-10-12,0946,016535,NA,3,1,9,3700,0,1,3,NA,1,022,SR-54 (JAMACHA ROAD),FURY LANE,0,NA,Y,B,-,Y,SD,NA,54,NA,T,11.54,H,NA,R,Y,4,0,1,2,A,-,09,21453,C,N,D,C,A,A,H,-,A,A,0,NA,NA,NA,NA,Y,NA,A,07,0,0,1,0,0,0,0,0,0,-,-,32.743099212646484,-116.9343032836914,SAN DIEGO,UNINCORPORATED,-116.93422698974608,32.74296951293945
91899708,2022,2022-10-26,9645,2022-10-14,0750,017139,NA,5,1,5,3709,0,1,1,NA,2,001,I-5 N/B,MILE OF CARS WAY UNDER-CROSSING,1150,N,N,B,-,Y,SD,NA,5,NA,R,10.327,H,NA,R,N,4,0,1,2,A,-,03,22350,NA,N,B,C,A,A,H,-,A,D,0,NA,NA,Y,NA,Y,NA,C,02,0,0,1,0,0,0,0,0,1,-,-,32.6639289855957,-117.10945129394533,SAN DIEGO,NATIONAL CITY,-117.10941314697266,32.6639404296875
91906051,2022,2022-10-31,9680,2022-10-20,1520,018801,NA,4,2,4,3720,0,1,3,NA,2,027,SR-94 E/B,GROVE STREET OVERCROSSING,320,E,N,A,-,Y,SD,NA,94,NA,NA,9.321,H,NA,R,Y,3,0,4,4,A,-,03,22350,NA,N,C,C,A,A,H,-,A,D,0,NA,NA,NA,NA,Y,NA,D,22,0,1,3,0,0,0,0,0,0,-,-,32.74700927734375,-117.02557373046876,SAN DIEGO,LEMON GROVE,-117.02557373046876,32.74695587158203
91906718,2022,2022-11-01,9650,2022-10-24,1040,016490,NA,1,1,9,3700,0,1,1,NA,2,001,I-5 S/B,SAN ONOFRE INSPECTION FACILITY,13200,S,N,A,-,Y,SD,NA,5,NA,R,64.832,H,NA,L,Y,3,0,1,2,A,-,17,23114,A,N,H,C,A,A,H,-,A,D,0,NA,NA,NA,NA,Y,NA,D,22,0,1,0,0,0,0,0,0,0,-,-,33.32917022705078,-117.49305725097656,SAN DIEGO,UNINCORPORATED,-117.49308776855467,33.32914352416992
91907038,2022,2022-11-01,9645,2022-10-20,2005,022851,NA,4,2,7,3711,0,1,1,NA,2,021,SR-15 N/B,EL CAJON BLVD,970,N,N,A,-,Y,SD,NA,15,NA,M,5.24,H,NA,R,Y,3,0,1,2,A,-,03,22350,NA,N,C,C,A,A,H,-,D,D,0,NA,NA,Y,NA,Y,NA,A,01,0,1,0,0,0,0,0,0,1,-,-,32.75811004638672,-117.10862731933594,SAN DIEGO,SAN DIEGO,-117.10871887207033,32.75810623168945
91907456,2022,2022-11-02,9680,2022-10-23,2122,022106,BARON,7,2,9,3700,0,2,4,NA,1,013,WILDCAT CANYON RD.,CIENGA TRL,1056,N,N,A,-,N,NA,NA,NA,NA,NA,NA,NA,NA,NA,Y,3,0,3,3,A,-,05,21460,A,N,B,C,A,A,H,-,D,D,0,NA,NA,NA,NA,Y,NA,D,22,0,1,2,0,0,0,0,0,0,-,-,32.92155838012695,-116.87831878662108,SAN DIEGO,UNINCORPORATED,NA,NA
91911802,2022,2022-11-07,9645,2022-10-27,1545,022932,NA,4,2,7,3711,0,1,1,NA,2,010,I-8 W/B,I-15 O/C,300,W,N,A,-,Y,SD,NA,8,NA,NA,5.609,H,NA,L,Y,4,0,1,3,A,-,03,22350,NA,M,C,C,A,A,H,-,A,D,0,NA,NA,NA,NA,Y,NA,A,01,0,0,1,0,0,0,0,0,0,-,-,32.778541564941406,-117.11286926269533,SAN DIEGO,SAN DIEGO,-117.11286926269533,32.778709411621094
91912880,2022,2022-11-08,9645,2022-10-31,0215,022507,NA,1,3,7,3711,0,1,1,NA,2,003,I-5 NB TRANSITION TO SR-163 NB,CABRILLO BRIDGE OVERCROSSING,2303,S,N,A,-,Y,NA,NA,NA,NA,NA,NA,NA,NA,NA,N,2,0,1,1,A,-,01,23152,A,M,E,I,A,A,H,-,C,D,0,NA,NA,NA,NA,Y,Y,A,01,1,0,0,0,0,0,0,0,0,-,-,32.72475814819336,-117.1547393798828,SAN DIEGO,SAN DIEGO,-117.1547393798828,32.72475814819336
91913070,2022,2022-11-08,9650,2022-10-20,1600,019490,NA,4,2,5,3712,0,1,3,NA,2,019,SR-78 W/B TO LAS POSAS RD,LAS POSAS RD,1,E,N,B,-,Y,NA,NA,NA,NA,NA,NA,NA,NA,NA,N,3,0,1,2,A,-,05,21650,NA,F,D,G,A,A,H,-,A,A,0,NA,Y,NA,NA,Y,NA,L,04,0,1,0,0,0,0,1,0,0,-,-,33.14461898803711,-117.19062042236328,SAN DIEGO,SAN MARCOS,-117.19062042236328,33.14461898803711
91913981,2022,2022-11-09,9650,2022-11-09,0744,015446,NA,3,1,9,3700,0,1,3,NA,1,028,SR-76,BODIE BLVD,800,W,N,A,-,Y,SD,NA,76,NA,NA,26.992,H,NA,R,Y,3,0,1,1,A,-,03,22350,NA,N,E,I,A,B,H,-,A,D,0,NA,NA,NA,NA,Y,NA,A,07,0,1,0,0,0,0,0,0,0,-,-,33.347999572753906,-117.02532196044922,SAN DIEGO,UNINCORPORATED,-117.0253677368164,33.34797668457031
91915328,2022,2022-11-10,9645,2022-11-08,1830,018697,NA,2,2,4,3720,0,1,3,NA,2,006,SR-94 W/B FROM LEMON GROVE AVE,LEMON GROVE AVE,440,W,N,B,C,Y,NA,NA,NA,NA,NA,NA,NA,NA,NA,Y,4,0,1,1,A,-,03,22350,NA,N,E,I,A,B,H,-,C,D,0,NA,NA,NA,NA,Y,NA,A,07,0,0,1,0,0,0,0,0,0,-,-,32.74687957763672,-117.0327606201172,SAN DIEGO,LEMON GROVE,-117.0327606201172,32.74687957763672
91915333,2022,2022-11-10,9645,2022-10-31,1440,016137,NA,1,2,7,3711,0,1,1,NA,2,007,I-5 NORTHBOUND,VIA DE LA VALLE U/C,250,S,N,B,-,Y,SD,NA,5,NA,R,36.063,H,NA,R,N,4,0,1,3,A,-,03,22350,NA,N,C,C,A,A,H,-,A,B,0,NA,NA,NA,NA,Y,NA,D,22,0,0,1,0,0,0,0,0,0,-,-,32.97705078125,-117.25179290771484,SAN DIEGO,SAN DIEGO,-117.25186157226563,32.97703170776367
91915618,2022,2022-11-11,9650,2022-11-03,1625,018496,NA,4,2,6,3706,0,1,1,NA,2,023,I-15 N/B,CITRACADO PKY,1892,S,N,A,-,Y,SD,NA,15,NA,M,28.42,H,NA,R,Y,3,0,2,2,A,-,07,21658,A,N,B,C,A,A,H,-,A,D,0,NA,NA,Y,NA,Y,NA,A,01,0,2,0,0,0,0,0,0,2,-,-,33.088558197021484,-117.07821655273438,SAN DIEGO,ESCONDIDO,-117.07829284667967,33.08850860595703
91915677,2022,2022-11-11,9645,2022-11-08,1330,014909,NA,2,1,7,3711,0,1,1,NA,2,030,I-15 S/B (HOV LANES),POWAY ROAD,2798,N,N,B,C,Y,SD,NA,15,NA,M,18.717,H,NA,L,Y,3,0,2,2,A,-,03,22350,NA,N,C,2,A,A,G,-,A,D,0,NA,NA,NA,NA,Y,NA,A,07,0,2,0,0,0,0,0,0,0,-,-,32.95513153076172,-117.10147094726563,SAN DIEGO,SAN DIEGO,-117.10166931152344,32.95521926879883
91915711,2022,2022-11-11,9645,2022-11-10,1005,015270,NA,4,1,7,3711,0,1,1,NA,2,007,I-5 SOUTHBOUND,DEL MAR HEIGHTS ROAD,5280,N,N,A,-,Y,SD,NA,5,NA,R,35.371,H,NA,L,Y,4,0,1,2,A,-,03,22350,NA,M,C,C,A,A,H,-,A,D,0,NA,NA,NA,NA,Y,NA,A,07,0,0,1,0,0,0,0,0,0,-,-,32.96744918823242,-117.24844360351563,SAN DIEGO,SAN DIEGO,-117.24855041503906,32.96742248535156
91923272,2022,2022-11-21,9680,2022-11-08,1315,021935,NA,2,1,9,3700,0,1,S,NA,2,904,SR-67 S/B,RIVERFORD RD.,370,S,N,B,C,Y,SD,NA,67,NA,R,3.852,H,NA,L,N,3,0,2,1,A,-,08,22107,NA,N,E,I,A,B,H,-,A,D,0,NA,NA,NA,NA,Y,NA,D,22,0,2,0,0,0,0,0,0,0,-,-,32.85449981689453,-116.9480209350586,SAN DIEGO,UNINCORPORATED,-116.9480438232422,32.854530334472656
91923561,2022,2022-11-21,9645,2022-11-11,1240,019054,NA,5,1,7,3711,0,1,1,NA,2,010,I-8 W/B,I-5,2000,E,N,A,-,Y,NA,NA,NA,NA,NA,NA,NA,NA,NA,N,4,0,1,2,A,-,00,22017,NA,N,B,C,A,A,H,-,A,D,0,NA,NA,NA,NA,Y,NA,D,22,0,0,1,0,0,0,0,0,0,-,-,32.760169982910156,-117.20037841796876,SAN DIEGO,SAN DIEGO,-117.20033264160156,32.759864807128906
91923734,2022,2022-11-21,9650,2022-11-14,1953,022911,NA,1,2,9,3700,0,3,5,NA,2,230,DEL DIOS HWY,W VIA RANCHO PKWY,30,S,N,A,-,N,NA,NA,NA,NA,NA,NA,NA,NA,NA,Y,4,0,2,2,A,-,03,22350,NA,N,C,C,A,A,H,-,D,A,0,NA,NA,NA,NA,Y,NA,A,07,0,0,2,0,0,0,0,0,0,-,-,33.089351654052734,-117.1142807006836,SAN DIEGO,UNINCORPORATED,-117.1143035888672,33.08940887451172
91929627,2022,2022-11-29,9645,2022-11-15,2155,020480,NA,2,2,7,3711,0,1,3,NA,2,002,SR-905 E/B,PICADOR BLVD,600,E,N,A,-,Y,SD,NA,905,NA,NA,4.537,H,NA,R,Y,4,0,1,2,A,-,01,23152,A,N,C,C,A,A,H,-,C,D,0,NA,NA,NA,NA,Y,Y,D,22,0,0,1,0,0,0,0,0,0,-,-,32.56809997558594,-117.0512924194336,SAN DIEGO,SAN DIEGO,-117.0512924194336,32.56810760498047
91934453,2022,2022-12-05,9645,2022-11-22,1450,018646,NA,2,2,7,3711,0,1,1,NA,2,015,I-805 S/B,GOVERNOR DR,1056,N,N,A,-,Y,SD,NA,805,NA,NA,24.669,H,NA,L,Y,4,0,1,2,A,-,03,22350,NA,N,C,C,A,A,H,-,A,D,0,NA,NA,NA,Y,Y,NA,G,25,0,0,1,0,0,0,0,0,0,-,-,32.86056900024414,-117.18647003173828,SAN DIEGO,SAN DIEGO,-117.18643188476563,32.860595703125
91934595,2022,2022-12-05,9680,2022-11-20,1810,021800,NA,7,2,9,3700,0,1,3,NA,1,017,SR-67 N/B,PLATINUM PL,498,S,N,A,-,Y,SD,NA,67,NA,NA,14.018,H,NA,R,N,3,0,2,2,A,-,09,21804,A,N,E,8,A,A,H,-,D,D,0,NA,NA,NA,NA,Y,NA,D,22,0,2,0,0,0,0,0,0,0,-,-,32.9615592956543,-116.9723892211914,SAN DIEGO,UNINCORPORATED,-116.97255706787108,32.96156311035156
91935486,2022,2023-05-10,9680,2022-11-09,0741,015578,NA,3,1,9,3700,0,2,4,NA,1,029,SWEETWATER SPRINGS BOULEVARD,CAMPO ROAD,5,S,N,A,-,N,NA,NA,NA,NA,NA,NA,NA,NA,NA,Y,4,0,2,3,A,-,04,21703,NA,N,C,C,A,B,H,-,A,A,0,NA,NA,NA,NA,Y,NA,A,01,0,0,2,0,0,0,0,0,0,-,-,32.743408203125,-116.97289276123048,SAN DIEGO,UNINCORPORATED,-116.97535705566406,32.74513244628906
91936488,2022,2022-12-07,9645,2022-09-03,0121,021263,NA,6,3,7,3711,0,1,1,NA,2,019,INTERSTATE 15 SOUTHBOUND,STATE ROUTE 56,2000,N,N,A,-,Y,SD,NA,15,NA,M,19.87,H,NA,L,Y,2,0,3,2,A,-,01,23152,A,F,C,C,A,A,H,-,C,D,0,NA,NA,NA,NA,Y,Y,D,22,1,2,0,0,0,0,0,0,0,-,-,32.969818115234375,-117.09246063232422,SAN DIEGO,SAN DIEGO,-117.09245300292967,32.969818115234375
91937418,2022,2022-12-08,9680,2022-11-24,1910,022893,NA,4,2,9,3700,0,3,5,NA,2,002,APPLE ST,SAN MIGUEL AVE,85,W,N,A,-,N,NA,NA,NA,NA,NA,NA,NA,NA,NA,Y,4,0,2,2,A,-,03,22350,NA,N,C,C,A,A,H,-,C,A,0,NA,NA,NA,NA,Y,NA,A,01,0,0,2,0,0,0,0,0,0,-,-,32.71487045288086,-116.99169158935548,SAN DIEGO,UNINCORPORATED,-116.99161529541016,32.714839935302734
91937608,2022,2022-12-08,9680,2022-11-28,1347,022106,NA,1,1,9,3700,0,3,5,NA,2,001,GRAVES AVE,BRADLEY AVE,375,S,N,A,-,N,NA,NA,NA,NA,NA,NA,NA,NA,NA,Y,4,0,1,2,A,-,01,23152,A,N,D,C,A,A,H,-,A,D,0,NA,NA,NA,NA,Y,Y,D,22,0,0,1,0,0,0,0,0,0,-,-,32.818031311035156,-116.95905303955078,SAN DIEGO,UNINCORPORATED,-116.95893096923828,32.81807327270508
91938680,2022,2022-12-09,9680,2022-11-30,1700,019555,NA,3,2,9,3700,0,1,3,NA,1,024,JAMACHA RD,FURY LANE,700,E,N,A,-,Y,SD,NA,54,NA,T,11.68,H,NA,L,Y,4,0,2,2,A,-,03,22350,NA,N,C,C,A,A,H,-,C,D,0,NA,NA,NA,NA,Y,NA,A,01,0,0,2,0,0,0,0,0,0,-,-,32.74393081665039,-116.93209075927734,SAN DIEGO,UNINCORPORATED,-116.9321060180664,32.74396896362305
91940257,2022,2022-12-12,9645,2022-11-14,1735,020623,NA,1,2,7,3711,0,1,1,NA,2,027,I-5 S/B,I-8,1584,N,N,A,-,Y,SD,NA,5,NA,R,20.401,H,NA,L,N,4,0,1,2,A,-,08,22107,NA,F,C,C,A,A,H,-,D,D,0,NA,NA,NA,NA,Y,NA,-,99,0,0,1,0,0,0,0,0,0,-,-,32.76403045654297,-117.20536041259766,SAN DIEGO,SAN DIEGO,-117.20526123046876,32.7640495300293
91940259,2022,2022-12-12,9645,2022-12-02,1700,019577,NA,5,2,7,3711,0,1,1,NA,2,021,SR-15 S/B,EL CAJON BLVD.,483,N,N,B,-,Y,SD,NA,15,NA,M,5.136,H,NA,L,Y,3,0,1,2,A,-,03,22350,NA,N,C,C,A,A,H,-,A,D,0,NA,NA,NA,NA,Y,NA,A,01,0,1,0,0,0,0,0,0,0,-,-,32.7565803527832,-117.1091537475586,SAN DIEGO,SAN DIEGO,-117.10896301269533,32.7565803527832
9194119,2020,2021-02-05,3710,2020-12-02,1300,OC1236,NA,3,5,6,3710,0,0,0,NA,0,021,BUCHANON PARK,COLLEGE BL,7,W,N,A,-,N,NA,NA,NA,NA,NA,NA,NA,NA,NA,N,4,0,1,2,A,-,05,21650,1,N,D,G,A,A,H,-,A,A,0,NA,Y,NA,NA,Y,NA,L,04,0,0,1,0,0,0,1,0,0,-,-,NA,NA,SAN DIEGO,OCEANSIDE,-117.29733276367188,33.249881744384766
91942094,2022,2022-12-14,9645,2022-12-03,1620,022884,NA,6,2,9,3700,0,2,S,NA,2,904,N MISSION DR,IVY ST,25,S,N,A,-,N,NA,NA,NA,NA,NA,NA,NA,NA,NA,Y,3,0,1,2,A,-,13,22515,A,N,C,C,A,A,H,-,A,D,0,NA,NA,NA,NA,Y,NA,D,22,0,1,0,0,0,0,0,0,0,-,-,33.383689880371094,-117.25348663330078,SAN DIEGO,UNINCORPORATED,-117.25356292724608,33.38363265991211
91942132,2022,2022-12-14,9650,2022-12-11,1600,020966,NA,7,2,6,3706,0,1,1,NA,2,023,I-15 S/B,DEL LAGO BLVD,225,N,N,C,-,Y,SD,NA,15,NA,M,27.322,H,NA,L,Y,4,0,2,2,A,-,03,22350,NA,N,C,C,A,B,H,-,B,D,0,NA,NA,NA,NA,Y,NA,D,22,0,0,2,0,0,0,0,0,0,-,-,33.074249267578125,-117.07041168212892,SAN DIEGO,ESCONDIDO,-117.07032775878906,33.07426071166992
91944591,2022,2022-12-16,9680,2022-12-06,1339,019475,NA,2,1,9,3700,0,1,1,NA,2,084,I-8 E/B,W WILLOWS RD,3168,E,N,A,-,Y,SD,NA,8,NA,R,32,H,NA,R,N,4,0,1,1,C,-,18,NA,NA,N,E,I,A,A,H,-,A,D,0,NA,NA,NA,NA,Y,NA,-,-,0,0,1,0,0,0,0,0,0,-,-,32.833648681640625,-116.71993255615234,SAN DIEGO,UNINCORPORATED,-116.719970703125,32.833778381347656
9194583,2020,2021-02-22,3709,2020-12-10,1130,NC0528,NA,4,5,5,3709,0,0,0,NA,0,021,EAST DIVISION ST,N R AV,0,NA,N,A,-,N,NA,NA,NA,NA,NA,NA,NA,NA,NA,N,3,0,1,2,A,-,11,21954,A,N,A,B,E,A,H,-,A,D,0,Y,NA,NA,Y,Y,Y,N,60,0,1,0,0,1,0,0,0,0,-,-,NA,NA,SAN DIEGO,NATIONAL CITY,-117.0909423828125,32.68793869018555
91946793,2022,2022-12-20,9650,2022-12-11,0922,019594,NA,7,1,9,3700,0,1,1,NA,2,022,I -15 N/B,STEWART CANYON RD,440,N,N,B,C,Y,SD,NA,15,NA,R,48.954,H,NA,R,Y,3,0,1,1,A,-,03,22350,NA,N,F,A,A,B,H,-,A,D,0,NA,NA,NA,Y,Y,NA,F,26,0,1,0,0,0,0,0,0,0,-,-,33.36669921875,-117.16194915771484,SAN DIEGO,UNINCORPORATED,-117.16207885742188,33.366634368896484
9194747,2020,2021-02-09,3711,2020-12-28,1845,SD1204,NA,1,5,7,3711,0,0,0,NA,0,623,HOTEL CIRCLE SOUTH,HOTEL CIRCLE POINT,760,W,N,C,-,N,NA,NA,NA,NA,NA,NA,NA,NA,NA,Y,4,0,1,2,A,-,08,22107,NA,M,C,E,A,B,H,-,C,D,0,NA,NA,NA,NA,Y,NA,-,99,0,0,1,0,0,0,0,0,0,-,-,NA,NA,SAN DIEGO,SAN DIEGO,-117.19046783447266,32.75945281982422
91947952,2022,2022-12-21,9650,2022-12-12,1950,018321,NA,1,2,9,3700,0,1,1,NA,2,001,I-5 S/B,AGRA OH,1084,N,N,A,-,Y,SD,NA,5,NA,R,64.018,H,NA,L,Y,4,0,2,1,A,-,08,22107,NA,N,E,I,A,A,H,-,D,D,0,NA,NA,NA,NA,Y,NA,D,22,0,0,2,0,0,0,0,0,0,-,-,33.320980072021484,-117.48304748535156,SAN DIEGO,UNINCORPORATED,-117.48316192626952,33.32094192504883
9194888,2020,2021-01-26,3709,2020-11-10,1826,NC0514,NA,2,5,5,3709,0,0,0,NA,0,020,EAST 18TH ST,B AV,0,NA,Y,A,-,N,NA,NA,NA,NA,NA,NA,NA,NA,NA,N,3,0,1,2,A,-,09,21800,A,N,A,C,A,A,H,-,C,D,0,NA,NA,Y,NA,Y,Y,A,01,0,1,0,0,0,0,0,0,1,-,-,NA,NA,SAN DIEGO,NATIONAL CITY,-117.10148620605467,32.66777038574219
91949669,2022,2022-12-22,9680,2022-12-12,2010,022554,NA,1,2,9,3700,0,1,3,NA,1,091,SR-78,RANCHO ALLEN LANE,192,W,N,B,-,Y,SD,NA,78,NA,NA,37.324,H,NA,R,Y,3,0,2,3,A,-,01,23152,A,N,B,C,A,A,H,-,D,D,0,NA,NA,NA,NA,Y,Y,A,07,0,1,1,0,0,0,0,0,0,-,-,33.05110168457031,-116.84117889404295,SAN DIEGO,UNINCORPORATED,-116.84117889404295,33.05111312866211
91952331,2022,2022-12-26,9650,2022-12-19,1650,021338,NA,1,2,9,3700,0,1,3,NA,2,019,SR-78 E/B,I-15,195,W,N,A,-,Y,SD,NA,78,NA,R,16.492,H,NA,R,N,4,0,1,2,A,-,03,22350,NA,N,C,C,A,A,H,-,D,C,0,NA,NA,NA,NA,Y,NA,A,01,0,0,1,0,0,0,0,0,0,-,-,33.1267204284668,-117.10565185546876,SAN DIEGO,UNINCORPORATED,-117.10565185546876,33.1267204284668
91954370,2022,2022-12-28,9680,2022-12-16,1717,022106,NA,5,2,9,3700,0,1,3,NA,1,024,SR-94,SINGER LN,270,W,N,A,-,Y,SD,NA,94,NA,NA,15.162,H,NA,R,N,4,0,1,2,A,-,08,22107,NA,N,D,C,A,A,H,-,C,D,0,NA,NA,NA,NA,Y,NA,D,22,0,0,1,0,0,0,0,0,0,-,-,32.73543167114258,-116.94088745117188,SAN DIEGO,UNINCORPORATED,-116.94088745117188,32.73543167114258
91954487,2022,2022-12-28,9645,2022-12-15,1914,020180,NA,4,2,7,3711,0,1,1,NA,2,017,I-15 N/B,AMMO RD,3700,S,N,A,-,Y,SD,NA,15,NA,M,12.231,H,NA,R,N,4,0,1,1,A,-,01,23152,A,N,E,I,A,A,H,-,D,D,0,NA,NA,NA,NA,Y,Y,A,01,0,0,1,0,0,0,0,0,0,-,-,32.865081787109375,-117.10946655273438,SAN DIEGO,SAN DIEGO,-117.10932159423828,32.86502456665039
91954606,2022,2022-12-28,9645,2022-12-15,0300,021651,NA,4,3,7,3711,0,1,1,NA,2,011,I-805 S/B,TULIP ST. O/C,850,N,N,A,-,Y,SD,NA,805,NA,NA,14.558,H,NA,L,N,3,0,3,5,A,-,08,22107,NA,N,E,I,A,A,H,-,D,D,0,NA,NA,NA,NA,Y,Y,A,01,0,1,2,0,0,0,0,0,0,-,-,32.731258392333984,-117.11054229736328,SAN DIEGO,SAN DIEGO,-117.11051177978516,32.731292724609375
91955343,2022,2022-12-29,9680,2022-12-16,1745,020401,NA,5,2,5,3708,0,1,1,NA,2,081,I-8 W/B,GROSSMONT BLVD,45,E,N,A,-,Y,SD,NA,8,NA,NA,13.059,H,NA,L,N,4,0,1,3,A,-,03,22350,NA,F,C,C,A,A,H,-,D,D,0,NA,NA,NA,NA,Y,NA,A,01,0,0,1,0,0,0,0,0,0,-,-,32.779178619384766,-116.9901885986328,SAN DIEGO,LA MESA,-116.9901885986328,32.77920913696289