CASE_ID,ACCIDENT_YEAR,PROC_DATE,JURIS,COLLISION_DATE,COLLISION_TIME,OFFICER_ID,REPORTING_DISTRICT,DAY_OF_WEEK,CHP_SHIFT,POPULATION,CNTY_CITY_LOC,SPECIAL_COND,BEAT_TYPE,CHP_BEAT_TYPE,CITY_DIVISION_LAPD,CHP_BEAT_CLASS,BEAT_NUMBER,PRIMARY_RD,SECONDARY_RD,DISTANCE,DIRECTION,INTERSECTION,WEATHER_1,WEATHER_2,STATE_HWY_IND,CALTRANS_COUNTY,CALTRANS_DISTRICT,STATE_ROUTE,ROUTE_SUFFIX,POSTMILE_PREFIX,POSTMILE,LOCATION_TYPE,RAMP_INTERSECTION,SIDE_OF_HWY,TOW_AWAY,COLLISION_SEVERITY,NUMBER_KILLED,NUMBER_INJURED,PARTY_COUNT,PRIMARY_COLL_FACTOR,PCF_CODE_OF_VIOL,PCF_VIOL_CATEGORY,PCF_VIOLATION,PCF_VIOL_SUBSECTION,HIT_AND_RUN,TYPE_OF_COLLISION,MVIW,PED_ACTION,ROAD_SURFACE,ROAD_COND_1,ROAD_COND_2,LIGHTING,CONTROL_DEVICE,CHP_ROAD_TYPE,PEDESTRIAN_ACCIDENT,BICYCLE_ACCIDENT,MOTORCYCLE_ACCIDENT,TRUCK_ACCIDENT,NOT_PRIVATE_PROPERTY,ALCOHOL_INVOLVED,STWD_VEHTYPE_AT_FAULT,CHP_VEHTYPE_AT_FAULT,COUNT_SEVERE_INJ,COUNT_VISIBLE_INJ,COUNT_COMPLAINT_PAIN,COUNT_PED_KILLED,COUNT_PED_INJURED,COUNT_BICYCLIST_KILLED,COUNT_BICYCLIST_INJURED,COUNT_MC_KILLED,COUNT_MC_INJURED,PRIMARY_RAMP,SECONDARY_RAMP,LATITUDE,LONGITUDE,COUNTY,CITY,POINT_X,POINT_Y
92170500,2023,2023-09-14,9645,2023-08-21,2029,021470,NA,1,2,7,3711,0,1,1,NA,2,001,I-5 NORTHBOUND,E STREET,4488,N,N,A,-,Y,SD,NA,5,NA,NA,9.379,H,NA,R,Y,2,0,2,2,A,-,01,23152,A,N,C,C,A,A,H,-,C,D,0,NA,NA,NA,NA,Y,Y,A,07,1,1,0,0,0,0,0,0,0,-,-,32.65082931518555,-117.10395050048828,SAN DIEGO,SAN DIEGO,-117.10392761230467,32.65083694458008
9217085,2021,2021-03-16,3700,2021-01-08,1200,SH3630,NA,5,5,5,3781,0,0,0,NA,0,507,N MAGNOLIA AV,SANTANA RANCH DR,32,N,N,A,-,N,NA,NA,NA,NA,NA,NA,NA,NA,NA,Y,4,0,1,2,A,-,09,21804,A,N,B,C,A,A,H,-,A,D,0,NA,NA,NA,NA,Y,NA,A,01,0,0,1,0,0,0,0,0,0,-,-,NA,NA,SAN DIEGO,SANTEE,-116.97116088867188,32.85966873168945
92172751,2023,2023-09-18,9650,2023-09-12,2037,017833,NA,2,2,9,3700,0,1,1,NA,2,021,I-15 NORTHBOUND,OLD HWY 395,0,NA,Y,A,-,N,NA,NA,NA,NA,NA,NA,NA,NA,NA,Y,3,0,1,2,A,-,09,21800,A,N,D,C,A,A,H,-,D,A,0,NA,NA,NA,Y,Y,NA,F,55,0,1,0,0,0,0,0,0,0,-,-,33.28398895263672,-117.1480712890625,SAN DIEGO,UNINCORPORATED,NA,NA
92174568,2023,2023-09-20,9650,2023-09-13,2150,022911,NA,3,2,9,3700,0,3,5,NA,2,230,VIA RANCHO PKY,VIA LA CUESTA,36,E,N,B,-,N,NA,NA,NA,NA,NA,NA,NA,NA,NA,Y,3,0,1,1,A,-,01,23152,A,M,E,I,A,A,H,-,C,D,0,NA,NA,NA,NA,Y,Y,A,01,0,1,0,0,0,0,0,0,0,-,-,33.074790954589844,-117.09214019775392,SAN DIEGO,UNINCORPORATED,-117.09212493896484,33.074859619140625
9217465,2021,2021-03-13,3703,2021-01-03,1705,1312,2,7,5,3,3703,0,0,0,NA,0,002,OCEAN LN,ALAMEDA BL,0,NA,Y,A,-,N,NA,NA,NA,NA,NA,NA,NA,NA,NA,N,3,0,1,1,A,-,03,22350,NA,N,F,A,A,A,H,-,B,D,0,NA,NA,NA,NA,Y,NA,M,97,0,1,0,0,0,0,0,0,0,-,-,32.68463897705078,-117.185302734375,SAN DIEGO,CORONADO,-117.18527221679688,32.68464279174805
92176202,2023,2023-09-21,9680,2023-09-11,2335,017996,NA,1,3,9,3700,0,1,1,NA,2,081,I-8 EASTBOUND,GROSSMONT BOULEVARD,1584,E,N,A,-,Y,SD,NA,8,NA,NA,13.322,H,NA,R,Y,3,0,1,1,A,-,08,22107,NA,N,E,I,A,A,H,-,C,D,0,NA,NA,NA,NA,Y,NA,A,01,0,1,0,0,0,0,0,0,0,-,-,32.77880859375,-116.98551177978516,SAN DIEGO,UNINCORPORATED,-116.98552703857422,32.77891540527344
92176462,2023,2023-09-21,9645,2023-09-12,743,019936,NA,2,1,7,3711,0,1,3,NA,2,023,SR-163 SB,EL PRADO O/C,1584,N,N,A,-,Y,SD,NA,163,NA,NA,1.768,H,NA,L,N,4,0,1,2,A,-,03,22350,NA,N,C,C,A,A,H,-,A,D,0,NA,NA,NA,NA,Y,NA,A,01,0,0,1,0,0,0,0,0,0,-,-,32.73630905151367,-117.1560516357422,SAN DIEGO,SAN DIEGO,-117.15602111816406,32.73630905151367
92176914,2023,2023-09-22,9650,2023-09-13,1850,020673,NA,3,2,9,3700,0,3,5,NA,2,211,CANAL RD,KUTTAP WAY,40,S,N,A,-,N,NA,NA,NA,NA,NA,NA,NA,NA,NA,N,3,0,1,1,A,-,03,22350,NA,N,F,A,A,A,H,-,D,D,0,NA,NA,Y,NA,Y,NA,-,-,0,1,0,0,0,0,0,0,1,-,-,33.21419906616211,-116.96501159667967,SAN DIEGO,UNINCORPORATED,NA,NA
92177207,2023,2023-09-22,9645,2023-08-25,1622,023210,NA,5,2,7,3711,0,1,1,NA,2,005,I-5 S/B,GARNET AVENUE U/C,635,S,N,A,-,Y,SD,NA,5,NA,R,22.775,H,NA,L,N,3,0,1,3,A,-,03,22350,NA,N,C,C,A,A,H,-,A,D,0,NA,NA,NA,NA,Y,NA,A,01,0,1,0,0,0,0,0,0,0,-,-,32.7976188659668,-117.21019744873048,SAN DIEGO,SAN DIEGO,-117.21016693115234,32.79763412475586
92186263,2023,2023-10-02,9680,2023-09-15,1635,022030,NA,5,2,9,3700,0,3,5,NA,2,002,PARADISE VALLEY RD,WORTHINGTON ST,470,W,N,A,-,N,NA,NA,NA,NA,NA,NA,NA,NA,NA,N,4,0,1,2,A,-,03,22350,NA,N,C,C,A,A,H,-,A,D,0,NA,NA,NA,NA,Y,NA,A,01,0,0,1,0,0,0,0,0,0,-,-,32.69733810424805,-117.02046966552734,SAN DIEGO,UNINCORPORATED,-117.0199966430664,32.697200775146484
92188215,2023,2023-10-02,9680,2023-09-23,1750,023255,NA,6,2,9,3700,0,3,5,NA,2,003,LYONS VALLEY ROAD,JAPATUL VALLEY ROAD,1584,S,N,A,-,N,NA,NA,NA,NA,NA,NA,NA,NA,NA,Y,3,0,1,1,A,-,08,22107,NA,N,E,I,A,A,H,-,A,D,0,NA,NA,NA,NA,Y,NA,A,01,0,1,0,0,0,0,0,0,0,-,-,32.76008987426758,-116.6741180419922,SAN DIEGO,UNINCORPORATED,-116.674072265625,32.760311126708984
92188965,2023,2023-10-03,9645,2023-09-21,745,017139,NA,4,1,7,3711,0,1,1,NA,2,001,I-5 N/B TO SR-15 N/B,SR-15 S/B TO I-5 S/B O/C,1725,S,N,B,-,Y,SD,NA,5,NA,R,12.296,H,NA,R,N,4,0,1,2,A,-,03,22350,NA,M,B,C,A,A,H,-,A,D,0,NA,NA,Y,NA,Y,NA,C,02,0,0,1,0,0,0,0,0,1,-,-,32.68981170654297,-117.11683654785156,SAN DIEGO,SAN DIEGO,-117.11695861816406,32.6896858215332
92189586,2023,2023-10-04,9650,2023-09-27,823,019594,NA,3,1,6,3706,0,1,3,NA,2,019,SR-78,NORDAHL RD,2640,E,N,A,-,Y,SD,NA,78,NA,R,16.011,H,NA,R,Y,4,0,1,3,A,-,03,22350,NA,N,C,C,A,A,H,-,A,D,0,NA,NA,NA,NA,Y,NA,D,22,0,0,1,0,0,0,0,0,0,-,-,33.1285285949707,-117.11344146728516,SAN DIEGO,ESCONDIDO,-117.11346435546876,33.12849044799805
92191696,2023,2023-10-05,9650,2023-09-28,739,023426,NA,4,1,5,3712,0,1,3,NA,2,019,SR-78 E/B,RANCHO SANTA FE O/C,40,W,N,B,-,Y,SD,NA,78,NA,NA,10.592,H,NA,R,Y,4,0,1,2,A,-,03,22350,NA,N,C,C,A,A,H,-,B,D,0,NA,NA,NA,NA,Y,NA,D,22,0,0,1,0,0,0,0,0,0,-,-,33.15024948120117,-117.198486328125,SAN DIEGO,SAN MARCOS,-117.1985321044922,33.15021514892578
9219280,2020,2021-02-10,3711,2020-11-12,1717,SH0313,NA,4,5,7,3711,0,0,0,NA,0,240,SOUTH COAST HWY 101,OCEAN ST,1073,N,N,A,-,N,NA,NA,NA,NA,NA,NA,NA,NA,NA,N,3,0,1,2,A,-,03,22350,NA,N,F,A,A,A,H,-,B,D,0,NA,Y,NA,NA,Y,NA,L,04,0,1,0,0,0,0,1,0,0,-,-,NA,NA,SAN DIEGO,SAN DIEGO,-117.27684020996094,33.00191116333008
92194499,2023,2023-10-09,9645,2023-09-12,1600,021764,NA,2,2,4,3780,0,2,S,NA,2,904,ESPOLA RD,TITAN WAY,528,S,N,A,-,N,NA,NA,NA,NA,NA,NA,NA,NA,NA,N,3,0,1,2,A,-,08,22107,NA,N,B,G,A,A,H,-,A,D,0,NA,Y,NA,NA,Y,NA,M,91,0,1,0,0,0,0,1,0,0,-,-,32.995059967041016,-117.02429962158205,SAN DIEGO,POWAY,-117.02404022216795,32.9953498840332
92194583,2023,2023-10-09,9680,2023-09-27,1230,022030,NA,3,1,9,3700,0,3,5,NA,2,003,WILLOWS RD,HILLCREST DR,1056,W,N,A,-,N,NA,NA,NA,NA,NA,NA,NA,NA,NA,Y,4,0,5,3,A,-,01,23152,A,N,C,C,A,A,D,-,A,D,0,NA,NA,NA,NA,Y,Y,A,07,0,0,5,0,0,0,0,0,0,-,-,32.83449172973633,-116.72862243652344,SAN DIEGO,UNINCORPORATED,-116.7270050048828,32.834407806396484
92194710,2023,2023-10-09,9680,2023-09-28,1625,019475,NA,4,2,9,3700,0,3,5,NA,2,003,VIA VIEJAS,SOUTH GERADE,1056,E,N,A,-,N,NA,NA,NA,NA,NA,NA,NA,NA,NA,N,4,0,1,1,A,-,08,22107,NA,N,E,I,A,A,H,-,A,D,0,NA,NA,NA,NA,Y,NA,A,01,0,0,1,0,0,0,0,0,0,-,-,32.820308685302734,-116.75495910644533,SAN DIEGO,UNINCORPORATED,-116.75499725341795,32.82024383544922
92196456,2023,2023-10-11,9645,2023-10-08,1715,022193,NA,7,2,7,3711,0,1,1,NA,2,010,I-8 E/B,I-5,1056,W,N,A,-,Y,SD,NA,8,NA,L,2.212,H,NA,R,Y,3,0,1,2,A,-,03,22350,NA,N,C,C,A,A,H,-,A,D,0,NA,NA,NA,NA,Y,NA,A,01,0,1,0,0,0,0,0,0,0,-,-,32.75918960571289,-117.2069091796875,SAN DIEGO,SAN DIEGO,-117.2069091796875,32.75920486450195
92197635,2023,2023-10-12,9645,2023-10-05,1530,023324,NA,4,2,7,3711,0,1,1,NA,2,003,I-5 NORTHBOUND,6TH AVENUE,528,S,N,A,-,Y,SD,NA,5,NA,R,16.18,H,NA,R,N,4,0,1,2,A,-,08,22107,NA,N,C,C,A,A,H,-,A,D,0,NA,NA,NA,NA,Y,NA,A,01,0,0,1,0,0,0,0,0,0,-,-,32.723899841308594,-117.15731048583984,SAN DIEGO,SAN DIEGO,-117.15731811523438,32.72393035888672
92197817,2023,2023-10-12,9680,2023-10-02,2238,023240,NA,1,3,9,3700,0,2,4,NA,1,026,JAMACHA BLVD,GRAND AVE,78,W,N,A,-,N,NA,NA,NA,NA,NA,NA,NA,NA,NA,N,2,0,1,2,A,-,11,21954,A,N,G,B,D,A,H,-,C,A,0,Y,NA,NA,NA,Y,NA,N,60,1,0,0,0,1,0,0,0,0,-,-,32.707828521728516,-116.99788665771484,SAN DIEGO,UNINCORPORATED,-116.99776458740234,32.70785903930664
92198302,2023,2023-10-13,9650,2023-10-06,1800,023467,NA,5,2,9,3700,0,3,5,NA,2,191,HARMONY GROVE RD,WILGEN DR,581,W,N,A,-,N,NA,NA,NA,NA,NA,NA,NA,NA,NA,Y,3,0,1,1,A,-,01,23152,G,N,E,J,A,A,H,-,A,D,0,NA,NA,NA,NA,Y,Y,A,01,0,1,0,0,0,0,0,0,0,-,-,33.0980110168457,-117.13807678222656,SAN DIEGO,UNINCORPORATED,-117.13809204101563,33.09804916381836
92198946,2023,2023-10-13,9680,2023-10-03,2011,019555,NA,2,2,9,3700,0,1,3,NA,2,016,SR-67 S/B,BRADLEY AVE,630,S,N,A,-,Y,SD,NA,67,NA,R,0.994,H,NA,L,Y,4,0,1,3,A,-,03,22350,NA,N,C,C,A,A,H,-,C,D,0,NA,NA,NA,NA,Y,NA,A,07,0,0,1,0,0,0,0,0,0,-,-,32.8173713684082,-116.96092987060548,SAN DIEGO,UNINCORPORATED,-116.96088409423828,32.81736373901367
92200196,2023,2023-10-16,9645,2023-10-05,613,017139,NA,4,1,7,3711,0,1,1,NA,2,001,I-5 N/B,PALOMAR ST O/C,2050,N,N,A,-,Y,SD,NA,5,NA,NA,6.31,H,NA,R,N,4,0,1,2,A,-,03,22350,NA,N,B,C,A,A,H,-,B,D,0,NA,NA,Y,NA,Y,NA,C,02,0,0,1,0,0,0,0,0,1,-,-,32.608028411865234,-117.09024047851563,SAN DIEGO,SAN DIEGO,-117.09027862548828,32.608028411865234
92200392,2023,2023-10-16,9645,2023-10-05,615,017139,NA,4,1,7,3711,0,1,1,NA,2,001,I-5 N/B,E ST O/C,475,S,N,A,-,Y,SD,NA,5,NA,NA,8.175,H,NA,R,N,3,0,1,3,A,-,03,22350,NA,N,B,C,A,A,H,-,B,D,0,NA,NA,Y,NA,Y,NA,A,07,0,1,0,0,0,0,0,0,1,-,-,32.63418960571289,-117.09784698486328,SAN DIEGO,SAN DIEGO,-117.09775543212892,32.634220123291016
92200958,2023,2023-10-17,9645,2023-10-06,1950,022507,NA,5,2,7,3711,0,1,1,NA,2,011,I-805 (NORTHBOUND),FEDERAL BOULEVARD,95,S,N,A,-,Y,SD,NA,805,NA,NA,13.58,H,NA,R,N,4,0,2,2,A,-,03,22350,NA,N,C,C,A,A,H,-,C,D,0,NA,NA,NA,NA,Y,NA,-,31,0,0,2,0,0,0,0,0,0,-,-,32.72018814086914,-117.10254669189452,SAN DIEGO,SAN DIEGO,-117.10263824462892,32.720191955566406
92201603,2023,2023-10-18,9650,2023-10-08,1256,015446,NA,7,1,9,3700,0,1,3,NA,1,028,SR-76 W/B,VALLEY CENTER ROAD,0,NA,Y,A,-,Y,SD,NA,76,NA,R,32.937,H,NA,L,N,4,0,2,2,A,-,03,22350,NA,N,B,C,A,A,H,-,A,D,0,NA,NA,NA,NA,Y,NA,D,22,0,0,2,0,0,0,0,0,0,-,-,33.28834915161133,-116.9579620361328,SAN DIEGO,UNINCORPORATED,-116.95795440673828,33.288352966308594
9220316,2021,2021-03-08,3711,2021-01-30,1420,SD5600,NA,6,5,7,3711,0,0,0,NA,0,122,MISSION BAY DR,REDWOOD ST,103,S,N,A,-,N,NA,NA,NA,NA,NA,NA,NA,NA,NA,Y,3,0,1,2,A,-,08,22100,A,N,D,C,A,A,H,-,A,D,0,NA,NA,Y,NA,Y,NA,I,11,0,1,0,0,0,0,0,0,1,-,-,NA,NA,SAN DIEGO,SAN DIEGO,NA,NA
92203875,2023,2023-10-19,9650,2023-10-12,850,017392,NA,4,1,9,3700,0,3,5,NA,2,070,DEL DIOS HIGHWAY,CALLE AMBIENTE,15,E,N,A,-,Y,NA,NA,NA,NA,NA,NA,NA,NA,NA,N,4,0,1,2,A,-,03,22350,NA,N,C,C,A,A,H,-,A,D,0,NA,NA,NA,NA,Y,NA,A,07,0,0,1,0,0,0,0,0,0,-,-,33.040611267089844,-117.15830993652344,SAN DIEGO,UNINCORPORATED,-117.15845489501952,33.04034423828125
92203952,2023,2023-10-19,9680,2023-10-07,1425,021764,NA,6,2,5,3705,0,1,3,NA,2,016,SR-67 S/B TO FLETCHER PARKWAY,FLETCHER PARKWAY,13,N,N,A,-,Y,SD,NA,67,NA,R,0.334,H,NA,L,N,4,0,1,2,A,-,05,21650,NA,N,H,G,A,A,H,-,A,A,0,NA,Y,NA,NA,Y,NA,L,04,0,0,1,0,0,0,1,0,0,-,-,32.80788040161133,-116.96250152587892,SAN DIEGO,EL CAJON,-116.96225738525392,32.80787658691406
92204198,2023,2023-10-19,9680,2023-10-09,2230,022653,NA,1,3,9,3700,0,3,5,NA,2,002,LAMAR ST,DOVECREST CT,10,W,N,A,-,N,NA,NA,NA,NA,NA,NA,NA,NA,NA,Y,2,0,2,2,A,-,01,23152,A,F,D,2,A,A,H,-,C,D,0,NA,NA,NA,NA,Y,Y,A,01,1,0,1,0,0,0,0,0,0,-,-,32.73868942260742,-117.01280975341795,SAN DIEGO,UNINCORPORATED,-117.01277160644533,32.73868942260742
92204691,2023,2023-10-20,9645,2023-09-20,1536,023306,NA,3,2,7,3711,0,1,1,NA,2,003,PACIFIC HIGHWAY,WASHINGTON STREET U/C,122,S,N,A,-,Y,NA,NA,NA,NA,NA,NA,NA,NA,NA,N,2,0,1,2,A,-,07,21658,A,N,B,C,A,A,H,-,A,D,0,NA,NA,Y,NA,Y,NA,A,07,1,0,0,0,0,0,0,0,1,-,-,32.74095916748047,-117.1848602294922,SAN DIEGO,SAN DIEGO,-117.18370056152344,32.74072265625
92206219,2023,2023-10-23,9650,2023-10-13,1253,018321,NA,5,1,5,3713,0,1,3,NA,2,017,STATE ROUTE 78 W/B,EMERALD DR,3161,E,N,A,-,Y,SD,NA,78,NA,NA,4.987,H,NA,L,Y,3,0,2,2,A,-,03,22350,NA,N,C,C,A,A,H,-,A,D,0,NA,NA,NA,NA,Y,NA,A,01,0,1,1,0,0,0,0,0,0,-,-,33.192359924316406,-117.2704620361328,SAN DIEGO,VISTA,-117.27044677734376,33.19233322143555
92207441,2023,2023-10-24,9680,2023-10-12,1835,019936,NA,4,2,9,3700,0,1,1,NA,2,081,INTERSTATE 8 WESTBOUND,GROSSMONT BLVD,30,W,N,A,-,Y,SD,NA,8,NA,NA,13.033,H,NA,L,Y,3,0,3,3,A,-,03,22350,NA,N,C,C,A,A,C,-,C,D,0,NA,NA,NA,NA,Y,NA,A,08,0,1,2,0,0,0,0,0,0,-,-,32.779170989990234,-116.99062347412108,SAN DIEGO,UNINCORPORATED,-116.99062347412108,32.77922058105469
9220977,2021,2021-03-25,3711,2021-02-03,1455,SD7909,NA,3,5,7,3711,0,0,0,NA,0,931,PACIFIC HEIGHTS BL,PACIFIC HEIGHTS BL 9800,0,NA,N,B,-,N,NA,NA,NA,NA,NA,NA,NA,NA,NA,N,3,0,1,2,A,-,09,21801,A,N,D,C,A,A,H,-,A,D,0,NA,NA,Y,NA,Y,NA,A,01,0,1,0,0,0,0,0,0,1,-,-,NA,NA,SAN DIEGO,SAN DIEGO,NA,NA
9221617,2020,2021-02-17,3705,2020-10-18,1955,EC0405,NA,7,5,5,3705,0,0,0,NA,0,004,EAST MAIN ST,BALLARD ST,631,W,N,A,-,N,NA,NA,NA,NA,NA,NA,NA,NA,NA,N,4,0,1,2,A,-,09,21804,A,F,G,B,F,A,H,-,C,D,0,Y,NA,NA,NA,Y,NA,-,99,0,0,1,0,1,0,0,0,0,-,-,NA,NA,SAN DIEGO,EL CAJON,-116.94341278076172,32.79494094848633
9221934,2021,2021-03-11,3702,2021-02-01,0955,CV1133,NA,1,5,6,3702,0,0,0,NA,0,023,EAST PALOMAR ST,RT 805,0,NA,Y,B,-,Y,SD,11,805,-,-,5.262,R,4,S,Y,4,0,2,2,D,-,00,NA,NA,N,D,C,A,A,H,-,A,A,0,NA,NA,NA,NA,Y,NA,-,-,0,0,2,0,0,0,0,0,0,-,SF,NA,NA,SAN DIEGO,CHULA VISTA,-117.03923034667967,32.61767578125
92221862,2023,2023-10-27,9680,2023-10-18,635,018322,NA,3,1,9,3700,0,1,3,NA,2,027,SR-125 N/B,JAMACHA RD,128,N,N,B,-,Y,SD,NA,125,NA,NA,10.668,H,NA,R,Y,3,0,1,1,A,-,03,22350,NA,N,F,A,A,A,H,-,B,D,0,NA,NA,Y,NA,Y,NA,C,02,0,1,0,0,0,0,0,0,1,-,-,32.71519088745117,-117.01422882080078,SAN DIEGO,UNINCORPORATED,-117.0141830444336,32.71519470214844
92222353,2023,2023-10-30,9650,2023-09-29,405,022625,NA,5,3,9,3700,0,3,5,NA,2,230,FELICITA RD,CLARENCE LN,528,S,N,A,-,N,NA,NA,NA,NA,NA,NA,NA,NA,NA,N,4,0,1,1,A,-,01,23152,A,M,E,I,A,A,H,-,D,D,0,NA,NA,NA,NA,Y,Y,A,01,0,0,1,0,0,0,0,0,0,-,-,33.07876968383789,-117.0838623046875,SAN DIEGO,UNINCORPORATED,-117.0835418701172,33.07942581176758
92222538,2023,2023-10-30,9680,2023-10-18,1350,022030,NA,3,1,9,3700,0,2,4,NA,1,025,SWETWATER ROAD,BLOSSOM LANE,260,N,N,A,-,N,NA,NA,NA,NA,NA,NA,NA,NA,NA,Y,4,0,4,2,A,-,08,22107,NA,N,D,C,A,A,H,-,A,D,0,NA,NA,NA,NA,Y,NA,A,08,0,0,4,0,0,0,0,0,0,-,-,32.725730895996094,-117.01415252685548,SAN DIEGO,UNINCORPORATED,-117.01409912109376,32.72562026977539
92226799,2023,2023-11-02,9650,2023-08-09,2055,020966,NA,3,2,6,3710,0,1,1,NA,2,005,INTERSTATE 5 NORTHBOUND,STATE ROUTE 78,699,N,N,A,-,Y,SD,NA,5,NA,R,51.327,H,NA,R,Y,1,1,5,3,A,-,01,23152,A,F,C,C,A,A,H,-,C,D,0,NA,NA,NA,Y,Y,Y,-,-,3,2,0,0,0,0,0,0,0,-,-,33.17863845825195,-117.35231018066406,SAN DIEGO,OCEANSIDE,-117.35240936279295,33.17858123779297
9222712,2021,2021-03-25,3702,2021-01-17,1737,CV1269,NA,7,5,6,3702,0,0,0,NA,0,021,PALOMAR ST,INDUSTRIAL BL,80,E,N,A,-,N,NA,NA,NA,NA,NA,NA,NA,NA,NA,N,3,0,1,2,A,-,11,21456,B,N,G,B,D,A,H,-,C,A,0,Y,NA,NA,NA,Y,NA,N,60,0,1,0,0,1,0,0,0,0,-,-,NA,NA,SAN DIEGO,CHULA VISTA,-117.08538055419922,32.60396194458008
92227355,2023,2023-11-03,9650,2023-10-15,1335,020474,NA,7,1,5,3701,0,1,1,NA,2,005,I-5 N/B,POINSETTIA LANE,528,N,N,A,-,Y,SD,NA,5,NA,R,45.911,H,NA,R,Y,4,0,1,2,A,-,08,22107,NA,N,B,C,A,A,H,-,A,D,0,NA,NA,NA,NA,Y,NA,D,22,0,0,1,0,0,0,0,0,0,-,-,33.1077995300293,-117.31314849853516,SAN DIEGO,CARLSBAD,-117.31324768066406,33.107757568359375
9222762,2021,2021-03-17,3711,2021-01-17,1528,SD5972,NA,7,5,7,3711,0,0,0,NA,0,614,CAPE MAY AV,CABLE ST,213,W,N,A,-,N,NA,NA,NA,NA,NA,NA,NA,NA,NA,N,2,0,1,1,A,-,17,21235,G,N,E,I,A,A,H,-,A,D,0,NA,NA,Y,NA,Y,Y,C,03,1,0,0,0,0,0,0,0,1,-,-,NA,NA,SAN DIEGO,SAN DIEGO,-117.2476806640625,32.748653411865234
9222771,2021,2021-03-17,3711,2021-01-20,0844,SD1155,NA,3,5,7,3711,0,0,0,NA,0,934,EL CAMINIO REAL,HALF MILE DR,0,NA,Y,B,-,N,NA,NA,NA,NA,NA,NA,NA,NA,NA,Y,4,0,1,2,A,-,12,21453,A,N,D,C,A,A,H,-,A,A,0,NA,NA,NA,NA,Y,NA,A,01,0,0,1,0,0,0,0,0,0,-,-,NA,NA,SAN DIEGO,SAN DIEGO,-117.23421478271484,32.962059020996094
9223137,2020,2021-02-19,3702,2020-12-28,2345,CV1171,NA,1,5,6,3702,0,0,0,NA,0,014,TELEGRAPH CANYON RD,HILLTOP DRIVE,458,E,N,B,-,N,NA,NA,NA,NA,NA,NA,NA,NA,NA,Y,3,0,1,1,A,-,03,22350,NA,N,F,I,A,B,H,-,C,D,0,NA,NA,NA,NA,Y,NA,A,01,0,1,0,0,0,0,0,0,0,-,-,NA,NA,SAN DIEGO,CHULA VISTA,-117.05927276611328,32.62849426269531
92234736,2023,2023-12-04,9650,2023-11-04,1710,022031,NA,6,2,6,3710,0,1,3,NA,2,015,SR-78 W/B,EL CAMINO REAL,3743,E,N,A,-,Y,SD,NA,78,NA,NA,2.238,H,NA,L,Y,4,0,1,3,A,-,03,22350,NA,N,C,C,A,A,H,-,A,D,0,NA,NA,NA,NA,Y,NA,A,07,0,0,1,0,0,0,0,0,0,-,-,33.1804313659668,-117.31458282470705,SAN DIEGO,OCEANSIDE,-117.31458282470705,33.18040466308594
92235415,2023,2023-11-14,9645,2023-10-29,120,022845,NA,7,3,7,3711,0,1,3,NA,2,006,SR-94 EB,FEDERAL BLVD,180,E,N,A,-,Y,SD,NA,94,NA,NA,6.222,H,NA,R,Y,3,0,5,1,A,-,01,23152,A,N,E,8,A,A,H,-,C,D,0,NA,NA,NA,NA,Y,Y,A,01,0,4,1,0,0,0,0,0,0,-,-,32.72761154174805,-117.0703582763672,SAN DIEGO,SAN DIEGO,-117.07032775878906,32.72754669189453
92235659,2023,2023-11-14,9650,2023-11-05,1815,020742,NA,7,2,9,3700,0,1,1,NA,2,001,I-5 S/B,BASILONE RD,1320,S,N,A,-,Y,SD,NA,5,NA,R,71.025,H,NA,L,N,3,0,1,1,A,-,08,22107,NA,N,F,A,A,A,H,-,D,D,0,NA,NA,Y,NA,Y,NA,C,02,0,1,0,0,0,0,0,0,1,-,-,33.38317108154297,-117.57769012451172,SAN DIEGO,UNINCORPORATED,-117.5776596069336,33.38322067260742
92235811,2023,2023-11-14,9650,2023-11-08,1145,019346,NA,3,1,6,3706,0,1,1,NA,2,021,I-15 S/B,EL NORTE PRKWY,2640,S,N,A,-,Y,SD,NA,15,NA,R,32.33,H,NA,L,Y,3,0,2,4,A,-,03,22350,NA,N,C,C,A,A,D,-,A,D,0,NA,NA,NA,Y,Y,NA,G,27,0,2,0,0,0,0,0,0,0,-,-,33.13890838623047,-117.10507965087892,SAN DIEGO,ESCONDIDO,-117.1050262451172,33.13890838623047
9223593,2021,2021-03-18,3700,2021-01-22,1520,SH7236,NA,5,5,5,3712,0,0,0,NA,0,351,BOSSTICK BL,NORMAN STRASSE RD,0,NA,Y,B,-,N,NA,NA,NA,NA,NA,NA,NA,NA,NA,Y,4,0,1,2,B,-,22,NA,NA,N,B,C,A,A,H,-,A,-,0,NA,NA,NA,Y,Y,NA,A,01,0,0,1,0,0,0,0,0,0,-,-,NA,NA,SAN DIEGO,SAN MARCOS,-117.20246887207033,33.16048049926758